:1080000003B40148019001BD318000000000000070
:10801000FFFFFFFFFFFFFFFFFFFFFFFFFFFFFFFF70
:10802000FFFFFFFFFFFFFFFFFFFFFFFFFFFFFFFF60
:1080300008B50446104B83F308881048104A1149CC
:10804000121A2CF0B9FC1048104A0021121A2CF018
:10805000DBFC0F4B0F4A9A600F4B22681A600F4BE4
:1080600062681A600E4BA2681A600E4BE2681A60D2
:1080700000F01AF8FEE700BF0015002000150020F0
:10808000E8160020F07D0300E8160020587000205C
:1080900000ED00E000150020F4180020FC1800207E
:1080A00000190020F818002008B500F0E7F802F0E9
:1080B000F5FD1DF0FDFE012021F013FB00F00EF890
:1080C00021F048FB002008BD08B500F0AFF800F033
:1080D00059F800F5742000F5107008BD7FB500F068
:1080E000B9F878B10A4B00931E238DF80430094B80
:1080F0000293094BCDE90330012368468DF8143013
:1081000002F004FE07B05DF804EB00F0B7BB00BF5F
:10811000504E0300C980000040420F00FF2070470E
:1081200007B54FF400730A49ADF806300DF10602A9
:1081300023F083FFBDF80630B3F5007F05D1022898
:1081400008BF002003B05DF804FB0120FAE700BF80
:10815000E816002072462B214BF64F2000F01EBC83
:10816000014B1860704700BFE8180020014B1B68E6
:108170001B681847E8180020014B1B685B6818470C
:10818000E8180020014B1B689B681847E81800207E
:10819000014B1B685B691847E8180020014B1B68FE
:1081A0009B691847E8180020014B1B68DB691847DA
:1081B000E8180020014B1B681B6A1847E8180020CC
:1081C000014B1B685B6A1847E8180020014B1B68CD
:1081D0009B6A1847E8180020014B1B68DB6A1847A8
:1081E000E8180020014B1B681B6B1847E81800209B
:1081F000014B1B685B6B1847E8180020014B1B689C
:108200009B6B1847E8180020014B1B68DB6B184775
:10821000E8180020014B1B681B6C1847E818002069
:108220004FF4007002F0A8B90820704738B5084D27
:1082300000F0FAFEFFF79AFF2B68C31AB3F5E14F7F
:10824000044603D900F084F800B12C6038BD00BFAB
:10825000EC1800206420704708B5064B1B68062BFD
:1082600005D9054B1B681B689847007808BD01209D
:10827000FCE700BFF4180020F818002007B500F054
:108280000FFD00F02DFB294B01225A641A6842F4BD
:1082900080721A6001A801F091FF9DF80530012B52
:1082A00003D89DF80430022B0DD9214B4FF41872DE
:1082B000C3F88C221F4AC3F890221F4AC3F8F02249
:1082C0001E4AC3F8F8221E4AD2F8A43143F4F843F8
:1082D000C2F8A43102F048F900F076F9194B1A48B7
:1082E000402283F8042383F8052383F8062383F8C8
:1082F000072383F8082383F81C2383F81D2383F8BE
:10830000202306F0ADF900F0F3F900F0DDFAFFF7F5
:10831000A3FF48B1002002F033F8FFF727FF0B4B13
:10832000186003B05DF804FB0120F4E700000E4084
:1083300000400E409A6F05001801000400843208C6
:1083400000300E4000E100E021820000EC18002027
:1083500037B52D4DD5F89430022BFBD101222B4C93
:108360001146032001F05AFA2368002B37D12B69FC
:108370002360236843F000632360236803F07F03D6
:1083800001932368C3F305230093019B092B05D8B0
:108390007246D2214DF2D96000F000FB019B0A3BEE
:1083A0000193009B013B0093236823F47D5323F04A
:1083B0003F032360019B226803F07F031343236084
:1083C000009B22681B0203F47C531343104A236072
:1083D000D2F86038002BFBD10B4B22681A610A4C93
:1083E0002023C4F8A8300B4B0125C3F89455122361
:1083F00023654FF416436365102002F0BDF828464C
:10840000656603B030BD00BF00400E40F01800208C
:108410000020C8430010C843684620F007018D467D
:1084200031B5364D82B00E2000F0ACFCD5F8A0304E
:108430009A07044608D50421112001F063FA0022AE
:108440001146032001F0EAF9D5F8A0309B0642D589
:108450002B4B0022C3F894256B6DA3F516430093B4
:10846000009B9342009BB4BF0D3B0D330093009BD8
:108470004FF46E7253430093009B4FF4164293FBEC
:10848000F2F300931D4B1A691E4B1A601A68C2F36F
:1084900005220192019A00990A440092009A002A4A
:1084A00027DA00220092009A01921A6822F47C5284
:1084B0001A60019A1968120202F47C520A431249A6
:1084C0001A60D1F86028002AFBD11A680B4B1020E3
:1084D0001A6102F065F8094B0C4AC3F8A820BFF3F3
:1084E0004F8F204600F04EFC02B0BDE8314085467B
:1084F0007047009A3F2AD6DD3F22D3E700400E4066
:108500000010C843F01800200020C8437FFF03B8C4
:1085100070B5164B1B68072B86B00FD9144C236817
:108520001B68984743684BB123681B6898474368AA
:10853000186806B0BDE8704001F0F8BA0D4B01AA0A
:1085400003F11006154618685968144603C4083329
:10855000B3422246F7D11B882380284640F24B13B2
:10856000ADF80A3001F0E2FA06B070BDF418002050
:10857000F81800206C7D0300104B1B68072B13B507
:108580000FD90F4C23681B68984743684BB1236889
:108590001B6898474368586802B0BDE8104001F076
:1085A00005BB084BD3F812000190202301A88DF8D9
:1085B000043001F0FBFA02B010BD00BFF418002037
:1085C000F81800206C7D030070B5404B1B68062B2B
:1085D00086B01AD83E4B9B6903F030030193019B90
:1085E0001B090193019B002B6CD13A4B02AA03F1AA
:1085F0001006154618685968144603C40833B34278
:108600002246F7D1284601F057FD334B334C002268
:10861000C3F8AC20C3F8A840314B4FF08072C3F8C8
:108620008020BFF34F8FBFF36F8FC3F88021FFF718
:108630006FFFFFF711FE08B1FFF79EFF0421112025
:1086400001F060F900221146032001F0E7F8254807
:1086500000F0F8FF00221046012101F02FFA224815
:10866000012100F0D9FDFFF7F7FD28B172468721FF
:108670004DF2D96000F092F900221146012001F07C
:10868000CDF8134B00221A6003F580532222C3F861
:10869000A840134CC3F8AC20602384F818334FF083
:1086A00080732360FFF754FE104AD2F8883043F4F9
:1086B0007003C2F88830402384F8223384F81E33D4
:1086C00006B070BD01F07EFB9FE700BFF4180020EC
:1086D00000300E40827D030000400E407FFF03B853
:1086E00000E100E080D5430230253E0000ED00E0CF
:1086F000344B5A6873B501219960D50542F22221A5
:1087000019604FD414054FD490054FD4D1034FD4E2
:1087100012F01C0F4ED112F480614DD1D30703D457
:10872000002A14BF05210021684600F0FDFA264BFF
:108730005A6A42F4E0225A625A6942F010025A61BF
:10874000DDE900651F2D05D872461A214AF2701026
:1087500000F024F9AB080024621C7BBBE4B2621C6D
:10876000012393409D4205D072462F214AF270109A
:1087700000F014F9013D354205D0724632214AF22B
:10878000701000F00BF9114A0F4B42EA440446F016
:1087900010060522C3F89C60C3F8A040C3F89420DB
:1087A00002B070BD0E21BFE70421BDE70F21BBE77A
:1087B0001021B9E71121B7E71321B5E75B0814468B
:1087C000CAE700BF00500E4000ED00E001FF0B16AD
:1087D00008B500F017FB00F005F9BFF34F8F05490E
:1087E000054BCA6802F4E0621343CB60BFF34F8FBE
:1087F00000BFFDE700ED00E00400FA0570B5104D84
:10880000064603F04BFC6A07044605D072464E212B
:108810004AF2701000F0C2F8630705D072464F218B
:108820004AF2701000F0BAF8A54205D37246502102
:108830004AF2701000F0B2F83560601B70BD00BFE6
:1088400058700020014BD3F8F00070470081E00F12
:10885000014BD3F8F40070470081E00F034B5868D8
:10886000C0F30800003818BF0120704700ED00E099
:10887000014801F0D7BC00BF0020054030B50F4DC6
:108880002C6814F0010485B015D10D4A10685168A8
:1088900001AB03C39068186001A9284601F0CEFC23
:1088A0009DF80D303BB102236B62AB62054B042295
:1088B00083F802431A6005B030BD00BF00200540B8
:1088C000927D030000E100E008B5FFF7D1FFBDE8AD
:1088D00008400248002101F08FBC00BF0020054085
:1088E000144A0023136001205A09920002F16042E9
:1088F00002F5614203F01F0100FA01F1C2F8801194
:10890000C2F88010BFF34F8FBFF36F8F01332E2B50
:10891000EAD1094B4FF48042C3F88420BFF34F8F54
:10892000BFF36F8FC3F88421C02283F82E2362B671
:10893000704700BF0819002000E100E0684620F001
:1089400007018D4631B5134D82B0112000F01AFA9F
:108950002B6804462BB972464E214EF6A83000F023
:108960001DF80D4B4FF48042C3F88420BFF34F8FA6
:10897000BFF36F8FC3F884212B68019300232B6012
:10898000019B9847204600F0FDF902B0BDE8314058
:10899000854670470419002000E100E0104B70B5D7
:1089A00014461A680646012018608DB29AB1334603
:1089B0002A4621460220FFF70BFFFFF759FF62B658
:1089C0000A2002F049F933462A4621460220BDE832
:1089D0007040FFF7FDBEFFF741FF0128EDD1E6E74C
:1089E0000C19002038B5EFF308850D4C0D4B2046CF
:1089F000A9B240F80C3B0C4B65600A1A5B1A92B2A4
:108A00009BB29A4228BF1A46294622812BF0D4FFF6
:108A1000064B2189236028461CF0F0F9608138BD9F
:108A20002004002055AA55AA00150020706D74443A
:108A30002DE9F04F2B4D90F800802B4B4FF0000AA2
:108A400080F800A02A689A4291B004460E462DD1C3
:108A500005F10C07298938461CF0D0F96B8983424F
:108A600024D1DFF88CB0DBF8003002219B69684626
:108A70009847814608BBDBF8003000981B6901A9C4
:108A80009847B0B9DDF80C9003F002FB00EB090346
:108A90001648DFF860C0002157F8042B12F0010FD0
:108AA0000DD12A89043189B28A42F5D211B0BDE8CC
:108AB000F08F4B464FF00109EAE75346FAE782424E
:108AC00001D3624503D39145EBD89342E9D994F899
:108AD00000E046F82E2022780132D2B242452270C0
:108AE000DFD3E3E720040020706D744400800000B1
:108AF000FC180020D87F030038B5092000F000FAE8
:108B00000A2000F0FDF90B2000F0FAF9082000F02F
:108B1000F7F9114D052000F0F3F9042000F0F0F909
:108B20002A680E4B9A4215D1298905F10C001CF0D8
:108B300065F96B89834209D10024642002F05AF858
:108B400004342B89A4B2A342F7D203E000F09EF9CB
:108B50000428F1D038BD00BF20040020706D74449B
:108B6000EFF3088141F27C6389695D220920FFF7F8
:108B70002FFE0000EFF30884164A0023C2F8943059
:108B8000906A154BA16920F060401861D06A0028F6
:108B9000BEBF186940F000401861D26A520042BF5F
:108BA0001A6942F080421A610A4A48BF216BD06AB2
:108BB000800742BF186940F000501861906B5861FF
:108BC000526B9A610A2041F27C634FF41272FFF7F4
:108BD000FFFD00BF00ED00E000040020EFF308837C
:108BE0009969084B0022C3F89420074A986A1061DB
:108BF0009B6B53610B2041F27C6340F25622FFF7DE
:108C0000E7FD00BF00ED00E000040020EFF3088363
:108C10009969074B0022C3F894209A6A054B0C20EF
:108C20001A6141F27C6340F26222FFF7D1FD00BF7E
:108C300000ED00E000040020EFF3088141F27C63C6
:108C4000896974220320FFF7C3FDEFF3088141F225
:108C50007C63896979220320FFF7BAFDEFF308816D
:108C600041F27C6389697E220320FFF7B1FD000099
:108C7000EFF308839969084B0022C3F89420074A50
:108C8000986A10615B6B93610D2041F27C634FF435
:108C90001C72FFF79DFD00BF00ED00E00004002006
:108CA000064B074A59891180064A19891180064ADC
:108CB000598811801A88054B1A80704700040020DB
:108CC000181900201C1900201A1900201019002062
:108CD000F8B572B6104C114D236801332360104B68
:108CE000D5F894700021C5F89410202218465E79BA
:108CF0002BF08AFE0B4AC26105220271F6B247F6DA
:108D00008542C2804671C5F894702368013B236098
:108D1000236803B962B6F8BD0819002000ED00E031
:108D200000040020EFBEADDE70B5124C124BE361C3
:108D3000124B1A602379132B06460D460AD8E38896
:108D400047F685429BB2934204D141B113290DD01D
:108D5000257104E0FFF7BCFF002325716371084B08
:108D60001B68336020237360304670BD2379052B68
:108D7000F5D1EDE700040020EFBEADDE14190020B0
:108D8000A07D030030B5024672B60C4B0C4C19683E
:108D9000013119600B490020D1F89450C1F89400BA
:108DA00092B260896281C1F894501A68013A1A60DF
:108DB0001B68C0B203B962B630BD00BF08190020FD
:108DC0000004002000ED00E010B572B60A4B1A68EE
:108DD00001321A60094A0024D2F89410C2F8944073
:108DE000074C2081C2F894101A68013A1A601B6877
:108DF00003B962B610BD00BF0819002000ED00E005
:108E000000040020F0B572B60D4C0E4E25680135F9
:108E100025600025D6F89470C6F894500A4D287144
:108E2000E9606A802B8047F68543EB80C6F8947032
:108E30002368013B2360236803B962B6F0BD00BF1D
:108E40000819002000ED00E00004002010B572B603
:108E50000B4B0C491A680C4801321A600022D1F8F9
:108E60009440C1F8942042790132D2B24271C1F8E3
:108E700094401A68013A1A601B6803B962B610BDC3
:108E80000819002000ED00E000040020014B1879D3
:108E9000704700BF00040020084B1A790A2A0BD043
:108EA0001A790B2A08D01A790C2A05D01879A0F162
:108EB0000D035842584170470120704700040020BC
:108EC000064B1A790A2A02D01A790B2A03D118699B
:108ED000C0F3C03070470020704700BF000400207E
:108EE000064B1A790A2A02D01A790D2A03D1186979
:108EF000C0F3C01070470020704700BF000400207E
:108F000008B50B2828D8DFE800F0303030300606EE
:108F10000C30151B1F23164B1879831F58425841DC
:108F200008BD144B1888013880B212288CBF00206D
:108F30000120F5E7104B1868003818BF0120EFE753
:108F4000BDE80840FFF7A8BFBDE80840FFF7B8BF7D
:108F5000BDE80840FFF7C4BF724641F27C6040F2B2
:108F6000CF11FFF71BFD0020DAE70120D8E700BF93
:108F700000040020181900201419002008B50B283F
:108F80003ED8DFE800F0060A0D0F12181E2426292D
:108F900030361F4B5879C0B208BD1E4B1888FBE70E
:108FA0001D4BFBE71A4BD868F6E7194B1A79062ACE
:108FB00024D00020F0E7164B1A79062AF9D1586917
:108FC000EAE7164B1888431E122BF2D8E4E7144B3D
:108FD000E4E7144B1868DFE7FFF75EFF0028E8D0EE
:108FE0000B4B1869D8E7FFF76BFF0028E1D0084B5F
:108FF000E5E7FFF775FF0028DBD0054B9869CBE765
:10900000724640F21B2141F27C60FFF7C7FCD0E7BB
:1090100000040020101900201A190020181900203F
:109020001C19002014190020064BDA69064B9A42DD
:1090300006D0724640F2222141F27C60FFF7AEBCBE
:10904000704700BF00040020EFBEADDE0C4B98421D
:1090500010D90C4B984210D9022201230A490B6403
:109060000A49D1F8003123F0807343EA0263C1F862
:109070000031704700221346F0E70122FBE700BFF2
:109080000048E8010090D0030000C84300400E40B3
:109090000F4B5B680F4B30B500221C46C9B21D79DF
:1090A0008D4202D11D6885420DD20132052A03F19D
:1090B0000803F4D1032206494B6823F0407343EAC6
:1090C00002634B6030BD04EBC2025279F3E700BF8C
:1090D00000000E40884E0300244B984239D01CD823
:1090E000A3F5B703A3F5586398422ED00ED8204BB2
:1090F000984226D008D81F4B98421ED01E4B98424B
:109100001BD01E4B984218D0002070471C4B984231
:10911000FAD11C4BD3F84C0170471B4B98421CD022
:109120001A4B98421DD0A3F53703A3F5D8539842A4
:10913000EAD1144BD3F858017047124BD3F83001E1
:109140007047104BD3F83C0170470E4BD3F84801E1
:1091500070470C4BD3F8500170470A4BD3F85C01B1
:109160007047084BD3F86001704700BFC0EA210187
:10917000C0CF6A0080841E0000093D0040420F00FD
:109180000024F4000081E00F0048E80180D543028C
:1091900038B5074C41F67133256C236401F09EF815
:1091A0000021FFF775FF0DB10023236438BD00BF18
:1091B00000000E40044BDB6B5B0604D4034AD2F87C
:1091C000C830002BFBD1704700300E400000C64372
:1091D00008B5FFF7EFFF024B5868C0F3014008BD28
:1091E00000300E40044BD3F84421D20703D4D3F807
:1091F00040211042FBD1704700400E4038B5054C6D
:1092000041F67133256C2364FFF742FF0DB1002353
:10921000236438BD00000E4038B5C0F30323013B82
:10922000092B16D8DFE803F02616151505191C15AD
:109230001F23124C0023C0F3043513B11846FFF767
:10924000D1FF04F1424404F5801405EBC404A400EA
:10925000216038BD0A4C0023EDE70A4C0123EAE700
:10926000094C1023E7E7094C4FF48033E3E7084C3F
:109270000023E0E7074C0023DDE700BFB0400E40CD
:10928000C0400E40E0400E40E8400E40F0400E402E
:1092900050410E4000400E40C0F30313013B092B28
:1092A0002AD8DFE803F0050B0F1929291F23374BB4
:1092B000274BD3F80001C0F304207047244BD3F8A8
:1092C0001401F8E7224BD3F80001C0F30060431CFF
:1092D00001209840013870471D4BD3F80C01C0F3B2
:1092E000082070471A4BD3F80801F8E7194B984249
:1092F00004D0194B984207D000207047144BD3F884
:10930000203103F00F03E3E7114BD3F82031C3F30F
:109310000113DDE7114B98420CD003F5B01303F5B0
:1093200080539842E8D10A4BD3F82801C0F30120BA
:10933000031DCDE7064BD3F82831E8E7084B9842E8
:10934000DAD1034BD3F8300100F00300704700BFBF
:1093500000400E408006160080162E0090171A005E
:10936000A009140008B5FFF797FF013008BD000001
:1093700000F00F000138072844D8DFE800F0040FA0
:109380001943232D4335244BD3F8943003F00703BE
:10939000023B052B38D8214AD05C70471E4BD3F8CE
:1093A000803003F00703013B032B2FD81C4AF3E75F
:1093B000194BD3F8843003F00703013B032B25D866
:1093C000184AE9E7144BD3F8883003F00703013B50
:1093D000032B1BD8144ADFE70F4B1B6F13F0010F51
:1093E0000CBF0720092070470B4BD3F85C3103F00A
:1093F0003003202B0CD0302B0CD0102B14BF0120AD
:1094000007207047002070470520704701207047F3
:10941000042070470820704700400E40594E03005A
:109420005F4E0300634E03005F4E030008B5014624
:10943000FFF79EFF1A4B994211D01A4B994212D056
:10944000194B994204D1194BD3F8800000F0070062
:109450000138032821D8DFE800F00A0E1612134B5A
:10946000D3F88400F2E7114BD3F88800EEE7BDE8AB
:10947000084000F079BFBDE8084000F07BBFBDE8C0
:10948000084000F074BF00F02DFF084BD3F8003106
:10949000C3F300630133D84008BD0020FCE700BFE0
:1094A000030020000500240002001E0000400E40C2
:1094B00000F47813B3F5B01F10B5044674D025D866
:1094C000B3F5402F5ED010D8B3F5802F49D005D822
:1094D0003BB1B3F5003F4FD0002010BDB3F5202FB6
:1094E000FAD1BDE8104000F0FDBEB3F5801F00F0DA
:1094F0008480B3F5A01F4DD0B3F5602FECD14A485E
:10950000FFF736FF072878D00928E9E7B3F5381FB9
:1095100053D013D8B3F5001F58D00AD8B3F5D01FD5
:1095200056D0B3F5F01FD7D14048BDE81040FFF743
:109530007DBFB3F5101FCFD13D48F6E7B3F5481F07
:109540004DD0B3F5781F65D0B3F5401FC4D139486D
:10955000FFF76CFF384BD3F82831C3F301230433F2
:1095600020E000F0BFFE344BD3F80C31C3F30823E6
:109570000133B0FBF3F0B0E700F0B4FE2E4BD3F8AC
:109580000831F3E700F0AEFE2B4BD3F81431C3F3F0
:109590000423EDE72648FFF749FF274BD3F8303186
:1095A00003F00303D84098E72048FFF73FFF224B22
:1095B000D3F8203103F00F03F4E71C48FFF736FF20
:1095C0001D4BD3F82031C3F30113EBE71948ACE787
:1095D0001848FFF72BFF184BD3F82831F3E717484B
:1095E000FFF7C6FE072808D0082809D004287FF412
:1095F00073AFBDE8104000F0B1BE114B18686CE7C6
:1096000000F070FE0C4BD3F80031C3F3042303FBCE
:10961000000062E700F066FE01462046FFF7A2FE6A
:10962000B1FBF0F059E700BF06000E0002001E007B
:10963000050024000300200000400E40B800320066
:10964000FC15002070B50546FFF746FD284B044683
:1096500011201E681D60FFF78BFE052801D1FFF762
:1096600097FD244AD2F86038002BFBD1224B9D4253
:1096700036D0224B9D4238D0214B9D4203D124F05D
:10968000C06444F080641120FFF772FE052802D107
:109690002846FFF7DBFCB54203D90121284600F03C
:1096A00035FB184B11201C61FFF762FE052808D11D
:1096B00000F042FE0446FFF78BFD01462046FFF70F
:1096C0009DFD00F00FFEFFF7C1FCB54203D801215C
:1096D000002000F01BFBBDE870401120FFF748BEE2
:1096E00024F0C06444F00074CDE724F0C064CAE7FD
:1096F000081600200020C84380841E0000093D0099
:1097000040420F0000400E40013810B5032812D827
:10971000DFE800F0022E1220214AC1F30801D2F83E
:109720006838002BFBD11F4A136A23F4FF7323F020
:1097300001031943116210BD194A01F07F01D2F8EB
:109740006038002BFBD1174A136923F07F031943BC
:109750001161F0E7124A01F07F01D2F86438002B62
:10976000FBD1104A936923F07F0319439161E2E72B
:109770000C4AD2F89030536A23F0300343F01003C0
:109780005362146B084BC1F3C31003300F2803EA74
:10979000040328BF0F20194341EA00711163CAE78F
:1097A0000020C84300400E4000F8FF0F104A536AE3
:1097B00013F0300F18D0202913D0302914D00029ED
:1097C0000C4B08BF4FF44003D2F8901033EA01016C
:1097D000FAD15B0246BFD2F8A000C0F3802001207E
:1097E00070474FF40003EFE74FF44003ECE700BF8E
:1097F00000400E40FF33E13F02280AD129B1064B59
:109800004FF48060C3F8A800596612B10220FFF738
:10981000CDBF0120704700BF00400E400428F8B5BE
:1098200045D8314B314F13F800C0314B1B5C002938
:1098300043D0304C022834F8106039D17C6A14F0DF
:10984000300F35D12C4CE46B7C6AE40705D57D6A7A
:1098500025F0300545F010057D62244C2666274C26
:1098600023449B001D68002DFCD002B36444A40077
:109870002368002BFCD0022819D1C1B11B4D696AA5
:1098800011F0010116D001222021FFF7B5FFD5F814
:109890009C70012200210220FFF7C0FFC7F30A01DC
:1098A0000220FFF731FF2E662368002BFCD0F8BDA5
:1098B0000021D2E7FFF77AFFE9E7114931F81010EC
:1098C0003966012101FA03F3D7F890101942FBD150
:1098D000002AECD00124054A04FA0CF4D2F89030A6
:1098E0002342FBD1E3E700BF674E030000400E4078
:1098F0006C4E0300724E030000300E408004F210E4
:109900007C4E0300112838B50C4615D000F00F002E
:109910000138072869D8DFE800F02B046468628307
:10992000688E5E4D013C092C5FD8DFE804F0775F5C
:10993000665E5E6D5E5E5E5C042912D100F00EFD17
:109940000546A8B10021284600F0E0F9023C0A2CA7
:109950004BD8DFE804F03F3C30364A4A4A4A4A0FC7
:109960004200052904D14E4B1D684E4B9D42E9D85B
:109970000025EBE70320052401221146FFF74EFFE7
:10998000FFF706FC0DB1FFF715FC474B5C6700F0D5
:10999000D3FC044600F0A6FCFFF758FBFFF718FCC9
:1099A00001462046FFF72AFCFDB928460121BDE803
:1099B000384000F0ABB93D48FFF748FB02200446B1
:1099C000DAE73A48FFF742FB01240320D4E70120FD
:1099D0000324D1E700200424CEE70724D0E7344D48
:1099E000A0E7344D9EE704232B6038BD01221146C9
:1099F0000020FFF713FF0223F6E70122114610466D
:109A0000FFF70CFF0123EFE700F06CFCFFF71EFBF4
:109A1000294B0122C3F808260323E5E70023E3E7E7
:109A2000072904D00929E0D11F4B012201E01E4B78
:109A300000221A67D9E74C1E072CD6D801A353F889
:109A400024F000BF979A0000EB990000EB9900000A
:109A5000899A0000EB990000EB9900007B9A0000C6
:109A6000659A000003221049D1F85C3123F03003DD
:109A700043EA0213C1F85C31B7E701221146042022
:109A8000FFF7CCFE0122EEE7012211460220FFF78C
:109A9000C5FE0222E7E70022E5E700BF80400E4056
:109AA00008160020002D310100400E400148E80159
:109AB00088400E4084400E400010C84370B50D46EB
:109AC00014460AB1174B1B6800F048FC01210646FA
:109AD00000F01CF91CB3FFF77BFB01463046FFF793
:109AE0008DFB1120FFF73EFCB6FBF0F0FFF7AEFA5E
:109AF000012211460220FFF791FE0B48416A002D1A
:109B000014BF4FF08052002221F04051002C14BFAE
:109B10004FF0005300230A431343436270BD002DEE
:109B2000E6D1EAE700300E4000400E4010B5044692
:109B30001120FFF71DFC002101220220FFF76EFE1D
:109B4000184A217C536A23F00103022908BF43F01D
:109B500001035362144B2178C3F8A014637AA188DF
:109B600043EAC123D362136BA07A217A03F07F63A7
:109B70000343E08843EAC02343EAC11303310F29BA
:109B800028BF0F2143EA01731363A37B617B1B0191
:109B900043EA0133E17B0B43217B43EA01435363F7
:109BA00010BD00BF00400E400000C84338B50E4D48
:109BB00001461120FFF7DCFBAA6B0C4B0C7813401D
:109BC0001C434B7844EAC3248B7844EA0364CB7883
:109BD00044EA0324AB6BA34205D0002101220846CE
:109BE000FFF71CFEAC6338BD00400E4080E4FFF878
:109BF000034BD86B80F04000C0F38010704700BF6B
:109C000000300E4042EA0323B3F5007F39D016D866
:109C1000B3F5807F31D007D85BB3012B1ED0002273
:109C2000134603600A60704740F201129342F6D176
:109C3000184BD3F824321A0EC3F30743F1E7B3F5F8
:109C4000407F22D040F2013293420ED040F20122F6
:109C50009342E4D10F4BD3F8283202E00D4BD3F8F6
:109C60002432C3F30722DBB2DBE70A4BD3F82832F6
:109C7000E1E7084BD3F81C32F3E7064BD3F81C326C
:109C8000D9E7044BD3F82032EBE7024BD3F820326C
:109C9000D1E700BF0081E00F08B5FFF7A9FF20B1B1
:109CA000024AD2F8C830002BFBD108BD0000C643E1
:109CB00070B504460E46FFF79BFF10B3FFF7ECFFAD
:109CC000104B5B68C3F301439C421AD00E4BD3F890
:109CD000003100F007FB022C054602D12146FFF7B8
:109CE0008DFAC4F1020210239340064A13610EB1AB
:109CF000FFF7D2FF2CB921462846BDE87040FFF798
:109D00007DBA70BD00300E4000400E4013B50246D3
:109D1000FFF76EFFC8B152B90D4B0191D3F8004166
:109D200000F0E0FAC4F30422019902FB0002094B9F
:109D30001B7843B1084B9A4205D8022002B0BDE817
:109D40001040FFF7B5BF0020F8E702B010BD00BF1C
:109D500000400E4024190020002D3101174B4AF617
:109D6000E85210B5596B5A639A6FD407FCD41B6C38
:109D700013F003031EBF124A0124C2F8B44A8342FF
:109D800016D00E4B9A6FD207FCD41A6C22F0030245
:109D900002431A649A6F12F00102FBD10038084C9A
:109DA00018BF01200129C4F8B40A08BF5A6303E0B0
:109DB00010B9034BC3F8B40A10BD00BF00300E4009
:109DC0000000C643074BDA6B42F41052DA639A6F15
:109DD000D207FCD403221A64186C831A58425841E3
:109DE000704700BF00300E402DE9F04F002389B0CE
:109DF000CDE90233CDE90433CDE90633A0F5E163C3
:109E0000B3F5966F04460D46914604D900252846C1
:109E100009B0BDE8F08FB0F5E16F674B8CBF012250
:109E2000002240F0BC80D3F81832C3F30721DBB224
:109E3000079104934FF4167A4FF4966BDFF87C8108
:109E4000D8F84C700192C7F301773B4605A902A8E8
:109E5000FFF7D8FED8F8E060019AC6F30126334632
:109E600006A903A8FFF7CEFE049B0799A4EB0B0EEF
:109E7000A1EB030C0EFB0CFCBCFBFAF213EB020C87
:109E80002CBF012300236145C0D3002BBED1069A0D
:109E90000398131A0EFB03F3B3FBFAF3C0182CBF9D
:109EA000012300238242B1D3002BAFD1059B02993D
:109EB0005A1A0EFB02FEBEFBFAFA11EB0A012CBF86
:109EC0004FF0010E4FF0000E8B429FD3BEF1000FFA
:109ED0009CD1B9F1000F10D0D8F85C2022F4FE42DA
:109EE00022F00202B4F5E16F42EA0C2218BF4FF0F3
:109EF000020E42EA0E02C8F85C20002D4DD02E4B17
:109F0000022FD3F830223ED0032F3FD0012F14BFB1
:109F1000D2B2C2F30722120312F4702F7FF476AF8D
:109F2000264FFB6E23F470431A43234BFA66022E2E
:109F3000D3F830222CD0032E2DD0012E14BFD2B254
:109F4000C2F30722120312F4702F7FF45FAF1B4E8F
:109F5000D6F8E03023F470431A43C6F8E020736E5D
:109F6000814238BF014623F4FF73E72923F0010340
:109F700028BFE721B4F5E16F18BF43F0010343EABE
:109F80004103736643E7C2F30742C4E7120EC2E718
:109F9000C2F30742D6E7120ED4E7012537E7D3F81C
:109FA0001832190EC3F30743079104934FF4966ACE
:109FB0004FF4E16B42E700BF0081E00F00300E403C
:109FC000304B1A6FD96C11F0010F02F0060244D029
:109FD000002A42D0132851D9143813288CBF1023DB
:109FE00008232849013BCA6C180322F47F4240EA47
:109FF00003231343CB64244BCA6C1B88C2F3032294
:10A000002833013202EB820003EB5303B3FBF0F37E
:10A01000C86C013B072B28BF072320F0EE6040EA05
:10A02000036343F48013CB64184BB3F90030002B67
:10A0300012DB03F12800C0F34E030344500800EB89
:10A040004202B3FBF2F20B6D072A28BF072223F06E
:10A05000700343EA02120A657047D96C01F00101EE
:10A06000114304D1092809D90A380928B6E7DB6C5D
:10A0700013F00103B5D01AB92728AFE70423B0E7DE
:10A080000023AEE700300E402019002022190020E6
:10A09000064A074BD3F88039136F23F007031843A0
:10A0A000044B10671888FFF78BBF00BF00300E40CD
:10A0B0000000C6431E19002038B504468088E38896
:10A0C000B4F90C504A2B50D9B3F5FA7F4FD340F670
:10A0D000C312934294BF4FF000524FF040522949AF
:10A0E000CB6C23F0405323F00103002DA8BF43F0B5
:10A0F00001031343CB64D1F8E03043F44073C1F85B
:10A10000E030214B1880CB6E43F08073CB661F4B41
:10A11000D3F8800900B10420FFF7BAFF1C4B218956
:10A1200019801C4BB4F90C20A0881A80FFF748FF57
:10A13000A37BFBB1012B21D0012260881146FFF7E0
:10A1400053FE054678B10F4AD36B43F48063D36363
:10A150006078FFF703FEA37AA3F120025342534134
:10A160000A4AC2F89437284638BD0022B7E74FF0B4
:10A170008052B4E7034B084A9A65DDE7014B074A72
:10A18000FAE700BF00300E401E1900200000C64351
:10A19000201900202219002077402057372110B7BE
:10A1A000EFF3108072B6704700B962B67047EFF3F4
:10A1B000108072B67047FFF7F7BF00000D4AD2F863
:10A1C000E430D2F8E0109B0003F03C03C1F38111AE
:10A1D0000B438370D2F8E03003F03F034370D2F8B2
:10A1E000E830D2F8EC2003F0F003C2F3031213437B
:10A1F0000370704700FF0FE00368DB0611D447F2DD
:10A2000031538268D20701D5013BFAD1036803F0CC
:10A2100001038B421FBF00F1424000F58010400156
:10A22000016070470368D90707D583689A0704D48B
:10A230008368DB07FCD40123436070474B78CA78FE
:10A24000002B8B782DE9F04114BF4FF0020E4FF038
:10A25000000E002B14BF04230023002A0A7991F872
:10A2600007800C7814BF4FF0080C4FF0000C002A48
:10A270004A7914BF20270027002A8A7914BF402674
:10A280000026002A0A7A4FEA022242EA083291F8AE
:10A29000098042EA0402CC7A897A42EA084242EA18
:10A2A000016242EA0E0243EA020343EA0C0343EA74
:10A2B000070314BF102500253343002C14BF4FF0B3
:10A2C000004400242B43234347F231528168C907DD
:10A2D00001D5013AFAD10360BDE8F081004870472A
:10A2E00000F04902104AD2F8943003F00703023B11
:10A2F000032B13D8DFE803F00C14020E0B4B1B6882
:10A30000D2F80001C0F304200130B3FBF0F0704735
:10A31000074BF4E7074B1B685B08F1E7054BEEE7DB
:10A320004FF40043ECE700BF00400E400C16002045
:10A33000041600200816002008B5FFF7D3FF054BD0
:10A34000D3F80831C3F308230133B0FBF3F0024B19
:10A35000186008BD00400E4000160020014B186830
:10A36000704700BF041600204FF4004070474FF4C0
:10A370007A707047014B1868704700BF0C160020B8
:10A3800038B1012807D0724629214DF61430FEF766
:10A3900005BB00F095B800F03FB880B584B000AFC1
:10A3A0000346FB8000F004FA0346FB6000BF00F0A8
:10A3B000FFF90246FB68D21AFB889A42F7D300BF26
:10A3C00000BF1037BD4680BD08B500F0F3F9024A62
:10A3D00000232AF0A9FB08BD40420F0008B500F099
:10A3E000E9F90018494143F6095200232AF09CFB81
:10A3F00008BD10B500F0DEF90446090143F6095224
:10A400000023200141EA14712AF08EFB10BD00F0F8
:10A41000CFB900F0CDB9000008B500F0B1F900F0F7
:10A420002DFB00F04FFA022000F0A6F8BDE808402E
:10A430000148FDF795BE00BFB04E030008B500F01F
:10A440006DF9C00B40EA414008BD08B500F066F95F
:10A45000000A40EA016008BD08B500F05FF9400954
:10A4600040EAC16008BD13B500F0A2F9044601A896
:10A4700000F076F900F04AF8019B2044C01A02B0BF
:10A4800010BD08B500F04AF9BDE8084000F03EB83C
:10A4900013B500F08DF9044601A800F061F900F051
:10A4A0004BF8019A131BC01A61F1000102B010BDF4
:10A4B00008B500F033F9BDE8084000F03DB80000F1
:10A4C00008B500F05DF900F0ABF800F0D7FA00F045
:10A4D000F9F9BDE808400148FDF742BEF44E03001B
:10A4E00013B502460023CDE90023DDE90001064C47
:10A4F000A0FB042304FB0133CDE90023DDE90023A5
:10A50000180902B010BD00BF05BD378613B5CDE9EF
:10A510000001DDE90001074CA0FB042304FB01332B
:10A52000CDE90023DDE90023900E40EA831002B05C
:10A5300010BD00BF0000127A13B50246C1F3160326
:10A54000CDE90023DDE9000143F60954A0FB042313
:10A5500004FB0133CDE90023DDE90023500A40EA82
:10A56000C350590A02B010BD014B00221A60704757
:10A57000281900207047000072B6074B07491A6877
:10A5800001321A600A68104308601A68013A1A60BA
:10A590001B6803B962B6704708190020281900200B
:10A5A00072B6084B08491A6801321A600A6822EA32
:10A5B000000008601A68013A1A601B6803B962B6A5
:10A5C000704700BF081900202819002013B5EFF3C9
:10A5D00010830193012383F310880F4B1A68002323
:10A5E0008B420DD10D4B92B11A6922F004021A610F
:10A5F000BFF34F8F30BF019B83F3108802B010BDB3
:10A6000050F823402478002CF5D10133E8E71A698B
:10A6100042F00402EBE700BF2819002000ED00E043
:10A620000B4B00221A600B4B1A600B4B9A605A625C
:10A6300040F2FF721A62094A4FF000416020C2F8EE
:10A64000801182F81F03116001221A60704700BF59
:10A650002C190020301900200020044000E100E007
:10A6600010B5044611B12020FFF786FF074B9A680A
:10A6700002F59C5208325A6502221A6504221A62B7
:10A680005C65034B0122C3F8882410BD0020044000
:10A690000000844270470000074B9A6802F59C5204
:10A6A00008325A6402221A641A625864034B012267
:10A6B000C3F88424704700BF002004400000844297
:10A6C00070470000014B9868704700BF00200440AD
:10A6D000684620F007018D4631B50F4C1020FEF77B
:10A6E00051FB636A0546980704D5A369990701D50C
:10A6F00000F05AFA636A5A0704D5A3695B0701D5CB
:10A7000000F0B2F9044B012228461A62FEF73AFB28
:10A71000BDE83140854670470020044010B572B650
:10A720000B4C236801332360FFF7CCFF09490B680A
:10A730008342094B82BF1A6801321A6008601968A7
:10A740002368013B2360236803B962B610BD00BFD4
:10A7500008190020301900202C190020401A7047D9
:10A7600038B50446FFF7AEFF0546FFF7ABFF85425D
:10A77000FBD000F01DF82060BDE83840FFF7CEBFE9
:10A78000094A08B500231360084A0120136021F02C
:10A790006DF838B972462F21BDE8084042F6516085
:10A7A000FEF7FCB808BD00BF34190020381900209E
:10A7B00021F079BC10B572B60B4C236801332360CD
:10A7C00021F071FC09490B688342094B82BF1A686A
:10A7D00001321A60086019682368013B236023680E
:10A7E00003B962B610BD00BF081900203819002057
:10A7F0003419002013B5044621F055FC241A012019
:10A80000FFF7BAFE0B4821F062F8002300930948D5
:10A81000094B012224EAE47121F04CF840B1724660
:10A820006F2142F6516002B0BDE81040FEF7B6B8A5
:10A8300002B010BD3C19002055A8000008B504481E
:10A8400021F045F8BDE808400120FFF7A9BE00BF90
:10A850003C19002008B5FFF7F1FFBDE8084000F003
:10A86000BBB9000013B5044621F01DFC241A0C48A6
:10A8700021F02DF80023009309480A4B012224EA15
:10A88000E47121F017F840B17246912142F651600F
:10A8900002B0BDE81040FEF781B802B010BD00BFA5
:10A8A00054190020B5A80000014821F010B800BFDD
:10A8B0005419002008B5FFF7F7FFBDE8084000F085
:10A8C000D3B8000008B5FFF7E5FEFFF7EDFF044A37
:10A8D00000231360034A1360034A136008BD00BFDE
:10A8E0006C190020741900207019002070B50446FE
:10A8F00072B6154D154E2B6801332B60FFF7CAFE5B
:10A90000134A236833601360FFF7DCFE04462146D8
:10A910003068FFF723FF00280CDA0134346001218E
:10A920003068FFF79DFE2B68013B2B602B6803B955
:10A9300062B670BD032804D801282CBF2418013446
:10A94000ECE70021ECE700BF081900206C1900209B
:10A950007419002070B5054672B60E4C0E4E236871
:10A9600001332360FFF7A0FF2B680C4D2B60336091
:10A97000FFF71EFF33681B1A002BBCBF783028601E
:10A980002868FFF76FFF2368013B2360236803B942
:10A9900062B670BD08190020741900206C190020DF
:10A9A00010B572B6074C236801332360FFF772FEBF
:10A9B000FFF77AFF2368013B2360236803B962B67F
:10A9C00010BD00BF08190020094B984210B504467D
:10A9D00005D972467F214FF20640FDF7DFFF204682
:10A9E000FFF77EFD0446FFF76DFE204410BD00BF5B
:10A9F000C17F841E6FF00043984210B5044605D312
:10AA0000724691214FF20640FDF7C8FFFFF7D0FED6
:10AA1000204410BD38B504460D4600680968FFF7AC
:10AA20009DFE35EA200028BF204638BD431A10EAB3
:10AA3000230038BF0846704700680B68C31A5842A5
:10AA40005841704772B6064B1A6801321A60054ABF
:10AA500010601A68013A1A601B6803B962B6704741
:10AA60000819002070190020024B1B680BB1024826
:10AA700018477047701900207419002008B5FFF7B7
:10AA8000DDFEFFF71DFE034A00231360024A136038
:10AA9000536008BD781900207C19002072B6064B5F
:10AAA0001A6801321A60054A10601A68013A1A6081
:10AAB0001B6803B962B67047081900207819002096
:10AAC00073B5054672B61D4E1D4C3368033D013308
:10AAD0003360FFF7B3FEFFF7F3FD2846FFF700FDF5
:10AAE0000021FFF713FD206020682D1A01A8656082
:10AAF000FFF736FE0546FFF709FD2368181A1BD439
:10AB00009A2812D86368019A1844606063681344F5
:10AB100063606068FFF76EFE01203368013B3360BD
:10AB2000336803B962B602B070BDFFF7D9FC0438D0
:10AB30004019FFF7B1FDEFE70020EEE7081900200C
:10AB40007C19002038B5054672B60C4C23680133D9
:10AB50002360FFF773FEFFF72BFE281A00280ADB9D
:10AB60002846FFF747FE01202368013B2360236846
:10AB700003B962B638BD0020F6E700BF081900200F
:10AB800010B572B6074C236801332360FFF756FEF9
:10AB9000FFF796FD2368013B2360236803B962B683
:10ABA00010BD00BF0819002037B50A4C01A8FFF7F7
:10ABB000D7FD2568FFF7AAFC6368281A0028A8BFFC
:10ABC0001B1863606068019B18440190FFF712FE38
:10ABD00003B030BD7C190020024B1A680AB11B6813
:10ABE00018477047781900200123037088B200F0DD
:10ABF0007DB9000030B5B0F5FA7F87B0044605D8BE
:10AC000080B207B0BDE83040FDF704BB6FF00043F1
:10AC1000984217D200F05AF90E4A002305468DF8E3
:10AC200003300DF10303CDE90404CDE902230193C0
:10AC300000F082F9294602A800F0DAFF284600F069
:10AC4000A1F908B107B030BD012101A8FFF7BEFC92
:10AC5000F4E700BFE9AB00004FF47A735843FFF705
:10AC6000C9BF10B50446FDF787FA201ABDE81040A9
:10AC7000FFF7C0BFF8B5084C064600256F01304607
:10AC800039592AF0D3F820B10135162DF6D100201C
:10AC9000F8BDE019FCE700BFEC19002008B501F091
:10ACA000C1F800F085FF01F011F800F0EDFC00F0B4
:10ACB00097FE00F04FFA00F001FC4FF430720021D3
:10ACC0000C4829F0A1FE002158220B4829F09CFED7
:10ACD0000A4A002313600A4A137000F061FE094B10
:10ACE0001860094B186000F05FFDBDE80840FFF7F1
:10ACF00041BC00BFEC19002084190020E819002095
:10AD0000E4190020E0190020DC1900202DE9F84F9B
:10AD1000404B1B7806462BB1724652214BF21D0068
:10AD2000FDF73CFEDFF8F880D8F80030152B05D988
:10AD3000724653214BF21D00FDF730FE2EB97246CC
:10AD400054214BF21D00FDF729FED8F8004035686C
:10AD5000314F4FEA4419284647F809502AF070F855
:10AD6000014628461AF04AF807EB44140025A08350
:10AD700033792371B368E36033696361A561FDF7DB
:10AD8000FBF9F368D8F800B065711844337DA377F8
:10AD9000224B20611FFA8BFA2572A4F806A01E46EA
:10ADA000AB4502D146F82B4012E053F8042B217931
:10ADB0001279914205F101002AD2ABEB0502920013
:10ADC00006EB850106EB800029F004FE46F82540DD
:10ADD0000BF10103C8F800304FF6FF739A4505D117
:10ADE000724666214BF21D00FDF7D8FD07EB090303
:10ADF000DA884FF6FE739A4205D1724667214BF20C
:10AE00001D00FDF7CBFD07EB0903D888BDE8F88FDF
:10AE10000546C5E7E4190020EC190020841900203C
:10AE2000E8190020054B1B6898423FBF044B03EB19
:10AE300040108177012028BF00207047E8190020CA
:10AE4000EC190020044B1B68834283BF034B03EBC8
:10AE50004010807F00207047E8190020EC19002086
:10AE6000054B1B6898423FBF044B03EB4010416108
:10AE7000012028BF00207047E8190020EC190020AD
:10AE800038B5084B1B68984204460D4608D2FDF7BA
:10AE900079F9054B03EB441428442061012038BDA7
:10AEA0000020FCE7E8190020EC190020044B1B6887
:10AEB00098423ABF034B03EB40100020704700BF9D
:10AEC000E8190020EC190020807F704710B5064C6F
:10AED00023682BB97246AB214BF21D00FDF75EFDD6
:10AEE0002368D88810BD00BFDC19002038B505469E
:10AEF00072B60E4C2368013323600D4B1B689842D9
:10AF000005D37246B8214BF21D00FDF747FD0948F5
:10AF100000EB4510437943F0800343712368013B04
:10AF20002360236803B962B638BD00BF081900204A
:10AF3000E8190020EC19002038B5054672B60E4C11
:10AF40002368013323600D4B1B68984205D372467A
:10AF5000C0214BF21D00FDF721FD094800EB451013
:10AF600043796FF3C71343712368013B2360236860
:10AF700003B962B638BD00BF08190020E8190020E7
:10AF8000EC190020084B1B68984210B5044605D305
:10AF90007246C7214BF21D00FDF700FD034800EB90
:10AFA00044146079C00910BDE8190020EC19002094
:10AFB00038B5054672B60E4C2368013323600D4B3D
:10AFC0001B68984205D37246CE214BF21D00FDF757
:10AFD000E5FC094800EB4510437943F04003437119
:10AFE0002368013B2360236803B962B638BD00BF04
:10AFF00008190020E8190020EC190020094B1B68F3
:10B00000984210B5044605D37246DD214BF21D006F
:10B01000FDF7C4FC044800EB44146079C0F38010D1
:10B0200010BD00BFE8190020EC1900200E4B1B6872
:10B03000984210B5044605D37246E3214BF21D0039
:10B04000FDF7ACFC72B6094B09481A6800EB4414D2
:10B0500001321A60002262711A68013A1A601B6894
:10B0600003B962B610BD00BFE8190020081900201E
:10B07000EC1900200E4B1B68984210B5044605D30E
:10B080007246EB214BF21D00FDF788FC72B6094BAE
:10B0900009481A6800EB441401321A600122227236
:10B0A0001A68013A1A601B6803B962B610BD00BF86
:10B0B000E819002008190020EC1900200E4B1B682D
:10B0C000984210B5044605D37246F3214BF21D0099
:10B0D000FDF764FC72B6094B09481A6800EB44148A
:10B0E00001321A60002222721A68013A1A601B6843
:10B0F00003B962B610BD00BFE8190020081900208E
:10B10000EC190020084B1B68984210B5044605D383
:10B110007246FB214BF21D00FDF740FC034800EB9B
:10B120004414207A10BD00BFE8190020EC1900205B
:10B1300008B5FFF79FFD18B1C088FFF79BFF0120FE
:10B1400008BD08B5FFF796FD18B1C088FFF7B6FF38
:10B15000012008BD2DE9F843394FDFF80081394C53
:10B16000394D3846FDF74AFB002102460646C8F82D
:10B170000000386829F048FC18220021204629F0F8
:10B1800043FC2B68DC33D82101229E42C4E9031220
:10B190002B6005D27246AA214FF21710FDF7FEFB75
:10B1A000D8F800E029682948AEEB010C00224FF0E6
:10B1B000180803781BBB02B129602B689E4505D295
:10B1C0007246BD214FF21710FDF7E8FB1D483D68A0
:10B1D0001C4F03F027F900262369B34227D8656185
:10B1E00003B9E3601A4B1B48002407211C701AF0B6
:10B1F00037F821461848BDE8F8431AF031B8013B4A
:10B2000008FB03430230DA6802F1040910F8012C4C
:10B21000BCFBF9F6B24228BF32461E6916441E61D5
:10B2200009FB02F31944ACEB030C0122C1E72946E8
:10B23000384603F007F9E36804331D440136CBE7D1
:10B24000B01C0020BC1C0020B81C0020384F03009C
:10B25000AC1C0020D41C0020DC1C0020B41C0020EE
:10B2600038B5134B1B68051FAB4206D972464FF425
:10B2700080714FF21710FDF791FB0E4843699D4214
:10B2800007D372464FF217104FF48671FDF786FB15
:10B29000002072B6084C236829460133236003F06E
:10B2A000FAF82368013B2360236803B962B638BD0E
:10B2B000B01C0020BC1C0020081900200949CB68E4
:10B2C00083420CD372B6084B88681A6801321A6040
:10B2D0001A68013A1A601B6813B962B670470020F9
:10B2E000704700BFBC1C002008190020034BDA681F
:10B2F00082422CBF18690020704700BFBC1C002090
:10B3000038B5284D2B68044633B972464FF49C710A
:10B310004FF21710FDF742FB042C1ED8DFE804F0B3
:10B32000260A030F08002048BDE8384019F0B4BFD2
:10B330001E48F9E7BDE838401B481AF02BB872B632
:10B340001B4B1A6801321A601A4A10781A68013ABF
:10B350001A601B6823BB62B622E072464FF21710D8
:10B360004FF4B071FDF71AFB002019E072B6104BD4
:10B3700011491A688C6801321A601A68013A1A6019
:10B380001B6803B962B6C8682B68043060430001CB
:10B390001B09B0FBF3F0FF2828BFFF20C043C0B259
:10B3A00038BD00BFB81C0020D41C0020DC1C0020CD
:10B3B00008190020AC1C0020BC1C002003280DD163
:10B3C00072B6074B1A6801321A60064A00211170E2
:10B3D0001A68013A1A601B6803B962B6704700BF69
:10B3E00008190020AC1C0020014819F0D0BF00BF94
:10B3F000D41C002007B50020FFF782FF0146019012
:10B40000044819F057FF0199034803B05DF804EBB5
:10B4100019F050BFD41C0020DC1C002072B60B4B6E
:10B420000B491A6801321A600A78FF2A1CBF0132E0
:10B430000A701A68013A1A601B6803B962B60B7881
:10B44000012B01D1FDF70ABA704700BF081900208F
:10B45000AC1C0020D82838B5044605D97246DE2138
:10B460004FF21710FDF79AFA1148C368A34203D2AE
:10B47000FFF7D4FF00201AE072B60E4D2B6801339F
:10B480002B6003F03DF82B68013B2B602B680446D2
:10B4900003B962B6002CEBD0074B1B68A34205D959
:10B4A0007246EC214FF21710FDF778FA201D38BDD7
:10B4B000BC1C002008190020B01C0020044A0B23EB
:10B4C0004FF6FE71013B918102F11002FAD17047F3
:10B4D000E41C0020152870B5064605D972462E21B9
:10B4E00040F6E820FDF75AFA72B6144D144A2B685C
:10B4F00001332B60144600234FF6FE719089884279
:10B5000014D104EB0314204602F08CFFA6812B68B3
:10B51000013B2B602B6803B962B62CB972464021FF
:10B5200040F6E820FDF73AFA204670BD01330B2BB8
:10B5300002F11002E2D10024E9E700BF081900205F
:10B54000E41C002038B5054628B97246462140F66D
:10B55000E820FDF723FA72B6094C23682846013328
:10B56000236002F0CDFF2368013B2360236803B909
:10B5700062B600B938BDFFF773FE72B6EDE700BFE3
:10B580000819002038B5044628B9084611B1FFF75C
:10B5900067FE204638BD61B172B60A4D2B68013393
:10B5A0002B6002F04FFF2B68013B2B602B6803B927
:10B5B00062B6A089FFF7FCFC002000F007F901202B
:10B5C000E8E700BF0819002038B5054628B97246DB
:10B5D000792140F6E820FDF7E1F972B6064C2368C0
:10B5E00028460133236002F08BFF2368013B236070
:10B5F000236803B962B638BD0819002010B50446A7
:10B6000028B97246842140F6E820FDF7C7F972B6E2
:10B61000054BA0681A6801321A601A68013A1A606C
:10B620001B6803B962B610BD08190020084B1B78CF
:10B6300010B50C462BB17246972140F6E820FDF775
:10B64000ADF9044B21461868BDE8104000F06ABB14
:10B65000E4190020A01D0020084B0948002210B565
:10B660001C681A60074B01221A7000F017FC1CB10D
:10B670002346BDE81040184710BD00BF9C1D0020A8
:10B68000981D0020941D002008B5064A0648002396
:10B690001370064A136000F001FCBDE8084004483E
:10B6A000FCF782BD941D0020981D00209C1D0020E9
:10B6B00059B6000070B5064608480D4600F0DAFBA2
:10B6C000044648B1064B28461E60FCF773FD04464D
:10B6D00010B9024800F0E2FB204670BD981D002022
:10B6E0009C1D002013B5064C019423781BB1002348
:10B6F000237002B010BD012101A8FEF767FFF4E737
:10B70000941D002072B6074B1A6801321A60064A6F
:10B71000002111701A68013A1A601B6803B962B6F9
:10B72000704700BF08190020941D0020014B1878B5
:10B73000704700BF941D002010B572B6094C2368F5
:10B7400001332360FCF73CFD074800F0A7FB074BE3
:10B7500000221A602368013B2360236803B962B6A4
:10B7600010BD00BF08190020981D00209C1D00205E
:10B770000A4B10B51C68FCF705FDD4E904310B44F5
:10B78000191A074BA1F196029A4288BF0021054B76
:10B79000186800F0C7FA4FF0FF3010BDE019002024
:10B7A00069FFFF7FA01D002008B500F0A1FA064B3D
:10B7B000186038B972463821BDE8084043F22420A9
:10B7C000FDF7ECB808BD00BFA01D0020034B1B68AF
:10B7D000834202D0184600F0EFBA7047A01D002047
:10B7E0002DE9F84FFCF7CEFC0025DFF820A1DFF8AB
:10B7F00020B1DFF8208107462C46A946DBF800304F
:10B800004B4523D8E888FFF77DFC012809D0D8F8FC
:10B810000030A34205D17246BC2143F22420FDF73B
:10B82000BDF8FCF7AFFCD8F8003037491861596112
:10B83000002C5ED15A698A4294BF5A6159611C46F4
:10B84000E088FFF7F3FB2046BDE8F88F5AF8045B69
:10B85000D8F80030AB4247D0E888FFF753FC012806
:10B8600042D02846FFF730FB002838D0E888FFF7A1
:10B87000C5FB18B92B69DB1B002B00DA2F61002CEC
:10B8800035D022792B799A428CBF26462E46D6E9AE
:10B89000043288BF2C46134422699B1A002B1CDB00
:10B8A000327923799A421FD17279637902F03F028B
:10B8B00003F03F039A4217D9637903F03F033F2B0C
:10B8C00005D17246C82143F22420FDF767F862795A
:10B8D0006379013262F305036371344604E0E8885A
:10B8E000FFF78CFB0028C1D109F1010986E72C463E
:10B8F000FAE72269121A02D500225A61A0E7952AB6
:10B900005A6197D89CE700BF105522008419002087
:10B91000E8190020E0190020F8B51C4C23782BB161
:10B9200072464B2143F22420FDF738F8184B1B6870
:10B930002BB972464C2143F22420FDF72FF8012346
:10B940002370144E144C154DFCF792FF306800F034
:10B950004FFAFFF745FF2060FCF714FC23682860CE
:10B96000988BFDF731FA2768FB68984723683861A0
:10B970001B79FE2BE8D0FCF705FC2B68C01A236866
:10B980009A698242E0D29861DEE700BFE4190020A4
:10B99000E0190020A01D0020DC190020A41D0020BB
:10B9A0007FB51422002101A829F02EF8074B00933F
:10B9B000FE238DF804306846054B0293FFF7A6F985
:10B9C000FFF774FA07B05DF804FB00BF3C4F0300BB
:10B9D00071B70000014B1868704700BFA41D00201C
:10B9E000044B4FF6FE7100225A6019801981DA600B
:10B9F000704700BFA81D00200A4B014618884FF66B
:10BA0000FE7290420AD01889904209D1012203EBBC
:10BA1000C20023F832100023436070470022F6E78B
:10BA200000207047A81D002038B50D46044628B9EF
:10BA30007246382145F26C20FCF7B0FF72B60A4B13
:10BA40001A6801321A6062682A4362601A68013A11
:10BA50001A601B6803B962B62088FFF7A9FABDE82F
:10BA600038400020FFF7B2BE0819002010B5044688
:10BA700028B97246472145F26C20FCF78FFF72B659
:10BA8000064B1A6801321A600022606862601A6808
:10BA9000013A1A601B6803B962B610BD081900208C
:10BAA000154938B50C464FF6FE7234F8143B134D69
:10BAB0009BB2934208BF00240B8B9BB2934205D0EC
:10BAC0004CB120462C31FCF793FB04462CB9FCF713
:10BAD00083FB2C600EE001F12C04296829B92C604D
:10BAE0002046BDE83840FCF771BB2046FCF786FBDA
:10BAF0000028F4D038BD00BFBC1D0020B81D0020B8
:10BB00002DE9F04F074689B072B6254D254C2B68BC
:10BB10004FF0000901332B604E464FF6FE784FF090
:10BB2000180A34F8142C42451AD039462046FCF73E
:10BB300065FBA8B108AB03EB0913A3F1200C14E9D2
:10BB40000F008CE80F00184B24F8148C0AFB063009
:10BB500010220021043028F057FF09F1010BD946CB
:10BB600018349EB1114A00211160FFF799FF2A682D
:10BB7000013A2A602A6802B962B66C4600254D4532
:10BB800004F1100404D109B0BDE8F08F0126C8E724
:10BB900054E9030154F8102C90470135EFE700BF3A
:10BBA00008190020D01D0020BC1D0020B81D002059
:10BBB00038B50C4C20464FF6FE7520F8045B102279
:10BBC000002128F021FF102204F11C000021258310
:10BBD00028F01AFF044B054800221A60BDE83840DF
:10BBE000FCF712BBBC1D0020B81D002001BB0000EB
:10BBF000F8B50F46044628B972463B2140F6D2609C
:10BC0000FCF7CCFE23682BB972463C2140F6D2608B
:10BC1000FCF7C4FE72B6154D154A2B6801332B6034
:10BC200013884FF6FE719BB28B421BD0138B9BB2D5
:10BC30008B4219D1012318214B43D618D75294E8CF
:10BC40000F00371D87E80F00E068FCF7CBFA706142
:10BC5000FFF726FF2B68013B2B602B6803B962B608
:10BC60003046F8BD0023E6E70026F3E70819002078
:10BC7000BC1D002070B50E46044628B972465121FD
:10BC800040F6D260FCF78AFE72B60C4D2B68013389
:10BC90002B602388B3420AD120464FF6FE7320F86A
:10BCA000043B1022002128F0AFFEFFF7F9FE2B68BD
:10BCB000013B2B602B6803B962B670BD08190020E8
:10BCC0000123037088B2FFF711B900000023074A6F
:10BCD00010B518464FF6FE7422F8234002EB83019C
:10BCE00001330A2B8870F7D110BD00BFEC1D002076
:10BCF00070B50B4E00244FF6FE7336F824209A429E
:10BD000009D1FFF7E3F806EB8405002326F82400A9
:10BD1000AB70284670BD01340A2CEED10025F8E73F
:10BD2000EC1D0020F0B50F4689B0044628B97246D4
:10BD30004F2141F27110FCF731FEFFF7C7F80023E5
:10BD40008DF807300646FFF7F7F8A31CA278029398
:10BD50000DF10703039302F0FF05D2B9CFB17A1CAE
:10BD600010D0144A314604A8CDE90423CDE9066772
:10BD7000FFF73EFF054628B97246692141F271106E
:10BD8000FCF70CFEA3784BB11DB131462846FFF7F6
:10BD900071FFA0780023A37009B0F0BD3046FFF713
:10BDA000F1F808B17B1CF4D1022102A8FEF70EFCC9
:10BDB000E8E700BFC1BC000038B5054628B97246A7
:10BDC000822141F27110FCF7E9FD72B6074C23683D
:10BDD000013323600123AB702846FFF7F7FC23688B
:10BDE000013B2360236803B962B638BD08190020FF
:10BDF00010B5044628B972468D2141F27110FCF746
:10BE0000CDFD72B6064B1A6801321A600022A2708C
:10BE10001A68013A1A601B6803B962B610BD00BF08
:10BE200008190020F8B50E480E4D0D4E02F0FAFA32
:10BE300000242746294630460334AF6002F02BFB2E
:10BE40000C2C05F10C05F5D1074802F0EBFA074878
:10BE500002F0E8FABDE8F840054800F01FB800BF5E
:10BE60005C1E0020141E0020441E0020501E0020D6
:10BE7000681E002072B6084B1A6801321A6001224F
:10BE8000016802601A68013A1A601B6803B962B659
:10BE9000B1FA81F0400970470819002072B6064BCC
:10BEA0001A6801321A60002202601A68013A1A60A8
:10BEB0001B6803B962B67047081900204FF4007080
:10BEC000704708B5002019F0AFFC08BD264A0346AC
:10BED0009342084645D017D8244A934233D00BD812
:10BEE000234A93422BD0234A93422AD049F2432239
:10BEF000934232D0002070471F4A93422BD01F4AF2
:10BF00009342F7D100F0E2BB1D4A93421DD00AD8FC
:10BF10001C4A93421BD01C4A934220D01B4A934296
:10BF2000E8D101F075BB1A4A934212D002F54702DC
:10BF300002F58A4226329342DCD102F0A9B800F021
:10BF400017BB00F0AFBD02F045BA01F001B801F037
:10BF500043BE01F06BBE02F011B902F04DB900F022
:10BF6000C7BE00F03FBE00BF493BFD0138230F00B4
:10BF700061F1030036230A004DC2130015FF4E0184
:10BF800076D6CE7465C1F902B70B086E1808F202B6
:10BF9000AFD6137710B50A4904461022303028F086
:10BFA000FBFC58B10649102204F1200028F0F4FCF3
:10BFB000002814BF4FF0FF30202010BD3020FCE7D8
:10BFC000414F030070B51E4C1E4D23689AB09B690B
:10BFD000022101A898470198421C03D10020286043
:10BFE0001AB070BD23680BA91B6998470028F5D1CA
:10BFF000154B1B68DDE90C465B6902A898479DF864
:10C00000203034440BB9A4F580542B6801330CD193
:10C010003046FFF7BFFF431C05D0103032183358AD
:10C02000B3F5007F03D000232B602868D8E7516860
:10C030008E42F8D19268A41BA242F4D8F4E700BF64
:10C04000FC180020101600200019002010B50F4C1D
:10C05000236890B09B690221684698470098431C6A
:10C0600002D1002010B010BD236801A91B699847B8
:10C070000028F6D1039CFFF7A5FFB0F5007FF0D3B1
:10C080002046FFF787FF10302044EBE7FC18002024
:10C0900008B5FFF7DBFF00B1806808BD08B5FFF702
:10C0A000D5FF0346054843B1DB6833B1834204D36F
:10C0B000034A934298BF23F00F0008BD00C0002040
:10C0C0000000012030B593B028F05AFC002841D080
:10C0D000FFF778FF044600283CD04FF0804026F060
:10C0E0004BFD002836D001F089FF02F083F801F003
:10C0F00055FD00F02BFF00F035FA02F069F901F070
:10C1000093FD00F0E1FA02F038F800F0A3FC01F032
:10C110008DFA00F0EBFD00F063FD0F4B0193B4F5D9
:10C12000007F17D30D4C236802219B6902A8984712
:10C130000298431C0ED0236803A91B699847044644
:10C1400040B903A825F01EFC01AB05462246044871
:10C150002146A84713B030BD00000120FC18002084
:10C16000544F030008B528F00BFC30B1FFF72AFF4D
:10C1700018B1BDE8084001F09DBF08BD014B186033
:10C1800000207047701E0020014B1860002070478F
:10C190006C1E002006207047014B1860002070477D
:10C1A000741E0020014B1860002070477C1E002088
:10C1B0005020704702207047022070470B680360D0
:10C1C0004B6843604B6983600B690362DB08C360A3
:10C1D00091F82C3003F1FF3CDCF1000343EB0C033E
:10C1E000037491F82D30437491F82E308374CB682A
:10C1F000B3F5807F28BF0023C374CB69436191F8F6
:10C200003030037791F82F3043774B6A836191F890
:10C2100031305BB1436A8A8E5A8091F83620901E85
:10C22000424242411A714A8E1A80704743627047F7
:10C2300010B558B1012807D1002420460DF072FA3C
:10C240000DF07AFAA04203D0032010BD0124F4E7D8
:10C250000020FAE710B598B00DF1070204A90446D2
:10C260000DF1060026F08CF802A826F09BF89DF848
:10C2700007300133DBB2FF2B08BF00238DF80730F6
:10C280009DF8072002AB04A9204626F0F7F80628FF
:10C290009ABF024B185C022018B010BD604F03001B
:10C2A00080F0010027F084BC13B5044601A826F0F5
:10C2B0005FFB18B9019B236002B010BD0720FBE7AC
:10C2C00026F011BB38B5044626F00AFB054626F0D9
:10C2D00005FBC4E90050204638BD26F0FFBA000037
:10C2E00010B50B4C236896B07BB10EF0C1F80190ED
:10C2F0000EF056F902F07CF8009002A80EF05EF9FC
:10C30000DDE90021236802A8984716B010BD00BFE0
:10C310007C1E002008B5134650B149B142B10A460F
:10C320000146184626F068F8002818BF022008BD0C
:10C330000520FCE738B5044678B105780FF0ECFE2F
:10C3400085420CD8247820461CB90DF093FF204676
:10C3500038BD0DF08FFF0024F9E70424F7E703242C
:10C36000F5E700002DE9F043474B85681A6840F275
:10C3700006239A428DB0044609D8444B9D426BD1A6
:10C38000434A92E803006B4683E803000546E37BDB
:10C3900003F001069A0748BF46F00206DF0648BFD1
:10C3A00046F0100618070FD5A91C0DD002AF38466D
:10C3B00025F0F6FD97E80C0001990095284628F035
:10C3C000CCFA08B946F00806A77B012F55D8D4F857
:10C3D0000480B8F5803F52D200211C2205A8B4F891
:10C3E0000C9028F011FB236801990493284606ABB2
:10C3F00083E80300237C8DF82130637C8DF82230A4
:10C40000E37BADF8148013F0140F00958DF82070C5
:10C410008DF82360ADF8249004D0DA0622D50122ED
:10C420008DF826209B060DD5A38AADF82830E38A27
:10C4300046F020068DF82360CBB901228DF82C2020
:10C44000ADF82A3004A827F039F90E2819D8114B75
:10C45000185C0DB0BDE8F0836FF07F439D4296D12C
:10C460000D4A8EE7A27C002ADAD10B20F1E7227E6A
:10C470000AB10222E2E70322E0E70220E9E7062010
:10C48000E7E70120E5E700BF781E0020FEFFFF0080
:10C49000547D0300674F03005C7D030000B589B045
:10C4A00003680193436802690293836803930492CB
:10C4B000837D828AADF81420D0E90601069001A898
:10C4C0008DF81630ADF81C10FFF74CFF09B05DF881
:10C4D00004FB000073B50E461546044670B168466D
:10C4E00025F060FF6B4632462146284625F0C6FF00
:10C4F000062805D8034B185C02B070BD0520FBE789
:10C500000220F9E7604F030010B5044698B010B35D
:10C510000DF1070204A90DF1060025F031FF02A874
:10C5200025F040FF9DF807309DF806000133DBB28F
:10C53000FF2B08BF00238DF8073001F059FF9DF84D
:10C54000072002AB214625F099FF062805D8044BA9
:10C55000185C18B010BD0520FBE70220F9E700BF0A
:10C56000604F030001480EF0D7B900BFE1C20000E0
:10C57000A0F500730E2B0ED8094B186040F20A2369
:10C5800098420AD9074B084A40F20B21884218BF4B
:10C590001346184670470023FBE7044BF9E700BF3A
:10C5A000781E0020F84F0300784F0300B04F0300BF
:10C5B00010B5084B1C688CB0014644B102A8CDF8F8
:10C5C0002CD0FFF7FBFD02A8A0470CB010BD012046
:10C5D000FBE700BF701E00200C4B10B51A6840F23C
:10C5E0000A239A428AB0014604D90AB0BDE8104035
:10C5F000FFF7DEBF064B1C6834B16846FFF7DEFD6F
:10C600006846A0470AB010BD0120FBE7781E002055
:10C610006C1E002030B50C4C246885B08CB1089D90
:10C62000ADF80800CDE900539DF828308DF80A10C8
:10C6300068468DF80B208DF80C30A047012005B01E
:10C6400030BD2046FBE700BF741E0020002070476D
:10C65000002070470020704738B50D46044611464B
:10C6600090B9287025F08CF9013805280ED8DFE83C
:10C6700000F008040D060D030324204638BD0524F0
:10C68000FBE701232B70F8E700232B700624F4E767
:10C6900008B5014638B925F071F918B1042814BF5E
:10C6A0000620052008BD0620FCE708B540B9012199
:10C6B00025F064F918B1052814BF0620002008BD34
:10C6C0000620FCE70020704770470000B0F5017FAE
:10C6D000024607D2044B054840F203218A4208BFB4
:10C6E000184670470020704738500300445003003C
:10C6F0000A4A136810B55BB100211160084A094C61
:10C700001078094A126832B12168984700232360E3
:10C710004FF0FF3010BD1146F7E700BF881E002024
:10C72000A01E0020841E0020981E002008B503F0E3
:10C73000A9FD08B103F050FE002008BD08B5054B67
:10C740001B6823B1044B01221A7003F0CBFE0020BA
:10C7500008BD00BF881E0020A01E002008B503F001
:10C76000DBFE002008BD08B526F038FA002008BD21
:10C7700008B526F02DFA002008BD00002DE9F84389
:10C780002C492D4B2D4F1A683B6806460868D41873
:10C7900000B104604FF0000942F80390751D20239A
:10C7A000636028460C600EF0B4FDA06028460EF0D1
:10C7B000A1FDA06128460EF0A5FD207733686361D6
:10C7C0003379637728460FF0E9FAA07728460EF010
:10C7D000A7FD402828BF402004F1200849462061D9
:10C7E00040220646404628F00FF928460EF0A8FDE4
:10C7F000014618B13246404628F0DEF83B68104941
:10C80000C4F80C8003F160023A600A6801320A60E1
:10C810000C4909688A4207D00B4A1268C033934218
:10C8200005D30A4B03221A700020BDE8F8830120CB
:10C83000FBE700BF941E0020841E00209C1E0020E9
:10C84000981E00208C1E0020901E0020A01E00209C
:10C8500020B9054B1A780AB902221A70034B00213D
:10C860001868FEF78FBE00BFA01E0020801E0020AB
:10C870002DE9F84380469DF820900E4617461D4648
:10C8800026F03AF80446E8B9B9F1000F04D0B8F13F
:10C89000000F07D1042412E025F0A2FB0428F6D1F2
:10C8A00005240CE0B6F1807F08D22E60284626F0E1
:10C8B000FBF818B1384626F0F1F800B903242046F9
:10C8C000BDE8F8830724FAE730B51D4B1B6889B033
:10C8D00005469BBB03F0D6FC08B103F07DFD0123A8
:10C8E00000932A7A696803AB2846FFF7C1FF044624
:10C8F000F8B92B6841F6DC62A3F1640191421BD8C0
:10C90000D5E9041211B91AB1042412E0402A13D84F
:10C910004FF47A70434302932B89ADF81030EB68E3
:10C92000079202A8CDE9053103F062FD002808BF97
:10C930000624204609B030BD0324FAE70624F8E7B0
:10C94000881E0020F0B585B0054603F09BFC00284A
:10C9500041D1254E3368002B3DD100932A7BA96835
:10C9600003AB2846FFF784FF0446002836D12F6822
:10C97000002F32D0AA69002A2FD0696842F20F73C3
:10C9800099422ED8286942F2AC63A0F16401994221
:10C9900027D8696929B3EB695F2B22D93760134F18
:10C9A0003960134F13493A60134A0C601460134AFC
:10C9B0001360134B1C60134B1C70134B00932A7BAA
:10C9C000124B4FF47A7503A9684303F069FD28B947
:10C9D000002333603B60062400E00424204605B0B9
:10C9E000F0BD0324FAE700BF881E00208C1E002043
:10C9F000841E0020981E0020941E0020901E0020FF
:10CA00009C1E0020A01E002051C800007DC7000011
:10CA100030B585B004460D4603F034FCB0B90C4B7C
:10CA20001B689BB903930093214602AB2A4603A8D7
:10CA3000FFF71EFF044630B9294602A803F05CFD4B
:10CA4000002808BF0324204605B030BD0524FAE7BE
:10CA5000881E00207FB50E4B002119600D4B14225B
:10CA600001A8196027F0D0FF0B4B00931A238DF813
:10CA700004300A4B0293684642F210730493FEF7A7
:10CA800045F9FEF727FD064B186007B05DF804FB7B
:10CA9000881E0020841E002060500300F1C60000A4
:10CAA000801E0020B0F5007F014888BF002070473D
:10CAB0007C50030010B5044C24682468A047062865
:10CAC00028BF012010BD00BFFC18002010B5044C89
:10CAD00024686468A047062828BF012010BD00BF55
:10CAE000FC18002008B5044B1B689B689847062873
:10CAF00028BF012008BD00BFFC180020014B1B68A7
:10CB0000DB681847FC18002010B51B4B1B6890B061
:10CB10001B690C4601A998479DF83E30022B04D0B2
:10CB2000052B23D0052010B010BD002384F8313030
:10CB3000F0B9019B2360029B63609DF83C3084F850
:10CB40003030059BA360069BE360079B2361089B35
:10CB50006361099BA3610A9BE3610B9B23620C9BAE
:10CB600063620D9BA3620E9BE362DCE70123DDE7BA
:10CB7000062828BF0120D6E7FC1800202DE9F04345
:10CB8000DFF8589099B008238DF80330D9F80030B9
:10CB900080465B690F4601A80DF103019847002606
:10CBA00001AC35469DF80330B34203D83D7019B04F
:10CBB000BDE8F083D9F8003020681B6909A99847BF
:10CBC00048B99DF85E30022B01D0052B03D12368B4
:10CBD00048F82530013501360434E3E7FC1800201D
:10CBE00070470000B0F5007F014888BF0020704703
:10CBF0009C50030010B5044625F07EFE28B134B1E8
:10CC0000204601F01BFE002010BD0720FCE7042099
:10CC1000FAE770B5A2B0044625F06EFE002840D0B9
:10CC2000002C40D0E5786B1E092B36D82688731E61
:10CC3000B3F57A7F2ED2002204F10A0131F83230A6
:10CC4000013B9BB2B3F57A7F24D20132AA42F5D3DD
:10CC50008022002102A827F0D7FEA3788DF80630A5
:10CC600001ABADF804608DF8075000221846617AD8
:10CC7000597261895981217A19720132616859604A
:10CC8000D1B28D4204F1080403F10803EFD801F09A
:10CC90005BFD20B9032022B070BD0520FBE700201A
:10CCA000F9E70720F7E70420F5E710B586B004465A
:10CCB00025F022FEB0B1BCB12368009363680193F4
:10CCC000A3680293E3680393236904936846237D72
:10CCD0008DF8143001F09CFC002814BF00200320C4
:10CCE00006B010BD0720FBE70420F9E770470000FD
:10CCF000B0F5007F014888BF00207047B4500300A2
:10CD00000220704702207047014B186000207047D6
:10CD1000A41E002012280FD812281CD8DFE800F02B
:10CD20001D13171B201B1B1B1B1B1B1B1B1B1B1B58
:10CD30000A15190011207047422810D0522814BF3C
:10CD40000020932070470220704712207047032074
:10CD500070471320704700207047012070478320E0
:10CD6000704708B5FFF7D6FFBDE8084025F0DAB9EF
:10CD700082B002AB009013E9030002B025F0E8B8DE
:10CD800025F08CBE07B5B0F1807F019005D201A8D7
:10CD900025F08AFE03B05DF804FB0020FAE7F0B549
:10CDA000064685B000284FD0CC000D22214618F051
:10CDB00094F8002802DB032005B0F0BD00250C2C00
:10CDC0000DF1070028BF0C24ADF80850ADF80C5049
:10CDD00025F04CFE9DF807002A461146013282429A
:10CDE00009D08C422DD3CB0801F00701F35C0B4135
:10CDF00013F0010326D00C2AEFD1DCE7DA0803F0A8
:10CE00000705B05C103228416A4410F0010F14BFCE
:10CE100012F8040C12F8080C07FA05F149B215BF14
:10CE20000143014302F8041C02F8081C0133A34229
:10CE3000E4D102A808F080FA03A808F055FA00200F
:10CE4000BAE700230127F2E70420B5E72DE9F34113
:10CE50000A46054640B30191002127F0D5FD019A0D
:10CE60000024D7004FF00108661CF0B2019208F0D0
:10CE70008BFA10F0800F019A09D0A7420CD9E30871
:10CE800004F00704E95C08FA04F40C43EC540C2E9B
:10CE90003446E9D1002004E00021284627F0B4FD03
:10CEA000032002B0BDE8F0810420FAE730B585B078
:10CEB0000446684625F036FC042814D00C4B1A684A
:10CEC00040F205239A420CD984B16A46234604AD48
:10CED000144603CCAC4218605960224603F10803A3
:10CEE000F6D1002000E0052005B030BD2046FBE76C
:10CEF0001416002030B585B00446684625F044FC81
:10CF0000042814D00C4B1A6840F205239A420CD91D
:10CF100084B16A46234604AD144603CCAC42186083
:10CF20005960224603F10803F6D1002000E00520F5
:10CF300005B030BD2046FBE71416002008B525F0EB
:10CF4000C1FB01280CBF0720002008BD704700006E
:10CF5000A0F50073082B09D8054B064A1860064B4C
:10CF6000B0F5027F18BF1346184670470023FBE751
:10CF70001416002040510300C850030006289ABF31
:10CF8000014B185C01207047C050030037B50C46B8
:10CF9000054698B191B101A825F03AFC034640B985
:10CFA000BDF804202A80BDF806202280184603B070
:10CFB00030BD03B0BDE83040FFF7E0BF0423F5E724
:10CFC00037B50C46054698B191B101A825F0F6FB9E
:10CFD000034640B99DF804202A809DF80520228050
:10CFE000184603B030BD03B0BDE83040FFF7C6BF00
:10CFF0000423F5E708B525F079F9BDE80840FFF707
:10D00000BDBF08B528B125F04FF9BDE80840FFF7CE
:10D01000B5BF042008BD07B5ADF8040001A8ADF800
:10D02000061025F03BFC03B05DF804EBFFF7A6BF4C
:10D0300037B50C460546A8B1A1B101A825F0C4FB3F
:10D040000428034610D020B103B0BDE83040FFF7FC
:10D0500095BFBDF804202A80BDF80620228018461E
:10D0600003B030BD0423FAE70523F8E708B528B17B
:10D0700025F040FBBDE80840FFF780BF042008BD55
:10D0800008B528B125F068FBBDE80840FFF776BF7A
:10D09000042008BD08B5FFF73DFE28B124F0F2FFDB
:10D0A000BDE80840FFF76ABF032008BD13B504467A
:10D0B000B0B30DF1070025F013F80428034631D072
:10D0C00020B102B0BDE81040FFF758BF9DF807102F
:10D0D000080601F0100205D512B1522222700FE0AD
:10D0E0004222FBE701F00F01013903291CD8DFE8D8
:10D0F00001F0020A10150AB11022EFE72270134660
:10D10000184602B010BD0AB11122E7E701232370CF
:10D11000F5E70AB11222E1E70223F8E70422DDE78E
:10D120000423EDE70523EBE70123E9E708B525F044
:10D1300087FCBDE80840FFF721BF13B5044690B156
:10D140000DF1070025F092FC042803460DD020B114
:10D1500002B0BDE81040FFF711BF9DF80720227014
:10D16000184602B010BD0423FAE70523F8E7B0F132
:10D17000807F07B508D2019001A825F027FC03B0F5
:10D180005DF804EBFFF7FABE032003B05DF804FB83
:10D1900013B5044680B101A825F032FC04280346EB
:10D1A0000CD020B102B0BDE81040FFF7E7BE019AF5
:10D1B0002260184602B010BD0423FAE70523F8E701
:10D1C00008B524F025FFBDE80840FFF7D7BE13B52A
:10D1D000044690B1002301A8019324F039FF0428EC
:10D1E00003460CD020B102B0BDE81040FFF7C6BE28
:10D1F000019A2260184602B010BD0423FAE7052305
:10D20000F8E708B528B125F07DFCBDE80840FFF738
:10D21000B5BE042008BD08B525F0A4FC042805D03F
:10D22000052805D0BDE80840FFF7A8BE052008BDC9
:10D230000020FCE708B525F04BFCBDE80840FFF7EF
:10D240009DBE08B528B125F055FCBDE80840FFF7A4
:10D2500095BE042008BD000082B002AB03E90300C4
:10D26000074B1B6843B1074A1268B2F5017F38BF0C
:10D2700020F07F4002B01847184602B0704700BF48
:10D28000A41E002014160020014B1860704700BF38
:10D29000C41E0020014B1868704700BFA81E002064
:10D2A000014B1860704700BFB41E002008B50A4B40
:10D2B0001B787BB1013B022B05D8084B1868BDE8F1
:10D2C000084017F0B8BD724640F2571148F2EE70B0
:10D2D000FBF764FB002008BDB01E0020C01E00202C
:10D2E00008B5084B1B78032B02D8074AD05C08BD51
:10D2F000724648F2EE7040F23111FBF74FFB01200D
:10D30000F5E700BFB01E0020DD51030008B5FFF7B0
:10D31000E7FF022806D1044B1A6840F201239A4223
:10D3200098BF012008BD00BF1816002013B525F0D6
:10D33000E3FA002401288DF8074025D1174B18483F
:10D340001C70184B1C70FDF7FCFE1748FDF7F9FE2A
:10D350001648FDF7F6FE03F0ADFD01F083F910B1BC
:10D36000204601F0A5F90DF1070024F0B9FE0020D8
:10D370001CF0B7F925F00CFB0D4B186810B11B68B9
:10D380009847002002B010BDFFF7AAFF022803D182
:10D39000044B01221A70F4E70720F3E7B01E0020C7
:10D3A000534E0300C81E0020D3510300D851030080
:10D3B000C41E002008B508F0EBFC012003F08AFF32
:10D3C00010F096FC08B110F09BFC1CF0E0F910483E
:10D3D000FDF7AEFE0F48FDF7ABFE0F48FDF7A8FEC8
:10D3E0000E4B02221A700E4B1A680AB11B6898473E
:10D3F000FAF7BCFE0B4B1B68C01A0B4B18600B4BAB
:10D400001B781BB1BDE80840FFF790BF08BD00BF07
:10D41000D8510300D3510300534E0300B01E002027
:10D42000B41E0020AC1E0020A81E0020C81E002034
:10D4300038B5134B012200201A7004F063F8002560
:10D440000446BCB14DB101200BF02CF9BDE83840C9
:10D45000C0F130010B4817F0FDBC204604F0ACFBD6
:10D460000546204604F0A1FB2046002104F03AF8CE
:10D470000446E6E7002DE6D1BDE83840FFF79ABF45
:10D48000B01E0020BC1E0020F7B5002304460D4648
:10D490008DF80730FAF76AFE224B214618602248C1
:10D4A00017F0D8FC0DF1070024F01AFE9DF80730A4
:10D4B000033B012B32D825F01FFA1C4B621E9A4207
:10D4C00006462DD86A1F40F252239A4200D93DBB2E
:10D4D000174F2946384617F0BDFC1EB107242046D9
:10D4E00003B0F0BD20460AF0ABFB25F005FA044678
:10D4F0000028F3D10F4B10491888FDF7C1FC0CF040
:10D50000AFFF10B1FFF794FFE9E7386817F087FC29
:10D510000028F7D1094B03221A70E0E70524DEE763
:10D520000324DCE7AC1E0020C01E00207F3A090067
:10D53000B81E00201C16002040420F00B01E002024
:10D5400038B52D4D2B78032B2FD8DFE803F00902D7
:10D5500025182A4B186817F062FC58B1FFF72AFF0C
:10D56000FAF710FE2B780446032B3AD8DFE803F0D5
:10D5700040252A2504F0F8FB0028F1D1EEE70CF055
:10D580006FFF10B1FFF754FFEAE71D4B186817F063
:10D5900046FC0028F6D1E3E71A4B186817F03FFC69
:10D5A0000028DDD0FFF7C2FEDAE772464FF4D571EE
:10D5B00048F2EE70FBF7F2F9D2E700F5742000F5BF
:10D5C000107038BDFFF772FE012838BF01200346F6
:10D5D000B0F5E16F0C4828BF4FF4E16300FB034056
:10D5E000EFE7724640F21A2148F2EE70FBF7D6F9E7
:10D5F00006482044E5E700BFB01E0020BC1E002006
:10D60000B81E0020C01E002040420F0000D2496B0F
:10D61000A0F50073032B9DBF024B18600248002049
:10D62000704700BF18160020E451030030B5134DB9
:10D630000FCD87B06C460FC495E8030084E8030063
:10D640006846FDF763FB0E4B0E4A188000231370EB
:10D650000D4A0E4813600E4A13600E4A40F2032131
:10D6600011600D4A137017F0D6FB0C4817F0D3FB6E
:10D670000B4807B0BDE8304017F0CDBBA87D0300D4
:10D680001C160020B01E0020A81E0020C01E002076
:10D69000AC1E002018160020C81E0020B81E002056
:10D6A000BC1E002001299FBF034B1970034B18605B
:10D6B00094BF002003207047D41E0020D01E0020FD
:10D6C000014B186000207047D81E0020014B1860E5
:10D6D00000207047DC1E0020014B186000207047BE
:10D6E000CC1E0020022070470220704702207047A5
:10D6F000014B186000207047E01E002007B5124A59
:10D700008DF80510137883F001038DF804300023A1
:10D7100013700E4B1B68B3F5037F08D90C4B1B68C5
:10D7200013B101A90320984703B05DF804FB094B2E
:10D730001B68002BF8D0084A1278012A01D1012871
:10D74000F2D19847F0E700BFC91E0020E41E002078
:10D75000DC1E0020D01E0020D41E002007B50D4B7B
:10D760001B68B0FA80F04009B3F5037F8DF8040020
:10D7700008D9094B1B6813B101A90220984703B0CF
:10D780005DF804FB054B1B68002BF8D001A89847F7
:10D79000F5E700BFE41E0020DC1E0020D81E00209C
:10D7A000054B1B6801462BB110B10021042018471E
:10D7B0000520FCE7704700BFDC1E002008B525F0FF
:10D7C00035FD18B9024B01221A7008BD0720FCE78D
:10D7D000C91E002010B5044624F0ABFC38B1204629
:10D7E00010F044FB002814BF0020032010BD24F0DB
:10D7F000E9FB0128F3D00520F8E708B525F07CF80F
:10D8000003465A0700F0010048BF40F002009907A4
:10D8100048BF40F004001A0748BF40F00800D9068E
:10D8200048BF40F010009A0648BF40F020001B0699
:10D8300048BF40F0800008BD10B524F07AFC30B13C
:10D8400025F05AF8044640B10724204610BD24F0C4
:10D85000B9FB0128F4D00524F7E7012003F0C6FD49
:10D86000F3E710B5044688B008B301A826F006FB1C
:10D870009DF80430022B0FD12370029B6360049B40
:10D88000A3609DF8183007982373012107F0E2FB8D
:10D890006073002008B010BD5A1E534253412370DC
:10D8A00000204FF47F43C4E90100A381F2E7042084
:10D8B000F0E708B524F056FE002818BF052008BD83
:10D8C00008B528B124F06CFE002818BF052008BD5B
:10D8D0000420FCE72DE9F04F85B00546FAF746FC39
:10D8E0006C6887B225F028FB00260346B0464FF04F
:10D8F00002094FF0010A13B12A68B24204D800208D
:10D900002E6005B0BDE8F08F5A6800925A8ABA1AA4
:10D91000ADF804209A89ADF80620DA89CDE90288AD
:10D92000ADF808201A7C8DF80B205A7C8DF80C205D
:10D930009A7D12F0030205D0032A14BF4A465246CC
:10D940008DF80A209A7DC2F38102012A05D0022AAD
:10D9500014BF4A4652468DF80D2004F1100BEC46D8
:10D960000DF1100E624603CA724520606160944654
:10D9700004F10804F6D1184625F0E4FA013603460E
:10D980005C46B8E713B504460DF1060024F052FFDB
:10D99000022806D03CB1BDF806302380002002B03A
:10D9A00010BD0720FBE70420F9E7000008B5044A92
:10D9B00097214DF6AE401BF0F3FE002008BD00BFDE
:10D9C0000052030010B524F0E3FF044618B900F03C
:10D9D000B9FB204610BD0524FBE715F071BF13B558
:10D9E000044601A824F0E0FF20B92CB1019B23607C
:10D9F00002B010BD0720FBE70420F9E71FB50C4B70
:10DA00001B68B3F5037F0BD90A4C236833B1684612
:10DA1000FFF727FF236869460620984704B010BD2A
:10DA2000054B1B68002BF9D004B0BDE81040184727
:10DA3000E41E0020DC1E0020E01E00207FB5274DE4
:10DA40002B68044653B3264B8669196890F9490040
:10DA500094F94A20019640F20623994204F13003DA
:10DA600004F118011CD88DF80A00ADF8082003C98C
:10DA70000CCB26F072FF94F84E308DF80C3094F8F1
:10DA800039308DF80D3023788DF80B00023B18BF2C
:10DA900001238DF80E302B6801A8984704B070BDA3
:10DAA0008DF809008DF8082003C90CCB26F055FF2E
:10DAB00094F84E308DF80B3094F839308DF80C30E6
:10DAC00094F852308DF80E3023788DF80A00023B1E
:10DAD00018BF01238DF80D30DDE700BFCC1E0020FC
:10DAE000E41E002007B524F09EFB20B101A800F041
:10DAF000EBFF9DF8040003B05DF804FB0B4B1B68C3
:10DB0000B3F5017F13B5044604D902B0BDE8104057
:10DB1000FFF7E0BE08230093031D68460193FFF75B
:10DB2000D9FE009B236002B010BD00BFE41E0020A0
:10DB300013B50446D8B125F07FF8C0F30723C2B26D
:10DB40008107237000F0010348BF43F00203500730
:10DB500048BF43F00403110748BF43F00803D2064F
:10DB600048BF43F010036370002002B010BD0420D2
:10DB7000FBE70000034B1B6813B10021012018478D
:10DB8000704700BFDC1E0020034B1B6813B100214F
:10DB900008461847704700BFDC1E002008B5032167
:10DBA000084805F0E7FE084826F074F90748012107
:10DBB00010F0FCF8064810F035F9BDE808400548BB
:10DBC00017F040BF3DDA0000FDD90000FDD600008F
:10DBD0005DD70000A1D70000074BB0F5007F1860AB
:10DBE00007D9064B064AB0F5037F88BF134618468F
:10DBF00070470023FBE700BFE41E002044520300EF
:10DC00000C52030008B524F035FB00280CBF03209C
:10DC1000002008BD08B524F01FFB00280CBF03201E
:10DC2000002008BD24F03EBB70470000B0F5007F27
:10DC3000014888BF0020704798520300014B1860CC
:10DC4000002070471C20002072B6024A136801337E
:10DC50001360704708190020034B1A68013A1A60D4
:10DC60001B6803B962B670470819002010B520B1CF
:10DC70000E4B9A4203D9032016E00246014672B6C3
:10DC80000B4B1C6801341C600A4CA2601A68013AF4
:10DC90001A601B68C4E9000103B962B6064B002193
:10DCA0001868FDF76FFC002010BD00BFA0860100C2
:10DCB0000819002008200020E81E002008B572B6D0
:10DCC000094B1A6801321A60084A10601A68013A52
:10DCD0001A601B6803B962B6054B00211868FDF78E
:10DCE00051FC002008BD00BF0819002020200020A2
:10DCF000E81E002070B572B6174C184D236801332A
:10DD00002360AB68013306D12368013B236023689D
:10DD100003B962B670BD2968114B124E1960308884
:10DD2000B9B10121FDF77EF869683088FDF7A8F8E0
:10DD3000A9683088FDF794F80B4B1B782BB9FAF7DC
:10DD400021FA6B681844094B18604FF0FF33AB6041
:10DD5000DAE7FDF767F8F8E7081900200820002047
:10DD60001420002024160020182000202016002057
:10DD700017F0E2BF08B520B18020FCF7FDFB0020C2
:10DD800008BD8020FCF70CFCF9E700002D280ED818
:10DD9000094B1B5C6BB14309012200F01F0002FA22
:10DDA00000F06033054A42F823000020704703204A
:10DDB00070470620704700BFEC1E002000E100E025
:10DDC00038B5094D2B689847431C044607D1074BCB
:10DDD000002118882960FDF725F8204638BDFAF79C
:10DDE000D1F90444F9E700BF1420002024160020D4
:10DDF00037B50D46044678B108290FD8FAF714FA5A
:10DE000000900AF0F7FB2A4601906946204626F06A
:10DE1000D3FD002003B030BD0420FBE70320F9E769
:10DE20002D2810B521D8134A135C2BB9124B53F887
:10DE30002010124B99421AD100F01F04430901210E
:10DE4000A14020330E4C44F82310BFF34F8FBFF393
:10DE50006F8F135C3BB1084B084943F82010002337
:10DE60001354184610BD074AFAE70320FAE70620C4
:10DE7000F8E700BFEC1E00204015002089DE0000FE
:10DE800000E100E0D81F0020184B68461A8820F0F7
:10DE900007014FF6FF738D469A4201B506D17246CF
:10DEA0004FF41C714BF69740FAF778FD104B114A6E
:10DEB0005B68103BDBB20121D1545AB2002A0CDB63
:10DEC000520903F01F0301FA03F320320A4941F813
:10DED0002230BFF34F8FBFF36F8F084B00211868BC
:10DEE000FDF750FBBDE80140854670471E16002037
:10DEF00000ED00E0D81F002000E100E0E81E002057
:10DF0000F0B59C46AAB3012A39D10622204C2568D7
:10DF1000002808BF062295B32D2934D81D4E1E4F68
:10DF20000CB256F82430BB422FD1BCF1000F22D0E6
:10DF300045F824C028B355F8243046F82430174B50
:10DF40000120585401F01F03012098404B099B0009
:10DF500003F1604301F1604103F56143520101F5B2
:10DF60006141D2B2C3F8800181F80023186000201B
:10DF7000F0BD0522CAE755F82430002BDAD1052080
:10DF8000F6E7074BDDE70320F2E70620F0E700BFE6
:10DF9000D41F00204015002089DE0000EC1E002068
:10DFA000D81F002070B5FFF7A5FE104B1968104B65
:10DFB00000241A5DE5B2AAB151F8242092B10026DE
:10DFC0001E55904764090B4A05F01F050123AB401D
:10DFD00042F82430084B31461868FDF7D3FA4FF069
:10DFE000FF3070BD01342E2CE3D1F8E7D41F0020A0
:10DFF000D81F002000E100E0E81E00207FB51A4B8A
:10E000004FF0FF329A600021142201A826F0FCFC98
:10E01000164B00931A238DF80430154B0293684673
:10E02000144B0493FCF772FE134B1422002118804A
:10E0300001A826F0E9FC114B009318238DF8043059
:10E040000F4B029368464FF47A730493FCF75EFE1D
:10E050000C4B1880FDF73EFA0B4B18600B4B00225F
:10E060001A7007B05DF804FB08200020A4520300DA
:10E07000C1DD0000A086010024160020B852030074
:10E08000A5DF00001E160020E81E0020182000203A
:10E0900040F20123984201BF034B044A04481A602E
:10E0A00018BF0020704700BFD41F00201C1F002095
:10E0B000D052030070B5FFF71DFE184D184C24F028
:10E0C0001BFC18B9174B01221A7070BD2B680BB3DB
:10E0D000FAF758F82168081A20EAE0701249134B41
:10E0E000814228BF01461868FDF7A0FAFFF75AFFE2
:10E0F0000F4B1B6803B198472B68002BDFD0084EED
:10E100003468FAF73FF8201A0028D7DAFFF758FEEC
:10E110003060D3E74FF0FF30E0E700BF142000206D
:10E12000201600201820002000879303E81E0020FE
:10E1300020200020024B1B6803B11847704700BF26
:10E140001C200020024B00211868FDF71BBA00BFFD
:10E15000E81E002008447047401AC00F7047401A5C
:10E160000028B8BF404270476FF000407047FAF790
:10E1700009B8FAF70DB8F9F7F9BF7047B0F5007FA5
:10E18000014888BF00207047FC52030008B140F8E6
:10E19000101C704708B140F80C1C704708B140E9EA
:10E1A00002127047704770477047012012F0DABEC4
:10E1B000002012F0D7BE00F0CBBB10B504460AF029
:10E1C0001DFA20700AF01CFA60700AF028FA80F03C
:10E1D0000100A070FAF740F880F00100E0700AF04A
:10E1E00022FA80F00100207110BD40B200F0C2BFE1
:10E1F0007047704770470000A0F50070062802487D
:10E2000028BF0020704700BF381600200620704746
:10E21000062070470620704717F072BD17F0A6BDA4
:10E2200008B517F00CFC08BD17F0B0BD17F0C0BD65
:10E2300008B517F007FE012802D0022818BF0020F9
:10E2400008BD17F0C7BD002017F00CBB002017F069
:10E250001EBB002017F010BB002017F023BB17F0E7
:10E2600071BD17F0C7BD17F0D9BD08B524F044FB48
:10E2700018B117F013FE002008BD0720FCE708B511
:10E2800017F02EFE082828BF032008BD08B517F098
:10E290003BFE00280CBF0620002008BD70B59AB0D8
:10E2A0001446064604A80D468DF8073024F07AF887
:10E2B000032C09D19DF81400032805D19DF81520E1
:10E2C0009DF807309A4228D09DF807308DF8153018
:10E2D0000DF10F0206A90DF10E008DF81060ADF8DA
:10E2E00012508DF8144024F04BF89DF80F309DF833
:10E2F0000E000133DBB2FF2B08BF00238DF80F3077
:10E3000000F076F804AB9DF80F2006A924F0B6F8CB
:10E3100006289ABF024B185C01201AB070BD00BFDE
:10E3200018530300F8B50E461746044617F01EFDB5
:10E33000054617F084FBB04201D20320F8BD17F068
:10E3400001FD80B1A542F8D92D1BB542F5D317F0D8
:10E350000DFD8442F1D247B120463A46314617F0CE
:10E360007DFD0020EAE70620E8E70420E6E713B594
:10E370000446019124F0C0FA48B10199204617F0F3
:10E38000A1FD002814BF0020032002B010BD07200B
:10E39000FBE7F7B50E4615461C460746B0B1A9B1D6
:10E3A000A2B19BB1684624F04BF868B99DF80030E3
:10E3B0003B70BDF8023033809DF804302B709DF81F
:10E3C0000530237003B0F0BD0620FBE70420F9E719
:10E3D00070470000B0F5007F02D303D002487047B9
:10E3E0000020704701487047205303007453030016
:10E3F000431E0D2B9ABF024B33F8100000207047CC
:10E40000CC530300064A002332F8021B814201D19B
:10E41000D8B2704701330F2BF6D1FF20704700BFF1
:10E42000CC53030010B5044628B97246102142F2BD
:10E430008A30FAF7B3FA0023C4E90033A36010BDB1
:10E440000068704738B50D46044600B129B97246D8
:10E450001F2142F28A30FAF7A1FA23683BB92560FE
:10E46000002365602B60A3680133A36038BD636837
:10E470002BB972462C2142F28A30FAF78FFA636880
:10E480001B682BB172462D2142F28A30FAF786FAC8
:10E4900063681D60E4E738B50D46044600B129B94C
:10E4A00072463A2142F28A30FAF778FA23682B60F2
:10E4B0006368256003B96560A3680133A36038BD54
:10E4C000F8B50E461546044608B101B12AB97246A0
:10E4D0004D2142F28A30FAF761FA27463B68B3428F
:10E4E00005D1A3682E6001333D60A360F8BD2BB950
:10E4F0007246532142F28A30FAF750FA3F68EDE74C
:10E5000038B5044628B972468A2142F28A30FAF7B1
:10E5100045FA25687DB1A3682A682260013BA360A3
:10E520003AB962602BB17246992142F28A30FAF709
:10E5300035FA00232B60284638BD70B50D460446D9
:10E5400000B129B97246AD2142F28A30FAF726FAB3
:10E5500023461E461B6833B97246D22142F28A30E6
:10E56000FAF71CFA13E0AB42F3D1A3682A683260D1
:10E57000013BA3606368AB4209D12AB17246BC215A
:10E5800042F28A30FAF70AFAA64202D066602846BA
:10E5900070BDA3682BB17246C42142F28A30FAF7EB
:10E5A000FDF900236360F2E708B5FFF7C6FF00221C
:10E5B000026008BD006800B101B970470068013908
:10E5C000F9E7006800B970478842FAD10120704726
:10E5D000024B1B6803B11847704700BF342000206E
:10E5E000084B1B6810B504461BB1984714B1012CA9
:10E5F00006D010BD044B1888BDE81040F9F70ABEDC
:10E60000024BF8E7242000202C200020302000209E
:10E610000B4B02680B4910B51A600B4B42681A602D
:10E62000027D0A4C0A4B3AB1C2680A600269226054
:10E6300082681A60012010BD032020600860F8E79E
:10E640003420002030200020242000202C20002016
:10E6500028200020014B1868704700BF28200020A8
:10E660001CF0E6BC014B5878704700BFDC2100204D
:10E6700038B504460A20FAF785FB0546F9F782FD0E
:10E680001CF034FC094B20461C7500F015F91CF0F9
:10E69000D5FD204600F0F2F800F0F5F9F9F772FD2B
:10E6A0002846BDE83840FAF76DBB00BFDC210020EA
:10E6B00070B504460B20FAF765FB224D0646F9F7C4
:10E6C00061FD3CB31CF00CFC88B9AB782BB17246F1
:10E6D000392142F6E610FAF761F901201CF0D4FB6B
:10E6E0001CF058FD012302206B701CF0CDFBAB78B1
:10E6F0000133DBB2022BAB7005D97246402142F6E2
:10E70000E610FAF74BF9F9F73DFD3046BDE87040E9
:10E71000FAF738BBAB782BB97246452142F6E610C2
:10E72000FAF73CF9AC78013CE4B2AC70002CEAD1C9
:10E730001CF0DCFB1CF05EFD20466C701CF0A4FBA2
:10E74000E1E700BFDC210020F7B5C478631EDAB230
:10E750000F2A02D9002003B0F0BD00EBC30240F243
:10E760006B3C52890688224D0CFB02F200927D22FE
:10E770005643009A3244009204EB440205EB8202B5
:10E7800000EBC40180254F78002FE3D091F9007091
:10E79000AF42DFDC02F80C7C51F8045C42F8085C04
:10E7A0004D880CFB05F50195019D35440195019DB2
:10E7B000C5EB05250195019DDDF800E005F5FA752D
:10E7C000B5FBFEF50195019D02F8045C013B5D1C63
:10E7D000A1F10801A2F10C0208D1064B82789A75CA
:10E7E000054B1C70054B01201870B4E73D46CAE785
:10E7F0003C200020DC21002074160020382000205E
:10E8000008B5074B1B7813B90648FFF79DFF064B69
:10E810001B7823B9BDE8084004481CF017BD08BDAB
:10E8200038200020EC5303003920002070540300EE
:10E83000014B93F916007047DC21002020B1034BF7
:10E8400001221A701CF002BD704700BF3920002061
:10E8500010B5084B1B788342044605D872468121C7
:10E860004DF23000FAF79AF80C20034B4443185746
:10E8700010BD00BF741600203C20002010B50B4BCB
:10E880000B4A0C4912780446187800EB400301EB60
:10E890008301824202D8501EC0B210BD11F90C3B58
:10E8A000A342FADA431CD8B2F3E700BFFC200020F1
:10E8B000741600203C20002010B5FFF7DFFF084B46
:10E8C0001B788342044605D872467B214DF2300006
:10E8D000FAF764F803480C2303FB0404606810BDD6
:10E8E000741600203C20002010B5FFF7C7FF084B2E
:10E8F0001B788342044605D872469A214DF23000B7
:10E90000FAF74CF803480C2303FB0404207A10BDEB
:10E91000741600203C2000206FF064007047000057
:10E92000034B1B780C225343024AD056704700BF5A
:10E93000FC2000203C200020034B1B780C22013BD4
:10E940005343024AD0567047741600203C200020E2
:10E9500010B5034C00232370FFF790FF207010BD0B
:10E96000FC20002010B5044628B972461A214FF445
:10E97000A540FAF713F823684BB9FDF7B9F9206001
:10E9800028B972461F214FF4A540FAF707F820680E
:10E99000BDE81040FDF72CBA08B50748FFF7E2FFC5
:10E9A0000648FFF7DFFF0648FFF7DCFFBDE8084039
:10E9B0000448FFF7D7BF00BF0C210020082100202A
:10E9C0000021002004210020014B1868FDF710BA37
:10E9D0000C210020014B1868FDF7EEB90C21002036
:10E9E000014B1868FDF704BA08210020014B186894
:10E9F000FDF7E2B908210020014B1868FDF7F8B9CE
:10EA000000210020014B1868FDF7F2B90421002015
:10EA1000014B1868FDF7D0B904210020014B18689C
:10EA2000FDF7CAB900210020024B01461868FDF726
:10EA300079B900BF04210020024B01461868FDF798
:10EA400071B900BF08210020024B01461868FDF78C
:10EA500069B900BF00210020024B01461868FDF78C
:10EA600061B900BF0C2100200420FFF7B9BD0320CD
:10EA7000FFF7B6BD0220FFF7B3BD0020FFF7B0BD22
:10EA80000120FFF7ADBDFFF7A3BD0000014B98616A
:10EA9000704700BFDC210020084B1B6810B55BB934
:10EAA000074C207809F0C3FD28B1064B20781B786D
:10EAB000C01A18BF012010BD0120FCE73C22002035
:10EAC000A82D0020AC2D002010B50B4B1B78037037
:10EAD000044623F09EFB58B9084B1B78637023F063
:10EAE0002EFB38B9064B1B78A3700C23E37010BDC6
:10EAF0000023F3E70023F7E7AC2D00204422002099
:10EB00004C22002070B50378FF2B044609D0154D28
:10EB10002B7023F088FB20B9134B2878187002F073
:10EB200023FC6078FF2817D0104E114D307009F08B
:10EB300023FD337828602BB17246DD2142F28A70C2
:10EB4000F9F72CFF2A680B4B9A4205D97246DF2150
:10EB500042F28A70F9F722FFA378FF2B1CBF064A06
:10EB6000137070BDAC2D0020A82D00204422002081
:10EB70004822002000127A004C220020034B044A55
:10EB80001B6812681344181A704700BF4022002007
:10EB90003C2200200A4B186802460346D2B20020ED
:10EBA00062F30700C3F3072262F30F20C3F30742A7
:10EBB00062F317401B0E82B063F31F6002B0704710
:10EBC0004E220020014801F02DBF00BF4E22002040
:10EBD000014B1868704700BF3C22002013B523F09A
:10EBE000FFF904280BD101A8FFF76EFF9DF8040080
:10EBF00009F01DFD044610B100F0B2FB00B900247D
:10EC0000204602B010BD0000034B1B6810B1034A40
:10EC10001268134418467047402200203C2200200E
:10EC2000014B1868704700BF38220020024B1A6859
:10EC3000024B1A60704700BF40220020382200209B
:10EC400038B523F07CFA60B123F0E3FA80B117F015
:10EC5000FDF90446084B1D6817F0C8F92044284404
:10EC600038BD23F0CBFA0028044C08BF0024F1E79C
:10EC700044F62064EEE700BF4022002030D40500B7
:10EC8000024A136818441060704700BF40220020F9
:10EC900038B5154B154D00241C60154B1C70154BD9
:10ECA00004221A7023F04BFA134B1C70134B1D6097
:10ECB000134B1C60F9F760FA124B18602846FFF7F7
:10ECC000DFFF25F05DFE18B100F000FB17F090FCAF
:10ECD00018F030FA23F033FA20B1BDE838400120B3
:10ECE000FFF7E6BC38BD00BF4E22002000127A00BC
:10ECF0004D2200204C2200204422002048220020E7
:10ED00003C2200204022002038B50A4D29680144E9
:10ED1000002002F0A1FC044623F070FA28B12C6018
:10ED2000BDE83840302008F0FFBE28602046FFF7DD
:10ED3000A7FFF5E73C2200202DE9F3416B4E6C4F15
:10ED400030783C6809F073FC002840F0A280694BE1
:10ED50001B783370FFF7A0FE08B9674B1870307846
:10ED600009F065FC054658B317F04EFC0120FFF78B
:10ED70009FFC307817F07FF9032800F0918020463F
:10ED800003F076FF23F016F93278019001A92046AE
:10ED900003F062FD030E5FFA80F805D0A8F10203CC
:10EDA0005842584109F046F9B8F1000F78D104F5FE
:10EDB0009C40203017F080FD45460020FFF778FC8E
:10EDC000F9F7DAF9044617F011F90444307809F03C
:10EDD0002EFC18B9494B1868FFF752FF3868241AFF
:10EDE00027D4307802F0C0FAFFF756FE014660B132
:10EDF000414B15B11A78032A5CD93E4A4048127833
:10EE00003270002201681A7002603C4B1E68314467
:10EE10000846FFF735FF8C424ED3641AB4FBF6F474
:10EE200004FB0660611CFFF72BFF15B1481C19F0AD
:10EE3000B5FF012000F052FD23F081F908B918F068
:10EE4000A5F923F07CF9002838D010F0A9FE04467B
:10EE50000420FCF755FA01462A4801F0EFFD002591
:10EE6000FF2C28BFFF24E1B2264801F0DDFDFF2D75
:10EE700028BFFF25E9B2234801F0DAFD12F0E6FED3
:10EE80000146204801F0D6FD02B0BDE8F04102F095
:10EE90009BBC307817F0EFF803287FF45BAF56E7A0
:10EEA0004D2008F041FE18F04DFA134A1378013353
:10EEB000137082E70021A8E70021B6E7012008F0DF
:10EEC00059FF00B2C0EB0020C024B0FBF4F408F0FE
:10EED00059FF00B2C0EB002085090220FCF710FAB0
:10EEE0000146084801F0AAFDBAE700BFA82D00209E
:10EEF00040220020AC2D00204D220020482200207E
:10EF00003C2200204E22002013B56C4601462046CC
:10EF10000CF0FCFD94E8030000F084FA20B102B08C
:10EF2000BDE8104000F07EBC02B010BD37B504460D
:10EF300010460A4621460EF0CDFC20460BF0CCFFD1
:10EF400078B16D46214628460CF0FCFD95E803009B
:10EF500000F068FA28B190F8AA306FF3410380F806
:10EF6000AA3003B030BD000030B59DB002A90546FF
:10EF70000DF0B2FA9DF81C0009F059FBE0B16C46A7
:10EF8000294620460CF0C2FD94E80300012202F05D
:10EF9000BFFA88B909F0AEFA044668B1072109F052
:10EFA000CFFA2946B32204F1080025F005FD034BF2
:10EFB0002146186809F08EFA1DB030BD205E002091
:10EFC0002DE9F041A2B0074668220D4608A80021AD
:10EFD00025F01AFD38460CF070FE0024061E08A924
:10EFE000384618BF01268DF807400CF0B2FA08A881
:10EFF00010F0B4FA14220990214603A825F004FD6C
:10F000002123394604A88DF80C3002950CF07EFDC2
:10F0100038468DF818600CF05BFE8DF8190019F079
:10F02000FBFCADF81A0002A80CF017FA38460DF0F8
:10F03000B2FA18B938460DF0A8FA0446DDE90E0117
:10F0400000F0F0F980B390F8AA30C3F340082146ED
:10F050000DF1070208A800F0ABFC044630B33846B7
:10F060000CF081FE10B99DF8071019B1204600F090
:10F07000F6FF012128460CF07BFE3146204618F0B1
:10F0800049F894F8AC10024628460CF0B7FAB8F1EB
:10F09000000F05D094F8AA3043F0020384F8AA3098
:10F0A000204622B0BDE8F0818046D0E7FF2201462D
:10F0B000EAE708B500F062FCBDE8084018F012B8B5
:10F0C000124A92F900309842A8BF1846104B1070AF
:10F0D00093F900206FF05A039842ACBF1218D2186F
:10F0E00002EAE2736FF07F018B42B8BF0B46094919
:10F0F00091F90000984207D01E32A8BF6FF01D039F
:10F100000B70054B01221A70704700BF552200207A
:10F1100053220020522200205422002007B525F05F
:10F120002FFCC8B10E4B0A221A700E4BE2220120AE
:10F130001A70FFF7BDFA4FF47A7101201BF032FD0F
:10F14000ADF804000020FFF7B3FA9DF9040003B006
:10F150005DF804EBFFF7B4BF03B05DF804FB00BF3C
:10F160005322002052220020014B93F900007047E7
:10F1700052220020034B1870034B93F90000FFF755
:10F180009FBF00BF532200205522002010B5044627
:10F19000FFF796FF034B93F90000A042CCBF00207D
:10F1A000012010BD5222002082B0ADF8040040B210
:10F1B00002B0FFF785BF0000014B1878704700BF11
:10F1C00054220020014B00221A7070475422002064
:10F1D000044A137801331370034A13780133137010
:10F1E000704700BF552200205222002070B51546FE
:10F1F0000646F8B1164C002908BF01342378DDB16A
:10F20000FF2B06D1724640F28E5144F28860F9F726
:10F21000C5FB237801332370CEB10D4A13785278A1
:10F220001344DBB2032B01D811D185B9BDE870407E
:10F2300002F098B8074CDEE733B9724640F29451B9
:10F2400044F28860F9F7AAFB2378013BE3E770BD3D
:10F25000702200207222002070B50546B1B9F8F77F
:10F2600091FF0446D5F89060331B002B0DDA95F81A
:10F27000AD0009F081F9A41BB4FBF0F404FB00001D
:10F28000D5F890402044C5F8900070BD0C68E9E7BF
:10F2900070B50D46044630B972464FF4B86144F279
:10F2A0008860F9F77BFB94F89930AB4209D0261DB2
:10F2B00096E8030009F09CFD96E80C00294609F049
:10F2C0001BFF84F8995070BD22F08ABE38B51A48E9
:10F2D0001A4D15F0A0FD1A4815F09DFD40F6D81204
:10F2E0000021164825F090FB1648FFF79BF81648BA
:10F2F000FFF798F8FFF7E8FF012485F8AC402946AE
:10F3000011480134FFF7C7F80F2C05F1B405F4D10B
:10F310000D4B9B680E2B06D072464FF4937144F24E
:10F320008860F9F73BFB094B094800221A60BDE8E9
:10F33000384002F03FB800BF6C2200207422002049
:10F34000642200204C2C0020582200207022002033
:10F35000CDF30000014B187A704700BF4C2C002001
:10F3600038B5094B1C7A5CB9084D286815F094FD36
:10F3700030B1286815F053FD20B1284615F04BFD3B
:10F38000204638BD0124FBE74C2C00206C220020D5
:10F39000024B98781B781844C0B270477022002046
:10F3A00010B5044608B9002010BD90F8980009F087
:10F3B0003EF90028F7D094F8AA00C0F34010F3E714
:10F3C0000148FFF73DB800BF4C2C002038B5FFF7CF
:10F3D000F7FF002504463CB90F4B10481C603C2148
:10F3E000BDE8384015F036BD04F16400022116F086
:10F3F00015F804F14C00022116F010F894F8AA3028
:10F40000A4F89A5065F3000384F8AA302046FFF769
:10F4100017F80446DFE700BF6822002064220020BE
:10F42000FFF70EB873B56E4686E80300FFF74CFF92
:10F430000F48FFF705F80E25044614B9204602B020
:10F4400070BD96E80C00D4E9010125F086FA002889
:10F45000F4D12046FEF7F4FF044635B972464FF466
:10F46000F27144F28860F9F799FA013DEDB2E4E7F0
:10F470004C2C0020013810B5C4B2FFF725FF0D2C2D
:10F480000BD8074AB42101FB042393F8AB3013F0E7
:10F49000200001D004FB012010BD0020FCE700BFCC
:10F4A000742200202DE9F0411E4600230F46144629
:10F4B0001370054668B300F14C08404616F021F879
:10F4C000012824D901232370404616F018F895F836
:10F4D000AA301B07044609D505F1640016F00FF8A1
:10F4E000C043C1B2204615F066FE04464FB1D5E9CF
:10F4F000010109F07DFC90F92010204609F079FA0D
:10F500000446B5F89A3033802046BDE8F081FF24E8
:10F51000F7E7FF24F8E700002DE9F3473E4C80466B
:10F52000206815F0B9FC074638B1206815F077FC63
:10F5300018B1204615F06FFC0027384B1D7A002DBE
:10F5400067D0FFF73DFF002504462E464FF0010926
:10F55000A4B9334B1B881D44ADB2002D59D0B6FB66
:10F56000F5F6F6B28DF80660BDF80630002065F3BA
:10F570000F0063F31F4002B0BDE8F08704F14C00B8
:10F5800015F084FF04F1640015F080FF94F8AA30B0
:10F5900060F3C30384F8AA300DF1030201AB4146C6
:10F5A0002046FFF77FFF82469FB194F8AA306FF3A1
:10F5B000000384F8AA309DF803302BB1BDF8043065
:10F5C0001D4403FB0A66ADB22046FEF739FF044630
:10F5D000BEE722F0B4FD0028EDD194F8AA30DB0795
:10F5E000E9D5BDF804308DF80390013303EB4303F4
:10F5F0005B10ADF8043094F8AA30BAF1BF0F67F38E
:10F60000000328BF4FF0BF0A84F8AA305FFA8AFAD5
:10F61000D1E7FF26A6E700BF642200204C2C002083
:10F620006822002038B50D460446A0B14942C9B24F
:10F63000643015F000FFD4E9010109F0D9FB04465C
:10F6400009F05EFF002814BF014629462046BDE8A8
:10F65000384009F04DBF38BD70B50D46044600284E
:10F6600043D00021FFF7F8FDD5E901321344D4F867
:10F67000906094F89810C4F890302046FFF708FE88
:10F680002B7D84F8983095F8480008F083FF08B186
:10F6900095F8480084F8AD0094F899202B7D9A42A3
:10F6A00024D094F8AB3094F8AD00D4F8906043F0D7
:10F6B000010384F8AB3008F05FFF3044C4F89400D5
:10F6C00095F855303BB1687D08F0B1FF18B1697D00
:10F6D0002046FFF7DDFD94F8AB3043F0020384F8D9
:10F6E000AB30F8F743FDC4F8A00070BDD4F890101B
:10F6F000304601F0E5FF0028D3D0E1E738B50446F5
:10F700000D4631B9724640F2094144F28860F9F77A
:10F7100045F9D5E9010184E80300204638BD2DE90B
:10F72000F0410D468AB01E460446002869D0E2B971
:10F73000C3F100085FFA88F800295ED008460BF094
:10F740002DFB0746B4F89A300133A4F89A304146AD
:10F7500004F14C0015F06FFE0023CDE900333A466A
:10F76000D4E90101434609F017F9002E47D0002DD6
:10F7700047D002AE21463046FFF7C0FF029B0BB3D5
:10F780001822002104A825F03FF996E8030009F0AB
:10F790002FFB059096E8030009F044FC069096E8DC
:10F7A000030007AB83E8030001F0F4FD01238DF8AB
:10F7B000240004A928468DF826300BF03AFB04A853
:10F7C00009F044FD94F8AA3043F0400384F8AA30CD
:10F7D00094F847306FF3041384F84730F8F7C6FC09
:10F7E000C4F89C0028460CF0C9FA50B194F8AA302D
:10F7F00043F0010384F8AA3003E00F46A2E7002D8E
:10F80000F0D10AB0BDE8F08110B5044630B97246B7
:10F8100040F29D4144F28860F9F7C0F894F8AA00DC
:10F82000C00910BD38B5044600284DD090F8AB3063
:10F830006FF3451380F8AB30244B984203D303F6A3
:10F84000D813984206D972464FF4AE7144F28860DC
:10F85000F9F7A4F8E06820B1072103F095FA002336
:10F86000E36004F1100008F06BFD2046FFF7CCFFC9
:10F8700094F8AA100022C1F34011251DFFF7B6FC31
:10F88000012295E8030001F043FE024618B995E80D
:10F89000030009F013F90E4D21462846FEF784FEB9
:10F8A000014604460B48FEF7CDFD204619F006F848
:10F8B000204612F01DF92B7A33B9BDE838400648CE
:10F8C0004FF4FA7115F0C6BA38BD00BF742200209B
:10F8D0004C2C0020582200206C2200202DE9F843F7
:10F8E0000746FFF76DFD044608F090FE0646FFF759
:10F8F000EBFCDFF884900E250CB9BDE8F883F8F72F
:10F9000035FCD4F89C30C01A864216D22046FEF749
:10F9100097FD804622F013FC50B994F8AA3003F00A
:10F920002103212B02BFB4F89A300133A9F800302B
:10F930002046FFF777FF4446DEE794F8AA305A06E0
:10F940000BD557B16FF38613D4E9010184F8AA30BF
:10F9500009F04EFA002109F0CBFD2046FEF770FDBC
:10F96000044635B9724640F24D1144F28860F9F709
:10F9700015F8013DEDB2BFE76822002038B5FFF76A
:10F98000A3FCFFF71DFD0E25044604B938BD204633
:10F99000FFF748FFFFF714FD044635B972464FF4F0
:10F9A000CB7144F28860F8F7F9FF013DEDB2ECE766
:10F9B0002DE9F84F05460F46914622F01FFC0646FA
:10F9C00018B900242046BDE8F88F1FB195F84F30D4
:10F9D000002BF6D105F1180898E80300FFF722FD87
:10F9E000044688B190F8AB30C3F30013BB4208D192
:10F9F00090F8AA3095F84EA0BAEBD31F4FEAD31B6C
:10FA000019D02046FFF70EFFDFF848A25046FEF758
:10FA100077FD002840F01C8195F84F3043BBDAF8A1
:10FA20000830002BCDD0724640F2353144F2886068
:10FA3000F8F7B4FFC5E795F84F60FFF7E5FE83459B
:10FA400005D194F8AA30C3F34013B3420ED0204638
:10FA5000FFF7DAFE94F8AA100022C1F34011FFF775
:10FA6000C5FB012231465046FFF7C0FB00267DE072
:10FA7000F8F77CFBDAF8083033B1724640F2C9413E
:10FA800044F28860F8F78AFFFFF79AFC0024002808
:10FA900040F0CB802CB1482008F046F82046FFF714
:10FAA000C1FE6C48FEF72CFD04460028B7D004F1D7
:10FAB000040A94F8ACB0B0220021504624F0A4FF10
:10FAC00084F8ACB0AB6963600122AB8B95F84F1042
:10FAD00095F84E002381A4F8A820FFF787FB95F83E
:10FAE0004F2094F8AA3062F3451384F8AA302046D8
:10FAF00017F03CFB0146204617F087FB564821468D
:10FB0000FEF7A0FC95F84E2098E8030008F0BEFF31
:10FB1000D4F89C30303BC4F8A430022104F16400D6
:10FB200015F07CFC022104F14C0015F077FC94F8F0
:10FB3000AA30002262F3000384F8AA30A4F89A20C5
:10FB40009AE8030009F054F9D5F8491009F000FBD0
:10FB500004F1840011F094FAFF2384F88030F8F760
:10FB600011FB00F5742000F51070E06795F84F3038
:10FB700094F8AA205B0143F0400303F0600322F0F5
:10FB80006002134384F8AA3022F0D9FA28B994F815
:10FB9000473043F0400384F84730B4F8AA3094F873
:10FBA000AA8023F4005323F0020343F40053A4F883
:10FBB000AA30F8F7DBFA95F84E3094F8AA20C4F88A
:10FBC0009C0063F3C71284F8AA2094F8AB2067F373
:10FBD0000412C8F3400884F8AB2023B1287D05F156
:10FBE00049010FF0F5FD16B9B8F1000F07D0204616
:10FBF000314611F09CFF4FF4006006F0CDF8294625
:10FC00002046FFF729FD95F8502094F8AB3062F3B9
:10FC1000C30384F8AB3095F8423095F84320134481
:10FC200084F8AF3089F80060CCE690F8AA309B06E3
:10FC300009D45CB1D4F89C20D0F89C309B1A34EAEB
:10FC4000230428BF0446FEF7FBFB20E70446FAE73F
:10FC500004462CE7582200204C2C002010B5044606
:10FC600030B972464FF47A7144F28860F8F796FE24
:10FC700094F8AB30D9070FD5F8F784FAD4F894305C
:10FC8000C01A002808DB94F8AB306FF3000384F847
:10FC9000AB3094F8980013E094F8AB30DA07F8D55D
:10FCA00094F8AA309B060CD594F8990008F0BFFC94
:10FCB00020B994F898102046FFF7EAFA94F89900D2
:10FCC00010BD2046FFF7A0FD0028EDD1E1E70000C0
:10FCD00038B5FFF7F9FA1148FEF7B2FB0E250446D6
:10FCE0000CB9204618E094F8AA30DB060ED4204662
:10FCF000FEF7A6FB044635B9724640F2944144F241
:10FD00008860F8F74BFE013DEDB2E9E72046FFF7CA
:10FD10007BFD0028EBD1012038BD00BF4C2C00201A
:10FD200010B5044630B9724640F2A34144F28860EF
:10FD3000F8F734FE94F8AB00C0F3001010BD2DE9C5
:10FD4000FF4700F10805E8460C46404629460DF1FC
:10FD5000080992461F460CF074F8294648460BF0F5
:10FD6000D5FE2046FFF750FD06462046FFF7D8FF98
:10FD7000564503D0002004B0BDE8F0870028F9D133
:10FD800028460CF027F9012823D1271D99E80C00FB
:10FD900097E8030024F0E1FD0028EBD198E80C007F
:10FDA00097E8030024F0D9FD0028E3D128460CF0A1
:10FDB0008BFA08B1002EDDD028460CF060F994F8DB
:10FDC000AA3008B99A06D5D583F00400C0F38000A4
:10FDD000D1E7002ED9D094F8AF000130C0B203F0C3
:10FDE000B7FA0028D1D1002FCFD0C3E72DE9F041D9
:10FDF00006460F46FFF768FA1348FEF721FB0E256B
:10FE000004464FF0000814B94046BDE8F0810023D5
:10FE10003A4621463046FFF792FF30B194F8AA30B7
:10FE200043F0100384F8AA3080462046FEF708FB12
:10FE3000044635B9724640F27C4144F28860F8F7D6
:10FE4000ADFD013DEDB2DEE74C2C002010B50446BF
:10FE500030B9724640F2A94144F28860F8F79EFD3D
:10FE600094F8AA3043F0020384F8AA302046BDE893
:10FE7000104011F081BE10B5044630B9724640F210
:10FE8000B24144F28860F8F789FD94F8AA3013F083
:10FE9000020307D094F8980094F899301B1A58423E
:10FEA000584110BD1846FCE708B5FFF789FA00B9BC
:10FEB00008BD90F8AB306FF3820380F8AB30FEF7EB
:10FEC000BFFAF4E72DE9F743F8F75CF90190FFF783
:10FED000FBF92B48DFF8AC80DFF8AC90FEF7B0FA06
:10FEE0000E250446002614B903B0BDE8F083204671
:10FEF000FFF78AFC50B194F88030FF2B06D1E36FF6
:10FF0000019A9B1A002BB8BF84F8806001A9204693
:10FF1000FFF7A2F994F8AB30DA070CD5F8F732F90D
:10FF2000D4F89430C01A0028A2BF94F8AB306FF315
:10FF3000000384F8AB3094F8AB309B070DD5D4F8B0
:10FF4000A030A8EB0307F8F711F9C7425EBF94F899
:10FF5000AB306FF3410384F8AB30A4F89A602046CD
:10FF6000C9F80060FEF76CFA044635B9724640F2F3
:10FF70004C5144F28860F8F711FD013DEDB2B2E753
:10FF80004C2C0020F8F8FFFF6822002090F8AB000E
:10FF9000C0F3C000704700002DE9F8430C4B044645
:10FFA0001E789D7893F8039093F80180094B1F7A8F
:10FFB000FFF78AF925700E23354484F80190A67066
:10FFC00084F8038027716371A5712046BDE8F8832A
:10FFD000702200204C2C002070B5FFF7F1F9044688
:10FFE000FFF772F90E2500260CB9304670BD04F1FA
:10FFF000100008F09DF906442046FEF721FA044659
:020000021000EC
:1000000035B9724640F2B75144F28860F8F7C6FC41
:10001000013DEDB2E8E708B5D0E9010108F0E8FEDE
:10002000BDE8084009F0C6B808B5D0E9010108F0FC
:10003000DFFEBDE8084009F0D4B808B5D0E90101F9
:1000400008F0D6FEBDE80840007FFEF701BC08B509
:10005000D0E9010108F0CCFE90F9200008BD90F82D
:10006000473023F00F0310B580F847300446FFF700
:10007000CBFB98B9E06888B108300BF0E3FB68B1BE
:10008000E06808300CF000F940B194F84730C3F351
:100090008102013262F3830384F8473010BDC068E7
:1000A0007047C1607047806C704781647047103042
:1000B000704710B5FFF784F9044600B910BD00225F
:1000C0000323114604F1100008F082F92046FEF7E0
:1000D000B7F9F1E74C3015F0AEB97C307047843099
:1000E0007047D0F89000704790F89800704790F8EB
:1000F0009900704790F8AA3043F0400380F8AA3086
:10010000B0F89A300133A0F89A30704710B5044621
:10011000F8F72CF8C4F89C0010BDD0F89C0070478C
:1001200010B50446F8F722F8C4F8A40010BDD0F8C2
:10013000A400704778B3052926D8DFE801F0030A48
:100140000F161B2090F8AA3062F3410380F8AA3002
:10015000704790F8AA3062F38203F7E790F8AB306B
:1001600062F3410380F8AB30704790F8AB3062F334
:100170008203F7E790F8AA3062F34513E6E790F8B8
:10018000AA3062F30413E1E7724640F29B6144F245
:100190008860F8F703BC704708B550B105291ED830
:1001A000DFE801F003080D10131890F8AA00C0F35F
:1001B000400008BD90F8AA00C0F38000F9E790F86D
:1001C000AB00F4E790F8AB00F6E790F8AA00C0F3B4
:1001D0004010EEE790F8AA00C0F30010E9E772467D
:1001E00044F2886040F2B761F8F7D8FB0020E0E7FE
:1001F00090F8AC007047A830704790F8AD00704799
:10020000AE30704790F8AF00704700B1B030704723
:1002100008B5FFF759F80E2008BD903018F052BC11
:100220004030704708B50DF063FD08B10DF068FD72
:10023000BDE808404FF4805005F0AEBD094A0023E8
:100240001370094A1370094A1360094A1360094A76
:1002500001211170084A1360084A1360084A13709C
:10026000704700BF802C00205C2C0020602C0020F8
:10027000642C00205D2C0020582C0020C42C002071
:10028000C12C0020014B1878704700BF802C002043
:10029000044B1B7813B1044B186870474FF0FF30C4
:1002A000704700BF802C0020682C002030B5174B11
:1002B0001B7887B005462BB972464C214AF6883028
:1002C000F8F76CFB21F076FE114C04900DF10F0055
:1002D00022F0CCFB2369019363699DF80F20009302
:1002E00004A9E3680B480AF041FF201D1AF088FCBE
:1002F000227A211D284602F0AFFA059004A81AF0D0
:100300007FFC9DF8140007B030BD00BF802C00209A
:10031000682C002033630020014B1878704700BF21
:100320005C2C0020014B1868704700BF602C002037
:10033000014B1B6803607047642C0020014B187848
:10034000704700BF5D2C002030B51749AFB005469F
:1003500000F044FB10B100202FB030BD13480AF06C
:10036000BAFF0028F7D0F7F713FF0446F7F70AFFA4
:10037000A968411A43F6095200230801090F24F025
:10038000D3FB6B7B09498DF80430241AB3220DF19D
:100390000500009424F010FB054B68461B68984745
:1003A00080F00100C0B2D7E75862002067620020E9
:1003B000582C002008B5034B1B689847024B0022BD
:1003C0001A7008BDC42C00205C2C0020014B18784A
:1003D000704700BFC12C0020034B044800211822A5
:1003E000197024F011BB00BF802C0020682C002065
:1003F000264B1B782DE9F04104461BB10025284609
:10040000BDE8F081224F3B780BB1FFF7E5FF22F00A
:1004100073FA0028F2D1002CF0D0201D22F044FB0A
:100420000028EBD0207A22F039FB05460028E5D0E1
:100430002368184AA3F5C333A03B9342DED8D4E91E
:10044000042302BB002BD9D1134A234604F1180C14
:10045000904618685968164603C608336345324605
:10046000F7D10E4ED4E90412304624F0A5FA6069A3
:100470000021C0F14002304424F0C6FA0123C8F83C
:1004800010603B70BBE7402BB8D8DDE75C2C002048
:10049000802C0020608B7800682C0020812C0020AC
:1004A00038B50A4C25787DB9094D28600868094996
:1004B000086009490A70094A1360094B049A1A60D6
:1004C0000DF0F4FB207038BD0020FCE75C2C002010
:1004D000602C0020642C00205D2C0020582C002073
:1004E000C42C002008B50DF0FDFB032803D1BDE8A6
:1004F00008400DF005BC08BD10B522F07BFB30B9FB
:10050000044B01241C70FFF78DFE204610BD002017
:10051000FCE700BFC12C002038B5064D2C783CB15B
:100520000021084622F066FB00232B70FFF77AFEBD
:10053000204638BDC12C00202DE9F041184F0C4653
:10054000B0B0394605460CF093F801AE3146A082B2
:1005500028460CF019F92085207F19F0B5F8218D77
:10056000A58A06EB0108294401448DB229460120E1
:100570001AF060FBE9B2C2B240460CF061FC238D78
:10058000A0EB080018442085C4E90867204618F04D
:1005900083FBA08A238D184480B230B0BDE8F0817F
:1005A000D72C002037B5034604460A460C3053F8D2
:1005B000045B42F8045B8342F9D1188810809B7871
:1005C000937001F10F0094F90D1001900BF0F6FFFC
:1005D000A16801980BF0F8FFA17B01980BF0FAFFDE
:1005E000217B019803B0BDE830400BF0F9BF00005B
:1005F0002DE9F041044600688CB00F30019118F0ED
:10060000E5FC0199E0B906238DF810308DF8110052
:100610008DF812008DF813009DF81030002063F360
:1006200007009DF8113063F30F209DF8123063F33B
:1006300017409DF8133063F31F600CB0BDE8F081E4
:10064000656920682F1E00F10F0018BF0127FFF712
:1006500073FF0146804601201AF0E4FA064620683E
:1006600031460F300CF0D2F820680DF10F010F3039
:100670000CF0C8F818B11C4B0288A3F8C820182247
:100680000DEB0200002124F0BFF923690493174BFE
:100690009DF80F200593B93B8DF818200793F5B10D
:1006A0006369089315B1FEF75FFD0546237E8DF85B
:1006B0002450FF2EADF82A808DF82C3011D004A8DC
:1006C0001AF022F99DF925209DF926308DF81000A9
:1006D0008DF811208DF812308DF813709CE72B46A1
:1006E000DFE70720EEE700BFC82C0020902D002098
:1006F00030B5044691B03822002102A824F084F9D4
:10070000216802A80F310BF001FA216804A80F310B
:100710000BF018FAA368069318F054FB08902068B1
:100720000F300AF0A9FD0028206814BF042303231A
:100730000F308DF824300BF03BFF8DF83C00F7F7BD
:1007400021FD02A905462046FFF752FF0090C0B2E6
:10075000013818BF0120294615F008FC009B002035
:10076000DAB262F30700C3F3072262F30F20C3F388
:10077000074262F317401B0E63F31F6011B030BDD8
:1007800010B5044690B03822002102A824F03CF9AC
:10079000216802A80F310BF0B9F9216804A80F31C4
:1007A0000BF0D0F96068A368069320B31430636837
:1007B00008902068002B14BF022301230F308DF80E
:1007C00024300BF0F5FE02A98DF83C002046FFF71F
:1007D0000FFF0022C3B263F30702C0F3072363F3E2
:1007E0000F22C0F3074363F31742030E63F31F6244
:1007F000104610B010BD18F0E5FAD8E710B5044661
:1008000090B03822002102A824F0FEF8216802A846
:100810000F310BF07BF9216804A80F310BF092F92E
:10082000A368069318F0CEFA0890206803230F30CF
:100830008DF824300BF0BCFE02A98DF83C00204658
:10084000FFF7D6FE0022C3B263F30702C0F307230B
:1008500063F30F22C0F3074363F31742030E63F3FE
:100860001F62104610B010BD08B5034608469A7BBB
:1008700003F10F010BF036FF003818BF012008BD4F
:1008800070B501F10F04BCB00021054620460BF005
:1008900098FA20460AF0B2FA01462846FFF7E4FF2C
:1008A000002847D095F8C91005F1C80220460BF082
:1008B000ACFF3022002101A824F0A6F8214601A8AF
:1008C0000BF024F903A821460BF03CF96B68059363
:1008D00005F10F0306930DAEAB7BADF8283001A8F0
:1008E000CDE9076418F000FA30B3BDF8282031468E
:1008F00020460BF06AFF20460AF00CF9F0B118F020
:10090000C5F99DF8313080F00100C1B283B19DF886
:100910003020B2FA82F2520920460BF02CFE20461B
:1009200018F0A6FA002814BF002004203CB070BDC7
:100930000122F1E70120F9E70220F7E70320F5E7BC
:1009400030B587B083680193C3680293224B039349
:10095000437C857CADF81030037C8DF812307F230A
:1009600004468DF813308DF814506DB9F7F70AFC72
:10097000019A131A08D501218DF814100299801AD2
:10098000814219D90B44029301A81AF051F860B9B9
:10099000019B21681048A360FFF704FE21680398BB
:1009A000FFF76EFF002818BF05209DF813308DF863
:1009B00000008DF8013004E004238DF800308DF83C
:1009C00001509DF80030002063F307009DF80130CE
:1009D00063F30F2007B030BDC82C002038B50446A3
:1009E0000D46FFF7DFFD29462046BDE83840FFF7FA
:1009F00047BF000030B58FB0044638220D46684628
:100A0000002124F001F820460BF0D2FD69468DF854
:100A100034002046FFF790FD288001480FB030BD1C
:100A2000D72C0020007870470170704740787047DD
:100A3000417070478170704780787047C17070470F
:100A400010B50446406A70B108300AF022FFA8B120
:100A5000606A01F01BFD38B1D4E92201626A01F03D
:100A60001DFD0023636210BD606A032107F068FD6D
:100A7000044B616A186807F02DFDF2E7606AFAF727
:100A8000EFFBEEE7944E002038B50C46054689682A
:100A9000D0F8900002F012FAD4E9013213441B1A84
:100AA000AB6094F856304BB1E168D5F8900002F095
:100AB00005FA6368E2689B1A1B1A6B6094F8483069
:100AC00085F8A43095F898306FF3041385F89830C2
:100AD00038BD2DE9F04190F8985090F8A470044684
:100AE00001F096F806462046C5F3001501F064F8BB
:100AF00050B921F024FB00F0010332462946384664
:100B0000BDE8F04107F04ABD0120F4E72DE9F041CE
:100B100090F8985090F8A470044601F079F80646D1
:100B20002046C5F3001501F047F850B921F007FB46
:100B300000F00103324629463846BDE8F04107F08F
:100B400043BD0120F4E70B2910B5044612D006215D
:100B500001F0B0F9014620B1BDE81040022005F0D7
:100B60001BB9204601F0A6F920B1204601F024F877
:100B70000028F1D110BD00007FB5D0F88830029375
:100B8000B0F88C3001920446ADF80C300E4601F0FE
:100B900013F804F18805019900902046FFF7D3FF70
:100BA00095E80300FEF73EFC009A18B995E80300AB
:100BB00007F084FF94F89630DB0602D4204622F03A
:100BC00043FB002529462046A4F8585001F09BF825
:100BD0002946204601F09DF82946204601F09FF85D
:100BE0002A460A21204601F0F8F82A460721204625
:100BF00001F0F3F82046FFF723FF04F1280007F087
:100C00009FFB0C4B1A68A24208BF1D6016B120461C
:100C100000F040FC02AC94E8030001F07BFC0246CB
:100C200018B194E8030001F039FC04B0BDE870404D
:100C300022F0A8B9942D0020F7B507466C4620464F
:100C400007F118050E4601F0AFF894E80C0095E89E
:100C5000030023F082FE20B3304600F07FFC044600
:100C6000C8B995E80300324600F096FC0446002817
:100C700058D100F047FC044668B1002100F032FC76
:100C80000546A0B9014602222046FFF775FF394606
:100C9000204600F060FF244B002220461A6003B07B
:100CA000F0BD95E80300012200F032FCD7E72046B2
:100CB00000F0A6FCD0B9204600F0A2FF18BBD4E992
:100CC000220103F083F80646284606F0010600F0EC
:100CD00097FFD0B9D5E9220103F078F800F00103BD
:100CE0009E4214D0002E18BF2C4609E094F896308E
:100CF000DB06E0D4284600F083FC0028DBD12C463C
:100D000000212846BAE70126DEE70120E6E7204673
:100D100003F0D8FB0646284603F0D4FB864298BF72
:100D20002C46EDE73946B4E7942D0020B0B50546D2
:100D300091F8A4000C4607F01FFC01460746D4F8C2
:100D4000900002F0BBF8A3685A1B002A45DA013D67
:100D5000ED1A94F898306FF3041384F8983094F8EF
:100D600096303F1AD9063D44B5FBF7F524D4E9B2D5
:100D7000204600F058FF204600F04AFF03281BD908
:100D800021F0D7F928B17246742140F25A30F7F7B2
:100D900005FE204600F034FF38B194F898305A0729
:100DA0004CBF2920282006F0BFFE2046002201214A
:100DB000FFF7E2FE0220B0BDA16894F89630013D35
:100DC00007FB05156560DB063D44A56003D404F10F
:100DD000140017F0F5FF0120EDE70020EBE72DE907
:100DE000F041074615F002F900F5BA26002506F590
:100DF0008666012000F086FB044610B92846BDE84F
:100E0000F08121463846FFF791FF0228F1D021F00A
:100E100094F9014610B17DB9254608E0204601F05D
:100E200049F820B9204600F08EFD0028F3D10121B9
:100E3000204600F057FBDFE72146284600F03AFC49
:100E4000A268AB68A0B39119C91A0029E4DB334446
:100E50009B1A002BEBDB95F898305A0703D494F8D3
:100E600098305B07D8D4284600F0D2FE8046204652
:100E700000F0CEFEB8F1000F09D10028CCD1A36854
:100E8000AA689B1A35EA230528BF2546CFE7002824
:100E9000CDD094F8993095F89920C3F34200C2F36D
:100EA00042018842B8D3534013F00E0FBFD1E6E79A
:100EB000D31AE7E708B5012000F024FB00B908BD0C
:100EC00005220121FFF758FEF5E70000F8B51D46A1
:100ED0000023C0F8903090F89630816043F0100302
:100EE000044680F8A42080F89630F7F74BF92146A5
:100EF000FFF71CFF02283FD01222294620460DF0A2
:100F000071FC30B1204609220121FFF735FE022095
:100F1000F8BD204601F03CF80646012000F0F2FA48
:100F2000164F054685B994F8983065F3041384F894
:100F30009830F7F71BF9C4F88000204600F06CFEEB
:100F400084F859502846E3E7A5420FD0284601F01F
:100F50001FF8331A002BB8BF5B42BB4206DC2046A9
:100F60000D220121FFF708FE0320D1E728460121C9
:100F700000F0B8FA0546D5E70120C9E78FD0030095
:100F800008B5002000F0BEFA18B9064B01221A700D
:100F900008BD90F8981011F00201F9D100F0A2FA02
:100FA000F2E700BFB42D00202DE9F84FDFF81C92C6
:100FB00014F0CCFF99F80030002B40F0F7807F4B05
:100FC0001868FAF753FD83B263B1C1071C4601D517
:100FD0000CF096FEA20701D502F036FB630701D59F
:100FE0000CF0A4FEF7F7CEF811F0E0F914F0FEFFD4
:100FF000734FDFF8DCA1804699F8003043B17246A8
:101000004FF4C8714BF6DB50F7F7C8FC002483E0BF
:10101000F7F72EFCF7F7B6F8054615F017F8054474
:101020000CF06AFB00287ED10CF062FE78BB3B68B6
:101030001BB19B685B1B002B03DA2846FFF7CFFE32
:1010400038603E689EB1B46814F0D0FF04F5BA234E
:1010500003F586631E183868FFF73BFD241A0CF071
:1010600041FE032821D8DFE800F0270417043446A6
:10107000F5E70CF07DFE68B93A68003A18BF012226
:10108000214628460DF016F800F00100A0B12C46CC
:10109000042637E00020F7E73A68003A18BF01223B
:1010A000214628460DF006F8F0E7724640F2F711A7
:1010B0004BF6DB50F7F772FC0020FDF7A5FD8346E9
:1010C000FDF7BEFD3B6853B3001B002827DBA6EBF2
:1010D0000B06002E25DB21F091F810B30020FDF760
:1010E00093FD0446012621F09EF858B102F00CFC55
:1010F000834602F00FFC0BEB00031B1B002BBCBF55
:101100005C46022645442D1B14F07AFF002D0DDAB3
:10111000A4EB080411F00AF92046BDE8F88F5C46FC
:10112000E0E70326DFE72C460626EBE7013E052E27
:101130000BD8DFE806F0031A1D2E0A38FDF776FDFE
:1011400021F067F820B111F049F814F08BFF53E754
:101150009AF8003023B11B4B1B780BB9FFF710FF37
:10116000FDF7EAFD0EF0ACFBEFE702F03BFBECE72E
:101170003B6833B972464FF4D7714BF6DB50F7F743
:101180000DFC386800F05CFF0EF09AFB00233B601A
:10119000DBE700233B600CF0BFFE0028D5D0BDE8A4
:1011A000F84F0CF0F7BD0CF083F8CEE7012389F877
:1011B0000030F6F7E1FF044C0444ADE7B02D002009
:1011C000942D0020B42D002080C3C901B62D00202D
:1011D000B52D002070B5334B00241C70324B88B005
:1011E0001C7007F05BFFFDF799FFFDF751FD00F064
:1011F00025FF0DF007F802F0C1FAFFF71FF80CF019
:1012000039F801F0F3FE02F077F914F089FE0EF0E0
:10121000A9FA07F03DFA14F02DFF244B1C60244B73
:101220001C70244B1C70244B1C70244B1C7020F031
:10123000C1FE6E460546304620F0B2FE284696E8CE
:10124000060019F0F1FC23F09BFB1D4DD8B11422D0
:10125000214603A823F0D8FB1A4B029302238DF8F2
:101260000C30194B049302A801238DF81C30F9F7B8
:101270004DFD2880FAF72EF9144B18602888FAF7EC
:10128000BBFB134B18602888F9F792FE0EF089FB20
:1012900023F076FB20B108B0BDE8704000F0D4B870
:1012A00008B070BDAC2D0020A82D0020942D00208A
:1012B000B62D0020B42D0020B52D0020922D002049
:1012C000AA2D002076540300A90F0100B82D00209C
:1012D000B02D0020014B1870704700BFB62D0020C4
:1012E00010B520F02CFF60B9022000F097F90446F9
:1012F00020F084FF10B1FEF72DF80444201E18BF23
:10130000012010BD014B01221A707047B52D00203D
:10131000014B1878704700BFB42D0020024A00230B
:101320001370024A13707047B42D0020B52D0020B1
:10133000024B1B780BB9FFF723BE7047B42D00207A
:1013400020F071BF10B5044620F0F3FE10B194F800
:10135000520030B104F149000021BDE8104008F00E
:1013600098B810BD70470000F8B5084E3378834236
:10137000044608D0064F002557F8043B1BB1013541
:101380009847042DF8D13470F8BD00BFA92D002076
:10139000982D002010B5054C207807F048F908B1C9
:1013A000207810BD024B1878FBE700BFA92D002064
:1013B000AC2D00200C4A10B40023144652F8041B34
:1013C00021B944F823005DF8044B70478142FAD0FC
:1013D0000133042BF2D1724640F2CE215DF8044B6A
:1013E0004BF6DB50F7F7DABA982D0020034B014695
:1013F000186808B1FAF718BB704700BFB02D00207D
:1014000010B5A82204460021043023F0FDFA3F2342
:1014100084F8A530FF2384F8773004F1280006F023
:1014200075FF0123A4F8A03020460EF0D0FB04F194
:10143000140017F0CBFC04F1AA000FF0C5FDF6F77D
:1014400095FE0138E06710BDF8B540F61422002182
:101450000D480D4C0D4F23F0D7FA0D48FCF7E2FF75
:101460000A48FCF7DFFF00252E4604F668113846CF
:10147000013584F8C16984F8C069FDF70CF80F2DB7
:10148000A4F1AC04F1D1F8BDBC2D0020DC37002064
:10149000D037002010B5014604460F48FDF791F8FB
:1014A00028B97246DB2149F6F510F7F777FA0A48B2
:1014B0002146FDF779F8094B984209D303F6142326
:1014C000984205D20146BDE810400548FCF7BABF76
:1014D000BDE81040F9F7C4BED0370020BC2D002075
:1014E000DC37002010B50C46FCF7AAFF40B1012CF8
:1014F00006D090F89630DA09DB06F5D4002AF3D14D
:1015000010BD000001460148FFF7ECBFD0370020B6
:1015100073B56D4685E803000F4B164695E803004A
:101520000CCB23F01AFA18B10024204602B070BD8B
:101530003046FFF7E7FF04460028F5D095E80C0099
:10154000D4E9220123F009FA0028EED131462046E1
:10155000FFF7C8FFEFE700BF647D030070B50546E5
:101560000B480C4EFCF76CFF04460CB9204670BDCE
:1015700096E80C00D4E9220123F0EFF918B194F8B1
:10158000A630AB42F2D02046FCF75AFF0446ECE707
:10159000D0370020647D030037B56C4684E8030033
:1015A000144B154694E803000CCB23F0D6F9D8B1C0
:1015B0002846FFF7D3FF044698B90F48FCF7A0FF71
:1015C000044670B1FFF71CFF009BC4F88830BDF8DB
:1015D00004300A48A4F88C3084F8A6502146FCF761
:1015E0005AFF204603B030BD94E803000122FFF704
:1015F0008FFFE0E7647D0300DC370020D037002058
:1016000008B5054BD0E922010CCB23F0A6F980F0F8
:101610000100C0B208BD00BF647D030038B50546B7
:1016200018B90C4B1C7A204638BD0A48FCF708FF55
:1016300000240028F7D0012D03D190F89630DA0667
:1016400003D590F898301B0701D50134E4B2FCF7BC
:10165000F7FEEEE7D0370020074B0A1A59BFB2FB5E
:10166000F3F003FB1020401AB0FBF3F144BF03FB7F
:101670001100181A704700BF00127A000B1A002BD5
:10168000BEBF034608461946094B091A02F5BA229D
:1016900002F58662B1FBF3F003FB1011914205D312
:1016A000981A88422CBF0020012070470120704703
:1016B00000127A008968806841F28832FFF7DEBF45
:1016C00008B5FFF7C9FF074B984284BFC0F5F40087
:1016D00000F5905044F2943398428CBF00200120D2
:1016E00008BD00BF00093D0090F8683013F02003EA
:1016F00014BF5C301846704710B504465C3001F0EA
:1017000067FF18B194F86800C0F3401010BD10B422
:10171000044690F8680010F0200007D0D4E9222396
:10172000D4E917015DF8044B23F017B95DF8044BB9
:10173000704710B50446FFF7EAFF20B124B194F8D2
:101740009600C0F3C00010BD2046FCE718B190F829
:101750009600C0F3C00080F00100704790F8A530FB
:101760003F2B1CBF3F2380F8A530704729B13F298C
:1017700003D080F8A51000F00DBF704790F89630A8
:1017800043F0040380F89630704790F8963010B517
:101790006FF38203044680F89630F6F7E7FC94F87E
:1017A0009730C4F884006FF3820384F8973010BD3B
:1017B00090F8983013F004031ABF90F89600C0F325
:1017C000800018467047000010B50020FFF79AFE11
:1017D000084C00B910BD90F897305B0741BFB0F8D6
:1017E0009630234043F00403A0F896300021FFF721
:1017F00079FEEEE7FBFBFFFF70B50E46044680B1B5
:1018000090F89650C5F3C005F6F7B0FCA46F041B22
:101810004EB1284606F0FCFEA0422CBF002001205D
:1018200070BD0546F0E706F0F1FEF5E708B50020CB
:10183000FFF768FE00B908BD90F8963043F0040346
:1018400080F896300021FFF74DFEF3E708B5002041
:10185000FFF758FE00B908BD90F896306FF300030B
:1018600080F896300021FFF73DFEF3E72DE9F843BD
:1018700020F0D9FC48B1F6F779FC06460020FFF7C6
:1018800041FE44F2943704460CB9BDE8F88394F85D
:1018900098305B0724D5D4F89090D4F8843089EA46
:1018A000E9750120A6EB0308A5EBE97506F0FAFE41
:1018B000B9F1000F1AD0B7FBF5F3984298BF1B1A85
:1018C0003C2B38BF3C23B3F5966F28BF4FF496638B
:1018D000984582BF94F8963043F0040384F896301C
:1018E00020460021FFF7FEFD0446CDE74FF4966346
:1018F000EEE738B5F6F746FC04460020FFF702FE97
:10190000002500B938BD037CFF2B04D1C3681B1B25
:10191000002BB8BF05740021FFF7E4FDF1E728B103
:1019200090F8983043F0080380F8983090F8993098
:101930006FF3000380F89930704790F859007047B2
:1019400090F858007047436A10B504460BB1012067
:1019500010BD283006F0ECFC0028F8D1D4E92201B3
:1019600000F0D8FD003818BF0120F1E708B5D0E934
:10197000220107F03DFABDE80840002107F0D4BD80
:1019800008B5034690F8980010F0040007D0D3E99A
:10199000220107F02DFABDE8084007F0CDBD08BDD3
:1019A00090F8A33051B113F0180F06D0C3F3C10261
:1019B000033262F3C40380F8A330704743F0180386
:1019C000F9E790F8A33013F0180F14BF012000209E
:1019D000704790F8A30000F01800A0F118035842D7
:1019E0005841704738B50020FFF78CFD00250446AC
:1019F0000CB9284638BD04F1280006F099FC0021F6
:101A000005442046FFF76EFD0446F1E770B590F8F7
:101A100059308B4204460D460AD000F1880696E8FC
:101A2000030007F0E5F996E80C00294607F064FB8F
:101A300084F8595070BD08B5D0E9220107F0D8F9F3
:101A4000BDE8084007F0B6BB08B5D0E9220107F0B1
:101A5000CFF9BDE8084007F0C4BB08B5D0E92201C2
:101A600007F0C6F9BDE80840007FFCF7F1BE08B5F5
:101A7000D0E9220107F0BCF9BDE8084007F097BCA7
:101A800038B504466C30FEF7CDFF054664B194F8D6
:101A900096301B0708D52046FFF739FE0146284639
:101AA000BDE838400EF082B8284638BD10B5002099
:101AB000FFF728FD002400B910BDA0F8A8400021C0
:101AC000FFF710FDF7E708B5FFF70EFE08B1407A03
:101AD00008BDFF20FCE70B46097D80F85810996986
:101AE000C0F88810998BA0F88C1093F85310024618
:101AF00009B1D96BC16693F8641019B193F8471016
:101B000082F8771093F8481082F8A41093F84E10DA
:101B100093F85000C90041EA801193F8520041EA5D
:101B20000021B2F8960001F4A47120F4A4700143DE
:101B3000A2F8961093F8541039B1D3E91001A2F825
:101B40007410090C106782F8761003F14D0102F150
:101B5000940022F00FBF13B504460191FFF750FC2B
:101B600001992046FFF7B7FF002384F8AB3002B09D
:101B700010BD10B590F8724090F873301C44E4B278
:101B8000FFF7C5FD08B90134E4B2204610BD28B105
:101B900090F8983043F0010380F8983090F898302E
:101BA00043F0040380F89830704790F898306FF352
:101BB000820380F89830704790F8983013F004034F
:101BC00005D090F8A5003F3818BF0120704718468F
:101BD000704710B5044618B9002000F0010010BD90
:101BE00090F8A230DA07F7D520F0A9FA0028F3D14F
:101BF00094F896301B07EFD52046FFF7DDFFECE7A2
:101C000090F89800430754BF00F00100012070478E
:101C100090F898004009704790F898306FF3471398
:101C200080F89830704710B5044690F89800400945
:101C300013F0D0FA94F89830072828BF072060F3F3
:101C4000471384F8983010BD38B505460C4641B1AD
:101C5000FFF74AFD38B11022002105F15C0022F0A7
:101C6000D3FE204638BD0446FBE7F0B5054687B0F5
:101C70000C46D1E9000100238DF814306B4683E84F
:101C8000030005F15C060CCB96E8030022F065FE2C
:101C900090BB2846FFF728FD034678B102AF03F159
:101CA000100C186859683A4603C208336345174652
:101CB000F7D110220021304622F0A6FE204601F086
:101CC00087FC58B12368EB6563687360A368B360F1
:101CD00095F8683043F0200385F868309DF814309B
:101CE0009B060BD50C22214602A822F055FE003897
:101CF00018BF012007B0F0BD3346CFE70120F9E758
:101D0000B0F89A007047A0F89A107047B0F89C009D
:101D10007047A0F89C107047B0F89E007047A0F87C
:101D20009E10704790F8A220002363F3410210B583
:101D3000A0F89A30C0F89C3080F8A2200446FFF743
:101D400005FD80B1606A70B1083009F07BFD50B1CB
:101D5000606A08300AF098FA28B1B4F89A0009F0DD
:101D6000FEFFA4F89A0010BD08B50020FFF7CAFBDB
:101D7000024608B9104608BD1046FFF71DFF014690
:101D80000028F7D11046FFF7ADFBF1E708B5FFF7E4
:101D9000EBFF10B190F8640008BDFF20FCE76C3049
:101DA0007047703070470000034A034692E8030012
:101DB00083E8030018467047647D0300D0F8800074
:101DC00070470346D1E9220183E8030018467047B3
:101DD00090F89600C0F300107047002869D00E29D3
:101DE00060D8DFE801F0080F141920252A2F363DAE
:101DF00044494E535A0090F8963062F3C30380F87A
:101E00009630704790F8963062F38613F7E790F8B3
:101E1000963062F34513F2E790F8983062F30003CE
:101E200080F89830704790F8963062F30003E6E748
:101E300090F8963062F34103E1E790F8983062F34E
:101E4000C303EDE790F8A23062F3410380F8A230BB
:101E5000704790F8963082F0010262F3C713CEE724
:101E600090F8973062F3000380F89730704790F84D
:101E7000A23062F30003E9E790F8973062F3410380
:101E8000F2E790F8983062F38203C9E790F8A33044
:101E900062F3820380F8A330704790F8A33062F3B6
:101EA0004513F7E772464FF4946149F6F510F6F7DB
:101EB00075BD704708B5A0B10E2945D8DFE801F01F
:101EC000080D12171C1F24272A303336393E4100D3
:101ED00090F89600C0F3C00003E090F89600C0F3BD
:101EE000801008BD90F89600C0F34010F9E790F814
:101EF000980000F00100F4E790F89600F9E790F8F8
:101F00009600C0F34000ECE790F89800E2E790F804
:101F1000A200F6E790F89600C043C0F3C010E0E7D7
:101F200090F89700E5E790F8A200E2E790F89700B4
:101F3000E7E790F89800C0F38000D2E790F8A3009C
:101F4000F9E790F8A300CFE7724649F6F51040F2A2
:101F5000CE41F6F723FD0020C3E790F89500C0F3CB
:101F6000C100704790F8A400704790F8A40006F0F4
:101F700003BB90F8A5007047A030704790F8A70009
:101F8000704780F8A7107047AA30704740687047C4
:101F9000806870470C307047406A704741627047F4
:101FA0002830704710B50020FFF7ACFA044600B99E
:101FB00010BD00221146022304F1280006F008FAA1
:101FC00000212046FFF78EFAF0E790F8770070477F
:101FD00080F87710704710B50446F6F7C7F8A06789
:101FE00010BD10B50446F6F7C1F8E06710BDC06F2C
:101FF000704790F8A900704790F8A8007047AB3080
:10200000704714307047943022F0B5BCD0F890007F
:1020100070479430704710B500210446FFF74AFF1F
:1020200020B1012202212046FFF7D7FE94F8A93003
:10203000FF2B1CBF013384F8A93010BD15F08ABEF8
:10204000F0B5002187B00446FFF734FF002837D0F1
:102050000023666A636294F8993003F00E020E2A38
:102060001FBFC3F34202013262F3430384F8993085
:1020700094F8A830FF2B1CBF013384F8A830F6F782
:102080007BF82146FEF752FE02280BD0A36863605E
:10209000C0B12046FFF7BFFF00212046FFF70AFF2F
:1020A00000B1666220F045F840B194F89730DB0744
:1020B00004D4062201212046FEF75EFD07B0F0BDE4
:1020C0000646C8E715F054FE0120FCF7F1FAF6F7D2
:1020D00059F802A907460DF10702204600F000FC5E
:1020E0000546043818BF0120394613F03FFFEDB90B
:1020F0002046FFF714FC2A4602212046FFF76DFE1A
:102100002046FFF789FD94F8993065F3430384F87E
:1021100099300122D4E9220106F0C3FD204616F0D1
:1021200061FBADB10020FCF7C3FAB2E7AB1E042B94
:102130000CD801A252F823F01D2101004D2101000D
:102140001D2101004D2101001D2101000022E1E7B8
:102150002046FFF7D1FA029B049303A89DF80730AD
:102160008DF81430039415F0BDFF2846FCF7A0FA53
:1021700094F89620D4E92201C2F3C00206F086FC4E
:102180008AE700BF70B5A4B004460D46164600218C
:1021900068220AA822F038FC14220DEB020000216C
:1021A00022F032FCD4E9220111238DF8143006AB61
:1021B00083E80300204604958DF82060FFF7A0FD1A
:1021C0008DF821002046FFF7A7FDADF8220004A8F6
:1021D00009F043F900212046FFF70EFB10B120461D
:1021E000FFF7BCFA0023ADF83C308DF8703020F0DA
:1021F0001AF8E0B103A8FCF767FC20460DF0ACF933
:10220000204B1B788DF83C300646FCF7B7FC9DF858
:102210000D308DF870300C90FFF7BCF88DF83D0054
:10222000FCF7FEFC801B0D9006F0ECF90E900021EF
:102230002046FFF73FFEB0B11FF081FF98B11FF0BD
:10224000CFFE02280FD16846FDF7A6FE9DF80630A6
:102250000098BDF804208DF86E3001231A90ADF877
:102260006C208DF87C300AA9284609F040F92046F8
:10227000FFF7A2FC80F00100C1B2284609F078FD0A
:1022800024B070BDAC2D002073B5054608460C4641
:10229000FFF792FC0DF107020DF1060106462846F4
:1022A00009F0AFF994F8A3309DF806106FF382039C
:1022B00084F8A3302046FFF759FA2046FFF765FA65
:1022C0002046FFF753FB00212046FFF7F3FD50B9EE
:1022D00006212046FFF7EEFD28B92046FFF71FFB39
:1022E0002046FFF799FC9DF80630ABB994F8A3306F
:1022F00043F0040384F8A330204615F03BFD20464C
:10230000FFF72CFA94F8753084F876304FF40040DB
:1023100003F042FD02B070BD9DF80720214628461B
:1023200015F032FD002EF5D14FF48040F0E72DE995
:10233000F043064685B008460C469046FFF73CFC45
:1023400020B90025284605B0BDE8F08306212046C7
:10235000FFF7B0FD0028F4D094F8580006F067F9B4
:1023600005460028EDD06F4608363846314609F05C
:10237000CDFB97E80C0004F1880797E8030022F0F2
:10238000ECFA0028DDD10DF108093146484609F084
:1023900058FD99E80C0097E8030022F0DEFA0028C7
:1023A000CFD197E80300FDF73DF801460028C8D1DA
:1023B0002046FFF77FFDC0B9304609F00BFE01282B
:1023C000BFD094F8A31011F02001BAD1B8F1000FDA
:1023D00015D12046FFF7BAF90028B3D0304609F0EE
:1023E00073FF80F00100C5B2ACE71FF0A8FE002823
:1023F000A7D1304609F0C6FD0028DDD0A1E7204670
:10240000FFF758FD0028E4D01FF099FE0028E0D027
:102410002046FFF7AEFB00F09BFF0028D9D190E7E4
:10242000F8B50121002000F007FE174F064636B12F
:102430000020FFF767F80024054615B9D4B13046EF
:10244000F8BD0F2CFBD8002229463046FFF76FFF5E
:1024500050B1D5F8883047F8343007EBC403B5F8ED
:102460008C209A800134E4B228460021FFF73AF824
:102470000546E2E73046214600F006FE01212046EF
:1024800000F0DAFD0646D2E7E8370020024B1B6871
:102490001B1A584258417047683800202DE9F7430D
:1024A000DFF86C90D9F800306E46934286E803005E
:1024B000154605D0724648214EF27400F6F76EFAC2
:1024C000124F002407EBC40898E80C0096E80300BC
:1024D00022F043FAA8B1002347F83430A8F80430BA
:1024E000002357F8331049B90133102BF9D128468E
:1024F00000F0CAFDFFF794FFC9F8000003B0BDE883
:10250000F0830134102CDDD1EAE700BFE83700206A
:1025100068380020F7B50C4E33686D4685E8030037
:102520007BB10A4F002407EBC40195E80C0003C9F6
:1025300022F013FA10B1306803B0F0BD0134102C52
:10254000F1D10020F8E700BF68380020E83700200C
:1025500038B505460020FEF7D5FF044628B90146E8
:102560002846BDE8384000F08FBD214601222846AC
:10257000FFF7DDFE014630B1054C236813B9FFF7C4
:102580004FFF206038BD2046FEF7ACFFE5E700BFF7
:102590006838002010B5034C236813B9FFF740FFDB
:1025A000206010BD68380020F8B500220546D0E94B
:1025B0000601FEF7ADFF0446287D06F038F810B995
:1025C000C4B92046F8BDFDF701FF18B195F85130A8
:1025D000002BF5D02846FEF7B5FE90B19CB92146F8
:1025E0002846FEF729FB0446002848D1284601F07A
:1025F000F2F904E0042201212046FEF7BDFA00248E
:10260000DFE7002CF2D094F858202B7D9A4203D0BB
:10261000D4E9220106F067FB29462046FFF75BFA62
:1026200029462046FEF730FA95F85530C3B3697D48
:102630002046FFF7EBF9F5F799FD95F84D2094F852
:102640009830C4F8800062F3410304F1880684F8EE
:10265000983096E8030006F0CBFB074606F05AFDDB
:10266000384606F053FFD5F84910384606F070FD9D
:1026700096E8030006F0D6FC13F03CF8A1E701222F
:102680000521FFF7AAFB0023D4E9220195F84E208B
:10269000C4F8903006F0FAF9012003F07DFBBBE7A7
:1026A0002046FFF74AF905F0C2FF0028C3D1297D73
:1026B000BEE72DE9F041002186B06822044622F0F1
:1026C000A3F9FEF767FE4FF00108607584F85580A6
:1026D000FEF71EFE84F84D00FCF75CFA84F8538088
:1026E000E06313F023F984F8648084F84700FDF771
:1026F000C9FD002584F8510084F852506846FDF762
:102700004BFCBDF804209DF806300098A4F8442046
:1027100084F84630206484F8548005F073FF20610B
:102720001FF00DFD84F84E001FF009FD84F85000E5
:1027300002F0F2F904F1300758B9384600F054FFBE
:1027400094F8390000F0EAFE84F8390006B0BDE8DC
:10275000F08104A802F04CFA049B236302A802F063
:1027600047FABDF80C30A38697E803002A4601F02B
:10277000ECFA4246064697E8030001F0E6FA864284
:1027800017D22946801B02F065FC00F0C7FE00212D
:10279000054684F83900304602F05CFC01462846C4
:1027A00002F075FC84F8390007F062FE84F8380006
:1027B000CCE72846E9E7000038B50C460546084650
:1027C00005F08AFE2046022105F0BAFE2946B32212
:1027D00004F1080022F0F0F8204621F043F9034B01
:1027E00021461868BDE8384005F074BE944E0020BC
:1027F00010B5044609F026F830B1204609F05EF81D
:1028000066288CBF0020012010BD37B5054609F0B1
:10281000E1FB0128044602D0002003B030BD1FF0C8
:10282000DFFB042815D002F0DBF90028F4D028469D
:1028300009F02FF80028EFD06C462946204609F011
:1028400000FB94E8030002F06FF980F00100C0B2D1
:10285000E3E72046E1E70000F0B506468BB01046FE
:1028600015460F461D4C17F087FFFCF765F8FBF780
:10287000FFFEFCF761F801A906F02CFE01A9204635
:1028800008F0BFFAFDF7FEFC0146204609F089FE7C
:102890001822002104A822F0B7F80F3C3B680593EA
:1028A00003948DF81850FCF747F88DF8190003A829
:1028B0000796FDF71DFF0022C3B263F30702C0F3C2
:1028C000072363F30F22C0F3074363F31742030E9A
:1028D00063F31F6210460BB0F0BD00BF33630020EE
:1028E0002DE9F04F2DED028B90F8587090F859308B
:1028F0008568A5B088463946044691460193FFF79E
:1029000085F8384617F038FF2046FEF7E2F8834690
:102910002046FEF7FBF8A5EB0B0BB24B4FF4204221
:1029200004F18805CDE907B0ADF8242082460022E5
:1029300095E80300CDE905348DF8262006F072FBFA
:1029400012F0DAFE05A8FDF7FBFFC6B2A54BADF805
:102950000800002E40F0A9800AA903F10F0008F03A
:1029600066FD18BB052694F898306FF3041384F8BD
:1029700098300023C8F8003089F8003095E803004B
:1029800006F036FA019A044695E8030003ABBA4212
:1029900083E8030004D00CCB3946204606F0ACFB9C
:1029A000304625B0BDEC028BBDE8F08F0DF1400A3A
:1029B0009AE80C0095E8030021F0CFFF00286ED0C4
:1029C0009DF84C3023B92046FEF7C0FE0028C9D13F
:1029D00094F8A4309DF8752008EE103A94F89830D9
:1029E00062F3410384F8983094F858209DF83C3005
:1029F0009A4203D09AE8030006F075F90AA9204626
:102A0000FFF769F894F896301A0705D594F858003E
:102A10000DF171010CF0DCFE1FF091FB00284CD091
:102A200094F89930DB0748D59DF8700005F0A4FDB7
:102A30000B9A129B626013440344A36094F898308D
:102A4000002262F30413C4F8902084F89830F5F75C
:102A50008DFB9DF84C30C4F880000AA989F800303D
:102A600061480CF0F7FB95E8030006F0C1F9019A04
:102A7000044695E8030003ABBA4283E8030004D0A0
:102A80000CCB3946204606F037FB0AA814F042FE6C
:102A90000AA800F09DFF0B9BC8F8003080E7204695
:102AA000FEF7AEFD00288BD05CE7062E7FF45BAF0F
:102AB0000BEB0A00F8F7D5F855E794F8963013F0C9
:102AC000100B42D1A2680B9918EE100AA2EB010A72
:102AD00005F052FD454902465B468AFB010121F0A3
:102AE000D3FF00F11302262A94F898108CBF00221D
:102AF000012262F30411129A84F8981082463AB1C6
:102B0000CAB26BF3041284F89820802003F044F9D1
:102B1000D4F890008244C4F890A09DF8700005F0AD
:102B20002BFD12990B9B314A00EB010C4FEAEA7E18
:102B3000ACFB0A010CEB030B0CFB0E11002321F084
:102B4000A3FFABEB0000A06081E79DF8700005F0EB
:102B500013FD0B9A129B62601344184494F898304A
:102B6000A0604FF0000A6AF3041301220521C4F8A3
:102B700090A084F898302046FFF72FF994F896300B
:102B80006AF3041384F896300AA8FEF7DBFB94F886
:102B9000963080F0010060F3C71384F8963001206E
:102BA00003F0FAF895E803000122FEF7B1FC824633
:102BB000BAF1000F3FF44BAF00215046FEF792FCF4
:102BC00095E80C008346DAE9220121F0C6FE30B117
:102BD000544504D00B2201215046FDF7CDFFDA46C3
:102BE000E6E700BF586200206762002040420F0005
:102BF00030B59BB06946054608F003FC044688B131
:102C00006846FFF7D1FC044628B11FF092FA10B1D4
:102C10002046FFF701F8284669460CF01BFB684682
:102C200000F0D6FE20461BB030BD10B59AB0694604
:102C300009F052FC6846FFF7B7FC0446A8B190F8CB
:102C4000993043F0010380F89930684600F0C0FEE7
:102C500000212046FFF72EF938B12046002202213C
:102C6000FFF7BBF82046FEF7D7FF20461AB010BD8D
:102C700030B59DB005461FF0CCFA0446F8B901A85E
:102C8000FBF722FF02A8FFF714FD0E4B1B788DF80F
:102C90001C309DF805308DF85030FBF799FF9DF8FA
:102CA00006300A9002A88DF82C3014F03DFD02A9E0
:102CB000054808F02EFA2A4621460CF035FB1DB0D7
:102CC00030BD00BFAC2D00203363002070B59CB038
:102CD00006460C4615461FF09CFA30BB01A8FBF7D0
:102CE000F3FE02A8FFF7E5FC114B1B788DF81C30B2
:102CF000CDE904649DF805308DF850300124264656
:102D0000E0B203F03BFA28B102AB234483F85660EB
:102D10008DF86B6001340D2CF2D102A9054808F042
:102D2000BFF92A4601210CF0FFFA1CB070BD00BFAC
:102D3000A82D00203363002030B59DB0054601A8C2
:102D40000C46FBF7C1FE1FF064FA10B100238DF8AA
:102D5000043002A8FFF7ADFC0020FBF755FF001B75
:102D60000490FBF75DFF9DF804308DF81C30241AA9
:102D70009DF80530059402A928468DF8503009F0D9
:102D80005DFB1DB030BD000038B500F108050446FC
:102D9000284608F057FDF8B1204605F0DBFBD8B116
:102DA0001FF0C7F9C0B994F8C23013F0600F13D107
:102DB000204605F0E5FA50B92046032105F0C0FB96
:102DC0000D4B21461868BDE8384005F083BB284606
:102DD00009F0E6F904F0BCFF284608F033FD28B1FD
:102DE00020460021BDE8384020F04CBE2046BDE81A
:102DF0003840F8F735BA00BF944E0020F8B50646C3
:102E0000FFF7F6FC20B33046FFF7FFFC054608BB92
:102E1000304605F079FB0746F5F7B4F9044630462D
:102E200009F0D5FB04F50074B7B1211A43F6095235
:102E300000230801090F21F077FED7F8BC30181ADB
:102E4000C7F8BC0039463046FFF7B6FC2846F8BD47
:102E50000120FCE70320FAE70220F8E72DE9E8412A
:102E600080460F46FFF7C4FC20B34046FFF7CDFC79
:102E7000064608BBF5F792F9C7F8BC00F5F782F9EA
:102E80000546404609F0A3FB05F50075291A43F6EF
:102E9000095200230801090F21F046FED7F8BC3083
:102EA000181AC7F8BC0039464046FFF785FC304683
:102EB000BDE8E8810120FBE70320F9E738B5C51735
:102EC000A1FB0004034A002301FB054121F0DCFDC6
:102ED00038BD00BF40420F0008B1002303707047A7
:102EE00020B103780E2B9CBF01330370704718B9D3
:102EF00003298CBF00200120704710B54C0000EB67
:102F00009101024691F8C33004F0060002EBD402AE
:102F1000034103F00100611C92F8C33001F0070285
:102F20001341DB0748BF40F0020010BD70B51646E4
:102F300005460C46FFF7E1FFB0422CD0012E0AD027
:102F4000022E29D06EBB022805D11A4A32F814305D
:102F5000013322F81430600005EB940400F0060100
:102F6000012294F9C3308A4052B2F1074CBF134397
:102F70009343421C05EBD00002F0070184F8C330F4
:102F8000012290F9C3308A4052B2B1074CBF1343BB
:102F9000934380F8C33070BD064A32F81430013BC9
:102FA000D7E772464FF40A714AF27470F5F7F6FCEF
:102FB000D1E700BF8E38002038B505460024E1B2C5
:102FC0002846FFF79AFF01280DD00134112CF6D1C5
:102FD0000024E1B2022228460134FFF7A7FF112C9A
:102FE000F7D1012038BD0020FCE7000008B50D48EE
:102FF00005F08CF913F042F800F0DEF922220021EE
:10300000094821F001FD22220021084821F0FCFCA2
:10301000074B002203201A8005F0DCF8054B40081E
:10302000188008BDB43800208E3800206C3800208D
:10303000B0380020E4380020F8B5114B33F81030D8
:1030400005460E4613B900242046F8BD0D480D4F25
:1030500005F000FA0446002CF5D029462046FFF77B
:103060004CFF38B9002EEFD0012229462046FFF749
:103070005DFFE9E72146384605F0F8F90446EAE73E
:103080008E380020B438002038B50D46044630B9DB
:1030900072464FF483714AF27470F5F77FFC29464B
:1030A00002222046FFF742FF0025E9B22046FFF743
:1030B00024FF022822D10135112DF6D110482146D6
:1030C00005F0EAF804F1080008F084FF01280CD1AB
:1030D0000C4D2B8833B9724640F221114AF27470BC
:1030E000F5F75CFC2B88013B2B80204600F076F93D
:1030F00020460121BDE8384020F0C4BC38BD00BFE7
:10310000B4380020B0380020F8B52949294E0446CB
:1031100005F092F80023C4F8C33084F8C73037466E
:1031200011253B8801339BB227F8023B2BB972462D
:10313000BC214AF27470F5F731FC013DF1D104F184
:10314000080008F047FF012801BF1B4A138801331C
:10315000138005F053FA18B902212046FFF794FFB7
:1031600094F8C230DB0618D5022DE9B202D0204611
:10317000FFF78AFF0135112DF6D120460FF0E8FD4B
:103180000E4A112336F8021B1088814238BF0146CF
:10319000013B22F8021BF5D1F8BD2046FFF7D8F914
:1031A000204615F063FC20460EF05FFCE5E700BF0B
:1031B000B43800208E380020B03800206C38002051
:1031C0002DE9F0471D491E481E4D1D4FDFF8789030
:1031D0000123002205F0FCF80026384605F0A8F887
:1031E000B9F80030984207D92A889A4208D801369F
:1031F000112E05F10205F0D1BDE8F04700F01EB92F
:10320000384605F027F95FFA86FA0446002CEED01E
:103210002146384605F02AF9514680462046FFF7F8
:103220006CFE18B951462046FFF72EFF2A88B9F8E0
:1032300000309A42DBD94446E8E700BFB92F0100CD
:10324000B43800208E380020E4380020014B33F8D9
:10325000100070478E380020014B1888704700BF5F
:10326000B03800200146034809B105F0FFB805F069
:10327000F1B800BFB438002038B50C46054630B967
:1032800072464FF4BD714AF27470F5F787FB002265
:1032900021462846FFF74AFE054A064B32F814102D
:1032A00033F814308B4238BF0B4622F8143038BD47
:1032B0006C3800208E38002038B50D46044630B9F1
:1032C00072464FF4C2714AF27470F5F767FB2946F3
:1032D0002046FFF712FE012806D0724640F2871101
:1032E0004AF27470F5F75AFB294620460022BDE8E1
:1032F0003840FFF71BBE000038B5142200210446F9
:1033000021F082FB00F0F2F80F4B10491A8822607E
:103310000A881A805A8862604A885A809A88E260CD
:103320008A889A8020610633002003221D88A842E3
:1033300038BF284631F8125023F8025B0132112AB7
:10334000F4D1A06038BD00BF6C3800208E3800205A
:103350000020704710B50446083008F03BFE0128F5
:1033600009D0204604F0B3FF40F67133984294BF71
:103370000020012010BD0020FCE7000070B5FFF721
:103380006BFF0B4D0B4E044605F098F8132807D938
:10339000284604F0CDFF32782318934200D870BD40
:1033A000284604F058FF0028F9D0F7F759FFEBE75B
:1033B000E83800201839002008B5064804F0A6FFB8
:1033C0001EF0BDFE044B002814BF052201221A7016
:1033D00008BD00BFE83800201839002038B500F1DA
:1033E00008050446284608F04FFF58B10CF0D2FB00
:1033F0003E2807D805F019F928B1204605F090F8C5
:10340000044630B938BD284608F0E4FD0128F9D15A
:10341000F3E74FF6FF7105F097F894F8C2300649CC
:1034200043F0200384F8C230204604F005FFBDE8D5
:103430003840FFF7A3BF00BFE838002010B50CF0FC
:10344000A9FB3F280BD90B480A4C04F004FF00B934
:1034500010BDF7F705FF204604F0FDFEF7E7FFF784
:103460008DFF0023BDE81040034A0248194604F0CE
:10347000AFBF00BFE8380020553301002DE9F0410F
:103480000546FFF77BFF1748164FDFF85C8004F016
:10349000E1FF04460CB9BDE8F0812146384604F04E
:1034A000E5FF06462846FCF7AFF901230246294608
:1034B0002046FCF744FC90B1204605F031F8044664
:1034C00068B1012105F03CF8D5E9011204F10800CA
:1034D00008F05AFBD8F80000214604F0FBFF344600
:1034E000D8E700BFE8380020205E0020014804F043
:1034F0001FBF00BFE838002008B5054811F08BFC5D
:10350000044BFF221A70044B00221A7008BD00BF42
:103510001C3900201939002020390020F8B5284C2A
:10352000284E22788242054622D0337810D9013BBA
:103530005BB2591CA8BF4FF0FF336FF063018B42A1
:10354000B8BF0B46FF2D33700BD125702078F8BD26
:1035500001335BB2012BB8BF0123642BA8BF6423E6
:10356000F0E7FF2A07D125701748142111F072FCEB
:1035700000233370EAE7144B186811F050FC002860
:10358000E4D00221284601F082FD0221074620787E
:1035900001F07DFD2378BB4204D296F9002012F1A0
:1035A000630F04DA002BD1D0013B2370DCE78542A6
:1035B00001D2632ACADDFD2BC8D80133F5E700BF6D
:1035C00019390020203900201C39002014207047B0
:1035D00003683BB1437AFF2B04D0007AFF3818BF51
:1035E00001207047002070470023036083804FF65E
:1035F000FF7303817047000037B505F030F8F8B16C
:10360000104C012523780133DBB20C2B94BF2370BF
:103610002570207801F0B8FE8028F3D024780DF0D2
:10362000ECFC0146204617F0BDFA40F30720FBF7FB
:10363000ADFD0146204603B0BDE8304004F07EBC3D
:1036400003B030BD2139002010B50C24013CFFF738
:10365000D3FF14F0FF04F9D110BD00002DE9F84F9D
:103660003E4CDFF80C91DFF80C813D4E3D4F3E4D56
:10367000F4F788FD2268801A5CBFD9F80030B0FBEF
:10368000F3F0D9F8003048BF002000FB03331344A7
:10369000236011F0D7FCB0FBF8F303FB180023689C
:1036A00018443060F4F76EFD0446FCF7EBFDD8B922
:1036B000D9F80020336803EB52033B602B60D6F847
:1036C00000A0DFF8B48012F091FC42F2107B2C686D
:1036D0000AEB0B0707443B1B002B81461CDA002337
:1036E00088F80030336824E03B68E31A002BE6DBFF
:1036F000FCF7CEFD3B68E41AB4FBF0F404FB0000D9
:103700001844386011F09EFCB0FBF8F303FB18007E
:103710003B6818442860D2E7FCF7B4FD68B15C440C
:10372000A4EB0A0414EB090F07D5012388F8003035
:103730002B680E4A1360BDE8F88F002388F800302C
:1037400012F054FC00F59C50083098F8003007EB5C
:1037500040002860002BEBD1C4E700BF2C390020CB
:103760003C39002028390020383900202439002035
:1037700030390020305705003439002038B504F0C6
:1037800041FF134C206011F05DFC23684FF47A7206
:10379000A3F5FA73B0FBF2F101FB120003442360BE
:1037A000F4F7F0FC054611F04DFC03462068B3FB2E
:1037B000F0F202FB10331D44064B1D60064B1D60EA
:1037C000064B1D60FFF74AFF054B00221A7038BDFB
:1037D00030390020243900202C3900203C390020C9
:1037E000343900202DE9FF411EF013FD414ED8B1C0
:1037F0003468FDF7A5FD28B9FBF706FA306004B080
:10380000BDE8F081F4F7BEFC001B002809DB0020B6
:10381000FBF7FAF9384B186004B0BDE8F041FFF748
:103820001DBFFFF7E9FEF7E7344C3568237893BBFB
:10383000334B187804F0FBFE07460028ECD001203B
:10384000FAF736FF24785CB32846FCF72FFDB0FA70
:1038500080F464090020FAF72BFF002CDCD112F071
:10386000C5FB284BB3EB400F4FEA400405D272462C
:10387000972142F22460F5F791F811F0E3FBC4F5CB
:10388000C335A035B0FBF5F303FB1505F4F77AFC5F
:1038900020442844B2E7FCF7F5FC0028C8D1BBE778
:1038A0002046FBF7B1F9A0EB0508FBF7B9F92A466A
:1038B000291A4046FFF70AFA1EF07CFB02900DF130
:1038C00007001FF0D3F804F0DDFE28B19DF80700D3
:1038D00012F0D1FB0328BDD09DF8072002A928468D
:1038E000FEF7BAFFC0B20028B4D1FFF785FE3C4610
:1038F000B0E700BF243900202C39002034390020E3
:10390000A82D00209F860100014B1868704700BF5A
:103910002439002038B51EF071FC80B112F096FBFE
:1039200000F51C5410341EF00AFC50B120F049FB85
:1039300005460DF06DFB28440444204638BD04467E
:10394000F1E71EF04DFB0428F0D0F6E7F8B5084C7F
:1039500007460E460025636823B12278164201D03F
:10396000384698470135082D04F10804F3D1F8BD15
:103970004039002038B50D46044610B14B1E0F2BC0
:1039800005D972462B214CF68220F5F707F80F4A2D
:10399000002302EBC3014968A1420AD00133082B7E
:1039A000F7D1002302EBC301486818B902F833507D
:1039B0004C6038BD0133082BF4D172464121BDE87B
:1039C00038404CF68220F4F7E9BF00BF40390020B0
:1039D0000178FFF7BBBF1021FFF7B8BF884294BF43
:1039E000002001207047884234BF0020012070472A
:1039F00010B50021044601608180816081810174DD
:103A00002022143021F000F84FF0FF33C4E90D33C9
:103A1000E36310BD2DE9F0438DB0044602A81EF00B
:103A2000BFFA0022104604A9DDF80890BDF80C800A
:103A300000F0CCFD694604A801F0D2FADDE9007679
:103A40001EF0CEFA04281CD11EF0BAFD01F013FBC3
:103A50003946054601F02BFB31460746284601F062
:103A600026FB06462046C4E90D76C4F80090A4F86B
:103A70000480C4F80890A4F80C80E5630DB0BDE89C
:103A8000F0830025EEE770B5A0B0064610A8FFF75A
:103A9000AFFF01F065F800284CD002AC204601F0E1
:103AA000BFF894E803000022FDF732FD0446002829
:103AB00040D0FDF719FE054600283BD0FFF788FDF2
:103AC000002837D02B6810932146AB88ADF84430DE
:103AD00004A8FEF776F9049B1293214606A8FEF788
:103AE00070F9BDF81C30ADF84C3000212046FEF7CF
:103AF000E1F98DF85000687A01F0BDFA08AD1F9029
:103B00000022204608A900F061FD0FCD15AC0FC4BE
:103B100095E80F0084E80F00694608A801F060FAF4
:103B200001991F9801F0C3FA00991E901F9801F0A7
:103B3000BEFA1D9010AC0FCC35460FC50FCC0FC58B
:103B40000FCC0FC594E80F0085E80F00304620B079
:103B500070BD00002DE9F0418AB003AC204601F0B1
:103B60005FF894E803000022FDF7D2FC0446A0B100
:103B70000DF096F907A8FAF755FC2046FEF710FA63
:103B8000054604F068FBDFF86C80044601AE05AF23
:103B900034B907A8FAF7B4FC40BB0AB0BDE8F0811D
:103BA00004F10801304608F077F9019B02330DD18A
:103BB0000321204604F0C4FCD8F80000214604F09C
:103BC00089FC284604F047FB0446E1E7384601F04B
:103BD0000FF897E80C0096E8030020F0BEFE0028DE
:103BE000E6D1214607A8FAF72DFCEAE7294604F0BA
:103BF00023FBCEE7944E00207FB56D46044602AE0F
:103C0000284600F0F5FF304601F00AF894E80C0071
:103C100095E8030020F0A1FE40B9009B13B13820C5
:103C200003F082FF94E8030000F0ECFF04F10805C4
:103C300095E80C0096E8030020F08FFE60B9029B27
:103C40001BB1FFF787FF04F047F995E8030000F088
:103C5000F1FFE06B00F0FCFFA06B01F049F8E06BB6
:103C600004B0BDE8704001F037B837B5856B6B1C08
:103C7000044613D16C46204600F0D2FF94E80300BE
:103C80000022FDF745FC38B1402000F021FFFFF78E
:103C900061FF002003B030BDE020F6E701F022F81C
:103CA000854206D9C02000F013FF2046FFF7A4FF8D
:103CB000EFE701F03BF8C0B16D46284600F0B0FFD9
:103CC000009B43B195E80C00D4E9020120F045FEC9
:103CD00008B901F021F801F047F8054601F05AFA59
:103CE000854202D9002001F017F82046FFF784FF33
:103CF0000120CFE708B500F0BFFF01F00DFA01F099
:103D000055F9BDE8084006F081B830B585B06C467D
:103D100002AD84E8030028461EF042F994E803004F
:103D200095E80C0020F019FE044650B91EF058F931
:103D3000042808D10098831C14BF0020012005B07E
:103D400030BD0120FBE72046F9E7F0B585B06B46B2
:103D500083E8030093E80300164600F0E5FEA0B1F7
:103D600000F0FEFE02AD0746284600F059FF95E838
:103D700003000022FDF7CCFB17F0BF0F044604D070
:103D8000E02F05D1BEB1012E1AD04FF0FF301BE05D
:103D900095E80300FFF7B9FF0028F3D1002CF4D019
:103DA0002046FEF7E6F83F28ECD12046FEF7D5F88E
:103DB0000128E7D9E9E705B0BDE8F04000F086BF8B
:103DC00000F090FF831CE0D005B0F0BD30B585B0A9
:103DD0006C4684E8030000F09FFE60B102AD284607
:103DE00000F01EFF94E80C0095E8030005B0BDE864
:103DF000304020F0B2BD05B030BD30B585B06C4666
:103E000084E8030000F088FE10B9002005B030BD42
:103E100002AD284600F004FF94E80C0095E803008A
:103E200020F09BFD0028F0D000F09AFEA0F1E00306
:103E300058425841EAE700002DE9F04FD9B001F0AF
:103E4000BFF91EF078F9002800F035830020FDF757
:103E500059FB0446002840F0A88001F019F81AAD7B
:103E600028A8FFF7C5FD284600F0C2FE95E803002C
:103E7000FFF74BFF002800F0A28006A8FFF7CAFD5D
:103E800028AD06AC0FCC0FC50FCC0FC50FCC0FC59E
:103E900094E80F0085E80F00359B01334FD02AAF1F
:103EA00097E803000022FDF733FB0646002846D0C2
:103EB00001220421FDF791FF3046FDF77DFE002829
:103EC0003DD130460DF59078FDF761FE3146404614
:103ED000FDF777FF06AC06A8FFF7D5FD0FCC28ADA0
:103EE0000FC50FCC0FC50FCC0FC594E80F0085E8A8
:103EF0000F000B46013300F0958298E80C0097E81C
:103F0000030020F02AFD0246002840F08B8297E84B
:103F10000300FDF7FDFA18B101220421FDF75DFF52
:103F200000F004FF10B1012000F008FF3046FEF75A
:103F300019F804F025FB0130C0B201F047F900F098
:103F40000FFE802800F07D8200F27782002800F0CA
:103F50009B82402800F08982DDE9360100F00AFFEB
:103F600001F03CF90020FDF7CDFA0446002840F0AE
:103F7000918200F0D1FD002800F09D8200F0F0FD5C
:103F8000002840F0988248AC204600F031FE94E8CA
:103F90000300FFF7BAFE002840F08D8294E803008A
:103FA00059B0BDE8F04F00F073BD20460022042157
:103FB000FDF713FF00212046FDF794FA49E700F0D2
:103FC000CFFD05461EF01AF9002800F09B80C02D99
:103FD00000F08F8009D8402D00F08B80802D00F0FC
:103FE0008A80DFF8D89427468FE0E02DF9D11EA80B
:103FF00000F016FE1CA81E9F00F012FEBDF87440D3
:10400000DFF8B89400F07AFE06462497ADF89440A5
:104010001DF0E6FF04287BD106A806ACFFF7FAFCEA
:104020000FCC28AD0FC50FCC0FC50FCC0FC594E832
:104030000F0085E80F0038A8FFF725FD459F00F029
:104040000FFD20AE054618A8FBF7A6FF0DF1880866
:1040500030469DF8669000F0CBFD404600F0E0FD54
:10406000FCF7B4F948AC002800F0E08005F5002525
:104070001EF0CFF820B100F089FD08B105F58035BC
:1040800000F024FE064600F0A3FD60B1304601F0CA
:104090002DF840B10E20B6FBF0F6B6F5403F94BFC8
:1040A000AD1905F5403598E80300002284E80300C7
:1040B000FDF72EFA0646A8B1FAF784FD81461EF0F8
:1040C0003EF8002800F021811DF08AFF04384142AB
:1040D000414148460BF06AFD81463046494601F0B1
:1040E000A2F8C6B23544C5EB0525FF23B5FBF3F5B1
:1040F000F0E0274684E700F0F5FDDFF8C4930646BC
:10410000274682E7DFF8B89327464FF0FF367CE773
:1041100028A8FFF76DFC0020FDF7F4F90DF1E00A87
:104120000546002D87D02846FDF7DEFA8346002895
:1041300076D0D0E90001FFF7E8FD039000286FD1A9
:104140009BF8090000F097FF80469BE8030022AB34
:1041500083E80300BBF804300293039B044619462E
:104160002846FDF7A7FE294603905046FDF729FE95
:10417000389B059322A9BDF8E430049303C99AE85B
:104180000C0020F0EAFB60B99AE803000DF5907C82
:1041900018F1030F8CE8030042D8002F32D1731CB2
:1041A00039D1012248A9284600F010FA20A948A8D0
:1041B00000F016FF4146209800F079FF4146834603
:1041C000219800F074FF359B9B45864628D2029BC0
:1041D000ADF8A430059B28942A9348AC049BADF815
:1041E000AC300FCC0DF1B40CACE80F0094E80F002C
:1041F0008CE80F00039BCDF8D4B0CDE936E88DF8FC
:10420000B0300DE0DDE924239CE8030020F0A5FB9D
:104210000028C6D1C3E731464046C8470028C0D071
:1042200028460021FDF75EF905467AE798E80C007C
:1042300096E8030020F091FB08B3B9F1000F1ED0FF
:1042400096E803000DF15F0284E8030004F0BCFD72
:104250009DF85F300090FF2B1BBFFF221B044FF423
:104260008033B3FBF2F36FF0470100226FF04C0094
:1042700010F0BFFF294600F01AFF0546F8E6DDE919
:104280002A2396E8030020F068FB00283FF4F0AEF4
:10429000B9F1000F3FF4ECAE96E803000DF15F02B8
:1042A00084E8030004F090FD9DF85F308BB100902E
:1042B0000023FF226FF047016FF04C0010F099FFD0
:1042C0009DF85F200092FF2203461146002010F067
:1042D00090FF00257A1C00F08780359B013330D198
:1042E00000F012FD002839D100F016FD38AE0FCED7
:1042F00025460FC50FCE0FC50FCE0FC596E80F0090
:1043000085E80F00559728ADBCE5304600F054FE17
:1043100000283FF4E2AE3046FDF743FD03798246C4
:10432000002B3FF4DAAE3046FDF7AAFB9AF80430D2
:10433000B0FBF3F0C0B2814538BF81465FFA89F91E
:10434000CBE60DF1A80999E80C00DDE93A0120F06F
:1043500004FB064680B1002000F0DEFC28AE0FCE44
:1043600025460FC50FCE0FC50FCE0FC596E80F001F
:1043700085E80F000F46C5E7404600F039FC99E894
:104380000C0098E8030020F0E8FA48B1304600F04D
:10439000C3FC3598294600F08AFEB842DED3A5E773
:1043A00000F0DEFB06462946359806F0BF0600F011
:1043B0007EFE802EEDD1B842EBD200F0B7FC06466F
:1043C00030B9012000F0A8FC304600F0B7FC8DE7C2
:1043D00000F0C2FC0028DCD100F0C6FC064600F06C
:1043E000D9FE8642D5D281E700F0C0FB0028B5D0C7
:1043F000369E00F083FC054600F032FB014628465D
:1044000000F055FE8642A9D9459738AD0FCD264616
:104410000FC60FCD0FC60FCD0FC695E80F0086E86B
:104420000F006FE70D213046FDF744FD00287FF4B3
:1044300077AD012000F01CFD72E5C02805D0E02812
:1044400088E528A8FFF711FC86E528A8FFF70DFCF2
:1044500000283FF481AD369C00F050FC84423FF6CA
:104460007BAD802000F034FB76E5369C631C3FF486
:1044700073AD00F037FC84420AD9C02000F028FB5D
:1044800028A8FFF7B9FB67E5369B01333FF464AD1D
:104490008020F3E704212046FDF70CFD30B90C2104
:1044A0002046FDF707FD2046FDF77FFB0021204653
:1044B000FDF718F859E559B0BDE8F08FE73901006C
:1044C000DD39010070B58CB002AC054601462046CE
:1044D000FDF777FC2846FDF76FFB18B10024204656
:1044E0000CB070BD94E80300FFF770FC0446002890
:1044F000F4D12846FDF7E7FA00F0BDFD2246064656
:1045000004A9284600F062F8694604A800F068FD96
:104510003146009800F0CBFD062104462846FDF701
:10452000C9FC30B920464FF4803100F0C0FD04468C
:10453000D5E705212846FDF7BDFC0028F2D1CEE7DE
:104540007FB502A806F012FA9DF80E4054B31DF094
:10455000F6FD50B30220F6F7D3FE00224FF480237D
:10456000FF210090192010F044FE0646FAF72AFBBE
:1045700005461DF0E4FD00950246C0B100224FF44F
:104580004033FF21104610F034FE0146304600F063
:104590008EFD214600F09DFDB0F5803F044601D917
:1045A00009F0A6FB204604B070BD0420D3E7D22D4D
:1045B0008FBF054B4FF42033D321142082BF4FF41B
:1045C0002032FF21D320DEE7CCCC03002DE9F04FD1
:1045D0002DED028B0E46054693B014460021202295
:1045E000304620F011FA002D00F0F4812846FDF746
:1045F00047FA214608EE100A284604F007FC074651
:104600000AA806F0B3F99DF82B40002C00F0858035
:104610004FF0000CFF43DFF844E4FFB26346E0468E
:104620009EF800108F4240461A468846DEF8043055
:1046300006D90CF1010CBCF1040F0EF1080EEFD1FC
:10464000009710F0D6FD0DF1300829460746404688
:10465000FDF7B7FB98E80300FAF7E4FE28B1384607
:104660004FF0FF3100F023FD07460DF138094846B1
:104670002946FDF7A6FB99E8030004F0B9FB814643
:104680002846FDF756F80146484605F01DF811F09A
:1046900035F8002300904FF4C8020321184610F0AB
:1046A000A8FD0146384600F002FD07462846FDF702
:1046B0002EF840B398E8030010AB83E8030008AA83
:1046C00004F082FB9DF82010C9B110F1480F7EDA8A
:1046D00000904C306ADB00234FF480326FF04701CA
:1046E0006FF04C0010F085FD9DF8202000920346ED
:1046F0004FF48032FF21002010F07BFD0146384648
:1047000000F0D5FC07462146384600F0E2FCB0F543
:10471000803F044601D909F0EBFA08A8F46006F0DE
:1047200025F928469DF8247000F046FC0146002833
:104730004FD00024346106A806F018F99DF81D70CA
:104740001DF0F9FC002800F06A81002F00F0F080D5
:104750002846FDF726FB8346284600F02DFC8046C0
:104760001DF057FD002800F099802846FDF719FB41
:1047700090F805A090F804902846FCF7C8FF0028A0
:1047800053D04FF40031002000F091FC044609F0B2
:10479000AFFAB8F1000F4AD0CA4500F292804FF448
:1047A0008011204600F083FC044671E04FF4803312
:1047B0004FF460326FF04C016FF0600010F019FDA3
:1047C0009DF82020009203464FF4603292E70021CA
:1047D00095E72846FDF76EFB0028AAD0002FA8D049
:1047E0002846FDF7ADF801F0B9FE04462846FCF76F
:1047F0008EFF98B9002C9CD0002200944FF4002327
:10480000FF21104610F0F5FC394600F062FCB0F5CF
:10481000803F04468ED909F06BFA8BE72846FDF7F6
:10482000C0FA0379002B84D0E4E70446B1E709F12C
:1048300001039A452FD3B22000934FF0FF0C1AFBCF
:1048400000F04FF4801342465146B0FBFCF010F0EC
:10485000D0FC81462846FCF779FF88B12846FDF751
:104860009EFAFCF7E3F8002200904FF48013FF213A
:10487000104610F0BEFC0146484600F018FC814688
:104880002046494600F013FCB9F5803F044618D98C
:1048900009F02EFA15E04FF0FF39DBE710A8FBF71F
:1048A0007BFB2846FDF77DFA41798379B8F1000F4B
:1048B00040F09D80994200F2988009F019FA4FF07B
:1048C000FF342846FDF749FBB8F1000F07D130B19E
:1048D0008104204600F0EBFB044609F009FA1DF0C4
:1048E0002EFC58B12846FCF731FF38B120464FF472
:1048F0009C0100F0DCFB044609F0FAF900229BF869
:1049000004309BF8051000931046402310F071FC12
:104910000146204600F0CBFB002100F0C8FB3946E1
:1049200000F0D7FBB0F5803F074601D909F0E0F968
:10493000776104A806F01AF89DF812408CB1284659
:10494000FCF7D2FE074600F0E7F8002869D1002006
:10495000214600F0BEFBB0F5803F044601D909F0C6
:10496000C7F918EE101AB460284600F05CFC7060BD
:1049700002A805F0FBFF9DF8084054B30CAF384681
:104980002946FDF71EFA97E8030004F031FA04F017
:104990000EFDF9F7A9FF00210746284604F036FA74
:1049A000262857D94FF47F02B2FBF0F3B3F5A02FBE
:1049B00028BF4FF4A0237B43214640F2FB40B3FBCA
:1049C000F0F000F086FBB0F5803F044601D909F015
:1049D0008FF93460FFF7B4FD4FF48033B061F361B9
:1049E00013B0BDEC028BBDE8F08F0133DBB29DF854
:1049F000460080B9994210D89DF844300093B8F130
:104A0000000F4FF4803314BF4FF480224FF0FF3279
:104A100010F0EFFBC8E6002453E7044651E70746D1
:104A200086E7002F93D00DF14008404600F0E0F8F3
:104A300097E80C0098E803001FF08FFF002886D14C
:104A40002846FCF764FE002881D14FF4803100F045
:104A50002EFB7DE74FF4A023ADE700BF7C5403009D
:104A600013B5FFF76DFD04461DF069FB00280749EB
:104A7000009449F699134FF4C03218BF4FF4E02167
:104A8000002010F0B6FB02B010BD00BFCCCC070078
:104A900013B56B4683E80300084C0CCB94E8030085
:104AA0001FF05BFF38B134220021204602B0BDE880
:104AB00010401FF0A9BF02B010BD00BF8039002018
:104AC0000248342200211FF09FBF00BF8039002020
:104AD00070B50F4D95F8316085F83100E02E044631
:104AE00001D140280DD00B48002110F0B3F9802CE3
:104AF00005D007D854B1402C03D1802E01D1AB6929
:104B0000EB6170BD04F0DF04C02CF5E7EC61F8E761
:104B10008039002090390020024B1868003818BFF7
:104B2000012070478039002082B06B4683E8030083
:104B300050B1023002D102B0FFF7EEBF03490CCBF7
:104B400003C902B01FF009BF02B0704780390020CE
:104B5000024B93F8320000F00100704780390020CA
:104B6000014B93F83100704780390020064B93F8D1
:104B70003100E02806D000F0BF00A0F180035842C9
:104B800058417047012070478039002010B5FFF769
:104B9000EDFF08B9002010BD0C4C236A0333F9D88F
:104BA000A3690333F6D8083494E80300FFF7ADF89F
:104BB0000028F0D1024694E80300FCF7A9FC002885
:104BC000E8D0BDE81040FCF7F7BF00BF80390020F7
:104BD000024B186808B1FFF7D9BF70478039002031
:104BE000024B186808B1FFF7C1BF70478039002039
:104BF000034A034692E8030083E80300184670471F
:104C00008039002082B06B4683E8030093E80300FC
:104C1000024A82E8030002B0704700BF80390020DA
:104C2000034A034692E8030083E8030018467047EE
:104C30008839002082B06B4683E8030093E80300C4
:104C4000024A82E8030002B0704700BF88390020A2
:104C500038B5084C94F832306FF3C30384F832301F
:104C60000023054684F83030F3F78CFAC4E909557F
:104C7000E06238BD803900201FB5134C342200217A
:104C800020461FF0C1FE1DF0ABF9042819D168467B
:104C90001DF086F9009B236002A81DF081F9BDF884
:104CA0000C30A3808020FFF713FF1DF089FC00F07B
:104CB000E2F92062A061002004B0BDE81040FFF7D7
:104CC000C7BF04B010BD00BF80390020014B186A77
:104CD000704700BF80390020014B1862704700BF49
:104CE00080390020014B9869704700BF803900204F
:104CF000014B9861704700BF80390020014BD86993
:104D0000704700BF80390020024B93F83200C0F397
:104D1000C000704780390020034B93F8322060F3C5
:104D2000410283F83220704780390020024B93F80B
:104D30003200C0F34000704780390020054B93F8E3
:104D40003220002160F3820203F1140083F8322044
:104D500010F080B880390020024B93F83200C0F385
:104D60008000704780390020014B586910F097B8D7
:104D7000803900202DE9F0410D468046F3F702FA14
:104D8000384C064694E80300FEF7BFFF07460028AC
:104D900041D11DF025F902283DD1D4E902013A465E
:104DA000FCF7B6FB002836D0636A013333D0B8F184
:104DB000FF3F30D0A36A9D422DD3E76AFEF706FC81
:104DC000294A2A4BF71B02FB0030874223D2A3F566
:104DD00074236FF4107213449F421FD9636A656293
:104DE000EB1A002B1ADD94F83000E6620130C0B2F5
:104DF000092884F8300011D91F280CD8A16A6D1A2F
:104E000000F039F9854204DB94F8313013F0BF0F1C
:104E100009D1BDE8F0812846FFF71AFF94F8323037
:104E20001B07F6D5F0E74020FFF752FE4FF4803124
:104E3000084600F03CF994F8323043F0080384F857
:104E40003230C4E9070000F085F90546206910F00A
:104E500026F8281A00F0BAF9BDE8F041402002F027
:104E600063BE00BF8039002080841E0020B3810013
:104E7000034B93F8322060F3000283F8322070472E
:104E800080390020014B186910F009B880390020E2
:104E90007FB52D4C94F832306FF3000384F8323034
:104EA00094F83130C02B13D1FFF7ECFF054600F02A
:104EB00045F985420CD302AD2846FFF799FE95E8E7
:104EC0000300FEF722FF064608B38020FFF700FE2E
:104ED00094F83130E02B09D1FFF7D4FF054600F0FC
:104EE00049F9854202D34020FFF7F2FD94F83130B2
:104EF000402B27D1FFF7C6FF044600F02BF9844270
:104F000020D3002004B0BDE87040FFF7E1BD6D463E
:104F10002846FFF785FE95E803003246FCF7F8FACD
:104F2000054668B1FCF774FE0028CED0314628460D
:104F3000FCF7C0FF20B12846FCF743FD0028C4D091
:104F4000C020C3E704B070BD80390020F8B500F17F
:104F5000300705463846FEF73BFB00220446D5E9FC
:104F60000601FCF7D5FA0646F8B184F00104E4B274
:104F70002146FCF769FE054654B939463046FCF730
:104F800074FE002818BF05461DF02AF804280CD02E
:104F90005DB11DF025F8042807D024B10820BDE834
:104FA000F84000F0F9BE0420F9E7F8BD01480321FC
:104FB000FEF7E0BC4D4F01001FB50190FCF7FCFD72
:104FC000019958B902AC2046FCF7FBFE94E80300B7
:104FD000FEF713FF00F0010004B010BD0120F9E757
:104FE00073B504460D460169806900F060F8E16917
:104FF00000F05DF8216800F05AF8616800F057F899
:105000006169686000F053F8E16800F050F8A16849
:1050100000F04DF8616928604908686800F047F8B9
:10502000E46800940646FF237F224FF400114FF4FA
:10503000002010F0DEF8FF216043B0FBF1F13046B4
:1050400000F035F8B0F5001F28BF4FF4001068607D
:1050500002B070BD821C0AD0431C0AD009B100F511
:105060000040000CFE2828BFFE20C0B27047FE2082
:105070007047FF207047FE2803D0FF2804D00004AB
:1050800070476FF0010070474FF0FF307047FF2806
:1050900008B5034607D0FF2907D010F09BF8FE287B
:1050A00028BFFE20C3B2184608BD0B46FBE7B0F18F
:1050B000FF3F08B5034608D04B1C08D010F092F80B
:1050C0006FF00103834228BF0346184608BD0B4614
:1050D000FBE70346084641B15A1C05D058438342BA
:1050E00088BF6FF001007047184670470138C31C35
:1050F0008CBF00200120704738B50546012003F021
:10510000DFFA0446022003F0CDFA044403F0A3FAC8
:1051100008342044684338BD08B5002105480FF025
:1051200099FE022003F0BEFA0FF0A4FF024B1860B4
:1051300008BD00BFB4390020B839002008B50220EE
:1051400003F0B0FA024B1B680133184408BD00BFDE
:10515000B839002010B5022003F0A4FA0446032059
:10516000FFF7CAFF024B1A683C322244104410BDBC
:10517000B839002010B5012003F094FA044602204B
:10518000FFF7BAFF024B1A6801322244104410BDE7
:10519000B839002010B5022003F084FA044601203B
:1051A00003F080FA024B1A6801322244104410BD09
:1051B000B8390020014B18680FF03DBEB43900200B
:1051C00001483C210FF046BEB439002001460022C0
:1051D00001480FF049BE00BFB439002010B5FFF7F9
:1051E00051FE0446FFF7BCFCC02818D0E02804D0CC
:1051F000402807D1FFF7AEFF01E0FFF7BBFF001B20
:10520000FFF7E4FFFFF792FD60B1FFF7C3FF04462D
:10521000FFF7AAFD201ABDE81040FFF7D7BFFFF740
:105220008DFFECE710BD30B585B002A80D4605F046
:105230009DFB9DF8094084B14FF480330022ED219D
:10524000009511200FF0D5FF2146FFF742FFB0F582
:10525000803F044601D908F04BFD204605B030BD23
:105260000220FCF7C3B80C2810B5044610D97246CA
:10527000C52140F20250F3F791FB013C0B2C05D9FC
:105280007246C82140F20250F3F788FB204610BD59
:105290000028F2D17246C621EBE7000073B5FFF794
:1052A000DFFF0DF107001DF0E1FB9DF807000D4D3C
:1052B000FFF7D9FF04232B54012400269DF8073063
:1052C000A34206D02046FFF7CEFF2B5C802B18BFF1
:1052D0002E540134E4B20D2CF0D100F0CDFE02B01A
:1052E00070BD00BFBC39002070B5054628B97246B4
:1052F0004F2140F20250F3F751FB0E4E012420469D
:10530000FFF7B1FFC30800F00702EB5C1341DB07B6
:1053100048BF335C04F1010448BF63F07F03E4B28B
:1053200048BF33540D2CEAD1BDE870404FF4806083
:1053300000F032BDBC39002070B5054628B9724670
:10534000642140F20250F3F729FB0E4E012420465F
:10535000FFF789FFC30800F00702EB5C1341DB078E
:1053600048BF335C04F1010448BF03F07F03E4B29B
:1053700048BF33540D2CEAD1BDE870404FF4806033
:1053800000F00ABDBC39002008B5FFF76CFF014BE7
:10539000185C08BDBC39002038B5094D2C78204672
:1053A00003F045F950B1074B18782B78834208BFBA
:1053B0002046FFF7E9FF003818BF012038BD00BFC5
:1053C000A82D0020AC2D002038B501240025204652
:1053D000FFF7DAFF08B90135EDB20134E4B20D2C64
:1053E000F5D1284638BD08B500F0ACFEBDE8084050
:1053F00002F056BD0022024811460FF035BD00BF35
:10540000C839002070B51CF098FE054688B301200D
:10541000FCF778F8002604460CB9304670BD082128
:105420002046FCF747FD50B9204603220121FBF737
:10543000A3FB0120FCF766F82E460446ECE70321A7
:105440002046FCF737FD70B90C212046FCF732FDF1
:1054500048B905212046FCF72DFD20B9204602F071
:10546000A3F90028E0D120460121FCF73BF80446CF
:10547000D2E70646D1E7000008B5FEF7DDFC04F0F0
:10548000CFFFFFF7BFFF034A137843F00403137005
:1054900008BD00BF7616002008B5012009F0DEFB2C
:1054A000012001F087FAFFF7E7FFBDE80840FFF7AA
:1054B000A1BF0000044B1B78012B01D0062B01D1AA
:1054C000FFF7EABF704700BFCC39002073B5F9F78A
:1054D00085FB019002F0AAF9019801F06BFAFFF741
:1054E000CBFFFFF78FFF1CF09EFE40B3002008F0BB
:1054F00097FF054608F0CAFE0446002000F0E6FDCE
:1055000045EA0003DBB2064613B934F0200327D086
:1055100008F0E6FF98B1210716D425436A07EBB2DD
:1055200014D4DD0714D4A10714D4E20614D4012E38
:1055300014D0022E14BF37203A2002F0F5FA0B4B9C
:10554000FF221A7002B070BD3520F6E73220F4E772
:105550003320F2E73420F0E73120EEE73620ECE7A5
:10556000A306ECD508F096FFE9E700BF7616002009
:1055700070B51B4D2E78022E044601D102F06EF854
:10558000A31E042B12D8DFE803F00316161C230019
:10559000012009F063FBFFF735FF01F059FFE0B18F
:1055A00002F012F901460F480FF054FC0E4B2C701C
:1055B000FF221A7070BD0D4B187809F04FFB2D219A
:1055C000F1E7FBF79FFE022003F06CF8411CEAE7CD
:1055D000012003F067F8811CE5E73446E6E700BFE9
:1055E000CC390020D439002076160020CD39002097
:1055F000A0F11403022B10B505D9094B1B78033B0E
:10560000012B0AD810BD042408F024FB0028F9D08F
:105610002046BDE81040FFF7ABBF0324F4E700BF0E
:10562000CC39002037B51CF0DBFC042803D1002462
:10563000204603B030BDFFF76FFA0028F7D06D4663
:105640002846FFF7EDFA009C002CF1D0FFF78EFA08
:1056500004460028EBD095E803000022FBF758FF32
:105660000028E4D1E4E7000070B5304C304D2378D9
:10567000033B0026012B2E7056D808F041FB2378FF
:10568000042B0ED100241CF054FDD0BB022C34D0CE
:10569000032C34D0012C34D11620BDE87040FFF724
:1056A000A7BF08F0EDFD0446304609F05BF908F0AD
:1056B000E7FD01462046FCF703F860B11CF082FCD0
:1056C000044601F0B9FC262811D8FFF7ABFF0028EB
:1056D000D8D00324D7E701232B701CF08FFD08B12D
:1056E0000224D0E71CF06EFC0306E7D5F8E7012C96
:1056F000EBD0082CE9D00124C5E71520CDE7142014
:10570000CBE71CF07BFD48B1FBF712FEFBF700FE78
:1057100020B90520BDE87040FFF72ABFFFF7D6FE8D
:10572000FBF7FCFD0120F5E770BD00BFCC39002080
:10573000CD3900202DE9F84380461CF0FEFC0446DC
:1057400048B100273C460020FBF7DCFE054628B99F
:105750000FB1FFF791FE2046BDE8F88300212846EF
:10576000FBF7C0FE06460146284616B9FBF7BAFE0F
:10577000ECE7FBF79FFF70B10C212846FCF79AFB82
:105780000C2181463046FCF795FBB9F1000F20D083
:10579000B0B144F0010400213046E1E718B1012224
:1057A0001146284612E0012001F004F91CF018FC13
:1057B000071F18BF0127FFF725FE0028EBD0C2E71F
:1057C000B8F1000F08D0012211463046FBF7D4F99A
:1057D000B9E7B8F1000FE1D144F00204DBE70000C3
:1057E0002DE9F0410646012009F038FA1CF0A5FC2D
:1057F000674F804618B9FF233B70BDE8F081FF2E4C
:105800000CD0644B18680FF00AFB38B1F31E022B62
:1058100004D8012001F0CEF8FFF72EFE1CF0EEFCBC
:10582000044628B308F032FD0546002008F0F8FDD4
:1058300004461CF0D5FB042802D01CF07AFC8046FC
:105840004046FFF777FF2B071FD4690729D4EA07E3
:1058500029D4630729D454BB58BBA9072BD4FF23F1
:10586000EA063B7006D50320BDE8F041FFF7C0BE55
:105870000546DEE7AB0601D508F00CFEFF2EBCD0D6
:10588000BDE8F0410120FFF773BE00239E423B704C
:1058900052D0013B052B10D8DFE803F011136D3116
:1058A0002B390123F2E70223F0E70323EEE7042379
:1058B000ECE70523EAE70623E8E70420D4E719200C
:1058C000D2E70620FFF754FE012002F0EBFE05466A
:1058D0000FF0C8FB0446022002F0E4FE431CB4FBB8
:1058E000F3F103FB11412944BDE8F04129480FF0D1
:1058F000B1BA0120FFF71EFF00283FF47EAF06205B
:10590000FFF736FE012002F0CDFE811CECE70620F9
:10591000FFF72EFE0C2002F0C5FE05460FF0A2FB9D
:105920000446052002F0BEFE0130B4FBF0F100FB9E
:105930001144691D2144D7E7164B18680FF06FFA20
:1059400000283FF45AAF701E05283FF656AF01A35A
:1059500053F820F0BF580100BF58010077590100EB
:105960006D5901007B5901008B590100012008F09D
:1059700057FD002884D01B2076E70120FFF7DAFED0
:1059800000283FF47DAF1C206EE71A206CE700BFB3
:1059900075160020D4390020F7B5A64D2B788BB9A9
:1059A0001CF0CBFB50B10120FFF722FEF2F7EAFB1F
:1059B00000F5742000F5107003B0F0BD0120FFF772
:1059C000D7FDF3E708F094F907460028EED12B78CD
:1059D000072BEBD008F026FC974B984E1868F6F78B
:1059E00045F80446002872D010F4805200F08480FC
:1059F0000120FFF7BDFDFBF75DFA09F045F9FFF760
:105A00005FF81EF061FA1D20FFF7F2FD3C4621050C
:105A100001D504F005FDA20401D509F0D5FDE3058B
:105A200002D51720FFF7E4FDA70509D501F066FAB6
:105A30001DF0A8FA337843F002033370FFF714FE29
:105A4000A00711D50120FBF7E9FD38B92B7803F049
:105A5000FB03022B02D10120FFF78AFDFFF7E2FDD5
:105A600000285AD0FFF718FDA10601D5FFF722FD47
:105A700014F00C0F01D0FFF71DFD14F4404F06D0B9
:105A80002B78012B01D0062B51D1FFF705FD220603
:105A900004D52B78012B01D1FFF7ACFCE30603D52D
:105AA00001F042F8FBF7C2FE670508D5FFF774FC6A
:105AB00028B11CF0B8FB10B10220FFF799FD600679
:105AC00005D501F03BFA337843F0020333705C4CA8
:105AD00020680FF0A4F9002835D03C2120460FF0B3
:105AE000B9F9FF2333702B78013B052B2BD8DFE866
:105AF00003F06D6D2323B3C5E007019287D54FF402
:105B00000070FBF773FC2B78019A022B7FF47FAFB8
:105B10004B4811460FF0A8F979E72B78012BA3D158
:105B200001F01EFA337843F0020333709CE7022B36
:105B3000ADD1FFF7A1FCAAE7424B18680FF06FF94F
:105B400008B1FFF791FD13F00FF82B78012B17D058
:105B50003C4F38680FF06FF9044638680FF05FF972
:105B600000280CBF21460121354800220FF07CF9A6
:105B70002B78052B04D13248002201210FF074F953
:105B80002B78012B01D0062B1DD13378D90706D5F0
:105B900008F0A6FD0022014629480FF065F9337888
:105BA0009A0706D501F084F90022014624480FF037
:105BB0005BF933785B0706D5FFF7FCFA0022014654
:105BC0001F480FF051F900233370EFE601F0CAF8D7
:105BD0000128044629D11D20FFF70AFD2B78022B4E
:105BE0000CD101F0A9FD48B1012000F0E3FEFFF760
:105BF00043FCFFF7FFFB0120FFF7BAFC2B78012BDA
:105C0000A1D1FF20FFF7ECFD2B78012B9BD1032CBA
:105C10001AD0FFF7CFFA002895D1012000F0CAFE74
:105C2000FFF72AFCFFF7E6FB8DE70228D6D11E20FE
:105C3000D2E700BFCC390020D039002076160020F2
:105C4000C8390020D43900200220FFF791FC2B78BE
:105C5000012B7FF478AFDCE7FBF75AFB38B1FFF795
:105C600035FCFBF75BFB0120FFF782FC6BE7064B83
:105C700018680FF0D4F80028F1D164E7034B1878C6
:105C8000FFF7AEFD5FE700BFD43900207516002096
:105C900010B5012086B002F013FD044602F0CEFCE0
:105CA00002343049B0FBF1F12F4821440FF0D2F813
:105CB0002E4800210FF0CEF812F044FF01F01AF840
:105CC00000F04AFFFFF7EAFA01F05AF901F09AFDF5
:105CD00001F02EFB02F02CFE254BFF221A70254B03
:105CE00000241C701EF04CFEF0B11422214601A8C5
:105CF0001EF08AFE204B009312238DF804301F4BB8
:105D0000029348F6B803049301238DF814301CF075
:105D100067F9042814D1002303936846F4F7F6FFCB
:105D2000F5F76AFE164B18600020FFF721FC1548B6
:105D300004F0F2FD144806B0BDE81040FBF73ABB92
:105D40001CF07CFA0028E6D00FF07CF90F4BB0FB7A
:105D5000F3F202FB130000F5F42000F590700390BD
:105D6000DBE700BF40420F00D4390020C8390020D3
:105D700075160020CD390020D35103009959010038
:105D8000D0390020AD5D0100E753010060F59000BF
:105D90000720FFF7EDBB0000034B0146186808B170
:105DA000F5F742BE704700BFD03900204020FFF712
:105DB000F3BF08B51CF037FAA8B100F0FDF90120D7
:105DC00000F084F978B11CF024FA38B108F088FBAF
:105DD00048B1BDE80840362001F0A6BEBDE8084045
:105DE0000520FFF705BC08BD2DE9F8430F4C002541
:105DF000A0464FF00C09FF27D82620460FF00BF8DD
:105E000009FB058302211A8902F4705223F8082F36
:105E1000E772A6725A78013561F383020C2D5A702D
:105E200004F10C04E9D1BDE8F88300BFF03900208B
:105E3000F7B5FFF7C9FABF2300908222272113206C
:105E40000FF0D7F91F4C20701CF079F9002836D0DC
:105E50001D4800231A46194606460C2505FB036714
:105E600001337F7A7F0642BFC77A0132C9190C2BF2
:105E700000F10C00F2D102B3B1FBF2F11348C9B248
:105E80000FF018FA11480FF007FACC2838BFCC20D1
:105E90000F49F223FF224343B3FBF2F30B700D498A
:105EA000D8234343B3FBF2F30B70237858430A4BD8
:105EB000B0FBF2F0187003B0F0BDFF21DEE7FF2069
:105EC000E6E700BFE1390020F0390020E439002086
:105ED000E2390020EC390020E039002007B5FFF757
:105EE000C2F90C4B0C2202FB00300089C0F3090000
:105EF00060B1094B19880090012280294FF0FF03FF
:105F000038BF802110460FF074F9C0B203B05DF8BD
:105F100004FB00BFF0390020843A002037B5174B4E
:105F20001B789B07044622D0857A1CF008F90028CC
:105F3000009514BF1423802340F2FF32BF2182203A
:105F40000FF057F92389C3F30902104440F2FF32DE
:105F5000904228BF104660F309032381F2F706F947
:105F6000637A60606FF38303637203B030BD1CF02B
:105F7000E6F8002814BF14208020E3E7ED39002064
:105F8000437AC3F301138B4270B504460D4602D029
:105F900000210EF05FFF022D29D0032D40D0012DEE
:105FA00007D02046FFF7BAFF637A65F305136372E3
:105FB00070BD637AC3F38102012A03D965F38303B9
:105FC0006372F1E720680EF06AFF06461CF0B7F82E
:105FD000002814BF78234FF496739E42E4D32046E2
:105FE000FFF79CFF002120460EF034FFDCE7637AC8
:105FF00003F00C020C2AE1D0042AD5D120680EF05F
:106000004EFF06461CF09BF8002814BF78234FF47F
:1060100096739E42C8D3637A65F383036372E1E7A4
:1060200020680EF03CFF06461CF089F8002814BFDB
:1060300078234FF496739E42B6D3002120460EF08B
:1060400009FF1CF07CF823890028C3F3090214BF60
:1060500014218021B2EB510F4FEA510082BF121A76
:1060600062F309032381637A03F00C02082A9BD1AF
:1060700043F00C03A4E7000010B501F00DF80D4B40
:106080000D4800241C80902221461EF0BDFC0B48C8
:106090000EF0C1FE0A4803210FF0E2F80948022180
:1060A0000FF0DEF8084B1C80FFF79EFEBDE81040A5
:1060B000FFF7BEBE863A0020F0390020803A00206B
:1060C000D8390020E4390020843A00202DE9F3413A
:1060D000194FDFF86C803C7898F800600546204640
:1060E00002F0A5FA18B9002002B0BDE8F08101A8BD
:1060F000F8F7EAFC98F801309DF80420A34218BF95
:1061000000263B789A42EED19EB9002DEBD101F0EA
:106110000FF80028E7D02046FFF7A5F8074B0C2220
:1061200002FB00300122437A62F3830343720220B0
:10613000DAE70120D8E700BFA82D0020F0390020C1
:10614000863A002008B505480FF0ACF8044B002251
:106150001A80BDE8084001F01FB800BFD839002000
:10616000863A002008B504484FF416710EF072FE0E
:10617000BDE80840FFF738BE803A002038B5054634
:1061800002F07AFA044670B92846FFF76CF8094B1A
:106190000C2202FB0030437A13F08C0F0CBF012459
:1061A0000024204638BD28460FF065FF0328EBD1B8
:1061B000F7E700BFF03900202DE9F04FDFF804B316
:1061C000DFF8F0929BF80030A1B000240293B54BA9
:1061D000C8461C800C26012706FB04810B89C3F3EB
:1061E000090393B10B8903F2FF32C2F3090262F390
:1061F000090301F108050B813AB901214846FFF76F
:10620000BFFE6B7867F383036B7001340C2C09F1CC
:106210000C09E1D1A44C00F053FF20680EF0FFFD03
:1062200010B120460EF0F7FD20680EF035FE002874
:1062300040F08D81DFF89092DFF890A2A9F800007D
:1062400001252846FFF70FF80C2303FB00830646C1
:106250005A7A6FF386125A72029BAB4240F0D0809A
:10626000924C204601F0A0FD237801465BB10190DD
:106270008F480FF01FF89AF8003001998B4202D92D
:106280008B480FF017F88A480EF0F2FF01460028FD
:1062900060D10C2000FB06800EF0DCFD0135EDB274
:1062A0000D2DCED1814B00271F7005A89BF8003023
:1062B0000193F8F7B7F83D463C4601264FF00C0A2B
:1062C0003046FEF7D0FF5FFA80F90AFB0989029099
:1062D00099F809206FF3C71289F809203046FFF7B3
:1062E00053F8002840F0F680B9F80820C2F30902FC
:1062F0000134002A00F0EE8008AB03EBC50220ABAE
:1063000005F1010903EBC505029B05F85C3C019B07
:10631000B34200F0DD80029205A8F8F791F8029AE6
:10632000002800F00F81634915F85C3C0AFB031359
:10633000B3F808C003790AFB0313CCF309011B89E6
:10634000C3F30903994200F2AB80014605A8F8F7B0
:10635000B7F8BEE056480EF09FFF07461BF04EFF11
:1063600098B1002208A88DF8202000F031FF9DF898
:10637000202052B19AF80020904238BF1046C0B297
:10638000B842034628BF3B46DFB200F06FFFA8BB10
:106390001BF0D5FE08B1FEF71BFC00F001042846F7
:1063A000FEF761FF01909AF80010019B0C2000FBA2
:1063B00003803AB2B942C2EB022200F108012ED9A1
:1063C0003D4C4B782478B2FBF4F2FF2A28BFFF2221
:1063D00043F040034B70C27287720021FFF7D0FD7B
:1063E0000C2000FB0686B9F800203389C3F30903AB
:1063F000934238BF1346A9F800304FE70120CCE79D
:1064000008A9284601F0EAFD9DF820200746002A49
:106410003FF444AF254A042111700024BFE7274B05
:1064200093F800C0BC450DD94B788772D824B2FBD5
:10643000F4F2FF2A28BFFF2243F040034B70C272E0
:106440000121CBE71E4B87724FF0F20CB2FBFCF23E
:1064500093F800C04B78FF2A28BFFF22D2B243F046
:106460004003BC45C2724B7001D90221B6E703213B
:106470000390FFF785FD0398002CB1D1437A03F018
:106480000C030C2B02D10221FFF77AFD019B0C209B
:1064900000FB0387BB7AE52B28BFE523BB729FE790
:1064A00002923AE7863A0020803A0020ED39002037
:1064B000D8390020F0390020E1390020EC390020E3
:1064C000E2390020A82D0020843A0020E039002085
:1064D00017464D460136F6B20D2E7FF4F1AE032C71
:1064E00083BF04EBC40405340A23002488BFB4FB33
:1064F000F3F41FB1394605A8F7F7CDFF154D0C266B
:1065000009E005A8F7F7FCFF037906FB03535A7A65
:1065100042F080025A72079BA342F2D89BF8000017
:1065200002F085F848B19BF800402046FFF726FEB0
:1065300018B1094A01231370547021B0BDE8F04F1F
:10654000FFF776BC114605A8F7F77CFFC1E721B03D
:10655000BDE8F08FF0390020863A0020431E0B2B57
:1065600010B5044607D8FFF709FE28B12046BDE85C
:106570001040FFF7B3BCFF2010BD000008B5FEF7C8
:1065800072FE064B0C2202FB0030407AC0F3810001
:10659000012894BF0020012008BD00BFF039002071
:1065A0002DE9F3470E460746FEF75DFEDFF8508201
:1065B0000C2505FB0080447A3046FEF754FE05FBAF
:1065C0000080C4F38104407AC0F38100201A07D10F
:1065D0003046FFF783FC04463846FFF77FFC201A5D
:1065E0000828A8BF082004466FF007008442B8BFFF
:1065F0000446384602F096F800B1023C304602F0FC
:1066000091F800B102343846FEF72DFE4FF00C0928
:1066100009FB0080457A3046FEF725FE09FB008025
:10662000C5F38105437AC3F38103AB4236D000231F
:106630001C441BF084FD002800F0C2801BF0E9FD23
:10664000002851D00020FAF75DFF054600283AD017
:106650002846FBF7B1FA01462846002953D0FBF73C
:106660006FF987422DD14FF002090DF1060138462E
:1066700001F0B4FC0DF107010546304601F0AEFC17
:106680009DF806209DF807308246002A49D0002B4D
:1066900071D0A5EB0A05002D44D084E01BF04FFD1E
:1066A00028B9544B1B789F4206D10423C0E71BF046
:1066B000A5FD0028F5D1BAE79E42B8D16FF00303DB
:1066C000B6E7864224D03946022008F029FD31463B
:1066D0000546022008F024FD2B1E18BF01230038B8
:1066E00018BF0120834211D13946012008F018FD5E
:1066F00031460546012008F013FD85420BD00DD32D
:106700004FF0FF39B1E7FAF7EDFE9EE7002DAAD171
:106710006FF00109A9E74FF00009A6E74FF0010962
:10672000A3E7ABBB002399443846FEF79CFD0C253C
:1067300005FB00804C44D0F804903046FEF793FDF2
:1067400005FB008043684B454ED38CBF4FF00109D9
:106750004FF00009384600F0FBFD0546304600F0DA
:10676000F7FD85424C4442D834BF0120002020442C
:1067700002B0BDE8F087204B1B78AB4201D8012363
:10678000D1E71E4B1B78AB4212D34FF0FF33CAE761
:10679000194B1B78834209D9184B1B7883420BD3C2
:1067A0004FF0FF356D42002DE9DAEEE70125F9E7FC
:1067B00001F050FC82466CE701F04CFC054668E7AE
:1067C0003946022008F0ACFC31460546022008F0AC
:1067D000A7FC854205DBCCBF4FF0FF394FF0000925
:1067E000A2E74FF001099FE74FF0FF39B2E74FF002
:1067F000FF30BCE7A82D0020E2390020EC39002052
:10680000F039002038B5012400252046FFF7B6FCFA
:1068100008B10135EDB20134E4B20D2CF5D12846B2
:1068200038BD2DE9F0479A4288B00446154698468F
:1068300052D04B78DB074AD42846FDF743FE261D8D
:10684000CDE9015096E80F0004AF87E80F00B2468B
:1068500000250DF10409DAF80000B8F1000F3ED070
:1068600080453CD199E8030008AB03EBC505103D1A
:1068700085E803006068049B00284FD0002B4FD0B0
:10688000A368059A9A424BD200220321FBF7A5FA8E
:10689000E06818B100220321FBF79FFA97E80F0088
:1068A00086E80F0060680023237030B101220321C5
:1068B000FBF793FA237801332370E06860B101227B
:1068C0000321FBF78AFA23780133237004E0104692
:1068D000FAF712FF0028AFD108B0BDE8F087D9F869
:1068E00000308342C6D00028BCD00421FBF7E2FA76
:1068F00070B9D9F80420DAF804309A4208D299E83D
:10690000030003AB03EBC503043383E80300D14664
:106910000AF1080A002DADD101259CE7002BB7D163
:10692000E268069B22B9002BD6D00028ACD1AFE795
:10693000002BD1D02369079A9A42CDD2F5E72DE9F1
:10694000F8438046002017460E469946FAF7DAFDCE
:106950003D4604460CB9BDE8F88304212046FBF708
:10696000A9FAC0B903212046FBF7A4FA98B1A542C1
:1069700011D0BC420FD0B9F1000F12D12A462346E4
:1069800031464046FFF74DFF03212046FBF792FAC0
:10699000002808BF254620460021FAF7A3FD04463B
:1069A000D8E732782146284607F09CFE0028E5D13A
:1069B000F1E700002DE9F04389B0804600F09CF833
:1069C00006460120FAF72AFE044600F0CDF80546F7
:1069D000C4B300206FF00103CDE90403CDE9060341
:1069E0008DF80C00FAF78EFD78BB022E28BF022628
:1069F000404FAC4228BF2C46F6B2E5B207F1080979
:106A00003B88ADF808300020FAF77CFD044658BBFF
:106A1000B8F1000F05D09DF8083043F010038DF851
:106A200008300020FAF76EFD044660BB9DF80C307C
:106A3000AB4202D202374F45E2D10020FAF762FDA5
:106A4000002847D109B0BDE8F0830022032101905E
:106A5000FBF7C3F9019800220421FBF7BEF9019866
:106A60000021FAF73FFDBFE703212046FBF722FA9A
:106A700020B1012204212046FBF7AFF90021204676
:106A8000FAF730FDC2E7204607F022FF034628B19F
:106A9000224602A903A8FFF7C4FE0EE001460190BA
:106AA0009DF80820204607F01DFE019B50B90123E8
:106AB000224602A903A8FFF742FF00212046FAF769
:106AC00011FDB1E79DF80C20B24202A9224603A8AD
:106AD000E1D3F0E7002205210190FBF77EF9019850
:106AE00000220421FBF779F901980021FAF7FAFC5A
:106AF000A6E700BF9C54030010B51BF01EFB80B13D
:106B000001F0ABFD04461BF079FB08B1601EC4B276
:106B1000044B1878A04228BF2046C0B2012838BFD5
:106B2000012010BD883A002010B5FFF7E5FF0446AC
:106B30001BF056FA04280BD0022C234628BF022350
:106B4000DBB2044A13702046BDE8104000F0A4BD3B
:106B50000123F6E7893A0020024B05221A70FFF75D
:106B6000E3BF00BF883A0020014B1878704700BF90
:106B7000893A002010B5044C20680EF08DF92046AB
:106B8000BDE810400EF047B9A03A002070B5124D94
:106B90002C686422C4EB04130646B3FBF2F00F4BDF
:106BA0001B78012B98BF3223A4EB50049CBF634396
:106BB000B3FBF2F00EF05EFA211809480EF04AF924
:106BC0002B681EB1074A934298BF5B00064A934266
:106BD00094BF2B602A6070BD903A00208A3A002052
:106BE000983A00207F5101008051010073B506469C
:106BF0000C460DF106001BF057FB184D4CB300245A
:106C00002C705EB1022001F04DFD2B78BDF80620FE
:106C100008309840824284BF01332B70022001F07B
:106C200041FD2D780830A840BDF80650854228BFA8
:106C300005461BF0D5F90428A5EB95060BD068088E
:106C40000EF018FA8119224605480EF00DF902B02F
:106C500070BD0124D5E70020F4E700BF8B3A002087
:106C6000983A0020F8B51E4E33788342054618D076
:106C70001C4F60B1012820D00020FFF787FFFFF7ED
:106C800079FF194A00231370184A137006E0012B8C
:106C900008D13B7833B90146FFF7A8FF33783B7042
:106CA0003570F8BD022001F0FDFC08300EF0E2F96D
:106CB00001460F480EF0CEF8F0E71BF040FA48B15D
:106CC000284601F0EFFC044601F0C5FC013404EB5A
:106CD0004001EEE7032001F0E5FC00F10A01E8E7DE
:106CE0008A3A0020943A00208B3A00209C3A0020F7
:106CF000983A002010B51BF020FA124CF0B1002198
:106D0000217011480EF0A6F81BF06AF90F4A104BDB
:106D1000042818BF4FF416731360FFF72BFF0D4BB9
:106D200022781A700C4B01221A700C4A002313703F
:106D30000B4ABDE81040137000F0CCBC0223237056
:106D40003C21DEE78A3A0020983A0020903A002061
:106D500080510100943A00208C3A00208B3A0020A8
:106D60009C3A00202DE9F8431BF0E7F94B4F04460D
:106D700040B902234A483B703C210EF06BF8204694
:106D8000BDE8F8831BF02CF9464D044628680EF048
:106D900083F840BBFFF7EEFE28680EF07DF88046D2
:106DA000FDF7BAFE064620BB231F5C425C41022071
:106DB000FAF734FC05461BF013F9042806D100F05D
:106DC000B5FC18B1F8F7CCFA2844C5B2DFF8DC906E
:106DD00099F80030AB4233D9B8F1000F16D100203A
:106DE000FFF740FF19E028680EF019F80028D1D10C
:106DF000D2E7042C08D0FDF7C9FE0446FDF7A8FE33
:106E000004F001040646D2E70124F7E70120FAF76F
:106E100005FC99F800308342E1D83C78012C09D177
:106E20001F4B18680DF0FBFF20B11F4B00201C709A
:106E3000FFF718FF3C788CB1022C1BD000249EE792
:106E400054B91BF078F938B1002EC8D0164B1B7816
:106E5000002BC4D10120C3E70220C1E7104B186802
:106E60000DF0DDFF0028E9D021460120FFF7BEFE2E
:106E7000012484E70A4B18680DF0D1FF28B900F00F
:106E80007BFC0028DAD0032479E70120FFF77EFE9F
:106E90001BF051F90028F2D071E700BF8A3A0020B8
:106EA000983A0020A03A00209C3A00208C3A00201A
:106EB00038B50F4B0F4D18680DF0BDFF044628681C
:106EC0000DF0EAFF28B128680DF0B5FF844228BF15
:106ED0000446094B1B78022B07D100F027FC20B198
:106EE00000F080FC844228BF0446204638BD00BF25
:106EF000983A0020A03A00208A3A002008B50C4BAE
:106F00001B78022B0FD10020FFF740FE022001F07A
:106F1000C9FB411D07480DF09DFF00F081FA064BAB
:106F200000221A7008BD00210846FFF75FFEEDE75A
:106F30008A3A0020A03A00209C3A002008B51BF0B5
:106F4000FEF848B1054B1B78022B05D0BDE8084080
:106F500001210020FFF74ABE08BD00BF8A3A002089
:106F600000F060BA034A00231380034A1380034AE7
:106F700013707047AA3A0020A83A0020A63A0020D1
:106F800008B5FFF7EFFF044A00231370034A13709C
:106F9000034A137008BD00BFA43A0020A53A0020A0
:106FA000A73A00200A4B0B4A1B8812880A491A4448
:106FB000072A08700949C1BFC3EB0323B3FBF2F3EF
:106FC0000B70074BD5BF002301220B701A7070475E
:106FD000AA3A0020A83A0020A73A0020A43A0020AC
:106FE000A53A002020B1034A13880133138070476B
:106FF000014AF9E7A83A0020AA3A002068B50C4BEC
:1070000006461D7801F0FEFA454301F017FB094AD8
:10701000B5FBF0F31278FF2132B15A080A4406FB9F
:1070200002F3B3FBF1F068BD03F1FF02F7E700BF25
:10703000A43A0020A73A0020014B1878704700BFFF
:10704000A43A0020014B1878704700BFA53A0020F1
:10705000014B00221A707047A53A0020034A1378AA
:10706000FF2B1CBF01331370704700BFA63A0020EE
:1070700020B5074B1D7801F0C5FA454301F0DEFA53
:10708000044BB5FBF0F01B7803B14008C0B220BD43
:10709000A63A0020A73A002008B5074B00221A6044
:1070A0005A609A601BF04BF8044B002814BF022270
:1070B00003221A8008BD00BFAC3A0020B83A002075
:1070C00010B51A4C23884FF6FF7293421CBF013350
:1070D0002380FDF785FD78B10023E3801BF08EF857
:1070E00088B900236380A388E3B923880A2B82BF71
:1070F00000232381638110BDE3884FF6FF72934222
:10710000ECD00133E9E7F8F725F90028E9D16388E5
:107110004FF6FF729342E8D0E288002AE5D10133AE
:107120006380E2E7013BA380DFE700BFAC3A0020C9
:1071300070B500F0F3FC06461BF060F8044610B989
:107140000024204670BD1AF0FAFF0028F8D1114D36
:10715000EB88012BF4D8002EF2D01AF041FF04285E
:1071600001D0312EECD81AF03BFF04284FF0050077
:107170000ED0AB8800FA03F60DF07CFF83196A8805
:107180009A42DDD3AB88032B9CBF0133AB80D8E799
:107190000346F4E7AC3A002038B50C4CA57A00233E
:1071A0002380638065B9F8F7D5F86072F8F7F0F8D6
:1071B000637A2072003B18BF0123A372E57238BDC9
:1071C000E37A022B9CBF0133E372F8E7AC3A00206C
:1071D000F8B5244B244E1C880023037005461AF092
:1071E000AEFF10B9F37A03FB04443388A34237D3CC
:1071F000F37A022B34D8F388012B31D8F8F7AAF8A8
:107200000446F8F7C5F80346307AF77A717A0C220B
:107210007F26834212FB07621CD2C31AC3EB0323EF
:10722000B3FBF0F39A4201D801202870287898B96E
:107230008C4213D20C1BC4EB0424B4FBF1F4A24225
:1072400001D801222A701819FF2828BFFF20C04347
:10725000C0B2F8BD0023E9E70024F4E70446F2E7F2
:10726000FF20F6E7B83A0020AC3A0020064B074A68
:1072700019881288914205D3588802288CBF0020B3
:107280000120704700207047AC3A0020B83A002037
:10729000F8B590F863300546002B45D00021493001
:1072A00002F0F7F800283FD0204E5735002436F87A
:1072B00014301B050FD506EB440367005B781B09F0
:1072C00005D172463E2145F2D140F1F767FBF31933
:1072D0005A78F0325A7036F8143015F8011BC3F39F
:1072E0000B02520092B262F30B0326F81430C1B1C4
:1072F00042F0010262F30B0326F8143006EB44015E
:107300004A78C2F30313013303F00F0363F3071248
:107310000C2B4A7005D97246492145F2D140F1F74C
:107320003DFB01340C2CC2D1F8BD00BFBA3A00209D
:1073300008B50021044818221DF066FBBDE808408E
:1073400002480221FCF716BBBA3A002091720100F4
:10735000064B03EB40000C2310F8010C0009C0EBB6
:107360000020B0FBF3F0C0B2704700BFBA3A002073
:1073700008B51AF035FE042803D0084B1B78012B02
:1073800006D9074B07481968BDE808400DF062BDF3
:10739000BDE8084003480DF03EBD00BFD23A0020D2
:1073A000D83A0020DC3A002010B504469AB00020FC
:1073B000FAF734F90E282ED80021682268461DF00D
:1073C00023FB23680293637C8DF8483023798DF882
:1073D00015308DF81430A37C8DF84E30A3680693D9
:1073E000217CE36807936846F9F726FC98B1627C34
:1073F00021680423F9F76AFD032803D8074B185CBA
:107400001AB010BD724645F2CB0040F22121F1F7CF
:10741000C5FA0320F4E70120F2E700BFA4540300FB
:10742000FFF7A6BF10B507F05DFD68B10220FAF7BF
:10743000F5F80446FFF798FB844205D2BDE81040FA
:10744000024800210DF006BD10BD00BFDC3A00204F
:10745000F0B589B01AF06DFEE8B1FFF785FB06467E
:107460000020FAF74FF8002504464CB3AE421CD872
:10747000784B1E78012E28BF012677480DF0CBFCF3
:10748000FFF776FF07F02EFD002800F0AA8007F036
:10749000E5FC044626E01AF052FE18B91AF0B9FECF
:1074A0000028DAD16B4B1E78E7E72046FAF7A8FBF5
:1074B00000B1013520460021FAF714F80446D4E75C
:1074C000AE42EFD8D4E794E803000122FAF720F89F
:1074D000002840D0204607F0D5FC0546204607F09E
:1074E000B7FC2C46002CEED107F0B8FC002705466F
:1074F000002D67D0B44236D31AF072FD042809D1AA
:10750000F7F746FF30B1F7F75BFF01AF05460DB166
:10751000B44268D3E4B14FF48070F9F767FF0120FB
:1075200001F0C0F805460F20B4FBF0F001F0BAF806
:107530002844451D042001F0B5F80530854203D3E9
:10754000042001F0AFF8451D434829460DF082FCA8
:10755000204609B0F0BDA37C23F00403A3742046A9
:1075600007F090FC95E7AB7C590724D49A0727D401
:107570008DF81C402A680592AA88ADF81820AA68E0
:1075800003922A7C8DF810206A7C8DF81D20EA7CFD
:1075900043F00403C2F300028DF81E2003A8AB746D
:1075A000FFF702FF0128A7D008B90134E4B2AB7C91
:1075B00043F00203AB74284607F064FC054697E7E6
:1075C0000127F8E7002F97D0B44295D207F046FC88
:1075D000002889D0837C23F00203837407F052FCD7
:1075E000F6E7044688E729463846F8F787F897E82B
:1075F00003000122F9F78CFF38BB2846F7F7D0FECD
:1076000018B3019B05932846BDF80830ADF8183033
:107610008DF81C40F8F765FD03902846F8F764FDE7
:107620008DF810002846F8F7E8FD8DF81D00284673
:10763000F8F7EAF88DF81E0003A8FFF7B5FE012859
:107640003FF468AF08B90134E4B22846F7F7E8FE22
:1076500005465CE7D23A0020D43A002038B5012034
:10766000F9F750FF044624B9BDE8384009480DF049
:10767000D2BB01212046F9F735FF05462046FAF72F
:10768000A7FB20B10A2201212046F9F775FA2C4602
:10769000E9E700BFD43A002038B504461AF0A0FC50
:1076A000042802D00CB1013CE4B2A400E4B23C2CAA
:1076B000074D28BF3C242C701AF03FFD20B12B78D9
:1076C000012B38BF01232B70BDE83840FFF750BEB7
:1076D000D23A002010B50020FFF7DEFF10480DF071
:1076E0009AFB10480DF097FB0C2000F0DBFF0E4BCF
:1076F000013040081860042000F0D4FF04460C203C
:1077000000F0D0FF05340130B4EB500F07D37246C0
:10771000A021BDE8104045F2CB00F1F73FB910BD04
:10772000D43A0020DC3A0020D83A0020014B1868F7
:107730000DF0B2BBDC3A002010B50120F9F7E2FEF3
:10774000044618B9012000F0010010BD2046FAF7E8
:107750003FFB20B901212046F9F7C4FEF0E7054CB4
:1077600020680DF099FB0028ECD020680DF057FB45
:10777000E9E700BFD43A002010B51AF031FC042824
:1077800009D1FFF7F1F904460220F9F747FFA042BB
:1077900001D3FFF7EDFD034BBDE8104018680DF075
:1077A0003EBB00BFDC3A002008B5FAF711FB30B150
:1077B000044B18680DF033FB00F0010008BD0120F8
:1077C000FAE700BFD43A002010B5054C20680DF050
:1077D00063FB20B12068BDE810400DF02CBB10BD4C
:1077E000D43A002010B5064C20680DF055FB20B1AE
:1077F0002068BDE810400DF01EBB3C2010BD00BF4E
:10780000DC3A002008B5064B0648002202211A7017
:107810000DF026FDBDE8084003480DF0FCBA00BF9E
:10782000EC3A0020E03A0020E83A0020F0B58BB0B6
:107830001AF085FC002800F09780142200210DEB3F
:1078400002001DF0E1F800F008FF0446FDF7BCFD62
:107850000026074601252846FDF796FD58B9F7F79B
:1078600079FD002870D0069B29460133002006933D
:1078700007F056FC06440135EDB20D2DEBD1304634
:10788000764EFFF7BBFB33780590012B05460DD8EC
:1078900000934FF49F72FF23022100200DF0A9FCFA
:1078A00005FB00F3FF20B3FBF0F305933378FF2BC8
:1078B0001CBF013333701AF0A1FC10B1059B0133DA
:1078C0000593069D6C43F7F745FD002844D09923A6
:1078D000F2206343FF214443B3FBF1F2B4FBF1F424
:1078E00002F10A018C4294BF0894089140F6F421F9
:1078F0008B4237D90A3AAA422CBF07920795069CB9
:1079000000F0ABFE604309901AF06AFB042800F017
:107910009380534C20680DF0BFFA002840F0868019
:10792000059C1AF076FC002840F088801AF058FB7D
:10793000022840F08180089B9C427DD901200BB039
:10794000BDE8F0401AF002BC0C2F8CD92846FEF797
:1079500015FC002887D08EE71AF05BFC0028B6D112
:107960006623B5E70795CAE7FDF72EFD04460690A6
:1079700000F073FE14FB00F42CB97246D12149F2D9
:107980006A20F1F70BF8F8F743FC0390F7F7E2FCF5
:107990006622FF2500900399C4EBC4136243B3FB36
:1079A000F5F30020B2FBF5F20DF023FC0023CDE946
:1079B0000734002834D1013008900021084607F030
:1079C0008DFBFFF71BFB0446059026480DF064FC79
:1079D00064B158B15423221A10FB03F3FF20B3FB08
:1079E000F0F359428A4201DB9A4203DD1D4802212D
:1079F0000DF036FC1AF0F4FA022804BF01340594A5
:107A0000FFF736FB05990144FF2928BFFF211548E0
:107A1000C9B20DF04FFC13480DF03EFC05906EE727
:107A2000013C431EA0420793C7D8C4E720680DF06D
:107A3000F6F900287FF474AF0BB0F0BD079B01345A
:107A40009C42F9D802201AF081FB05484FF4E1610D
:107A50000BB0BDE8F0400DF0FDB900BFEC3A0020DE
:107A6000E83A0020E03A002038B50B4D24220021EE
:107A700028461CF0C9FF0F22002108481CF0C4FF53
:107A8000074B0848002402211C700DF0E9FB064B4F
:107A90002C831C7038BD00BF103B0020EE3A002044
:107AA000ED3A0020003B0020083B0020012805D8CB
:107AB000034AD37FFF2B1CBF0133D377704700BF2E
:107AC000103B0020014601480DF0F4BB103B0020A4
:107AD00001480DF0E1BB00BF103B002008B51AF0D3
:107AE0008DFB28B9BDE80840024803210DF0B8BB62
:107AF00008BD00BF103B0020024A937F01339377FB
:107B0000704700BF103B00200146034809B90DF043
:107B1000C9BB0DF0CFBB00BF003B002001480DF0FA
:107B2000BBBB00BF003B0020044A13780E2B9FBF55
:107B3000591C1170024AD054704700BFED3A002022
:107B4000EE3A002091B10A4B42B918B15A8901327C
:107B50005A8170471A8901321A81704718B11A8AFE
:107B600001321A8270475A8A01325A82704700BF26
:107B7000103B0020024AD3890133D381704700BFF4
:107B8000103B0020024AD38A0133D382704700BFE2
:107B9000103B0020024A938A01339382704700BF52
:107BA000103B0020024A938901339381704700BF44
:107BB000103B002000487047103B002000487047F1
:107BC000003B0020014B185C704700BFEE3A0020DC
:107BD000014B1878704700BFED3A002008B50F221E
:107BE000034800211CF010FF024B00221A7008BD50
:107BF000EE3A0020ED3A0020024A538B01335383C2
:107C0000704700BF103B0020014B0022DA7770471D
:107C1000103B0020034A1378FF2B1CBF0133137065
:107C2000704700BF083B0020014B1878704700BF29
:107C3000083B0020014B00221A707047083B0020CF
:107C4000014B1860704700BF0C3B0020014B1868C7
:107C5000704700BF0C3B0020014B93F82000704799
:107C6000103B0020044A92F82030FF2B1CBF013348
:107C700082F82030704700BF103B0020024B0022EA
:107C800083F82020704700BF103B002010B5044C43
:107C9000012194F821000DF09DFA84F8210010BD17
:107CA000103B0020014B93F821007047103B00204F
:107CB000024B002283F82120704700BF103B0020B8
:107CC000044A138B4FF6FF718B421CBF01331383A1
:107CD000704700BF103B0020014B188B704700BF5E
:107CE000103B0020014B00221A837047103B0020FC
:107CF000024A938B01339383704700BF103B0020EF
:107D0000014B00229A837047103B0020014B988B57
:107D1000704700BF103B002010B50B4C022104F14E
:107D200008000DF09DFA204604210DF099FA074B4A
:107D300000225A70FF221A70FFF796FE00F0EEF84C
:107D4000BDE8104000F0C8B9383B0020343B0020AB
:107D5000FFF7ACBE09B9FFF7B5BE014601480DF00B
:107D6000A9BA00BF383B0020014601480DF0A2BA75
:107D7000403B002008B9FFF7ABBE01480DF08CBABC
:107D8000383B002001480DF087BA00BF403B00207F
:107D9000014601480DF08EBA483B002001480DF025
:107DA0007BBA00BF483B00202DE9F04385B0064672
:107DB000F7F7D0FA002333700746002858D0012087
:107DC000F7F7AAFB84B20390002C4FD033789DF8CC
:107DD0000E50322443F0010315FB04F5337003A960
:107DE0000DF10B0007F0C8FF9DF80B308046002B0B
:107DF00041D0BDF80C20002A3DD000220093FF2185
:107E0000322310460DF0F5F9337843F0020300FBFE
:107E10000855044433704FF019090DF10A0000F0C1
:107E200011F99DF80A308046ABB11AF0D9F8042850
:107E300000D11FBBF8F7ECF90023C0F3470100970E
:107E40004A4618460DF0D5F9337843F0040300FB99
:107E500008550444337000F053F90C4B84B9FF22E9
:107E60005C701A70187805B0BDE8F0832546B6E757
:107E700004460546B3E74FF03209CEE70020E3E7BA
:107E80000122B5FBF4F45A701C70EBE7343B002080
:107E9000024B5A7802701878704700BF343B0020BC
:107EA000024BFF221A7000225A707047343B0020A8
:107EB00008B51AF0A3F948B9054804210DF0D0F926
:107EC000BDE80840034803210DF0CAB908BD00BF52
:107ED000383B0020403B002008B51020FFF724FE6F
:107EE0001AF0A1F928B107F06FFFBDE8084008F0CB
:107EF000A1B808BD00487047383B002010B5064CBB
:107F00001C23013803FB0044022120460DF086FAB1
:107F1000F0F72CF9A06110BD543B002010B50124EE
:107F200020460134E4B2FFF7E9FF0D2CF8D1024BF3
:107F3000DD221A7010BD00BF503B0020F8B5074687
:107F4000461E002945D01AF0FAF870B900240C2E0C
:107F50000AD8214B1C2202FB0636E1B230460DF056
:107F60006AFAF0F703F9B061F8BD0021384607F06E
:107F70001DFC0028EAD007F00DFE002107F016FED8
:107F800004460020F9F7BEFA054668B939460220D2
:107F900007F0C6F804EB8404A408052111FB004493
:107FA000FF2C28BFFF24D2E72846F9F7C6FC8742FA
:107FB0000AD100212846F9F77DFF28B12846F9F7B4
:107FC0005FFD844238BF044600212846F9F78AFA4B
:107FD000DAE7FF24BBE700BF543B0020F8B5471E9B
:107FE000FBB20B2B06460C461FD801230B70104D1D
:107FF000F0F7BCF81C2303FB07539B69C01A7828D1
:1080000004D9002323703046FFF778FF1C2303FBBD
:10801000075528460DF075FA02289CBF00232370EF
:108020002846BDE8F8400DF06ABA00200870F8BD97
:10803000543B0020024B01461878FFF77FBF00BF7A
:10804000A82D0020024B01461878FFF7C7BF00BFDC
:10805000A82D0020014B1878704700BF503B00202E
:108060002DE9F341DFF84880104FDD23002688F822
:1080700000300124354638460DF008FA0DF10701AD
:108080002046FFF7ABFF9DF807300BB105440136E2
:108090000134E4B20D2C07F11C07ECD11EB1B5FB85
:1080A000F6F588F8005002B0BDE8F081543B00209E
:1080B000503B002008B5054800210DF0D1F8044AD6
:1080C00000231380034A138008BD00BFA83C002092
:1080D000A43C0020A63C00200148F9F76BB900BF82
:1080E000B580010018B1044A138801331380034B93
:1080F0001A88114419807047A63C0020A43C002037
:1081000038B50A4C0A4D21882B880B449BB2092BA9
:108110000AD90848C1EB0121B1FBF3F1C9B20DF056
:10812000C9F800232B80238038BD00BFA43C002069
:10813000A63C0020A83C002008B50820F3F7D6F89C
:10814000054B186038B972464B21BDE808404CF227
:108150003C60F0F723BC08BDB03C002038B50546B4
:1081600008460C46F3F7AAF8032D0AD8DFE805F015
:108170000F1416020323834209D9F3F74FF90020A5
:1081800038BD72466C214CF23C60F0F707FC20468B
:10819000BDE83840F3F75EB90523ECE71123EAE7C1
:1081A00038B505460820F3F789F8032D044606D8AC
:1081B000074B585DA04234BF201A002038BD7246DC
:1081C0004CF23C609321F0F7E9FB0020F2E700BF9E
:1081D000A85403000B4B10B51C6803280AD8DFE82D
:1081E00000F003020705043C204610BD023CFBE7FB
:1081F000103CF9E77246B3214CF23C60F0F7CEFB3D
:10820000F2E700BFB03C00200220704710B500F13B
:108210000804204603F0C4FF02F0BAFB012808D08E
:10822000022807D0204603F082FB002814BF032059
:10823000022010BD0020FCE738B50C460546FFF7CC
:10824000E5FF03B203EB4303294604EB8300BDE8DB
:108250003840F6F7F7B838B5044628B972462F21EA
:108260004DF65620F0F79AFB04F130052046F6F75C
:1082700047F910B90C34A542F8D138BD10B5044601
:1082800028B9724627214DF65620F0F787FB204685
:10829000BDE81040FFF7DFBF70B50D46044628B9B2
:1082A00072463E214DF65620F0F778FB04F1300679
:1082B00029462046F6F785F928B129462046BDE82B
:1082C0007040F6F73AB90C34A642F1D170BD10B542
:1082D0000446EFF763FFD4F8BC30C01A10BD08B5F0
:1082E000FFF7F5FFC0F38F2008BD38B50546FFF74F
:1082F000EEFF044605F1080004F04BF8204438BDB9
:1083000008B5FFF7F2FFC0F38F2008BD10B5044693
:10831000F6F788F804F10C00F6F784F804F1180079
:10832000F6F780F804F12400BDE81040F6F77AB8BB
:10833000426983681344026AC06A13441844704750
:1083400070B50546FFF787FF0C4E044604B970BDB3
:1083500004F1080003F09DFA60B10321204600F00B
:10836000EFF83068214600F0B5F82846FFF773FFB4
:108370000446EBE72046F2F773FFF6E7944E002041
:1083800070B5044628B97246D3214DF65620F0F751
:1083900005FB04F10806304603F07BFA58B120468D
:1083A00000F0E0F80546304603F014FE012803D93A
:1083B000022809D0002070BD2046FFF790FFA84298
:1083C00094BF00200120F6E72046FFF799FFF6E76B
:1083D0002DE9F84F0E461746054600F130094FF0DB
:1083E00000082846F6F72CF8044626E037B9204660
:1083F000FFF7C6FF4EBB30B92046F3E72046B8472B
:108400000028F4D01EBB04F1080003F0C9FE214689
:1084100083462846F6F791F8F6F712F894F8C2303A
:108420009B06824602D45846FFF792FC2046002164
:108430001BF028FB08F101085446002CD6D10C355E
:108440004D45CED14046BDE8F88F0028D4D0204617
:10845000B047D0E738B5044600F130052046F5F7BF
:10846000EFFF10B90C34AC42F8D138BD70B50546F9
:1084700008460C46F5F7E4FF064650B92046FFF7DC
:10848000C5FE431CDCB204EB440305EB8305032C5F
:1084900001D9304670BD2846F5F7D2FF0C3510B92A
:1084A0000134E4B2F3E70646F3E708B51CF068FAD6
:1084B00018B1BDE80840FFF73FBE08BD0320FFF735
:1084C0006FBE0320FFF786BE8180704780887047AB
:1084D000F3F758B8FFF7FCBF38B5002505604560D5
:1084E0000446EFF75BFEC4F8C050C4F8BC00C4F803
:1084F000C45038BD10B5C821FFF730FE044608B19E
:10850000FFF7EAFF204610BD08B503F049FE02F070
:108510003FFA0238BDE8084018BF0120FFF7EABF64
:1085200038B5044650B10830FFF7EEFF054618B1E4
:10853000C82221461CF040FA284638BD0546FBE714
:10854000FFF7C2BFFFF7C2BFA0F8C0107047B0F876
:10855000C000704708B5083003F022FEBDE80840AF
:1085600002F050BA90F8C2309B0602D4083002F0F4
:108570004FBB3C20704700000048704700127A0053
:1085800008207047024BC31A58425841704700BF39
:1085900000127A00B0FA80F04009704759B9032AF6
:1085A000114628BF0321022A00D93BB90C23054AF2
:1085B0004B43D05870474FF4AF70704748F6A04017
:1085C000704700BFAC54030059B9032A114628BFB5
:1085D0000321022A00D93BB90C23044A4B43D0584B
:1085E000704740F23C50704701487047DC5403002C
:1085F0004019010008207047002070470120704793
:108600000120704700487047A025260030207047A1
:1086100000280CBF20200A207047EFF71DBE012064
:1086200070470120704701207047002070470138D3
:108630000B288CBF002001207047000000487047C5
:10864000604D2F000120704782B002AB03E90300A8
:10865000012002B07047032070471020704708B512
:1086600019F06DFD28B919F0BBFC031F58425841A1
:1086700008BD0120FCE70000014B1878704700BFDF
:10868000B43C0020014B1878704700BFB53C002077
:10869000024A00231370024A13707047B43C002052
:1086A000B53C0020044B584300F5F420034B00F583
:1086B0009070B0FBF3F0704700127A0040420F0058
:1086C000044B584300F5F420034B00F59070B0FBC9
:1086D000F3F0704700127A0040420F00034A044B47
:1086E00002FB00300133B0FBF3F0704740420F0053
:1086F000FF117A0090B1006880B16FF07F4398421B
:108700000BD00323C2B2AA2A07D0552A05D0013BB9
:108710004FEA1020F6D101207047002070476FF01B
:1087200007007047002070472DE9F04F89B002AD77
:1087300085E80300834628B94FF00009484609B090
:10874000BDE8F08F04ACBDF80C3001932046F9F77A
:108750002BFB94E80C0095E803001CF0FEF804469F
:108760000028E9D195E803000DF1180A3E4E8AE889
:108770000300FF252F46B0469AE80C00D6E90C010D
:10878000B1461CF0EAF80028D8D1FF2D44D1336B54
:10879000002B41D1E5B201341D2C06F16806EBD166
:1087A000FF2D02D1FF2FFDB2C6D0682615FB06F4BF
:1087B00008EB04093246002148461CF025F94846DA
:1087C0000CF0B2FC04F1080006FB058540440221D0
:1087D0000CF024FE019BAB8604F12000C5F830B0FC
:1087E000404405210CF03CFD04F1400504F1280053
:1087F0000521454440440CF033FD284600F08AFC36
:108800006434284600F082FE08EB04000CF072FF8E
:10881000284600F0C2FC91E796F83830DA07BAD45F
:10882000FF2F1ED0682202FB078103F0020091F89F
:108830003820C3F34003C2F34002934203D0002820
:1088400008BF2746A7E791F83A3091F8392096F803
:108850003A101A4496F839300B449A4238BF2746EA
:1088600099E7274697E700BFB83C002037B500F1ED
:10887000200420460D460CF011FD00220090FF233D
:10888000042110460CF0B5FCC0B2287050B120464F
:108890000CF002FD404200B26FF07F039842B8BF77
:1088A000184640B203B030BDF8B50C789C4205467E
:1088B0000E4617461DD20134E4B29C420C7004D11E
:1088C000BDE8F84000210CF0CBBC19F0B7FC3378C0
:1088D00058B1BB420DD128460CF0E0FCC0F34F016B
:1088E0002846BDE8F8400CF042BDBB4201D9012149
:1088F000F6E7F8BD73B50D46044619F09FFC002855
:1089000014BF78260A26B54203D82046C0B202B06A
:1089100070BD19F093FC002800954FF0D603224655
:1089200014BFFF211E2130460CF063FCEEE700006F
:1089300010B540F6C832002115481CF065F81C221D
:10894000002114481CF060F800F0B0FD0446F5F773
:10895000E3FF4FF41E43011B93FBF1F14843D0F5B5
:108960002A430C4A48BFFF331B12C2E90431C3EB50
:1089700003431B0493FBF1F303F5A063936100230E
:108980004FF420611370C2E90231536010BD00BF83
:10899000B83C002080480020F7B56A4682E8030012
:1089A00092E80300089F9DF824601D46FFF7BCFE77
:1089B000044688B10830294686B10CF03CFD3FB131
:1089C000397804F128000CF075FC002384F83C3061
:1089D00015B1002384F83A3003B0F0BD0CF02BFD44
:1089E000E943C9B204F128000CF064FC84F83C604F
:1089F000EEE773B50E460446F5F792FF0546F5F728
:108A00009BFF009601461923002228460CF0F1FB3B
:108A1000C1B2204602B0BDE870400CF0DBBB30B5FF
:108A20008FB002AB83E8030093E803000192FFF7E5
:108A30007BFE0446C8B1019D2422002105A81BF03D
:108A4000E3FF294605A800F083FB05A800F0DCFB46
:108A5000414209B27F29A8BF7F21C9B204F1200099
:108A60000CF028FC002384F83B300FB030BD000030
:108A7000054B1B78A3F180028242DABFC01A40B2D4
:108A80006FF07F00704700BF8048002013B56B4631
:108A900083E8030093E803001446FFF745FE58B14E
:108AA00090F8383043F0010380F8383090F83D30CA
:108AB00064F3000380F83D3002B010BD13B56B467F
:108AC00083E8030093E803001446FFF72DFE30B15E
:108AD00090F8383003F0FE031CB980F8383002B04B
:108AE00010BD43F00203F8E72DE9F04F85B019F00F
:108AF000A5FB002814BFFF271E2719F09FFB514E2E
:108B0000002814BF4FF078084FF00A0835461D249E
:108B10002B6BABB305F1080948460CF0B7FC95F890
:108B20003A309F4215D9013385F83A3019F086FB67
:108B300095F83A30002800F08180984501D09F4296
:108B400007D148460CF0DDFCC0F34F0148460CF05D
:108B5000DCFC95F83930BB423CBF013385F8393035
:108B600042463B4605F13B0105F12000FFF79CFE24
:108B70003B46424605F13C0105F12800FFF794FE13
:108B8000013C05F16805C3D1DFF8C080D8F810308A
:108B90000093D8F814300193D8F80450D8F818305E
:108BA000029327466FF07F0B326B62B306F1280AFF
:108BB00050460CF02BFC30B306F1200948460CF06F
:108BC00025FC00B350460CF067FB0390D8B1484633
:108BD0000CF062FB009B039A414209B25945A2EB9B
:108BE0000302B8BF5946019B120492FBF3F2029BA9
:108BF00009028B42D4BFC2EB0302C2EB0102002A7E
:108C0000A4BFA4180137104B6836B342CCD16FB162
:108C1000B4FBF7F42544D8F80840D8F80C206D08C8
:108C2000A54238BF2546954228BF1546C8F80450CE
:108C30002D0A88F8005005B0BDE8F08F434588D96B
:108C4000012183E7B83C00208048002080480020B4
:108C5000F7B56C4684E8030094E8030015461F4608
:108C6000FFF762FD0446D0B100F10806002130464E
:108C70000CF0E1FB3FB130460CF041FCC0F3470182
:108C800030460CF040FC3DB1297804F128000CF08E
:108C900011FB002384F83C30002384F83A3003B001
:108CA000F0BD37B56B4683E8030093E80300154633
:108CB000FFF73AFD0446A0B129460CF039FA15B188
:108CC000002384F8393020460CF066FA1BF071FC62
:108CD000C043C1B204F128000CF0ECFA002384F880
:108CE0003C3003B030BD73B56D4685E8030095E8B0
:108CF0000300FFF719FD044618B300F108063046DB
:108D00000CF0FFFBC0F34F01304604F120060CF0DD
:108D1000FCFB30460CF0C2FA2834C0F34F01304659
:108D20000CF025FB20460CF0B9FAC0F34F012046A9
:108D30000CF01DFB95E8030002B0BDE8704006F0A2
:108D40004CBF02B070BD73B56B4683E8030093E877
:108D500003001546FFF7E8FC044688B100F1080659
:108D600030460CF0D4FB58B101232B7030460CF088
:108D7000C6FB94F83A1002B0BDE87040FFF7BABDE8
:108D80000023FF202B7002B070BD37B56B4683E81F
:108D9000030093E803001546FFF7C6FC044670B1D4
:108DA0000CF0F7F958B101232B7020460CF0F4F9C0
:108DB00094F8391003B0BDE83040FFF79BBD0023A5
:108DC000FF202B7003B030BD13B56B4683E8030062
:108DD00093E803001446FFF7A7FC0023237028B193
:108DE000214602B0BDE81040FFF740BD02B010BD03
:108DF00007B56B4683E8030093E80300FFF794FC94
:108E000000B1403003B05DF804FB000070B596B0CF
:108E1000044619F094F90BAE2C2205460021304689
:108E20001BF0F2FD21463046F8F7CBFFD623002D8C
:108E30008DF8383014BF012319238DF84B3014BF3F
:108E4000312319238DF8503032238DF8543019F026
:108E5000C7F8042809D096E80300FFF765FC0D90D9
:108E600088B99DF8380016B070BD03AD284619F0DA
:108E700097F895E80C0096E803001BF06EFD0028BB
:108E8000E9D0FF20EFE70CF084F9119020B30D98A2
:108E90000CF082F90D9B8DF8480093F83910FFF71C
:108EA00029FD8DF849001BF084FB119B8DF84A00C9
:108EB0000022009310469DF84B3004210CF099F9E4
:108EC0000F9B9DF84A208DF84B00C0B200FB023387
:108ED0000F93109B184410900D9808300CF011FB64
:108EE000ADF84E00002845D00D9808300CF007FB77
:108EF000BDF84E308DF84C000022009310469DF8CE
:108F0000503004210CF075F90F9B9DF84C208DF822
:108F10005000C0B200FB02330F93109B1844109016
:108F200096E803000D9B05AD002285E803008DF84F
:108F300053203BBBFFF7F8FB034618BB3CB9224666
:108F400095E80300F8F7E4FA0446002853D02046D9
:108F5000F8F771FD8DF8530000284CD009AD21467B
:108F60002846F8F72EFF95E80300FFF741FF00F0D1
:108F70004BF910E09DF854309DF8502013448DF8C3
:108F80005430CDE718460DF15301FFF76FFC9DF803
:108F90005330002BD2D09DF853108DF8510001B3FF
:108FA0001F4CFFF765FD626923690091504348BF7C
:108FB000FF3003EB202383F308030022DB438DF80B
:108FC000523010469DF85430FF210CF012F90F9BDF
:108FD0009DF85220C0B200FB02330F93109B18443F
:108FE0001090109A002A3FF43CAF0F9BB3FBF2F3B2
:108FF0008DF8383035E795E80300F6F713FA0446A4
:1090000008B90020C7E7F7F706F88DF853000028E5
:10901000F7D007AD21462846F6F770FBA3E700BF5F
:109020008048002007B56B4683E8030093E80300FF
:10903000FFF77AFB00B1643003B05DF804FB38B58C
:1090400000F10805044628460CF0E0F920B1284656
:10905000BDE838400CF020B904F11000F8E700003A
:1090600038B50D46044680B1FFF7E9FF094B94F986
:10907000032093F9003028449A42ACBF8018C018EE
:1090800040B2BDE83840F5F7F9BB034B187801381A
:10909000C0B238BD9F4800207416002010B5F5F707
:1090A0004BFC0E4C2070F5F737FC0D4B1870C0B21E
:1090B0000C4B00F112021A700B4B00F10F021A70E8
:1090C00023780A4A143B1370094BC0F19F001870B3
:1090D000BDE8104007480321FAF74CBCA148002026
:1090E0009E4800209F4800209C480020A048002067
:1090F0009D4800206193010037B50D4602A901E9A2
:109100000C00044618B108300CF0CCF8257603B0FA
:1091100030BD000010B50446B0B10C4B1B78013BCC
:10912000DBB20377037000234376032108300CF091
:1091300097F8032104F110000CF092F8E38B23F46C
:10914000FF7323F00103E38310BD00BF74160020FA
:1091500013B504460191F0B19DF905309DF9041055
:10916000C91A21EAE171C9B210300CF0EFF804F12C
:1091700008000CF097F89DF80630143363709DF8E2
:109180000730C3F19F02C3F1B103E370C123237120
:109190000123A270637602B010BD10B5044640B141
:1091A00008300CF07FF804F11000BDE810400CF01E
:1091B00079B810BD13B580B100F1080420460CF059
:1091C00025F960B120460CF069F800220090FF23D9
:1091D000042110460CF00DF8C0B202B010BD1F20E3
:1091E000FBE710B560B190F90140FFF728FF201AA6
:1091F00000B26FF07F04A042B8BF204640B210BD5D
:109200006FF07F00FBE7000038B5C0B10D4A0E4C8F
:1092100090F9021092F9002094F9004090F9013081
:109220008D1A521A641B9A1A9442A8BF1446FFF76B
:1092300006FF201A00B200F3070040B238BD6FF0FD
:109240007F00FBE79E480020A14800202DE9F04365
:10925000446887B00546002C7CD0637E1BB901684A
:109260002046FFF775FFD5E9030104AF87E8030047
:10927000296895F90100039195F90010AA7D267FD0
:109280002B7D091A21EAE17104F10808C9B26AB319
:10929000404600910CF006F8009904F11009484688
:1092A0000CF008F897E80300039AFFF7B8FB404674
:1092B00027780CF0ABF808B30020FFF7D9FB404249
:1092C00041B25FFA80F82046FFF7CAFE87420BD909
:1092D000032140460BF07EFF41B22046FFF7C0FE5F
:1092E000B84228BF3846C0B220700CE0227E9A42B5
:1092F000D3D1404600910BF0DDFFCDE748460CF09E
:1093000085F80028D8D12046AF686578FFF797FE2A
:10931000281A387094F9031094F9042025780191E3
:1093200020460092FFF78BFEDDE9002143B228467C
:1093300000F0E4F9094B1B78984238BF1846C0B2D8
:10934000B04218BF94F8213020771CBF43F00103CE
:1093500084F8213007B0BDE8F08300BFFC20002076
:1093600030B5054687B01422002101A81BF04CFB44
:1093700005F11804D5F84900009094E80300FFF7C0
:1093800037FD019094E80300FFF74CFE029094E84B
:10939000030003AB83E80300AB7D8DF8143068460F
:1093A00001238DF81530FFF751FF07B030BD08B528
:1093B0000021FFF755FEBDE80840F5F749BA000067
:1093C00030B502298BB004460D4606D972464FF4DB
:1093D000DA714EF2EF00EFF7E1FA2422002101A842
:1093E0001BF012FB01A82168FFF7B2FE94F90120DF
:1093F00094F900309B1A094A92F90000084A002BA0
:10940000A8BFC01A32F915209DF906309B1A984260
:10941000D4BF002001200BB030BD00BFA148002008
:109420000C550300022938B504460D4606D972468C
:1094300040F2DD114EF2EF00EFF7B0FA204684B1B2
:10944000FFF7FDFD94F90130181A064B93F900401F
:10945000054B33F9153000B2E41AA042D4BF002006
:10946000012038BD9E4800200C55030030B505464C
:109470008BB024220C4601A800211BF0C5FA2968F4
:1094800001A8FFF765FE214601A8FFF7CBFF0BB04F
:1094900030BD38B504460D46FFF792FF18B1294696
:1094A0002046FFF7E3FF00F0010038BD014B93F9C0
:1094B000000070479F4800207F2807D0044B93F995
:1094C00000308342B4BF0020012070470020704765
:1094D0009C48002000234B70034B08701B788B7056
:1094E000024B1B78CB707047A04800209D4800209D
:1094F00028B190F8213061F3410380F821307047A2
:1095000018B190F82100C0F34000704728B1002343
:10951000C361024B1B78013B037770477416002030
:1095200008B100238377704728B190F8213061F3A8
:10953000000380F82130704718B190F8210000F046
:10954000010070472DE9F84305460F469046F5F7B0
:1095500095F90446F5F77CF9A84213DD94B120464D
:10956000F5F776F904F1FF395FFA89F906464846BE
:10957000F5F76EF9EDB2761B2D1A76B26DB2AE42EA
:10958000A8BF4C462046F5F763F94744B84202DDD0
:109590000CB1013CE4B22046BDE8F8837F2938B520
:1095A0000C4615460DD0F5F753F963195BB2984296
:1095B000A8BF18462A46214640B2BDE83840FFF70A
:1095C000C1BF38BD2DE9F74398462C4B1D7805F1F6
:1095D000FF395FFA89F60346002842D0284F047FFE
:1095E0003F78FFF78DFF002943D04C4541D0002A3A
:1095F0003DD10235AD08012D38BF012501FB0544E1
:10960000E4B24C45A8BF3446D97F5A7FC90705D577
:10961000974203D2944207D2541EE4B2944203D23A
:10962000997F032998BF144693F9041001911846B5
:10963000FFF705FD4C45A8BF344642B201992046CC
:10964000FFF7ACFF0646B8F1000F06D0FFF767F84A
:109650007F2802D0F5F712F90746BE4238BF3E46D2
:10966000F6B2304603B0BDE8F043F5F7F1B8012596
:10967000C4E70028C8D00134E4B2C5E7741600205E
:10968000FC20002038B5154604461A4678B19DF8EE
:109690001030FFF797FFF5F7F1F845B1E27F12F0D0
:1096A000010305D101231A43A3776077E27738BD20
:1096B000627F824205D8A37F032B28BF0323013397
:1096C000DBB2A3776077F2E770B50E4680B1FFF7A3
:1096D000B6FC094B05461878F5F7BAF8044626B1EA
:1096E000FFF71DF87F2818BF0446601B40B270BD0D
:1096F0006FF07F00FBE700BFFC2000207047704741
:1097000000487047A448002008B500F099F8034BC2
:109710001B780BB9024A137008BD00BFA248002095
:10972000A3480020024B01221A70024B18707047A8
:10973000A2480020A348002008B518F051FC0428D6
:1097400016BF024B0120187808BD00BFA3480020B7
:109750002DE9F3416D4685E8060006469DF8208018
:109760000E481F46F4F76CFE044618B9204602B0B6
:10977000BDE8F08195E80C00D4E906011BF0EDF896
:1097800050B1238CB34207D194F82630BB4203D1A9
:1097900094F827304345E9D02046E3E7844E002083
:1097A000F8B5061D05463046F4F74AFE124F04464A
:1097B0004CB9FDB129461148F4F7F6FE2846BDE83C
:1097C000F840F1F74DBD21463046F4F7EDFE204656
:1097D000F1F746FD3B782BB9724692214DF24B20B2
:1097E000EFF7DCF83B783046013B3B70F4F728FE9E
:1097F0000446DDE7F8BD00BF804E0020844E002007
:1098000010B50D4B1B784F2B14D90C48F4F718FEEC
:10981000044628B974B12046BDE81040FFF7C0BF28
:10982000226903699B1A34EA230428BF0446F4F72B
:1098300007FEEEE710BD00BF804E0020844E0020E2
:109840000148F4F7EFBD00BF844E00202DE9F0433E
:1098500087B0054602F090F8002800F0AA8028465C
:1098600002F008F904AE29460746304602F0E9FA4C
:10987000284602F069FD0390284602F06FFD009033
:1098800096E80600039B3846FFF762FF044688BB54
:10989000FFF7B6FF2C210220FEF760FC044628B932
:1098A000FEF70EFA032007B0BDE8F0832C2200215A
:1098B0001BF0AAF84FF00008201DF4F7B3FD84F860
:1098C0002880EEF765FC21462061A4F822803F48FD
:1098D000F4F7E1FD96E8030004F11803278483E818
:1098E0000300284601F094F9C0010ABF4FF4E133A8
:1098F00060616361284602F0A6F804F10409064697
:109900004846F4F79DFD074658B9FFF779FF7021E7
:109910000220FEF723FC064640B92046FFF740FF31
:10992000BEE7BB88B34246D03846EAE7284601F096
:10993000C5FF70228046394630461BF065F8284640
:1099400002F081F8A6F80680B080284601F0CBFF2F
:109950004246014606F108001BF02EF83146484603
:10996000F4F799FDA38C4344A384284602F0ECFC51
:1099700084F82600284602F0F1FC84F827002846E7
:1099800002F064F8022806D1B0880123804484F8EC
:109990002830A4F822800E4A137801331370B2885D
:1099A00040F2DC539A4206D92046FFF7F9FEFEF753
:1099B00087F9022077E794F828302BB1608CA38CCC
:1099C000C01A18BF01206EE701206CE7844E00200A
:1099D000804E0020F0B585B00646084602A981E811
:1099E0000C009DF82C30009306C99DF82830FFF735
:1099F000AFFE0446C0B190F8280058B1628CA38C29
:109A00009A4211D1201DF4F71BFD40F2DC570546A8
:109A100015B9608C05B0F0BDA888B84206D92046BB
:109A2000FFF7BEFEFEF74CF90020F3E7EA8805F1E8
:109A3000080130441AF0C0FF2846F4F701FD05463E
:109A4000E6E71FB502AC84E806009DF818200092F6
:109A500094E80600FFF77CFE20B104B0BDE810409A
:109A6000FFF79EBE04B010BD70B50C48F4F7E8FCDB
:109A70000446EEF78DFB054604B970BD2046F4F7A9
:109A8000DFFC23696269EB1A9342064604D920463B
:109A9000FFF786FEFEF714F93446EDE7844E00200A
:109AA0002DE9F04100F108068AB000230546314651
:109AB0006846089302F0F0F9DDF80080BDF8043044
:109AC000CDF81C80ADF82030B8F1000F06D1002190
:109AD00028460AB0BDE8F04119F0D4BF304602F084
:109AE000CEFA07AC30B14F4B1A689B880792ADF89D
:109AF000203067E094E80300FAF707F907460028EA
:109B000040F0898018F1020F2BD10146304602F057
:109B1000C9FB94E80300FBF707F8E0B118F00BFB72
:109B2000024678B1FBF722F8A8B104A8FBF778F851
:109B3000049B079302A8FBF773F8BDF80C30ADF84F
:109B400020303A4694E80300F7F7E2FCB0FA80F0E0
:109B50004009002836D028460AB0BDE8F04100F0A0
:109B600071BC95F8C230DA0707D51B07AFD42D4B6F
:109B70001A689B880792ADF8203094E80300002211
:109B8000F7F7C6FCC0B994E80300F5F74BFCC8B979
:109B9000304601F057FE002899D0304602F081FA95
:109BA000012894D0304602F015FA01289BD0F7F72F
:109BB00097FB0028CFD096E7F7F7C2FEFEF737FDF8
:109BC0000028E0D0304694E8060001F0DDFF304682
:109BD00001F038FE70B9002095F8C23060F3C3037D
:109BE00085F8C230104B294618680AB0BDE8F0412C
:109BF000FEF770BC304601F0DEFF0028EBD13046A6
:109C000000F074FF0028E6D1304602F0E3F9003896
:109C100018BF0120E0E702212846FEF791FC034B24
:109C20002946E1E75C7D0300205E0020944E002081
:109C30002DE9F041734F92B03868F1F7C5FC044646
:109C400000283ED0FEF77EFCC0B20138032878D849
:109C5000DFE800F0023C27D304F10805284601F0B4
:109C6000F1FD88B1284602F051FB38B1664E284616
:109C7000317802F045FB337801333370284602F027
:109C8000A9F908B1FEF734F804AE304618F088F9A7
:109C900096E80600284601F04BFF2046FFF700FF3C
:109CA00007E018F046FA0028F7D00021204619F006
:109CB000E9FE3868F1F7A2FC18B138680021F1F725
:109CC00061FC4FF0FF3012B0BDE8F08120460DF18D
:109CD0000F0100F0E0F804460028EAD000F1080582
:109CE000284601F0D6FD002840D010AE2946304667
:109CF00002F0D2F896E80300DDF84080FAF705F8A4
:109D000098B118F06DF904280BD118F1020F08D1A1
:109D100006AE304618F044F996E80600284602F0F0
:109D2000F0F8204619F0EEFFC3E7B8F1FF3F0CD181
:109D3000204619F0E7FF18F076FA10B19DF80F30C1
:109D40007BB92046F1F78CFAB3E7284602F084F994
:109D50000028F0D096E80300F3F77EFA0028E7D158
:109D6000E9E703212046FEF7EBFB96E7284601F0E2
:109D700080FD002838D0294610A803F0F1F8109B88
:109D8000049329460EA803F0EBF8BDF83C30ADF87B
:109D9000143029460CA802F054F80C9B069329466F
:109DA0000AA802F04EF8BDF82C30ADF81C30059B27
:109DB0000093DDE90612049B204600F011FC2046CA
:109DC000FEF78AFB08AE01212046FEF7B9FB3046BC
:109DD00018F0E6F896E80600284601F0A9FEEEF72E
:109DE000DDF9C4F8BC0058E7284601F032FD002830
:109DF000A7D0204600F010FDA3E7204600F0D4FCD9
:109E00009FE700BF944E0020904E00207FB500F0E9
:109E100085F800F09DFC00F049FA1AF0B1FDC8B1D8
:109E20001422002101A81AF0EFFD0C4B0093162319
:109E30008DF804300A4B029368464FF4487304933C
:109E4000F0F764FFF1F746FB064B186000F0B4F939
:109E500000F058FA07B05DF804FB00BF1A55030084
:109E6000319C0100944E0020024B01461868FEF719
:109E700031BB00BF944E002008B5F8F793F8F6F711
:109E800018F9F9F79DF90DF03DF900F0E1FABDE898
:109E9000084019F0A1BEF8B5012300F108070446F7
:109EA0000B7038460D4601F0CDFC38B12046FEF768
:109EB00067FA28B12046F1F7D3F900242046F8BD0F
:109EC000384602F0DCF878B1204600F02FF801287F
:109ED0000FD002281AD00028ECD0724631214CF65F
:109EE0005F10EEF75BFD04E0384602F073F80028DF
:109EF000EAD12B78002BE1D0384602F06BF802282B
:109F000007D1204600F078F92870D7E700232B709E
:109F1000EFE7384602F024F9F6E7000002484FF474
:109F2000966200211AF070BD984E00202DE9F04F86
:109F300000F1080A95B0514604460CA801F081FFD3
:109F400010AD0C9B019351460EA801F07AFFBDF8AD
:109F50003C300293284618F023F8019B0A93029B99
:109F6000ADF82C30DDE90A0195E80C001AF0F5FC9B
:109F7000054618B1002015B0BDE8F08F2046FEF769
:109F8000B4F90690504602F00BF90790504602F0E3
:109F900021F8461E7342734103900993EEF7E6F8E9
:109FA000B0F5803F06464AD3EEF7F8F8019B069AD3
:109FB0001293029B0490861AADF84C30EEF7EEF83F
:109FC000FF274FF0000BDFF8709108900597D846F7
:109FD00012AB0CCBD9E903014C461AF0BEFC50B1D0
:109FE000554B182202FB0833079A5B7D03F07F0371
:109FF000934200F09D80D9F80C303BB34E4B1822B1
:10A0000002FB083393F91530002B0BDBFF2FD9F837
:10A0100004301ED0089AD11AA2EB0B02914284BFE1
:10A0200047469B4608F10108B8F1320F09F11809BB
:10A03000CED1059B404CFF2B0ED01F4617E020468B
:10A04000FEF75EF9B6B2B042AED393E7CDF8148016
:10A05000E8E747469B46E5E7039B012B28D01823FA
:10A0600003FB07439B68F31A332B83D40125182382
:10A0700003FB0744019BE360029B2382A846012562
:10A08000049B099A6360637D62F3C713637550464E
:10A0900002F037F907466DB1C8F10003079A236053
:10A0A000637D207562F30603A6606375012062E795
:10A0B000039DDCE7227D121A1006D3B21BD5A368DC
:10A0C000F31A13F5806F03D5EEF768F8A0F58066F4
:10A0D000237D22682775FB1ADBB2202B9DBF52001F
:10A0E00003F1FF3342F00102002398BF02FA03F3A9
:10A0F000A6602360DAE7013BDAB21F2A04D822689F
:10A1000022FA03F1C9070DD5069B03F58060049B75
:10A11000C01AA368D8427FF52DAF002327752360AE
:10A12000A660C3E7012000FA03F31343236022E78C
:10A130004FF00008A4E700BF984E00202DE9F0473B
:10A14000EEF72CF80E4C00250646A2464FF01809F3
:10A15000A8466368F71A09FB05A30135587D00F08E
:10A160007F0000F025FCB7EB802F84BFC4F80C8083
:10A17000A4F81080322D04F11804EAD1BDE8F0876C
:10A18000984E002038B50B4D2868F1F71DFA0446AB
:10A1900028B105F0C1FC10B92046F1F761F8286834
:10A1A000F1F72CFA18B128680021F1F7EBF94FF01C
:10A1B000FF3038BD485300207FB51422002101A88C
:10A1C0001AF022FC094B00931A238DF80430084B37
:10A1D000029368464FF42F730493F0F797FDF1F75D
:10A1E00079F9044B186007B05DF804FB12550300C1
:10A1F00085A1010048530020F7B51D4F3B7800F1C1
:10A2000008048BB1204601F027FF68B16D46214656
:10A21000284601F041FE95E80300F3F71DF848B128
:10A220000021204601F082FF204603B0BDE8F04047
:10A2300001F096BF204601F093FF0646204601F04C
:10A2400030FF88B9204601F054FF39780D182046B8
:10A2500001F064FFA84203D8204601F05FFF0546E5
:10A26000E9B2204601F062FF304603B0F0BD00BF06
:10A270004C530020014B1870704700BF4C53002016
:10A2800008B5FFF7F9FD17F05AFF38B1EDF77AFF7F
:10A2900000F5742303F51073184608BDEDF772FF3F
:10A2A000014B0344F8E700BFC0E1E4007FB51AF0BA
:10A2B00067FBE0B11422002101A81AF0A5FB0D4BA9
:10A2C00000931E238DF804300B4B02934FF4FA6376
:10A2D000049301238DF8143017F031FF074B084A1F
:10A2E000002808BF134668460393F0F70FFD07B038
:10A2F0005DF804FB534E030081A2010040420F00B1
:10A30000C0E1E40000B5134889B0FDF7FFFF0BF092
:10A3100001F9114B18600A2300934FF47A731A461F
:10A3200001210BF013F91422002103A81AF06CFB91
:10A330000A4B02931E238DF80C30094B049302A89C
:10A340004FF47A730693F0F7E1FC064B188009B0DE
:10A350005DF804FB50530020805300201855030083
:10A3600075A30100845300200148FDF7E1BF00BF41
:10A37000505300202DE9F3412548FDF76CFF0446BA
:10A3800038B10321FEF7DCF8224B21461868FEF7AE
:10A39000A1F8FFF7E9FF204E014698B3012130886C
:10A3A000F0F740FDF7F7E0FC0546EDF7EBFE04465D
:10A3B0001DB300212846F7F77DFDF0B104F54334C5
:10A3C00004F5A074154FD7F80080EDF7DBFE0546C5
:10A3D000F1F700FB291A40460BF0C2F848B10DF125
:10A3E000070138680BF0F6F800F132013088F0F719
:10A3F00037FD204602B0BDE8F08104F5F41404F501
:10A400009064DFE73088F0F70DFD4FF0FF34D9E7B7
:10A4100050530020944E002084530020805300208D
:10A4200010B5FFF7A1FF48B1054C2088F0F70AFDF1
:10A4300020B92088BDE81040F0F7BABD10BD00BFBC
:10A44000845300200149FDF7F7BE00BF50530020A0
:10A450000022024804231146FDF7BABF50530020E2
:10A46000024B187A00F00100704700BF88530020AB
:10A4700000B597B00DF106000DF1070202A917F023
:10A480007FFF9DF8070017B05DF804FB2DE9F04150
:10A490008CB017F0A5FD04287AD0FAF767FB0028E6
:10A4A00076D0F7F773FCFF28054671D008AF384621
:10A4B000FAF79EFBFFF7DCFF374B06461A7A93E864
:10A4C00003000AACD30784E8030008D594E80C0025
:10A4D00097E803001AF041FA08B1B54258D0204677
:10A4E000FAF79EFB94E803000022F7F711F80546FF
:10A4F00000284DD0F5F76AFF002849D10320FDF769
:10A50000F9FF0646002843D002AC29462046F7F75B
:10A5100058FC3846FAF76CFB94E8030006AD85E872
:10A52000030097E8030004AB83E8030006F1080882
:10A530000091034695E80600404602F0EEFC3046E6
:10A540000121FDF7FDFF94E80600404601F01CFBE9
:10A55000284617F025FD95E80600404601F0E8FA88
:10A56000F42194E80C00084600F058FA01464046F1
:10A5700001F006FFF42194E80C00084600F074FA9C
:10A58000064B186831460CB0BDE8F041FDF7A2BF9C
:10A590000CB0BDE8F08100BF88530020205E002091
:10A5A00000B597B00DF106000DF1070202A917F0F2
:10A5B000E7FE9DF8060017B05DF804FB07B50146FD
:10A5C0000DF107020DF1060017F0DAFE03B05DF899
:10A5D00004FB08B5FFF7E4FFBDE80840F3F708BF48
:10A5E00082B02DE9F047A2B02AAF0BAD804604AE91
:10A5F000284686E8060047F8043FF8F7F5FFFFF71E
:10A6000037FFDFF874A081469AE8030009AC97E8A9
:10A610000C0084E803001AF0A0F988B19AF8083019
:10A62000DB070DD594E80300012285E803008DF8CF
:10A630003490F9F78AFB0021FAF70CFD8DF835000C
:10A6400007AF38460EAC17F0ADFE2046FFF7B6FF59
:10A65000FFF7A6FFCDE901750094034696E80600D2
:10A6600008F1080002F0EDFB2846F8F7B1FF22B030
:10A67000BDE8F04702B0704788530020F0B5304D78
:10A680008BB0002455F8043B1BB101349847062CCD
:10A69000F8D12C4A92E8030002AB04AA83E8030035
:10A6A00082E8030017F0AAFD002846D00320FDF73A
:10A6B00021FF0546002840D0234C059B009394E8D9
:10A6C0000600049BFFF78CFF05F1080628460121D0
:10A6D000FDF736FF08AF0121304601F09FFC3846F8
:10A6E00017F05EFC97E80600304601F0C2FB06AFAB
:10A6F00094E80600304601F047FA384617F050FC5F
:10A7000097E80600304601F013FAF32194E80C00B4
:10A71000084600F083F90146304601F031FEF3218E
:10A7200094E80C00084600F09FF9084B1868294689
:10A730000BB0BDE8F040FDF7CDBE0BB0F0BD00BFE3
:10A7400094530020885300205C7D0300944E002029
:10A750007FB5134C0023C4E90033A3601AF010F94D
:10A76000A0B117F03DFC042810D16D46284617F023
:10A7700017FC95E8030002AB83E80300237A43F05B
:10A780000103C4E900012372FFF778FF054819F0BF
:10A7900081FB237A43F00203237204B070BD00BF33
:10A7A000885300208DA401007FB5054617F018FCE2
:10A7B00004282CD15DB395F86030FF2B27D06E466E
:10A7C000304617F0EDFB134B96E803001A7A02AC03
:10A7D00084E8030083E8030042F0010220461A7275
:10A7E00017F0DEFB94E80300FAF79EF930B97246E1
:10A7F00040F2151149F6BD70EEF7D0F895F86000FB
:10A8000017F0F4FD04B0BDE87040FFF737BF04B0A7
:10A8100070BD00BF885300202DE9F041A0B000F1C9
:10A82000080509AE3146284602F055FB17F0D8FB63
:10A8300004286CD03046F8F7CBFE002867D001AC76
:10A840002946204601F062F994E803000022F6F759
:10A850005FFE00285BD03146F7F707FAF7F784FA76
:10A860000146002853D003AF3846F7F7AAFA97E815
:10A870000C0094E803001AF070F8002847D0254F28
:10A8800097E8030096E80C0005AC84E803001AF092
:10A8900064F8B846A8BB284602F039FB4F2836D9E1
:10A8A0000CAA0DF10301284602F023FB9DF80300DA
:10A8B00017F08CFD0CA817F08FFD96E8030007AC8D
:10A8C00084E8030088E803009DF82C0017F08EFD53
:10A8D0003B7A284643F0010321463B7202F0F1FA2D
:10A8E000054640B9204617F05DFDFFF7C1FDFF2882
:10A8F00008BF8DF82050204617F02CFDFFF7BEFE54
:10A9000005E0FFF7B5FD9DF82C308342C3D120B0A0
:10A91000BDE8F08188530020124A10B50023044698
:10A92000104652F8041B69B940F8234017F058FB51
:10A93000042815D10C4B1B7A9B0711D52346BDE883
:10A9400010401847A1420BD00133062BE9D17246C3
:10A9500040F20D21BDE8104049F6BD70EEF71EB87B
:10A9600010BD00BF945300208853002010B504464A
:10A9700017F0E5FB054AC0EBC0001318125822601F
:10A980009A889B79A280A371204610BD20550300B0
:10A99000032808D0054B88BF002003EB8000807897
:10A9A000C0F3801070470220704700BF2E5503008F
:10A9B000032810B5044605D97246B9214BF25370ED
:10A9C000EDF7ECFF014B33F8240010BD2E550300CA
:10A9D00004290B4A28BF002102EB810210B5D3786D
:10A9E00003F00703C3F1080300FB03F40846FFF775
:10A9F000DFFFE408A04228BF204680B210BD00BFA0
:10AA00002E5503000428044B28BF002003EB8000D0
:10AA10008078C0F3401070472E55030082B002A921
:10AA200001E90C00014B187802B07047AE530020CA
:10AA300082B002A901E90C00014B187802B07047FE
:10AA4000AE53002082B002A901E90C00014B188826
:10AA500002B07047AC53002082B002A9BDF80800D4
:10AA600001E90C0002B0704782B002A901E90C00B4
:10AA7000024A13780133137002B07047AE530020BE
:10AA8000024A137801331370704700BFAE530020A1
:10AA900082B002A901E90C00024A13780133137055
:10AAA00002B07047AE53002010B5034C208800F070
:10AAB00005F8208010BD00BFAC5300200130C0F36A
:10AAC0000B00704730B585B06C46014602AD20469C
:10AAD00001F038F8284617F063FA95E80C0094E87E
:10AAE000030005B0BDE8304019F037BF30B585B080
:10AAF0006C46014602AD204601F008F8284617F0E2
:10AB00004FFA95E80C0094E8030005B0BDE830402A
:10AB100019F023BF70B504469EB088B16D4601465A
:10AB200002AE284600F0F2FF304617F039FA96E8F8
:10AB30000C0095E8030019F010FF20B1FDF7A6F80E
:10AB400000201EB070BDBDF80420BDF80C309A4244
:10AB500003D14FF48030FBF71FF9204600F0A8FF27
:10AB60000428EDD801A353F820F000BF81AB010009
:10AB7000D3AB0100E9AB010041AB0100D3AB010055
:10AB80006822002104A819F03FFF204600F02BFBAB
:10AB90000B2824D00C2806D00A28D1D104A920469D
:10ABA00000F03DFB09E0204600F0BAFB4028C7D882
:10ABB000204600F0A7FB8DF824009DF82400FDF747
:10ABC00036FD0028BCD09DF85800FDF7E3FC0028B6
:10ABD000B6D020461EB0BDE8704001F0F9B804A917
:10ABE000204600F058FBE8E7204600F067FE6628A4
:10ABF000A6D8204601F0E1F800F028F801289FD1FE
:10AC0000204601F0DCF800F021F8022898D1E0E7B6
:10AC100013B500230DF106010446ADF8063000F02F
:10AC20006BF930B9204601F0BBFAFFF7C1FEADF871
:10AC30000600BDF8060002B010BD0622C0210AF0D1
:10AC400086B90B460622C0210AF06BB900223F21CB
:10AC50000AF07DB90B4600223F210AF062B938B5EF
:10AC600004460D460121FFF7ECFF657038BD08B5BD
:10AC700002F0D0F810B10089033080B208BD70B581
:10AC8000044616460D4601B12AB97246142144F213
:10AC90008A50EDF783FEC4E90055A660204670BDDA
:10ACA00067B5064628B97246202144F28A50EDF76E
:10ACB00075FE35682846FFF7C9FF88B1306800F097
:10ACC0002DF8019001A8FFF7D2FF33680544AB428D
:10ACD00006D0B368AB4203D92846FFF7B7FF00B9E7
:10ACE0000025284603B060BD7FB50D4619B9002484
:10ACF000204604B070BD07C801AE86E80700019C7D
:10AD0000002CF4D02046FFF7A1FF0028EFD08542A9
:10AD1000EED03046FFF7C4FF0190F0E77047704770
:10AD200010B504460068FFF788FF032816D8DFE84F
:10AD300000F002070B11204601F0D0FF013007E0C0
:10AD400023685878023010BD2368B3F8010003303F
:10AD500080B2F8E7204601F0BFFFEFE70020F2E7FE
:10AD600010B504460068FFF768FF032814D8DFE831
:10AD700000F002070A0E2046BDE8104001F0AEBF09
:10AD80002368587810BD2368B3F80100FAE720461D
:10AD900001F0A2FF80B2F5E70020F3E710B504460A
:10ADA00028B97246072140F6FB30EDF7F7FD204643
:10ADB00000F07EFE032814D8DFE800F01504020C32
:10ADC000B92010BD204601F0F9FA002814BFB920BF
:10ADD0003020F6E704F1130001F008FC1330C0B294
:10ADE000EFE70020EDE7A020EBE710B501F1AB02A3
:10ADF00004461331FFF743FF204610BD7047133060
:10AE0000704738B50C46054691F9011001F0D6FBA4
:10AE100094F90010284600F0C4FF94F90210284667
:10AE200000F0C4FF94F903102846BDE8384000F054
:10AE3000C2BF38B50C46054601F0C3FB607028461A
:10AE400000F0ACFF2070284600F0ADFFA07028464F
:10AE500000F0AEFFE07038BD70B588B06C4684E895
:10AE6000060006461422002103A81D4619F0CCFD59
:10AE700094E8030016238DF80C3004AB83E803003C
:10AE8000BDF83030029602A88DF81950ADF81A308E
:10AE900000F0E3FA08B070BD10B5044600F008FEFB
:10AEA000012807D1204600F014FBA0F110035842FE
:10AEB000584110BD0020FCE710B5044600F0F8FD35
:10AEC000012807D1204600F004FBA0F111035842ED
:10AED000584110BD0020FCE710B5044600F0E8FD25
:10AEE000012807D1204600F0F4FAA0F121035842CE
:10AEF000584110BD0020FCE7F8B507460E4600F0AB
:10AF0000A1FC054610B900252846F8BD384601F0D9
:10AF10001BFA0446384601F021FAEF2CF3D9EF284A
:10AF2000F1D9FF2C03D1F028EDD1002310E0F02C53
:10AF300003D1FF28E7D101230AE0F12C03D1F12846
:10AF4000E1D1022304E0F52CDDD1F628DBD1032387
:10AF5000024A02EB83035B883380D5E73E5503004A
:10AF600070B50C4691F8513005460022012109F0D8
:10AF7000D8FF94F84D3028460122BDE870400221E8
:10AF800009F0CFBF38B504460D4617F0D8F8014692
:10AF9000204601F059FC17F0D2F80146204601F096
:10AFA00061FC95F84810204601F040FC95F85210DD
:10AFB0002046BDE8384001F076BC73B50C46054626
:10AFC00001F005FB6E4660602946304600F09EFDAC
:10AFD00096E8030004F1180383E8030004F1490133
:10AFE0002846FFF726FF284601F0FDFAA07502B0BB
:10AFF00070BD38B500220C460121054609F0A7FFB7
:10B00000003818BF012084F851000122022128468F
:10B0100009F09DFF003818BF012084F84D0038BDAD
:10B0200038B50C46054601F0FDFB84F8480028467B
:10B0300001F001FC84F84E00284601F00AFC84F877
:10B040005000284601F021FC84F8520038BD000071
:10B0500037B50446B3220D46002119F0D5FC204631
:10B06000002100F036FD294604F113006D46FFF77C
:10B07000F1FD284616F094FF95E80600204600F002
:10B0800057FD064B204693E8060000F07DFD204664
:10B0900003B0BDE8304001F06ABA00BF5C7D030038
:10B0A00070B50C4605460A21FFF7D2FF214605F18F
:10B0B0001600FFF755FF214605F11700FFF762FF65
:10B0C000237D2B76A368C5F81930E368C5F81E30D8
:10B0D000637D6B7704F14006324604F13C0105F1D3
:10B0E000220001F0BDFC04F1470101F009FD04F16B
:10B0F000300101F04CFC0022314601F06EFD94F865
:10B1000063302BB104F15701BDE8704001F0CDBDB3
:10B1100070BD70B50C4605460B21FFF799FF21461F
:10B1200005F11600FFF71CFF214605F11700FFF798
:10B1300029FF04F14006237D2B76324604F13C01C1
:10B1400005F1190001F08CFC04F1470101F0D8FC75
:10B1500004F1200101F0AEFB04F1300101F017FC15
:10B1600031460022BDE8704001F037BD2DE9F043C3
:10B170009DB0DDE92459402D0446884617461E46F9
:10B1800006D9724640F2051146F24C70EDF706FC06
:10B190000C212046FFF75CFF6822002102A819F06D
:10B1A00033FC02A904F11600FFF7ECFED8F80030DA
:10B1B000C4F81730E776E66195B104F120000D215F
:10B1C0000190FFF747FD0198E9B2FFF748FD2A46D5
:10B1D000494604F123001DB0BDE8F04319F0ECBB73
:10B1E0001DB0BDE8F08310B5044600F061FC28B93D
:10B1F00004F11300BDE81040FFF728BD002010BD8A
:10B2000010B5044600F054FC38B92046FFF7EBFFB8
:10B21000A0F10A035842584110BD0020FCE770B568
:10B2200005460C46FFF7ECFF064618B368220021DE
:10B23000204619F0E9FB0223237021462846FFF738
:10B24000BCFE214605F11600FFF7D3FE214605F1AD
:10B250001700FFF7E5FE2B7E23756B7F63750123D7
:10B2600084F8553084F85630D5F81930A360D5F8F5
:10B270001E30E360304670BD10B5044600F018FC87
:10B2800038B92046FFF7AFFFA0F10B0358425841F1
:10B2900010BD0020FCE770B505460C46FFF7ECFF3B
:10B2A0000646B0B168220021204619F0ADFB01230B
:10B2B000237021462846FFF780FE214605F116003F
:10B2C000FFF797FE214605F11700FFF7A9FE2B7E39
:10B2D0002375304670BD10B5044600F0E9FB38B95F
:10B2E0002046FFF780FFA0F10C035842584110BDE3
:10B2F0000020FCE710B50446FFF7EDFF08B1D4F8D5
:10B30000170010BD10B50446FFF7E5FF00B1E07E61
:10B3100010BD10B50446FFF7DEFF00B1E06910BDB7
:10B3200013B50446FFF7D7FF40B104F12000FFF743
:10B33000F6FC019001A8FFF713FDC0B202B010BDEA
:10B3400010B50446FFF7C7FF08B104F1230010BD94
:10B350007FB50C4600F1AB0200F1130101A8FFF725
:10B360008EFC04F13C0604F14005019894F8543039
:10B3700058B943B1D4E90623D4E90C0119F0EDFA28
:10B380000E2384F8453004B070BD002B0CBF2A4654
:10B390000022314601F00DFB28B1012384F853301F
:10B3A00084F8543008E0019804F1470101F09AFB59
:10B3B00038B1012384F8643001A8FFF771FC0190D3
:10B3C000D3E7019804F1200101F0A2FA0028F3D19B
:10B3D000019804F1300101F0C5FA0028ECD1019880
:10B3E000294601F09AFB08B10123D9E7019804F13D
:10B3F000570101F036FC0028DED0012384F86330C9
:10B40000DAE770B506460D46FFF709FF044660B15E
:10B4100029463046FFF79CFF96F8AB30012B04D14C
:10B420002846BDE870400DF04DBE204670BD70B599
:10B4300006460D46FFF72FFF044660B12946304609
:10B44000FFF786FF96F8AB30012B04D12846BDE804
:10B4500070400DF03CBE204670BD30B5044600681B
:10B46000217D8BB000F1130579B30023C0F81330B0
:10B47000AB802422002101A819F0C6FA234653F814
:10B48000082B009293E8030001228DF8042002AA01
:10B4900082E8030004A816F083FD637C8DF8183061
:10B4A000638AADF81A30237C8DF81C3016F082FDCB
:10B4B0000890684600F025FC21792846FFF7CAFB72
:10B4C000206801F054F80BB030BDB32219F09CFA9B
:10B4D000CFE710B5044600F0EBFA012805D104F1DE
:10B4E0001300BDE81040FFF7B1BB002010BD70B5E0
:10B4F0000B7DC3758B6883614B7D0377CB68C0F888
:10B500001D3000F116060C46054691F848103046ED
:10B5100001F08CF916F013FE0146304601F094F963
:10B5200016F00DFE0146304601F09CF916F066FE5D
:10B530000146304601F0A4F994F8543043B104F1C7
:10B54000400105F121000122BDE8704001F045BB3A
:10B5500070BD2DE9F04186B00C46054601F037F884
:10B560006E4660602946304600F0D0FA96E8030047
:10B5700004F1180383E8030008232370EB7D23758F
:10B58000AB69A36001272B7F637584F8557084F83D
:10B590005670D5F81D30E36005F11606304601F00F
:10B5A00041F984F84800304601F045F984F84E002E
:10B5B000304601F04EF984F85000304601F057F95A
:10B5C00005F1130884F84F0004F149012846FFF7FC
:10B5D00030FC414603A805F1AB02FFF750FB3721D1
:10B5E00003A8FFF781FB30B104F1400101F095FAA7
:10B5F00008B184F8547006B0BDE8F0810176C275D8
:10B600007047037E0B70C37D1370704708B5FFF75A
:10B6100043FC88B9094800F04BFA012801D000200A
:10B6200008BD0648FFF755FF2028F8D1044B93F8D2
:10B630002500C0F38000F3E70120F1E73363002029
:10B640002463002010B5044600F032FA012807D127
:10B650002046FFF73EFFA0F113035842584110BDAA
:10B660000020FCE710B5044600F022FA012807D1BB
:10B670002046FFF72EFFA0F123035842584110BD8A
:10B680000020FCE7012300221946163009F049BCCE
:10B6900008B500220121163009F059FC003818BF06
:10B6A000012008BDFFF7EEBFFFF7F2BF0B460322F4
:10B6B0000821163009F035BC08B5032208211630E0
:10B6C00009F045FC003818BF012008BD0B460522D3
:10B6D0002021163009F025BC08B50522202116309E
:10B6E00009F035FC003818BF012008BD0B460622C2
:10B6F0004021163009F015BC08B50622402116304D
:10B7000009F025FC003818BF012008BD0B460422B3
:10B710001021163009F005BC08B50422102116309E
:10B7200009F015FC003818BF012008BD0B460122A6
:10B730000221163009F0F5BB08B5012202211630AE
:10B7400009F005FC003818BF012008BD01230222C2
:10B750000421163009F0E5BB08B502220421163099
:10B7600009F0F5FB003818BF012008BDC17570470E
:10B77000C07D7047C1757047C07D70470B78837579
:10B780004B78C3754B6883617047837D0B70C37DB5
:10B790004B7083694B6070470B78C3754B780376A9
:10B7A0004B68C0F819307047C37D0B70037E4B7037
:10B7B000D0F819304B607047F0B585B002ADBDF8D8
:10B7C0002870662F85E8060004461E4605D9724695
:10B7D000242147F27950EDF7E1F82046022100F0EC
:10B7E00078F90097204695E80600334600F0FBFC08
:10B7F000204605B0BDE8F04000F08ABD70B586B0C7
:10B8000004AD85E80600BDF828600393B32200214B
:10B81000044619F0F9F8009695E80600039B2046C7
:10B82000FFF7CAFF04F12A0003210390FFF712FA81
:10B830000398F1B2FFF713FA204606B0BDE8704056
:10B8400000F095BE08B500F033F9831E5842584108
:10B8500008BD10B5044600F02BF9022807D1204698
:10B8600000F07CFDA0F1F3035842584110BD0020C8
:10B87000FCE710B5044600F01BF9022807D120466A
:10B8800000F06CFDA0F1F4035842584110BD0020B7
:10B89000FCE710B50446FFF7D5FF18B9002000F00B
:10B8A000010010BD2046FFF7D4FF0028F6D1204646
:10B8B000FFF7DFFF80F00100C0B2F0E713B50446E8
:10B8C00000F05AF828B1204602B0BDE8104000F060
:10B8D00043B804F12A00FFF722FA019001A8FFF70C
:10B8E0003FFA02B010BD10B50446FFF7ABFF28B118
:10B8F000204600F041F810B104F1310010BD04F110
:10B900002D00FBE7EF2894BF00200120704710B501
:10B91000044600F019FDF52807D1204600F01EFD71
:10B92000A0F1F5035842584110BD0020FCE710B5C6
:10B93000044600F009FDF72807D1204600F00EFD6F
:10B94000A0F1FF035842584110BD0020FCE704312C
:10B95000C9B22A30FFF783B907B52A30FFF7DFF9FC
:10B96000019001A8FFF7FCF9032886BF043880B2D4
:10B97000002003B05DF804FB08B52A30FFF766F934
:10B98000031F5842584108BD13B50B4690F82D20AF
:10B9900090F82E1042EA01220446ADF806204FF43A
:10B9A00040410E220DF1060009F0E2FABDF8063022
:10B9B000A4F82D3002B010BD13B50B4690F82D2021
:10B9C00090F82E1042EA01220446ADF8062040F617
:10B9D000FF7100220DF1060009F0CAFABDF8063029
:10B9E000A4F82D3002B010BD70B586B004AE0A9D2B
:10B9F000039386E80600B3220021044619F004F8F8
:10BA0000AA88009296E80600039B2046FFF7D4FE22
:10BA10002E7904F12A000421FFF71CF93146204653
:10BA2000FFF795FFA9792046FFF7AEFF204629884A
:10BA3000FFF7C2FF6B88A4F82F30204606B0BDE8A0
:10BA4000704000F094BDB0F82F00704707B590F833
:10BA50002E2090F82D304FF4404143EA02230DF19F
:10BA600006000E22ADF8063009F098FAC0B203B015
:10BA70005DF804FB07B590F82E2090F82D3040F6C5
:10BA8000FF7143EA02230DF106000022ADF80630F3
:10BA900009F084FA03B05DF804FB0B7C18B9B3FA23
:10BAA00083F0400970470088C31A584258417047D4
:10BAB00010B50622C021044609F049FA022806D131
:10BAC00000220721204609F042FA042800D9FF206D
:10BAD00010BD042970B504460D4605D972466C2187
:10BAE0004DF2FA50ECF75AFF204602230622C021FD
:10BAF00009F017FA2B4620460022BDE870400721C6
:10BB000009F00FBA407870474170704737B56D46FD
:10BB1000044600232846D1F8061000936B6000F01D
:10BB20007DFE95E8030084E80300204603B030BDA5
:10BB300082B06B4683E8060093E80600063002B048
:10BB400000F065BE73B56E460023044608460D46F8
:10BB500000937360FFF7ACFF48B94FF0FF330093D9
:10BB600096E8030084E80300204602B070BD03227B
:10BB70000821284609F0EBF90028EED1D5F802108B
:10BB8000304600F04BFEEBE713B56B4683E806004A
:10BB9000044693E80600023000F039FE009B0133B2
:10BBA0000CBF0123002303220821204602B0BDE878
:10BBB000104009F0B6B907B501466846FFF7C2FF65
:10BBC0000098431C5842584103B05DF804FB012320
:10BBD0000422102109F0A5B908B50422102109F0AA
:10BBE000B6F9003818BF012008BD807C7047817409
:10BBF000704708B5002201210F3009F0A8F900387C
:10BC000018BF012008BD13B50B4614460F300022A3
:10BC10000121019009F085F90198234601220621AE
:10BC200002B0BDE8104009F07CB9012206210F30B6
:10BC300009F08DB9FFF7F9BF007C704701747047B8
:10BC400010B50446C8B100227F2109F0A7F90130E0
:10BC500083B200227F21204609F08AF900227F2149
:10BC6000204609F09BF9012807D820460223BDE8A9
:10BC7000104000227F2109F07BB910BD0B4607223E
:10BC8000802109F075B900227F2109F087B9407C35
:10BC90007047000010B5044C427C0023D8B2013339
:10BCA000215C9142FAD810BD4E55030010B50446F0
:10BCB000084609F069FD607410BD042210210E30A1
:10BCC00009F045B90B46042210210E3009F029B9BC
:10BCD000002203210E3009F03AB90B46002203215D
:10BCE0000E3009F01EB908B502220C210E3009F001
:10BCF0002EF980B208BDCBB202220C210E3009F021
:10BD000010B937B50446254613220021006818F003
:10BD10007BFE55F8080B2179FFF7DBFE95E806005E
:10BD20002068FFF731FF22466B4652F8105B92E81D
:10BD3000030083E80300A81D93E8060000F067FDF8
:10BD4000217E2068FFF7C9FF618B2068FFF7D3FFD2
:10BD5000217F206803B0BDE83040FFF7B3BF01305A
:10BD600000F003007047052220210E3009F0EFB8E3
:10BD70000B46052220210E3009F0D3B808B5062263
:10BD800040210E3009F0E3F8003818BF012008BD4B
:10BD90000B46062240210E3009F0C3B890F90B0083
:10BDA0007047C172704790F90C007047017370477B
:10BDB00090F90D0070474173704713307047203081
:10BDC000704719B1B322002118F01EBEAB22FBE769
:10BDD0007FB50146019002A8FFF798FE029838B19E
:10BDE00004A80199FFF7AEFE0498003818BF01209F
:10BDF00007B05DF804FB0020704713B504460191BD
:10BE0000FFF720FD019B40B10122022104F1160041
:10BE100002B0BDE8104009F084B802B010BD13B5FF
:10BE200004460191FFF70EFD019B40B10022012164
:10BE300004F1160002B0BDE8104009F072B802B07B
:10BE400010BD73B56D460023044608460E460093A8
:10BE50006B60FFF72DFE022804D1D6F81710284694
:10BE600000F0DCFC95E8030084E80300204602B003
:10BE700070BD37B56C4684E806000546FFF7E2FC66
:10BE800040B194E8060005F1170003B0BDE830406A
:10BE900000F0BDBC03B030BD73B56E46002305464F
:10BEA00008460C4600937360FFF702FE02280DD18E
:10BEB0002046FFF7C7FC80B10322082104F11600D9
:10BEC00009F045F848B14FF0FF33009396E80300BE
:10BED00085E80300284602B070BD2046FFF7B2FC9B
:10BEE00048B10422102104F1160009F030F810B115
:10BEF0006FF00103E9E7D4F81B10304600F08EFC28
:10BF0000E4E773B56D4685E8060004460E46FFF784
:10BF100099FCA8B304F11B0095E8060000F077FC3B
:10BF20002046FFF78FFC30B100230322082104F1E3
:10BF3000160008F0F6FF2046FFF784FC30B100231E
:10BF40000422102104F1160008F0EBFF731C0DD140
:10BF50002046FFF777FC98B101230322082104F162
:10BF6000160002B0BDE8704008F0DBBF023607D112
:10BF70002046FFF767FC18B1012304221021EEE7E9
:10BF800002B070BD30B585B06C46014602AD2046AA
:10BF9000FFF757FF284616F003F895E80C0094E8E1
:10BFA000030005B0BDE8304018F0D7BC30B585B00F
:10BFB0006C46014602AD2046FFF76EFF284615F09D
:10BFC000EFFF95E80C0094E8030005B0BDE83040B1
:10BFD00018F0C3BC10B50446FFF734FCE0B12046AE
:10BFE000FFF730FC60B92046FFF72CFC90B100222F
:10BFF000012104F1160008F0AAFF58B102200AE05E
:10C000000122022104F1160008F0A1FF0028EAD065
:10C01000012000E0002010BD0320FCE7012938B515
:10C0200005460C4602D0022908D061B9FFF7E5FEAB
:10C0300021462846BDE83840FFF7F1BE0021FFF752
:10C04000DCFE0121F5E772464FF4A071BDE83840EF
:10C0500048F27560ECF7A2BC1FB50190FFF7F2FB48
:10C06000019948B102A8FFF717FF029800F07F403E
:10C0700000F100435842584105B05DF804FB13B588
:10C08000014604466846FFF707FF009B013306D0D0
:10C090002046FFF7E1FF00F0010002B010BD0120D3
:10C0A000F9E710B50446FFF7CDFB58B12046FFF77E
:10C0B00091FF40B104F11F000422BDE81040F021BF
:10C0C00008F045BF012010BD70B504460D46FFF7CE
:10C0D000B9FB20B12046FFF77DFF08B9E57770BDB9
:10C0E0002B4604F11F000022BDE870400F2108F02C
:10C0F00018BF10B50446FFF7A5FB20B12046FFF797
:10C1000069FF08B9E07F10BD04F11F000022BDE8FF
:10C1100010400F2108F01BBF0F20704708B5FFF734
:10C1200059FF00280CBFFF200F2008BD70B5044642
:10C130000D46FFF787FB90B12046FFF74BFF70B12C
:10C140002046FFF7EBFF0422854294BF2B460023D5
:10C15000F02104F11F00BDE8704008F0E2BE70BDA0
:10C16000F8B50446FFF76EFB0546B8B12046FFF769
:10C1700098FF07462046FFF7BCFF06462046FFF71C
:10C18000CDFF0136864228BF0646F1B22046FFF7B2
:10C190009BFF1FB1B74294BF002501252846F8BD7B
:10C1A00010B50446FFF775FB48B10522602104F184
:10C1B000160008F0CCFE042828BF002010BD032084
:10C1C000FCE713B504460191FFF73CFB019B40B12E
:10C1D0000522602104F1160002B0BDE8104008F00D
:10C1E000A0BE02B010BDF0B587B06D461E4600F18E
:10C1F0001303044685E8060018460D22002118F0B6
:10C2000003FC0121FEF726FD02AF95E8060020465B
:10C21000FFF777FE384615F0C3FE97E80600204684
:10C22000FFF727FE31462046FFF7CBFF009B023386
:10C2300015D100212046FFF7F1FE20460021FFF72F
:10C2400075FF2046FFF7FEFAE0B1012307228021A7
:10C2500004F1160007B0BDE8F04008F062BE04AE7D
:10C26000304615F09DFE96E80C0095E8030018F0A6
:10C2700074FB0028DDD115F0B3FE04280CBF0121AA
:10C280000221D7E707B0F0BD10B50446FFF7DAFA90
:10C2900030B12046FFF784FFBDE81040FEF7B2BB87
:10C2A000012010BD13B504460191FFF7CBFA019BA5
:10C2B00040B10222042104F1160002B0BDE8104092
:10C2C00008F02FBE02B010BD38B50446FFF7BAFA29
:10C2D00098B104F1160502220421284608F037FE21
:10C2E00058B12046FFF7AEFA40B107228021284618
:10C2F00008F02DFE003818BF012038BD0120FCE7F2
:10C30000704708B500F034F8C0B208BDFFF79ABA1C
:10C31000002300F1200203624362038502211046DC
:10C32000FEF798BC38B504460D46FFF78BFA08B106
:10C3300084F8235038BD38B504460D46FFF782FA1D
:10C3400008B184F8245038BD10B50446FFF77AFAD6
:10C3500010B194F8230010BDFA20FCE710B5044694
:10C36000FFF770FA10B194F8240010BDFA20FCE732
:10C3700010B50446FFF766FA08B194F8250010BD21
:10C3800038B504460D46FFF75DFA08B184F825502C
:10C3900038BD10B50446FFF755FA08B1D4F82600A9
:10C3A00010BD38B504460D46FFF74CFA28B12046BB
:10C3B000FFF7EFFF2844C4F8260038BD10B5044647
:10C3C000FFF776FB012807D12046FFF782F8A0F19E
:10C3D00016035842584110BD0020FCE710B5044632
:10C3E000FFF766FB012807D12046FFF772F8A0F19E
:10C3F00014035842584110BD0020FCE7F0B589B045
:10C400006C46142784E8060006463A46002103A835
:10C410001D4618F0F9FA94E8030004AB83E8030022
:10C42000BDF83830029602A88DF80C708DF81950BE
:10C43000ADF81A30FFF711F809B0F0BD70B5054638
:10C440000C46FFF7BBFF064690B315F078FE05F1EA
:10C4500017060146304600F0F7F915F070FE014668
:10C46000304600F0FFF994F84810304600F0DEF94D
:10C47000237D2B76A368C5F81930E368C5F81D3015
:10C4800004F1300105F1210004F1400500F07FFACC
:10C4900004F13C012A4600F0E3FA044615F04FFE91
:10C4A000C8B1294620460022BDE8704000F095BB87
:10C4B00015F045FE0146042000F0C6F915F03FFED8
:10C4C0000146042000F0CEF994F84810042000F052
:10C4D000ADF97671FFDE70BDF7B506460C46FFF785
:10C4E0006DFF054608B106F11305682200212046BC
:10C4F00018F08AFABDB304232370304600F067F8C1
:10C500006F46606031463846FFF700FB97E803004E
:10C5100004F1180383E803002F1D04F1490130469C
:10C52000FEF787FC384600F07DF984F8480038466D
:10C5300000F081F984F84E00384600F08AF984F85A
:10C5400050006B792375D5F80630A360D5F80A3012
:10C55000E36021460123304684F8563003B0BDE83D
:10C56000F040FEF7F5BE03B0F0BD982070470223FF
:10C5700080F8AB30704719B1002380F8AB307047BA
:10C580000AB10123F9E70223F7E790F8AB0002387C
:10C5900018BF0120704790F8AB00B0FA80F0400956
:10C5A0007047002914BF0123022380F8AB30704785
:10C5B00090F8AB00431E58425841704780F8AC10C9
:10C5C000704790F9AC007047C0F8AF107047D0F8D2
:10C5D000AF00704780F8AE10704790F8AE0070471B
:10C5E00080F8AD10704790F8AD0070470378013BBC
:10C5F000DBB2032B9ABF024AD05C0120704700BF18
:10C600005B55030070B505460C460421A04728463B
:10C61000082100F09CFD284623460521BDE8704016
:10C62000184770B504460E46042115469047092167
:10C63000204600F08CFD042120461EB1BDE870406C
:10C6400000F085BD2B46BDE87040184770B5044624
:10C650000E460D21154600F07AFD042120461EB13C
:10C66000BDE8704000F073BD2B46BDE87040184730
:10C67000F0B585B005460A4613230E4601466846C6
:10C6800000F036FD2846FFF713FA04462846FFF768
:10C6900092FA07462846FFF79FFA022105466846A8
:10C6A00000F055FD64B1013CE4B2012C0DD93046D7
:10C6B0009DF80810FFF728FABDF8080005B0F0BD96
:10C6C00007496846FFF79EFFF1E7054A2946684695
:10C6D00017B1FFF7A6FFEAE7FFF7B8FFE7E700BFEC
:10C6E00035D101002DE9F0418AB0132305AA804617
:10C6F00001A80F4600F0FCFC022101A800F027FD74
:10C700009DF810301BB100200AB0BDE8F08105A8EB
:10C71000FFF7CEF9044605A8FFF74DFA064605A82F
:10C72000FFF75AFA054605A8FFF7ECF9FF2CEAD007
:10C73000032CE8D00928E6D983B24246394601A83D
:10C7400000F0D6FC01A8022100F001FD01A800F0D4
:10C7500016FD0028D7D034B1013CE4B2012C07D932
:10C76000BDF80C00D0E7074901A8FFF74BFFF7E73A
:10C77000044A294601A816B1FFF753FFF0E7FFF777
:10C7800065FFEDE7FFD0010010B586B004460191CA
:10C79000FFF7EBFE00902046FEF731FBDDE90032AB
:10C7A000014602A800F0A4FC02A800F0E8FC18B9B9
:10C7B000BDF8100006B010BD02A800F0E0FC022891
:10C7C000F6D902A800F0EBFBEEE77FB501910092ED
:10C7D000FEF715FBDDE90031024602A800F088FCF7
:10C7E00002A800F0CCFC20B9BDF8100007B05DF83D
:10C7F00004FB02A800F0C3FC0028F5D002A800F05A
:10C800001DFCEDE70020087070477047704782B04C
:10C8100002AB03E90600016002B0704782B001601C
:10C8200002B070470022072108F091BB0B4600229E
:10C83000072108F076BB08B50322082108F087FB22
:10C84000003818BF012008BD0B460322082108F05C
:10C8500068BB08B50422102108F079FB003818BF26
:10C86000012008BD0B460422102108F05ABB08B570
:10C870000522202108F06BFB003818BF012008BDFD
:10C880000B460522202108F04CBB10B50446FFF7EB
:10C89000D2FF38B106224021204608F058FBB0FAFA
:10C8A00080F0400910BDB1FA81F35B0906224021F6
:10C8B00008F037BBF8B505460C46EE1C3321FEF7F1
:10C8C000C9F9237900220721304608F02AFB27689E
:10C8D00037B1012303220821304608F022FB6F60A4
:10C8E0006379082B05D972468B2142F6D650ECF7B6
:10C8F00055F8637930460422F02108F012FB627982
:10C90000A11D05F1080018F057F805F11000F8BD59
:10C9100070B50C46054608B9002070BDFEF796F9C3
:10C920003328F9D1EE1C00220721304608F00FFB16
:10C93000032220710821304608F009FB00B1686825
:10C9400020600422F021304608F001FB082828BFAF
:10C950000820C2B2627105F10801A01D18F02CF880
:10C960000120DAE738B50D46044608B9002038BD85
:10C97000FEF76CF93228F9D12846D4F80310FFF7F6
:10C980004DFFE3792B72237A6B720120EFE738B504
:10C9900004460D463221FEF75DF9E01C95E80600DD
:10C9A000FFF735FF2B7AE3716B7A237204F10900EC
:10C9B00038BDF7B50D461446074610B9002003B040
:10C9C000F0BDFEF743F93028F8D100262E60D7F8E5
:10C9D0000330019314224FF4700101A808F003FB07
:10C9E000000168701A224FF0806101A808F0FBFA7C
:10C9F000801B18BF0120A8703246FF2101A808F053
:10CA0000F2FAC0B22870E87024B3266008224FF40E
:10CA10007C51C4F8036001A808F0E5FA0E222071E9
:10CA20004FF47C2101A808F0DEFA1822A0714FF023
:10CA3000807101A808F0D7FA2379A2799B1A58B11E
:10CA4000637019224FF0007101A808F0CCFAA379A5
:10CA500020B123700120B2E7E370F2E7A370F9E799
:10CA600073B50C46302115460646FEF7F3F8002351
:10CA70000193637814221B094FF4700101A808F098
:10CA80009EFAAB790E224FF47C2101A808F097FAA8
:10CA90002B781BB1019B43F0007301936B781BB1A2
:10CAA000019B43F080730193A37801A81A224FF0F1
:10CAB000806108F084FA2B7901A808224FF47C5198
:10CAC00008F07DFAE2782378934238BF134601A834
:10CAD0000022FF2108F073FA019BC6F80330F01D15
:10CAE00002B070BD38B50D46044608B9002038BD07
:10CAF000FEF7ACF83428F9D1E3782B700120F6E783
:10CB000038B50B7804460D462BB13421FEF7A2F858
:10CB10002B78E3700434204638BD2DE9F74F0C46DE
:10CB2000054618B9002003B0BDE8F08FFEF78EF877
:10CB30003728F7D100232360C4F80330EB78637102
:10CB40002846FEF7ECF8019001A8FEF709F96FF00E
:10CB5000030901381FFA80F82F1DA9EB050909EB1D
:10CB6000070398450BD8A2782378E17813446278BC
:10CB7000DBB20A44A371134423710120D3E70722D7
:10CB80008021384608F0E3F906220646402138465F
:10CB9000BB4608F0DCF9D6B1B0B104F1020A9BF84B
:10CBA0000030EE788DF8033000223F210DF10300B4
:10CBB00008F0CDF916FB00F63E363F230137B6FBF1
:10CBC000F3F68AF80060CAE704F1030AE7E708B160
:10CBD000A246E4E704F1010AE1E770B54B780546A7
:10CBE0000E460BB1CB7823B933780BB1B37803B9C8
:10CBF000AAB337212846FEF72DF87179E970347809
:10CC00003CB1C4EB8414B4FBF1F444F040042C7147
:10CC10000124737833B12A19C3EB83130134B3FBB6
:10CC2000F1F31371B27842B12B19C2EB8212B2FB4D
:10CC3000F1F262F03F021A710134F37843B12A191C
:10CC4000C3EB8313B3FBF1F363F07F031371013480
:10CC5000611C2846C9B2FEF702F804342544284670
:10CC600070BD38B50C460546D8B1FDF7EFFF382842
:10CC700017D100232360EB782246012133B1D80776
:10CC800002D45B080132F9E71170FAE72B79083416
:10CC9000012243B1D90702D45B080134F9E72270BD
:10CCA000FAE7002038BD0120FCE7F8B50E46382130
:10CCB0000446FDF7CFFF0025E71C735D1BB1294635
:10CCC000384608F0F4F801350C2DF6D12046022143
:10CCD000FDF7C5FF601DF8BD0120704708B500686D
:10CCE000FDF7B4FF014B33F8100008BD6055030099
:10CCF00073B5036804461B788DF8073004220D468F
:10CD00000DF10700F02108F022F901210646204626
:10CD100000F01DFA9DF807301B074FF00401204674
:10CD200010D500F014FA0822B1B2204600F06AF9DA
:10CD30000D2D05D9A5F10D0189B2204600F0FAF9B3
:10CD400002B070BD00F0DBF9EDE737B503680446CB
:10CD50001B788DF807300422F0210DF1070008F050
:10CD6000F6F801210546204600F0F1F99DF807305C
:10CD70001B074FF0040120460ED500F0E8F9ADB2D4
:10CD80002946204600F0E3F9C5F1080189B22046A2
:10CD900000F0D0F903B030BD00F0CCF9EFE770B58A
:10CDA00003681E780D460521044600F0D0F916F000
:10CDB000180F4FF0040120460FD000F0A0F9012118
:10CDC000204600F0C4F90A2D0AD9A5F10A0120462F
:10CDD00089B2BDE8704000F0ADB900F0B8F9EEE7F7
:10CDE00070BD38B503681D780521044600F0AFF921
:10CDF00015F0180F4FF00401204607D000F09AF903
:10CE000020460121BDE8384000F0A1B900F09FF9AB
:10CE1000F6E7000008B50068FDF718FF431EDBB217
:10CE20003E2B08D8054B0C2202FB0030837A002BE6
:10CE300008BF002008BD0020FCE700BFE05503004C
:10CE400070472DE9F04385B002AE86E806001F4624
:10CE50005723009396E80600044603230E9DDDE960
:10CE60000C98FEF7CBFC2046F321FFF75BFA204637
:10CE7000F321FFF760FA2046FEF735FD0446284609
:10CE8000F6F7A6FBB8B195E806002046FFF7BFFC11
:10CE90006B7A23712B7A637149465022A771E01D8A
:10CEA00017F08AFD204600F06CF8414605B0BDE859
:10CEB000F04300F081B9FF232371637105B0BDE831
:10CEC000F08307B5019100F05EF8019903B05DF8B9
:10CED00004EB00F05AB938B50C46FEF704FD0546E0
:10CEE00001682046FFF79AFC2B7963726B792372F5
:10CEF00038BD38B50D461446FEF7F5FC83792B7026
:10CF0000C11D50222046BDE8384017F055BD08B578
:10CF1000FEF7D4FC0738C0B208BD82B07FB502AEC0
:10CF200008AD86E8060045F8043F0423009396E820
:10CF3000060004460323FEF761FC2046F421FFF7B8
:10CF4000F1F9F4212046FFF7F6F92046FEF7CBFC75
:10CF500095E8060004B0BDE8704002B0FFF757BC8A
:10CF600037B504460846FEF7BEFC6D460168284604
:10CF7000FFF754FC95E8030084E80300204603B063
:10CF800030BD663070471FB5014601A8FDF72DFF83
:10CF9000362101A8FDF7A8FE05B05DF804FBF7B542
:10CFA00004460068FDF7BAFE019001A8FDF7D8FE1F
:10CFB000C71C054601A8FFF72DFF0646BFB2204655
:10CFC0001EB900F0A2F803B0F0BD00F0D8F8B842E6
:10CFD00005D2724624214CF6BD40EBF7DFFC20461B
:10CFE00000F002F9336813B120469847EBE7294671
:10CFF000204600F0ACF83189491B89B2204600F088
:10D0000099F8E0E770B50D46AA421146144628BFCC
:10D010002946064600F09BF8291B002905DD30460D
:10D0200089B2BDE8704000F085B806D0611B30467B
:10D0300089B2BDE8704000F062B870BD73B50446B7
:10D040000068FDF76BFE009068466668FFF7E2FE39
:10D050000546A8B1204600F0D5F83046FDF75EFE43
:10D0600000906846FDF77CFE6B6801461BB12046C8
:10D07000984702B070BD2A892046FFF7C3FFF8E742
:10D080000098FDF7DAFD18B9204600F03EF8F0E709
:10D090002068FDF743FE019001A8FDF741FE05461B
:10D0A0000028F1D0204600F06AF88542ECD82946E5
:10D0B000204600F03FF8DCE770B506680D46012118
:10D0C000044600F044F83046FDF7B7FD03280BD8BE
:10D0D000DFE800F00C02080C2046012100F037F8D0
:10D0E000012070BD2046A8470020FAE70220F8E79B
:10D0F000C0E9001200220281438182817047037BD4
:10D1000013B943680B444360704700234381037B9A
:10D1100043F002030373704708B543898B4202D37F
:10D120005B1A438108BDFFF7F0FF037B43F0010367
:10D130000373F7E7027B10B432B902685DF8044B61
:10D140000A440260FFF7E8BF5DF8044B704738B54A
:10D15000FFF7E2FF037B02460C4623B90B461BB9DF
:10D1600011890C44148138BD1068411C116051684C
:10D170004D1C556000780870013B9BB2EFE7037BC4
:10D180000BB9408970470020704738B50D460446FA
:10D1900008B9002038BDFDF759FD3628F9D1E378EC
:10D1A0002B702379627943EA02236B80A3792B7178
:10D1B000E3796B710120EDE738B504460D46362161
:10D1C000FDF748FD20460821FDF749FD2B78E37067
:10D1D0006B88A3802B79A3716B79E37104F108004C
:10D1E00038BD0221FFF7B3BF10B505490446FFF76C
:10D1F00063FF01462046BDE81040FFF79BBF00BF1C
:10D20000E3D1010010B505490446FFF755FF01467B
:10D210002046BDE81040FFF772BF00BFE3D1010018
:10D2200008B5054B00211846B32217F0EDFBBDE809
:10D2300008400321FEF74DBC3363002010B588B0D1
:10D240001C220021044601A817F0DEFB0094084CC4
:10D250000394F1F789FF8DF814002046FDF79EFD39
:10D26000ADF81A0068460DF04FFB08B010BD00BFC6
:10D2700033630020014B00221A707047B153002025
:10D2800030B5074C2578034685F001003DB90125EE
:10D290002570044C2370044B1960044B1A7030BD88
:10D2A000B1530020AF530020B4530020B0530020EE
:10D2B0002DE9F04FBD4B1B7889B02BB97246A421E4
:10D2C0004FF67F20EBF76AFB012008F0D7FBF3F75E
:10D2D000F1FDF2F753FBB64BB64A1C78B64DB74B8F
:10D2E000B74F002C40F0DB8092F800801E682C6065
:10D2F00008F03CFD38600120F1F7DAF940460DF006
:10D300003BFAF1F719FBF1F7B3F9EBF7DDFAA6F504
:10D31000FA50EDF7A6FCEBF7B1FADFF8B482DFF8CC
:10D32000B492B2464FF0010BEBF7A2FABBF1000F3B
:10D3300018D03CB1022C6AD0FFF772FF032388F8A3
:10D3400022300FE0FFF76CFF012388F822303B68A2
:10D35000C8F8243008F0EAFA88F8230008F04AFDFB
:10D3600088F828003046FFF769FF8346002840F020
:10D370008B80752016F034FE06F5135320331844C5
:10D3800040F65613CDE904390390B92303A8CDE93B
:10D3900006BBADF818300DF04BFB002871D1894861
:10D3A000FEF786FB032883466BD199F822100429E7
:10D3B00067D1022C99F8232039D0032C5FD0002CA0
:10D3C00043D1002A5DD12C600224D9F808A04FF087
:10D3D000010B752016F004FE0190062016F000FEE9
:10D3E000019B1E4406F572562036042C06449BD140
:10D3F0000020F1F75DF9FAF70DFC6C4B0020187076
:10D4000008F03CFB09B0BDE8F04F02F023BEFFF787
:10D4100007FF286839686C4A88F82240091A702981
:10D4200028BF7021C8F8230008F018FD9AE7012AE8
:10D4300027D1D9F824302868396883421AD38B421F
:10D4400018D283422B60C0D19346EAF79BFE0AF5BF
:10D45000742202F51072101A0028C9DBBBF1010F0B
:10D4600005D0BBF1020FC3D1EAF786FE06464FF0A6
:10D47000000BAEE78B4204D12B600324A5E7022A00
:10D480000BD04FF0020BE0E7831EDBB2012B8CBF09
:10D490004FF0020B4FF0010BD7E70C4695E792F8DF
:10D4A00000A0D3F8009016F08CFD0024A9EB000832
:10D4B0002C603C6008F0F2FC0120F1F7F9F85046CE
:10D4C0000DF05AF9F1F738FAF1F7D2F8EBF7FCF969
:10D4D000A8F50C502838EDF7C4FBEBF7CFF9A8F509
:10D4E0007A76DFF8F080EBF7C3F90023CDE9063355
:10D4F000364B0396CDE9043803A8B923ADF81830AC
:10D500000DF096FA8246002840F0DF802D48FEF7A5
:10D51000CFFA0328064640F0D88098F822B0BBF135
:10D52000020F00F08280BBF1030F00F0BB80BBF163
:10D53000010F40F0CA80002C4ED1D8F8240098F892
:10D540002310386008F0BEFC4FF0040A48B3FFF720
:10D5500067FE1F4B83F8234083F8244083F825405F
:10D5600083F8264083F8274083F822A05C46D8F849
:10D570000890752016F034FD09F516532833184429
:10D58000FFF75CFE752016F02BFD8246062016F094
:10D5900027FD09F55353103353441E18042CA2D110
:10D5A00036E008F09DF9544629E000BFB153002051
:10D5B000B0530020AF530020BC530020B4530020D0
:10D5C000B8530020676200204B630020A086010052
:10D5D0002463002058620020012C76D1FFF720FE42
:10D5E000434B042283F8222083F823A083F824A04D
:10D5F00083F825A083F826A083F827A02646EAF71B
:10D60000C1FD09F5742303F51073181A00285EDABA
:10D610002A683B689A4268D108F094FB002864D0DD
:10D6200008F0FAFA0DF036F8E2E6631E022B4BD84A
:10D63000D8F823A02A68924525D13C682D4AA4EB4E
:10D640000A04702C28BF70245046214608F048FC7C
:10D65000A244C5F800A098B101280ABF03240424FD
:10D660000026FFF7DDFD224B042283F82220012251
:10D6700083F82320C3F824A0002E3FF478AFBEE740
:10D6800006465C46EDE701924FF0040A8BD2FFF7A5
:10D69000C7FD174B019A83F822A0012683F8236067
:10D6A0005A62ACE7FFF7BCFD114B0424022283F859
:10D6B000224083F8232083F824A083F825A083F850
:10D6C00026A083F827A052E75446022697E7012EAA
:10D6D0003FF44DAF022E9BD1EAF74EFD064616F001
:10D6E00070FC304400F57A7658E708F0D7FB7FE607
:10D6F000246300207F620020014B1878704700BF30
:10D70000B153002010B508F009FB044608F006FBF1
:10D71000034B04EB5000984228BF184610BD00BFD1
:10D720000087930330B589B014220C4605460021CA
:10D7300003A817F069F91323214604A88DF80C30CB
:10D740000295F4F73EFB2046F4F7DAFA8DF819005B
:10D750002046F4F7E1FAADF81A0002A8FDF77DFEC5
:10D7600008F0E4F88DF800006CB12046F4F7E8F812
:10D770008DF80100FFF7C6FF694601902846FDF7C6
:10D78000FDFF09B030BD014B1878F1E7A82D00204E
:10D7900010B50446F2F71AFE08B1002010BDFFF7DD
:10D7A000ABFF0028F9D1204608F002F90228F4D096
:10D7B000F8F7D8FC0120F1E72DE9F0438DB0804661
:10D7C0000F461646E946002A3FD01046F4F79EFA67
:10D7D000C5B23046F4F7A0FA314604464846F4F79D
:10D7E000F0FA1422002107A817F00EF999E80300B7
:10D7F00023238DF81C3008AB83E8030006A80697A6
:10D800008DF82950ADF82A40FDF727FE0023404649
:10D8100004A9ADF808300393FDF7B7FF9DF8100099
:10D82000FFF7B6FF50B108F081F88DF80800FFF758
:10D8300069FF9DF8113003908DF8093002A9384630
:10D84000FDF7AAFF0DB0BDE8F083FEF741FA0546EB
:10D850000BF0E2F8414604464846FEF757F9C0E7A8
:10D860002DE9FF4169460446FDF79EFF9DF8000043
:10D8700008F09EF802AF0546214638469DF8006044
:10D88000FEF744F99DF80000FFF782FFF0B1022D8A
:10D890001CD00F48FEF79BFE9DF8018004468DB911
:10D8A000019901442A464046FFF7EAFC97E8030045
:10D8B0000022F3F72DFE10B13146F4F789FB04B0D6
:10D8C000BDE8F081FFF71EFF2118EBE70026EDE72A
:10D8D0006762002073B5064608460D461446FEF7FB
:10D8E000E7F8012824D12846FDF7F3FD23281FD1AE
:10D8F00069462846FDF758FF9DF80030C3B16946D8
:10D900003046FDF742FF9DF8000008F051F805464B
:10D910009DF80000FFF73CFF50B1022D08D09DF8A4
:10D9200001603DB9019921442A463046FFF7A8FC21
:10D9300002B070BDFFF7E6FE2118F5E770B5064DA1
:10D940000646002455F8043B0BB130469847013495
:10D95000062CF7D170BD00BF545A002008B5084B03
:10D960001B7833B972464FF4A5714BF6F260EBF7B2
:10D9700015F8EAF7FBFB034B1B68C01A08BD00BF94
:10D980006C5A00204C5A002008B539B100210846D5
:10D9900001F0A4FBBDE80840FAF7B6B808BD0000E6
:10D9A00013B50A4C2378DB070ED50CF081FF14F079
:10D9B00001FB019001A80DF023F90020F0F778FE9B
:10D9C00023786FF30003237002B010BD485A002083
:10D9D0000D4B984210B513D303F5CA6398420FD28A
:10D9E00072B60A4C23680146013309482360F0F7F8
:10D9F00052FD2368013B2360236803B962B610BD62
:10DA0000BDE81040EDF72CBCF453002008190020AD
:10DA1000C05300202DE9F843244F3B780546002BE6
:10DA200037D0234C23789A0700D490BB23786FF328
:10DA30004103237001F08CFB3878431E012B2FD853
:10DA4000831E5E425E4135B34FF40070F8F7A4F9CF
:10DA50002078C0F30010F9F7A5FADFF860904FF0D6
:10DA6000000859F8043B13B129463046984708F19D
:10DA70000108B8F1080FF4D100253D70EAF776FBF4
:10DA80000C4B18600C4807F0C6F9237865F3820345
:10DA90002370BDE8F88314F04CFB0028D4D1DCE7F8
:10DAA0000328E9D12846F2F785FCE5E76C5A002007
:10DAB000485A0020CC530020505A0020D053002058
:10DAC00070B5064686B02AB10020F9F78BFA01201E
:10DAD00006B070BD01A9F2F7C7FE0028F4D001A876
:10DAE000FDF7E6FF20B1304604F09BFC0120ECE797
:10DAF00072B6154D15482B6801332B60F0F700FD09
:10DB00002B68013B2B602B68044603B962B624B92D
:10DB10002046CA21FAF722FB04460120F9F762FAEF
:10DB200054B13146CA22204616F046FF084B214622
:10DB30001868EDF727FDCAE7064A137843F0080393
:10DB40001370F9F78BFAC2E708190020C0530020C0
:10DB5000B82D0020485A00202DE9F043394E3A4FA5
:10DB6000DFF8EC809FB0EAF783FE3068EDF72CFD1C
:10DB70000546002864D03B785A1E012A5AD84146EF
:10DB8000F2F72CFF48B100242846FFF721FF002CB4
:10DB9000E9D020461FB0BDE8F0832C48FDF730FBEC
:10DBA0000028F0D004A92948FDF72BFC2748FEF7F0
:10DBB0000EFD06990144019100F062FB0199F3F713
:10DBC0004BFD9DF824909DF85E20014604460DF122
:10DBD0005903484601F04CFA9DF853000DF15903E2
:10DBE0002246494601F014FBDDE91023DDE90A0174
:10DBF00016F0B3FE20B122464946012001F08AF911
:10DC00009DF85E3023B10DF15901484601F0E0FD69
:10DC100004A902AC0D4801F047FB20460B49FDF773
:10DC200075FF94E803000022F3F772FC0748F4F74D
:10DC3000DFFFA8E7032BA6D1F2F786FB0446A3E794
:10DC40000446A6E7B82D00206C5A00206762002029
:10DC50005862002010B5124B1A780446EAB917280A
:10DC600014BF012202221A700E4AA0F11603594273
:10DC70005941137823F0120343EA01131370EAF7B2
:10DC800075FA094B1860F9F737FF2046F9F74CFF92
:10DC90001020F3F7ABFB012010BD0020FCE700BF14
:10DCA0006C5A0020485A00204C5A002008B50A4BF4
:10DCB000197879B903221A70084B1A7861F3410276
:10DCC0001A70EAF753FA064B18602020F3F78EFB20
:10DCD000012008BD0020FCE76C5A0020485A0020B3
:10DCE0004C5A0020014B1878704700BF6C5A002036
:10DCF000024B1878C0F34000704700BF485A00201C
:10DD000010B5094CFFF74CFEFFF726FF0020FFF788
:10DD100081FE23781B0706D54C20F9F705FF2378F1
:10DD20006FF3C303237010BD485A002010B50D4B8C
:10DD30001B7843B90120FAF7C3FCBDE81040014647
:10DD4000094807F087B8094C23785B0708D4FFF728
:10DD500027FE237823F0060343F004032370E9E74A
:10DD600010BD00BF6C5A0020505A0020485A0020B5
:10DD700010B5074C206807F08FF828B1206807F02D
:10DD80004EF880F00100C0B200F0010010BD00BFED
:10DD9000505A0020014B1868704700BF445A0020B9
:10DDA000014B1868704700BFCC53002070B50C467B
:10DDB000054630B9724640F2D9114BF6F260EAF7E7
:10DDC000EDFD012C164E08D972464FF4ED714BF65D
:10DDD000F260EAF7E3FD072319E0002CFBD133469C
:10DDE000214653F8042BAA4202D012B946F821501A
:10DDF00070BD01310829F4D172464FF40171BDE8BC
:10DE000070404BF6F260EAF7C9BD013BF4D356F817
:10DE10002320AA42ECD0002AF7D146F82350E7E7A6
:10DE2000D053002010B5044630B9724640F20921A3
:10DE30004BF6F260EAF7B2FD0B4A0023104652F8A7
:10DE4000041BA14202D011B940F8234010BD013398
:10DE5000062BF4D1724640F21A21BDE810404BF671
:10DE6000F260EAF79BBD00BF545A002010B504468B
:10DE7000FAF7E4FB1CB9074B1860012010BD064AF5
:10DE8000A4F5C333A03B934202D8024B1C60F4E7D5
:10DE90000020F3E7F0530020205BE300174B73B53D
:10DEA00000241C70164B1C70164B1C60164B1C601B
:10DEB00014F080F801900120F0F7FAFB01A80CF0B3
:10DEC0009FFE2046F0F7F4FB10482146FFF76EFF57
:10DED00016F056FD68B10E480E4D0D4EF0F7A2FA41
:10DEE000294630460134F0F7D6FA082C05F1CA0568
:10DEF000F6D10020FFF7BAFF02B070BD6C5A0020C7
:10DF0000485A00204C5A0020CC53002089D90100E7
:10DF1000C0530020F4530020F7B55F4C23789807D6
:10DF20007ED45E4D2B7833B972464FF4A8714BF610
:10DF3000F260EAF733FD2378990706D5724640F27E
:10DF400051114BF6F260EAF729FD2378544F002275
:10DF500062F3C3038DF8032023703868EDF734FBB8
:10DF6000064610B1FFF734FDF7E72B78022B6AD095
:10DF7000032B73D0012B7CD1FAF760FB054614F01C
:10DF800019F801900DF1030014F070FD3046FFF711
:10DF9000D5FC9DF8033033B972464FF4BC714BF693
:10DFA000F260EAF7FBFC3F4A9DF80360A5F5C33336
:10DFB000A03B934206D9724640F243214BF6F260F1
:10DFC000EAF7ECFC731E0B2B06D9724640F2462191
:10DFD0004BF6F260EAF7E2FC2378DA071CD4012062
:10DFE000F0F766FB01A80CF00BFE30460CF0C4FB0A
:10DFF000EAF7C8F82C4B284418602378DB0601D4D4
:10E00000F8F7B0FF07F077FB284801210CF0F0FB90
:10E01000237843F001032370237843F00203237035
:10E02000214B1D68EAF7AEF8281A00282ADAFFF714
:10E03000B7FC0125FFF790FD30B3FFF7B1FC0120DD
:10E04000FFF7E8FC22E01A4B1D6813F0B3FF0190C4
:10E050000DF1030014F00AFD012098E7F2F762F9D0
:10E06000054601A8F2F764F9F2F768F98DF80300A4
:10E070008FE772464FF4B9714BF6F260EAF78EFC07
:10E08000354686E70025D5E7002DD8D12078C0F3A6
:10E09000400003B0F0BD00BF485A00206C5A002079
:10E0A000B82D0020205BE300445A0020C1DA0100B3
:10E0B000F05300202DE9F047234D2B78022B074623
:10E0C0008846914641F288340DD1204B1E68264483
:10E0D00000202C78F0F798FD82469CB3012C06D0E6
:10E0E0000120BDE8F087FAF7A9FA0619F0E7BD1993
:10E0F00014F084F8A0B1164B1878FAF798FA78B1B2
:10E10000AAEB050000280BDAFFF728FC054620469D
:10E11000FAF7D6FAB5EB400F2CBF01200020E0E75C
:10E12000B9F1000FDCD0A8EB0505002DD8DAFFF718
:10E1300015FC04460120FAF7C3FA844294BF00207C
:10E140000120CEE72046CCE76C5A0020F053002097
:10E15000A82D00200A1A0A4B51BFB2FBF3F0401A57
:10E16000B0FBF3F103FB110054BF03FB1020181A9E
:10E17000044B984284BFA0F5F420A0F5907070473E
:10E1800020A107008FD003002DE9F04791460746F4
:10E19000884606F05FFF0C25B0FBF5F303FB150581
:10E1A000013505F0FF052C46002609F00809204638
:10E1B000F7F7EAF88246C0B9204607F05CFF03286B
:10E1C00013D0B9F1000F09D1CEB130462146F8F78E
:10E1D000E7F936EA200628BF264606E042462146F1
:10E1E000504600F05FFF0028EED00134E4B20D2C61
:10E1F00028BF0124AC42DAD13E70BDE8F087264644
:10E20000F3E7000008B5E9F7B7FF054B1860FFF723
:10E2100045FE01F0CDF9BDE8084000F041BD00BF6A
:10E22000745A0020F8B5134CE9F7A6FF23681A1AB0
:10E23000002A17DA1049114F0A68C31A00251A4438
:10E24000BB42A2EB03060ED205B10E600A6800F5D0
:10E25000F40002F5F40200F5905002F59052C01A55
:10E260000A602060F8BDA3F5F403A3F590530125DF
:10E27000E6E700BF745A0020705A002000127A00AE
:10E28000014B1868704700BF705A00202DE9F04319
:10E2900087B001A8F0F718FC13F0C5FFF8B19DF89E
:10E2A0000400FAF7C4F9002800F0B5809DF80400D6
:10E2B000F7F76AF8064618B1402007B0BDE8F083CA
:10E2C00013F0A7FF68B19DF80410022000F028FFAA
:10E2D000014620B9022000F001FF0028ECD1002007
:10E2E000EBE70120F0F790FC07463046F3F70AF918
:10E2F000B04604460DF11009DCB900F0AFFD05464B
:10E3000000286DD1454B38461968FFF723FF0028D8
:10E31000B8BF404248F69F43984244EA080478DC7C
:10E3200044F268239842C8BF202644EA0600C0B2DF
:10E33000C3E72046F3F764FCB8B12046F3F700FBCF
:10E340009DF80430834210D12046F3F721FE41F2BC
:10E35000883201463846F3F791F930B10C21204656
:10E36000F3F7A8FD38B14FF0050820460021F3F778
:10E37000B9F80446C0E72046F3F7BEF968B902AD24
:10E3800021462846F3F71DFD95E80300F1F74AF80A
:10E390000028EAD148F00108E7E72046F3F7DDFD61
:10E3A0000228ECD813F01CFE0546F6F7B5FBA0B129
:10E3B000042DE4D0F6F7DAFB0028D4D04846F6F76F
:10E3C0002FFC99E803000022F3F7A2F80028CAD036
:10E3D000F3F7C3FD0228D2D9C5E7042DC3D1CEE798
:10E3E0002A7C9DF804309A420FD1A96841F2883204
:10E3F0003846F3F743F940B1AB7C022443F00803FD
:10E40000AB74284600F03EFD79E7AB7C03F0F703E0
:10E41000F6E7102689E708204FE700BF705A002072
:10E420002DE9F04107460020F3F76CF8054613F09C
:10E43000F0FE044660BB0120F0F7E6FB064615B986
:10E440002046BDE8F08100212846F3F74BF88046CE
:10E450002846F3F7D5FBA0B12846F3F799FD41F222
:10E46000883201463046F3F709F950B10C212846AD
:10E47000F3F720FD50B937B1012211462846F2F7D3
:10E480007BFB4546DBE744F00104FAE70524F8E7A7
:10E490000024D5E707B513F0BCFED8B901A8F0F702
:10E4A00013FB0120F0F7B0FB0C4B1968FFF752FE8D
:10E4B00080EAE073A3EBE073FA2B02460ADD002A40
:10E4C0001846BCBFC3F5F40000F59050F0F71CFCF3
:10E4D000F3F7ACF903B05DF804FB00BF705A0020FD
:10E4E0002DE9F04F89B013F09EFE064620B90126B3
:10E4F000304609B0BDE8F08F13F095FE0446D8B160
:10E5000013F07CFE0546B8B907A8F0F7DDFA2A46F5
:10E5100029460DF11B00FFF737FE9DF81B309DF8D3
:10E520001C209A4206D007A88DF81C30F0F7EAFAB2
:10E53000F3F77CF92646DBE707A8F0F7C5FA0120D8
:10E54000F0F762FB9DF81C30019380461846FAF7FD
:10E550006EF8002846D05D4B5D4C18684146F3F7D5
:10E560007BF8B0FBF4F0C4B2102C06D9724640F22E
:10E570001A5148F24E60EAF711FA0023DFF85C9175
:10E580000293534B19F801AB03FB04F510230393DB
:10E590000AF00103002704931AF0030F27D129463C
:10E5A00052460DF11B00FFF7EFFD9DF81B100029EF
:10E5B00066D10134039BE4B20F2C94BF05F5F4251A
:10E5C000002503F1FF3394BF05F590752C4613F039
:10E5D000FF030393E0D1002F5DD13E4B4B45D0D1DB
:10E5E0003E4685E706F036FD00F00F04C5E7374BE1
:10E5F0001B68002005EB030BF2F784FF034670B99C
:10E60000F0F7DEFE03460028C9D018460593F0F760
:10E61000C7FE059B18BB1846F0F702FFF2E7184645
:10E620000593F3F7B5FC41F2883201465846F3F7FB
:10E6300025F8059B20B900211846F2F753FFDDE7C6
:10E64000049A002AB5D11AF0020FF4D018460C2112
:10E650000593F3F72FFC059B0028ECD0A9E718469B
:10E660000593F1F73EFD41F2883201465846F3F733
:10E6700005F8059B0028CED0049A002ACBD098E755
:10E680001FB99DF81B70029593E73846F7F788FF8E
:10E6900000288EDAF5E70D4B1968029B0B441946EA
:10E6A0004046F2F7D9FF0C4AA0F1FB03934209D888
:10E6B000F0F72AFB07A88DF81C70F0F723FAF3F7A0
:10E6C000B5F815E7019BBB42F4D110E7705A002062
:10E6D00020A10700E45803000A107A00E058030064
:10E6E0003C2070472DE9F04786B00646884617461D
:10E6F00013F08FFD054600286BD10146102202A8B9
:10E7000016F082F9FB0618D40020F2F7FBFEDFF8C2
:10E71000C890DFF8C8A0044614BBDFF8C49002AE6E
:10E7200007F0040816F8013B012B41D104F5F4244D
:10E7300004F590744C45F5D10EE00120F0F764FA31
:10E7400004463046F3F724FC41F288320146204665
:10E75000F2F794FF0028D7D0284606B0BDE8F0872E
:10E76000B44207D144450CD120460021F2F7BAFE4D
:10E770000446D1E703212046F3F79CFB0028F1D1A2
:10E78000F2E703212046F3F795FB2046F3F700FC60
:10E7900000F50C41A031D9F80000F2F75DFFB0FBA5
:10E7A000FAF000F118036B44012203F8102CDBE7A8
:10E7B0000DF107003A462146FFF7E6FC9DF80700F9
:10E7C0000028B3D0B8F1000F03D0F7F7D7FE002828
:10E7D000ACD00125C0E700BF705A002020A107007F
:10E7E00000127A002DE9F74F05460F46164613F042
:10E7F00010FD08B106F0EF06B2071BD42846F3F768
:10E80000C7FBF306044632D4DFF8BCA0DFF8BCB087
:10E81000DAF8000048F6A04904EB0901F2F71CFF02
:10E82000B0FBFBF80120F2F76DFE002604464CBB5E
:10E83000204619E00020F2F765FE04460028DDD0EE
:10E84000AC4204D100212046F2F74CFEF5E70C2142
:10E850002846F3F72FFB0028F4D021462846F2F78C
:10E8600029FF0028EED0012003B0BDE8F08F012081
:10E87000F0F7CAF941F288322146F2F7FFFE00288C
:10E88000C2D0F0E7AC4219D02046F3F781FB00EB91
:10E890000901DAF80000F2F7DFFEB0FBFBF080457B
:10E8A0000CD10136B742DED92846F3F749F801907A
:10E8B0002046F3F745F8019B8342D4D0204601213E
:10E8C000F2F710FE0446B2E7705A002020A10700BC
:10E8D00038B505460020F2F715FE044608B9204673
:10E8E00038BDAC4204D100212046F2F7FBFDF4E72D
:10E8F0002046F3F785F90028F5D021462846F2F79F
:10E90000D9FE0028EFD0EAE7024B01461868FFF76E
:10E9100021BC00BF705A002073B50446F0F750FDCB
:10E920006E46054645B900F0DDFA2044C0F38D047B
:10E93000001B80B202B070BD2846F0F731FD58B11F
:10E9400029463046F0F7DAFE96E803000022F2F797
:10E95000DFFD08B90134A4B22846F0F761FD054691
:10E96000E0E700002DE9F04F2DED028B8FB0059010
:10E97000FFF758FC13F04DFC58B3B74B1B680193DD
:10E980000023059309A8F0F79FF89DF82430012093
:10E9900008EE103AF2F742FE80B2F8B9019AAE4B97
:10E9A00091461A60AC4C256849462846FFF7D2FBD1
:10E9B00080EAE072A2EBE07248F69F439A42D8BF29
:10E9C00005EB0009C4F800900FB0BDEC028BBDE868
:10E9D000F08F0120F0F718F90190D3E7FFF79CFFC3
:10E9E000069018EE100AF9F722FE002800F0C38006
:10E9F0000020F2F787FD984E0446002548F69F4711
:10EA0000002C6FD1F0F7DCFC934F04460CAE002CC9
:10EA10007ED100F023FA904E044648F69F473068B6
:10EA2000002C40F098808C4B0020D3F80090F2F737
:10EA300069FD0023CDE903330746029348F69F4A58
:10EA4000002FAFD03846F3F7A3FA80460020F2F744
:10EA500059FD002683463446BBF1000F40F08D80FF
:10EA6000F0F7AEFC8346002840F09F8000F0F6F9F6
:10EA70008346002840F0BC8018EE100AF9F7D7FD55
:10EA8000002800F0C880744B40461968FFF762FB0D
:10EA90000028B8BF40425045CCBF00230123019954
:10EAA00007934046FFF756FB80EAE072A2EBE07264
:10EAB0005245079B02DC06444FF0010B029A002AE4
:10EAC00000F0AB80039A944200F2A780049A94422B
:10EAD00002D1002B40F0AE8038460021F2F702FD53
:10EAE0000746ADE72046F3F753FA01463068FFF7D3
:10EAF00031FB0028B8BF4042B842D8BF013520469C
:10EB00004FF00001D8BFEDB2F2F7ECFC044677E716
:10EB10002046F0F745FCC8B121463046F0F7EEFD3F
:10EB200096E803000022F2F7F3FC78B92046F1F7EB
:10EB3000D8FA01463868FFF70DFB0028B8BF4042FD
:10EB400048F69F439842DCBF0135EDB22046F0F70E
:10EB500067FC04465BE7A168FFF7FCFA0028B8BF32
:10EB60004042B842D8BF01352046D8BFEDB200F0D0
:10EB700089F9044653E7054655E75F450FD05846E7
:10EB8000F3F706FA01464046FFF7E4FA80EAE0733D
:10EB9000A3EBE0735345DEBF01343618E4B25846A8
:10EBA0000021F2F79FFC834656E75846F0F7F8FB42
:10EBB000D0B159460AA8F0F7A1FD0AAB93E80300CB
:10EBC0000022F2F7A5FC78B95846F1F78AFA014617
:10EBD0004046FFF7BFFA80EAE072A2EBE0725245CE
:10EBE000DEBF01343618E4B25846F0F719FC39E7B5
:10EBF000DBF808104046FFF7ADFA80EAE073A3EBBC
:10EC0000E0735345DCBF361801345846D8BFE4B230
:10EC100000F038F92CE75B4650E7059A52B14BB942
:10EC20000DB9012C06D8069AA2423FF655AF042C26
:10EC30007FF652AFA34423441BF0FF09DBB20493D9
:10EC400008BFCB464FF0010318BF96FBF9FB0394B6
:10EC500008EB0B0902933FE7705A002010B50446F9
:10EC60000120FFF77FFE3CB100F04CF900F096F96F
:10EC7000BDE8104000F07CBA10BD08B500F016F9F0
:10EC8000BDE8084000F0A2BC0023044A1946013345
:10EC90001D2B917402F11402F9D17047785A0020AB
:10ECA00008B5FFF7F1FF0348BDE808401021F4F76D
:10ECB00061BE00BF05EE01002DE9F04F85B00546AD
:10ECC0000091E9F753FA019003A8EFF7FDFE002049
:10ECD000EFF79AFF009BAE68990604462CD5EB7CB3
:10ECE000DA0702D5287C00F07FFD0020F2F70AFC4D
:10ECF0000446002839D1DFF808A14FF0FF0B5F462A
:10ED00008146D0469AF81210002966D09AF8100071
:10ED1000297C88423DD09AF812100B075ED4E9F79F
:10ED200025FADAF80C10FF2FA0EB010001D0A04269
:10ED300054D904464F4651E09DF80C202B7C9A4252
:10ED4000CDD113F05BFA0028C9D031462046F2F746
:10ED5000B7FC38B90120EFF757FF3146F2F7B0FCA6
:10ED60000028BCD005B0BDE8F08F2046F2F7E8FDE2
:10ED70002B7C834204D000212046F2F7B3FBB7E797
:10ED80002046F3F705F93146F2F79AFC0028F2D055
:10ED9000E8E7A968DAF80800F2F792FC0028BAD090
:10EDA000142303FB09F908EB0903296848F8091043
:10EDB000009F997CAA889A800F4347F010079F74A0
:10EDC0002A7C1A749E606A7C5A74019ADA60E97C23
:10EDD000DA7C61F30002DA74C4E7CB4609F1010979
:10EDE000B9F11D0F0AF1140A8CD1BBF1FF0F08BF56
:10EDF000BB46142303FB0B8300219974D946CFE74C
:10EE0000785A002010B586B004461022002102A8CE
:10EE100015F0FAFDD4E9013213440393237D94F8ED
:10EE20004E208DF8143094F848308DF815304FF09E
:10EE3000000362F300038DF81730A36901932021CA
:10EE4000A38BADF8083001A8FFF736FF06B010BD60
:10EE500010B100230374837470470000084A4FF018
:10EE6000FF33104601331D2B01D100207047917CE8
:10EE7000C90602F11402F5D5142202FB0300704703
:10EE8000785A002010B5084A1421801AB0FBF1F31B
:10EE900001331C2B01D9002004E001FB0320847CFA
:10EEA000E406F5D510BD00BF785A00202DE9F041E9
:10EEB000E9F75CF90A4C06461D254FF00008A37CD3
:10EEC00043B1E3680C20F71AF9F7ECFB874228BF3F
:10EED00084F81280013D04F11404F0D1BDE8F08102
:10EEE000785A00200023064A1846917C0133C9064F
:10EEF00048BF01301D2B02F11402F6D1704700BF4C
:10EF0000785A002002487822002115F07DBD00BF0C
:10EF1000BC5C0020F7B50139CBB20B2B064636D8C6
:10EF200002F51C451B481C4F02F5BA234035B5FBC2
:10EF3000F0F5EDB2102D03F58663B3FBF0F3DBB211
:10EF400028BF0025102B28BF002305EB011503EB7C
:10EF500001143846294605F0AAFF2146384605F037
:10EF6000A6FFA6B1182000FB06702946019005F007
:10EF70009EFF022E0BD0032E019806BF294607F1F3
:10EF80003000214603B0BDE8F04005F090BF03B06B
:10EF9000F0BD00BF20A10700BC5C002073B5FFF7E7
:10EFA0006FF905460020F2F7ADFA044650B9F0F7C4
:10EFB00007FA044668BBFFF751FF0446002845D115
:10EFC00002B070BD2046F2F7E3FF00902046F2F752
:10EFD000B7FC009906462846F2F73EFB0090204613
:10EFE000F2F795FB009A20B131460120FFF792FF1E
:10EFF000009A009200212046F2F75CFF009A314609
:10F0000000B10320FFF786FF00212046F2F76AFADD
:10F01000CBE72046F0F7C4F9A0B12046F1F761F83C
:10F0200001462846F2F718FB01902046F1F75CF8FC
:10F0300000902046F0F7E8FBDDE9001200B1032064
:10F04000FFF768FF2046F0F7EBF9B2E7A168267CEE
:10F050002846F2F701FBE37C024613F0010018BFDB
:10F0600002203146FFF756FF2046FFF70BFFA4E7CB
:10F07000F8B5161E04460D460A46014614BF022086
:10F0800000201F46FFF746FF5EB102213846FAF71F
:10F09000EDF930B12A4621460320BDE8F840FFF7DC
:10F0A00039BFF8BD0139CBB20B2B11D802F51C4387
:10F0B0004033084AB3FBF2F3DBB2102B28BF002326
:10F0C00003EB0111044B182202FB003005F0F9BEDE
:10F0D0000020704720A10700BC5C00202DE9F04112
:10F0E000182700250D4E884647432C46B8F1010FDE
:10F0F00008BF96F84830F05D08BF184005F0E0FF03
:10F1000001350444182DA4B206F10106EED1FF2CFE
:10F1100028BFFF24E0B2BDE8F08100BFBC5C002046
:10F12000F8B50A4B18270139002507FB00370E01F7
:10F130002C467119384605F0C4FE08B10134E4B21A
:10F140000135102DF5D12046F8BD00BFBC5C002074
:10F1500070B500250124EEB2214601343046E4B2F8
:10F16000FFF7DEFF0D2CF7D10135052DF2D170BD73
:10F170002DE9F743254E00243480FFF781F8074638
:10F180002046F2F7BFF9044630B9F0F719F9044602
:10F1900060BB03B0BDE8F0832046F2F7F9FE0190B2
:10F1A0002046F2F7CDFB019981463846F2F754FA32
:10F1B00080462046F2F7F5FDC57813F02AF840B1F5
:10F1C00012F0BDFF28B12046F2F7F6FC08B105B1F8
:10F1D000013D338849461D44424604203580FFF7EF
:10F1E00099FE00212046F2F77DF9CCE72046F0F7A2
:10F1F000D7F830B92046F0F707FB10B13388013358
:10F2000033802046F0F70CF9C1E700BF345D0020E1
:10F21000F8B5044604200D4616461F46FFF742FF88
:10F2200078B902213846FAF721F950B1054B188810
:10F2300004441C80324629460420BDE8F840FFF70C
:10F2400069BEF8BD345D0020014B1888704700BFCF
:10F25000345D002010B58CB00C46014604A8FBF7C5
:10F26000C4FDD4E901341C44049808B90CB010BDA5
:10F2700007A915F009FA90B16846F2F795FD009BD1
:10F28000079302A8F2F790FDBDF80C30ADF82030DE
:10F29000099B0021234407A80993FFF70DFD04A84B
:10F2A000FBF7FEFC0490DFE7F0B58DB0074603A83E
:10F2B0000C46EFF709FCFEF7E3FFD4E901630546CE
:10F2C000394604A81E44FBF790FD049808B90DB018
:10F2D000F0BD07A915F0D8F9A8B19DF82C709DF8DC
:10F2E0000C300999BB42314412D09DF82F4028467A
:10F2F00014F0010418BF0224F2F7AEF939460246B1
:10F300002046FFF707FE04A8FBF7CAFC0490DCE7E1
:10F3100000200191EFF778FC0199F2F7D1F90199FA
:10F320000028E2D0EFE700002DE9F04F8DB0142265
:10F330000C460646002107A815F066FB0020EFF7F3
:10F3400063FC844B03F10808002C18BF9846002486
:10F35000B8F80430D8F800A0A8F80440C8F8004075
:10F36000ADF810308146F0F79FFDF2F76FFA0223F7
:10F37000019305AFF0F724F80546002849D1002095
:10F38000F2F7C0F80546002800F0D680012C6ED9AF
:10F3900030460DB0BDE8F08F012203212846F0F77A
:10F3A000C9FE97E8030088E803002846F0F79CFEB2
:10F3B0008DF82C002846F0F720FF8DF82D00284608
:10F3C000F0F78FFE83469DF82D00F9F7D5F8ABEBEB
:10F3D0000903002BBFBFA9EB0B03B3FBF0F303FB47
:10F3E00000008344ABEB090009902846F0F70CFAC3
:10F3F0009DF82F3000F0030023F00303034307A917
:10F4000030468DF82F3015F020F901340646E4B26D
:10F4100029E0012CB3D82846EFF7C2FF18B32946DC
:10F420003846F0F76BF997E803000022F2F770F81E
:10F43000C8B902212846F0F7AFFEA0B10321284643
:10F44000F0F7AAFE834670B9BAF1000FA4D097E88E
:10F450000C000499CDF80CA0504615F07EFA10B1BE
:10F46000ADF810B0DA462846EFF7DAFF84E7294610
:10F470003846F2F7A6FCBAF1000F13D097E80C005B
:10F480000499CDF80CA0504615F067FA28B14FF05A
:10F490000003ADF810304FF0000A00212846F2F7C3
:10F4A00021F86FE706212846F2F704FD0028F4D082
:10F4B00004212846F2F7FEFC0028EED101220421A7
:10F4C0002846F2F78AFC97E8030088E803002846FC
:10F4D000F2F736FA8DF82C002846F2F743FD8DF846
:10F4E0002D002846F2F754FD83469DF82D00F9F7CC
:10F4F00043F8ABEB0903002BBFBFA9EB0B03B3FB36
:10F50000F0F303FB00008344ABEB090009900021FA
:10F510002846F2F7CFFC9DF82F3000F0030023F0CF
:10F520000303034307A930468DF82F3015F08DF8FB
:10F5300001340646E4B2B0E7012C3FF629AF019B47
:10F54000012B3FF425AF0123ADF810000193824653
:10F5500010E700BF385D0020F2F718BDEFF760BB81
:10F5600007B50DF103010DF1020012F047FD002374
:10F5700001A88DF802308DF80330EFF7A5FA9DF859
:10F5800002309DF805209DF80310934238BF1346C2
:10F590008B4228BF0B4693428DF8053004D001A85A
:10F5A000EFF7B0FAF2F742F903B05DF804FB0000A0
:10F5B000034B0A221A70034B64221A80FFF7D0BF54
:10F5C0004A5D0020485D0020FFF7CABFF7B512F082
:10F5D00020FE0446002840F09680FFF7C1FF204639
:10F5E000F8F7C8FB85B2F8F7D9FB2D0184B2ADB2AC
:10F5F000A400ED08A4B201A8EFF766FAAC4238BF48
:10F600002C469DF80560CCB1534B9A8A197C9C829C
:10F61000A21A23F8112009B908221A741A7C4E483C
:10F62000013A1A7400225A82082130F9025B01392A
:10F630002A4411F0FF0112B2F7D15A82474F484DC8
:10F640000DF103010DF1020012F0D8FC3B78002B04
:10F6500070D1662C68D9404BB3F91230312B58DD8C
:10F660009DF802209DF80530511C8B424DDD023B78
:10F670008DF805302B88002B5FD1542C08D89DF8CD
:10F6800005309DF803209A4202D901338DF80530E8
:10F690009DF80530B34208D001A8EFF733FAF2F72E
:10F6A000C5F80A233B7064232B80EFF753FE441CFC
:10F6B0000546F8F767FBE4B2064601A8EFF704FA3F
:10F6C000012C09D0022C3BD0032C3BD0033DEDB2E2
:10F6D000052D34BF112414249DF806209300B3FB9C
:10F6E000F4F18E4230DD01328DF806209DF80630AF
:10F6F000022B38BF0223042B28BF042301A88DF856
:10F700000630EFF7FFF903B0F0BD934209D9013B92
:10F71000AEE7BF2C08D99DF805309DF802209A422B
:10F72000F5D364232B80A5E70120F3F78FFD012893
:10F73000F1D89FE7013B3B709CE7013B2B80A7E79B
:10F740000B24C9E70E24C7E7043B93FBF4F4A6425D
:10F75000CCDA013AC8E700BF4C5D00204A5D0020CA
:10F76000485D002070470000F7B505466C1E0DF19E
:10F770000700E4B20E4613F079F90B2C12D89DF86D
:10F780000730AB420ED0084F07EB8403A500DB78AF
:10F7900003B13EB13D440123AB70E8F7E7FC27F825
:10F7A0002400EE7003B0F0BD625D0020431E074AE6
:10F7B000DBB202EB8303987820B1DB78002B0CBF1F
:10F7C0000846012000F00100704700BF625D002084
:10F7D00010B5044608460121F9F7F2FD014620461E
:10F7E000BDE81040FFF7C0BF0021FFF7BDBF00001C
:10F7F000044A002302EB8301887810B901330C2BF3
:10F80000F8D17047625D0020F8B500250C4C40F639
:10F810000F662F46A3786BB1E8F7A8FC2388C01ABF
:10F8200080B2B0428CBF00230123B0F5616FA3709A
:10F8300028BFE77001350C2D04F10404EAD1F8BDAE
:10F84000625D002038B5094D441E05EB84039A78AB
:10F8500042B1DB7833B1E8F789FC35F82430C01ABF
:10F8600080B238BD4FF46160FBE700BF625D0020ED
:10F8700008B5E8F787FC074B074A1B681268134472
:10F880001B1A002B04DA054B00221A70044B186077
:10F8900008BD00BF985D0020945D0020925D0020AF
:10F8A0009C5D002008B5044B00221A70E8F76AFC42
:10F8B000024B186008BD00BF925D00209C5D0020D7
:10F8C00008B5054B1B780BB1FFF7D2FFE8F75AFCE0
:10F8D000024B186008BD00BF925D00209C5D0020B7
:10F8E0002DE9F7436D460446284605F000FF12F067
:10F8F00026FC78B1234F3B78A3B1FFF7B9FF3B78E3
:10F9000083B1214B214A1B681268134400930123E1
:10F910008DF8043095E8030084E80300204603B026
:10F92000BDE8F083E8F72EFC0646F1F733FD184BEF
:10F930001A6802F5C332A032921B002A8046E9DA27
:10F9400002F084FD0028E5D14046F8F770FE00285B
:10F95000E0D04FF0010987F800900C4F4CF250387E
:10F96000C7F8008005F06EFB3B68B0FBF8F202FBC5
:10F9700018021344044A3B60334416608DF8049027
:10F980000093C7E7925D0020985D0020945D002001
:10F990009C5D002007B56846FFF7A2FF03B05DF845
:10F9A00004FB08B502F0C8FC03F00AFE01F07EFA81
:10F9B00000F01AFAFFF776FF02F090FF02F028F944
:10F9C000BDE8084000F036BD70B532498AB0064641
:10F9D000F1F704F818B1002420460AB070BD2E4893
:10F9E000FCF7FAF805460028F5D02B48FCF701F99A
:10F9F00004460028EFD12848FCF7C4FA0028EBD1D0
:10FA000012F09DFB00283AD02348FCF7EEF801A93C
:10FA100004462148FBF70DFA204601A902ACFFF786
:10FA2000D7FE20461C49FCF771F814220DEB0200AA
:10FA3000002114F0E9FF019B049394E80300F9F717
:10FA4000D7F9059094E80300F9F7ECFA069094E8EA
:10FA5000030007AB83E80300337B8DF8243004A850
:10FA6000F9F7F4FB0C48FCF7A6F804460028B3D1DC
:10FA70000948FCF704FB00F0E3FA2C46ACE7064823
:10FA8000FCF70FFB0128A7D10348FCF71DFC002859
:10FA9000BAD0A1E7586200206762002008B500F0E4
:10FAA00013FD02F02FFB12F04AFB48B100F0B4F84E
:10FAB00003F0AAF903F002FCBDE8084003F084B9A2
:10FAC00008BD08B5FFF766FFFFF79EFEBDE80840DA
:10FAD00002F0C8B870B50E461446054603F096FB12
:10FAE0000146207016B9284600F030FA207860B937
:10FAF0002846F3F783F90228044603D116B92846AD
:10FB000003F0FEFBA01E18BF012070BD08B1F8F77E
:10FB100041B8F8F747B8000070B504460830FFF761
:10FB200053FF0546204614F036FD06460DB9002069
:10FB300070BD0F4803F06AFB052E054603D0014651
:10FB40000B4800F003FAB31F58425841FFF7DEFF9D
:10FB5000002DECD1064802F069F90028E7D10448ED
:10FB60002146F3F77BF9B0FA80F04009E0E700BFE7
:10FB70006762002060B1427942B18379C3EB03230D
:10FB8000B3FBF2F3FF2B28BFFF23DAB21046704716
:10FB90000246FBE7014805F07FBB00BF085E00207E
:10FBA000014805F079BB00BFA05D002007B5002922
:10FBB0004FF0000200904FF0FF0314BFF2217221BA
:10FBC000104605F016FBC0B203B05DF804FB08B5A3
:10FBD000F2F7E0F90023037108BD07B56B4683E82F
:10FBE0000300002293E80300F1F792FC20B103B078
:10FBF0005DF804EBFFF7EBBF03B05DF804FB00001A
:10FC000008B5E8F7B3FA034B1B68C01A0A38C00FEF
:10FC100008BD00BFEC5D00202DE9F347E8F7B2FA1C
:10FC20002D4B1D681860451B72B62C4A2C48136872
:10FC3000013313602B4B00211E68196003680160BB
:10FC40002948046801602948076801601168013982
:10FC50001160126802B962B6DFF8A0803344D8F8A8
:10FC6000002023443B4413440022104629460093BD
:10FC7000FF2305F0BEFA81461D4805F007FC5FFA38
:10FC800089F11C48DFF8789005F014FBFFF7B8FF06
:10FC90008246C0B9164805F032FCD8F800301C4442
:10FCA000D9F800303E44E41A7043FF23B0FBF3F070
:10FCB0000444294600945246504605F09AFAC1B2CF
:10FCC0000D4805F0F7FA0023C9F80030C8F80030F5
:10FCD00002B0BDE8F08700BFE85D002008190020F1
:10FCE000E45D0020E05D0020D85D0020DC5D0020A8
:10FCF000F05D0020085E0020A05D0020D05D0020A7
:10FD0000D45D0020052913D8DFE801F003080A0EAE
:10FD10000C100B4A1368184410607047094AF9E741
:10FD2000094AF7E7094AF5E7094AF3E7094AF1E71B
:10FD300072464FF4D1714DF6DD70E8F72FBE00BF6B
:10FD4000D05D0020E05D0020E45D0020D85D002053
:10FD5000DC5D0020D45D002008B50146044805F0B4
:10FD60006AFBE8F703FA034A13880133138008BDDE
:10FD7000B45D0020CC5D002073B5044610480E46EB
:10FD800005F084FB0E4805F0BAFB0E4B1A88328052
:10FD9000002605461E8012F023F9042803D12670A0
:10FDA000284602B070BD064805F0ABFBFF2300906B
:10FDB00032460421304605F01CFA2070F0E700BFFF
:10FDC000B45D0020CC5D002008B5E8F7CFF9044809
:10FDD000022105F023FB034B00221A8008BD00BF5F
:10FDE000B45D0020CC5D002010B51648042105F05C
:10FDF00037FA0521144805F033FAFFF7E5FF1348F9
:10FE000001F03EF9124B134800241C60124B1C6099
:10FE1000124B1C60124B1C60124B1C60124B214693
:10FE20001C6005F0FBFA114B11481C60FDF7FAFF4E
:10FE300010480121FDF7BAFFBDE810400E48F1F768
:10FE4000B9BA00BF085E0020A05D0020A85D0020B8
:10FE5000DC5D0020F05D0020D45D0020D85D002036
:10FE6000E45D0020E05D0020D05D0020EC5D00201E
:10FE70007700020073000200650002000020FFF717
:10FE80006BBF0138C0B2FD2894BF0020012070472D
:10FE900013B57F2928BF7F21002204460091E82363
:10FEA000FF21104605F0A5F92044FF2828BFFF20B8
:10FEB000C0B202B010BD2DE9F043054687B000691D
:10FEC00005F062FC0446D5E9080104AF87E80300A9
:10FED00068680830FAF762FF8046D5E90409FFF741
:10FEE00049FEAE688DF80F00D6B100213046F1F71B
:10FEF000E1FFA8B13046F1F7C3FD01462046FFF708
:10FF0000C7FF0446012301930DF10F03009397E807
:10FF1000030023464246F8F73FFD07B0BDE8F083F3
:10FF2000B9F1000FEED0FFF735FEC0F38701E5E72A
:10FF300010B50446044805F0AFF901462046BDE877
:10FF40001040FFF7A5BF00BF085E00202DE9F04379
:10FF500087B088460446FBF79AFEFFF7E9FF04AD39
:10FF60008DF80B0021462846FBF7D0FD95E80300ED
:10FF7000EFF758FA0746FFF743FE064600284DD133
:10FF8000B7B995E803003A46F1F7C2FA0C21F1F748
:10FF900091FF0646E8B120469DF80B90FBF7FEFE68
:10FFA00001464846F8F725FD8DF80B00FFF7D4FE13
:10FFB0002046FBF76FFE01460120F8F793F85FB18A
:10FFC00043460DF10B02009321464346384602F0AA
:10FFD0004EF807B0BDE8F083002EFAD003A9204602
:10FFE000FAF727FF95E80300039AF8F718FD204673
:10FFF000FBF720FE18B90C48414601F04FF82046A7
:020000022000DC
:10000000FAF7CCFE00230121CDE9003102469DF82C
:100010000B3095E80300F8F7BFFCDAE7002FD8D0E3
:1000200000231A46CFE700BFA85D002000487047B4
:10003000A85D0020014801F023B800BFA85D0020A2
:1000400018B10021024805F0F6B9FF21FAE700BF18
:10005000F05D002008B5E8F789F8014B186008BD8D
:10006000EC5D002008B5FFF7F5FFBDE80840FFF79D
:10007000ABBEFFF7EFBFFFF7EDBF0000014B1888E5
:10008000EBF71CB81C5E0020014B1888EAF7F2BFA2
:100090001C5E0020064B10B51868EBF795FA044675
:1000A00008B114F09DF8201E18BF012010BD00BF3C
:1000B000205E002008B5054805F0ACF918B10348EA
:1000C00005F0A2F908BD43F23810FBE7105E0020EE
:1000D000036973B5DD79044605F07F0503F008F880
:1000E00028B394F82810002002F09CFDA3688BB17F
:1000F00012F01FF8002832D0A068F1F789FD062819
:100100002DD9A06800220121F0F736FD0023C4E9B3
:1001100002332361606920B1002D40D0204600F0F9
:100120004DF80023A3606361636002B070BD206975
:100130000028DBD055B9FFF71DFD01238DF807001E
:100140000DF10702D4E90801F8F782FD23690022C6
:100150001A715B79002BC9D1EFF73AF8C6E7002D89
:10016000D8D1A068F1F728FD80B1A068F1F729FC8B
:1001700029460646A068F1F713FC4B20F7F7D4FC9C
:10018000002EC7D12020F5F707FEC3E7A0680C2298
:100190000121F0F7F1FCC4E902552561BAE7EFF758
:1001A000A6FF05466069EFF79FFF8542B9D16069F8
:1001B000EFF74CFE4920F7F7B7FCB2E7F0B58BB08C
:1001C000044602F095FF28B9A38D990502D4204674
:1001D000FFF771FE2369002B38D0002265681A6092
:1001E0005A60204602F084FF80BB05F108010846F2
:1001F0000391FBF727FB039940B306AD2846FBF7B5
:100200004BFED4E9082395E8030014F0A6FBE8B9F7
:1002100060680830FBF7DEFE88B9A06878B1F1F7B6
:1002200076FA98B90125FFF745FF2369FF221A7175
:100230004543E7F7A7FF23692844186006E0606993
:1002400088B1EFF7DFFF0546002DECD1237F013B9E
:10025000062B2AD8DFE813F0BD00BD00BD00240046
:10026000BD00CC00D300A0680028EFD0F1F74FFA12
:100270000546A068F1F795FD837885F0010553FAEE
:1002800085F3C578A0681D44F1F796FC0028DBD003
:1002900011F055FF0028D7D0002DD7D0013DD3E76E
:1002A000D4E908016268F2F7F9F8A068002853D091
:1002B000237F002B40F0AE80F1F793FE94F82E5090
:1002C00085BB08AEA068F1F786FE3046A168F1F75D
:1002D00078FD96E80300F8F78BFD0646A068F1F775
:1002E0008EFE29460778A068F1F7E4FD0390A06828
:1002F000F1F71FFA0122039B009039463046F9F7C7
:10030000C1F9A068F1F77BFEF2F7E6FDA068F1F70E
:100310002DFBA0680121F1F743FBA0682A460E21BE
:10032000F1F75BFDA38DDA070AD560680830FBF7AB
:10033000D0F8202804D1A06800220A21F1F74DFD51
:10034000A38D5B066AD5A06808220121F0F714FC92
:100350000023C4E902332361606990B30021EFF701
:10036000A0FE60690021EFF7A0FE94F82E5045BB77
:100370006069EFF7CBFE04AE6069EFF7D1FE30465F
:100380006169EFF7BBF996E80300F8F731FD06461F
:100390006069EFF73AFF017860690391EFF734FA8B
:1003A00003990095034601223046F9F76BF960691D
:1003B000EFF72BFFF2F790FD60692A460121EFF776
:1003C000B9FEE068002363600BB0BDE8F040FBF7C6
:1003D00037BC94F82E106068022903D10321F2F78C
:1003E000D3FC62E7B1FA81F1490913F04BFB5CE7FA
:1003F000606900283FF459AF01F053FB55E794F8CA
:100400002E3094F82810022B94BF0120002002F017
:1004100009FC4AE70021F1F7C1FD4FE711F089FE21
:10042000002899D094F82E30022B95D12046FFF762
:100430004FFE91E730B5194889B005F058F914F02E
:100440009FFA00B305F066F8154B164D18600A23A5
:1004500000934CF250331A46142105F077F81248F5
:10046000042104F099FF0FCD02AC0FC495E80300FE
:1004700084E8030002A8EAF749FC0C4B1880EBF76C
:1004800029F80B4B18600B48FDF7CCFC0A480021FB
:1004900009B0BDE83040FDF789BC00BF245E0020F4
:1004A000185E0020C07D0300105E00201C5E00204E
:1004B000205E0020890002007D000200014B1868C8
:1004C000704700BF185E002010B511F034FE18B35D
:1004D0000020F1F717F80446F0B10021F1F7EAFC2B
:1004E000A8B12046F1F768FB88B12046F1F754FD2A
:1004F00068B92046F1F754FDF7F71AFF38B9012122
:100500002046F1F779F910B12046F1F737F90021CB
:100510002046F0F7E7FFDEE710BD70B50E46F1F7B5
:1005200039FD054604F08EFD044605F029F92B79C6
:10053000B4FBF0F101FB104434441BB9FF232B71D1
:100540002C6003E02B681B1B002BF9DB70BD000047
:1005500037B5044608B3F1F72FFBF0B14A20F7F79F
:10056000E3FAF0F717FF0E4B1B78834201D1FFF738
:1005700085FC6D4621462846F1F723FC002395E8CB
:1005800003001A46F8F764FBF7F7FCFA1521002080
:1005900003B0BDE83040F7F7A5BD03B030BD00BFE4
:1005A000AC2D00202DE9F04FDFB0FFF773FD2CAB31
:1005B0001E93E7F7E7FDDFF868830390E7F7E2FDB6
:1005C00098F804300646C14614AC0DAD23B1404640
:1005D00005F06DF800287BD0204605F088F8E7F795
:1005E000D1FD8346FFF766FD029000F011FDC0F5D6
:1005F000144A5846FEF788F9071E029B0AF1700A52
:1006000069DD574570DA0123DA442371AAEB070745
:1006100023794BB104F016FD44F26823B0FBF3F2EA
:1006200002FB130007442760A3882268A8F804305F
:1006300006AF3846C8F80020FFF752F997E80300E4
:10064000224684E80300B649384605F011F897E8D9
:10065000030089E8030098F804301BB1B04805F0A6
:1006600026F8A8B31EA801F0BCF9029080B301F0EF
:100670009DFE00231F988DF8A3300223ADF8A4300F
:10068000083003238DF8A630FBF7DCF888B311F0AF
:1006900050FD074620B12299012005F040F8074699
:1006A0009DF8943003F0FD03042B1FD11F98F2F73F
:1006B00051FE80461F98F7F763FE40EA0803DBB25D
:1006C00003B9B7B102231EA88DF8A630FFF776FD57
:1006D0000023029364E2C3F17F4303F57F0303F534
:1006E0003943B0339F428EDC002791E74FF000087A
:1006F000E0E71EA801F06FF91EA801F050F90120F3
:10070000EDF7D6FF1EA802F0F3FC0423ADF8A430E9
:10071000032380468DF8A63011F00BFD38B99DF803
:10072000A2302BBB1F980830FBF758FE10BB0127E7
:100730008DF8A770B8F1000F2BD12098E0B1F1F738
:1007400023FC394600F04DFCD0B1229B33B97246F0
:1007500040F2635143F2F730E8F720F9384627B109
:10076000229B9B79002B40F0E38000F0FBFB09E02B
:100770000746DDE70227DBE72398002840F0CD801D
:1007800042F6E0602B902060B9232046237113F0DD
:1007900041FD219F07B13F88DFF888A11F99B3224F
:1007A0000831504614F008F92422002115A814F04D
:1007B0002BF95046C4F800A0FBF77AF90DF198091F
:1007C000207199E8030016AB83E8030018A811F024
:1007D000E7FB5046FBF77CFA20765046FBF783FA9E
:1007E000608311F0E7FB2A9B206203B11B7884F839
:1007F00024302046FBF785FA9DF8A730229A494815
:1008000000933946002302F065FB11F0D3FB074645
:100810009DF8A00009F0B0FF9DF9A100EDF728FFB9
:100820009DF9A1000BA9F8F755FE3E480BA9FAF770
:10083000E8FA3C48FBF7BCFE002840F08680EFF762
:10084000C5FD00F001013748FBF7ABFE3548FAF76C
:10085000F9FF30B11F98F7F73AFD01463148FBF731
:10086000A0FD3048FBF7AAFD78B1E7F785FCDDF87D
:1008700090B0824613F0A0FB5044834413F0A1FBD8
:100880000BEB00012748F2F757FA1022002110A8BD
:1008900014F0BAF8244B2B60209BC5E90137249B48
:1008A0006B6101232B761EA802F022FC80F0010070
:1008B00068762846EFF7A2FF030E0A90C7B207D06A
:1008C0009DF829309DF82A0043EA0020EEF76CFCE1
:1008D0008DF8A370002F40F0C081B8F1000F40F0F8
:1008E0000981102241460EA89DF8A7A00F4F14F0D1
:1008F0008BF82B9BEB604FF0010BB9236B742F60CF
:1009000085F812B004F0F9FE2846F0F719F8ADF8B2
:100910002800C0B2D8B10227D5E0EFF771FC10E78C
:10092000245E0020336300202463002058620020EE
:1009300000F018FB229B9B790093024642F6E0638D
:100940001521002004F055FC1CE7012079E707F190
:100950000F00FBF741F90028DDD007F10F00FBF78E
:1009600048F9A0B907F10F00FBF725F90028D2D00C
:1009700007F10F00FAF766FF0028CCD0224659464F
:1009800007F10F0084F80080FFF7A4F8C3E721986F
:1009900007F10F01FBF781F80028BCD00DF12C0BFB
:1009A00007F10F015846FBF7B1F899E80C009BE8F6
:1009B000030013F0D2FF0028ADD007F10F00FAF7C3
:1009C00081F80028A7D007F10F00FBF771F8012884
:1009D00001D004289FD1AE48FBF7F9FD0746AC488B
:1009E000D5F80890FBF7F9FD0AF01CF83844A0EBA5
:1009F00009009DF8A71000F08FFA2098002800F059
:100A00001E81F1F7C1FA514600F0E1FA182217AF42
:100A10000021204613F0F8FF38469D49FBF776F891
:100A20009DF8A030237597E80300F8F7E1F96060BE
:100A300097E80300F8F7F6FA2146A0609448FAF721
:100A4000F8F92046F8F702FC9148FAF72DFE002845
:100A500020980CBF0127412770B1F1F7ADF858B1CC
:100A60008B48FAF729FE08B147F010078848FAF7D3
:100A700033FE08B147F480778548FAF72DFA08B1BC
:100A800047F48067239B2BB18148FAF745FE08B1F4
:100A900047F080077E48FAF74FFE08B147F0080795
:100AA0007B48FAF729FE08B147F400777848FBF74E
:100AB000A2F908B147F0200775480DF1270300227D
:100AC000012102F02BFA2A9BADF8A47033B19DF8F6
:100AD000A7201AB91A7882F001021A70022F40F08A
:100AE000B580F7F747F8249B23B100219DF8A000BB
:100AF000F7F724FA9DF8A32024994046F7F722F847
:100B00009DF89430042B03D09A1F012A00F2B28082
:100B1000BDF8A47087F00807C7F3C0079DF8A320AD
:100B2000002A40F0C180BDF8A420042A03D012F0AE
:100B30002A0F40F0A18000238DF8A630229B002BC5
:100B400000F0C680BDF8A4105A79022902F1010212
:100B50005A7140F0BD809A7901329A71BDF8A43083
:100B6000180608D5239830B1EEF75CFE00232393D6
:100B700005238DF8A6309DF8A630052B05D0032B54
:100B800000F0D9801EA8FFF719FB0020EDF790FDBB
:100B900037B1E7F7F7FA039B0521C01AFFF7B2F860
:100BA000204600F07DFE23794BB106AF3949384627
:100BB000224604F05DFD97E8030084E8030094E812
:100BC0000300354B85E803001868EAF717FD58B9AC
:100BD000284604F06CFD38B92B79002B00F05881C1
:100BE000284604F072FD064601F0A0FB029B13B3F9
:100BF000EAF7F0FE9DF8A730074633B9E7F7C2FAE7
:100C0000C11B89B2254804F0CFFB254DD5F80080E3
:100C1000E7F7B8FAC11B404604F0A2FC58B12868B7
:100C2000214604F0D7FC23782BB11E4B00F1640160
:100C30001888EAF715F930465FB0BDE8F08F2398C1
:100C400000283FF4E3AEEFF7DBFADCE617F02A0FFB
:100C50003FF449AFF6F796FF45E7022F7FF44AAF1E
:100C6000249B002B3FF446AFB8F1000F7FF442AF56
:100C700001213BE7002751E703228DF8A620BBB1F5
:100C80001EA802F035FA00283FD0042319E000BF67
:100C900067620020245E0020205E0020105E00209D
:100CA000185E00201C5E002003228DF8A6203BBBAE
:100CB0001F980830FAF7C6FC10B32098F1F78BF9AB
:100CC00001238DF8A6309DF8A330002B3FF436AFFA
:100CD000BDF8A430D90602D52098F0F73FFDBDF845
:100CE000A430DA057FF53AAF2098FFF731FCBDF864
:100CF000A4305B053FF532AF2098F0F72FFD2DE7CC
:100D00009DF8A330062BDBD0BAE7BDF8A4301A0754
:100D10000FD51F9890F8C2309B06D1D40830FBF74E
:100D200013FBF52805D11F980830FBF717FBF628B1
:100D3000C6D00323C5E7E7F725FA229B1A79FF2AD5
:100D400004BF00221A7182461F9893F8049008305D
:100D5000FAF778FD2299804604F0E1FC229B04908A
:100D6000404693F804B004F0CBFC83453FBF229A81
:100D7000137901331371BDF8A43019071AD52299DC
:100D8000CB7903F07F027F2A09D008795A1C02F040
:100D90007F02824228BF024662F30603CB7123988A
:100DA00018B101221146EFF7C5F9209801220E2152
:100DB000F1F713F8229BDB795A062CD004F042F9A4
:100DC0008146FFF777F9354BB9FBF3F803FB18932E
:100DD00003EB0008BDF8A4305B0710D4239800286B
:100DE0004AD0EFF712FAF2F77BF823992046EEF794
:100DF00085FC94E80300F7F7FBFFF8F791FB229BD3
:100E00000AEB08001860049B002B3FF4BEAE1EA83E
:100E1000FFF75EF9B9E604F098FC8346FFF74AF95C
:100E2000804611F086F930B104F00CF9B0FBF8F906
:100E300009FB1808CEE75FFA8BF399450AD304F053
:100E400001F9814604F08EFCB9FBF0F303FB10902E
:100E50008044BFE704F0F6F8834604F091FC059067
:100E600004F07BFC0599B9FBF0F301FA03F9BBFB35
:100E7000F9F009FB10B0EBE720980028BFD0F1F79C
:100E8000BEF8F2F72DF820992046F0F79AFFB0E768
:100E900006F5742606F51076A6E600BF00093D00AB
:100EA00008B5FFF7F7F80028FBD108BD13B513F01C
:100EB00067FD134C10B104F02DFB2061322342F684
:100EC000E062206900930021642304F03FFB0C489A
:100ED000042104F061FA0B48042104F05DFA0A4B86
:100EE0004FF4C8721A60094B0A221A60084B3C2260
:100EF0001A60084B4FF47A721A6002B010BD00BF3E
:100F00002C5E0020345E0020445E0020505E0020F5
:100F1000485E00204C5E0020012907D002290ED037
:100F2000A9B90E4B0146186904F01ABB4FF6FF71C0
:100F3000814228BF0146094889B204F035BA4FF60C
:100F4000FF71814228BF014689B20548F5E7724624
:100F5000E8214AF6E700E7F721BD00BF2C5E00203C
:100F6000345E0020012807B511D0022817D0E0B95F
:100F7000134B0DF10701186904F02CFB9DF80730A5
:100F800013B90220FFF7EEFF03B05DF804FB0C4835
:100F900004F040FA18B10A4804F036FAF4E70948B8
:100FA00004F038FA40B10748F6E772464FF48C7106
:100FB0004AF6E700E7F7F2FC42F6E060E4E700BF3C
:100FC0002C5E0020345E0020002303707047CA08A6
:100FD000012301F0070103FA01F1835C19438154F5
:100FE0007047CB0801F00701C25C012303FA01F14D
:100FF0000A4214BF18460020704708B504F022F8D2
:101000003C23B0FBF3F202FB130000F5077008BDB0
:101010004FF4167070470000014B1868704700BF0E
:10102000445E0020134A1449B0B1002313700B78BA
:101030000133DBB2322B0B701AD9104B1A68012A1C
:1010400084BF02F1FF321A601A68012A38BF0122F8
:101050001A6000230B707047137808700133DBB2FD
:10106000012B137004D9054910700B6814330B6001
:10107000704700BF405E0020415E0020445E0020BB
:101080000023036043608360034B1B6803804FF6BB
:10109000FF73C380704700BF485E002043884FF64F
:1010A000FF72934205D00133438011B1838801332D
:1010B0008380704710B544880388032C45D9818804
:1010C000C1EB01218AB2B2FBF4F212F0FF02817A85
:1010D00049D1052984BF05228272817A21B1C27A61
:1010E000002A34D101398172C2889A4288BFC380F4
:1010F000C18888BF00224FF6FF7488BF0281A142D9
:10110000827A27D132338B4209D8427A4ABB027A9B
:10111000013202EB8202A1F10A0352004272827A8A
:10112000182A41D9FFF7ACFF0388224A1168224AE6
:101130008B42126838BF0B46934228BF1346C288C1
:101140000380914228BF8AB2C280184610BD013A7E
:10115000C272C9E7052A28BF05220A2313FB02131E
:10116000D1E7013ADAE77E2AD9D9C2884FF6FF746F
:10117000A2421DD093420CD2037A082B01D801332E
:101180000372837A052B28BF05230A2111FB032351
:10119000C5E7FF2901D00131817202F132018B4292
:1011A000EFD86423C372ECE7002242808280BCE760
:1011B0003233B4E7505E00204C5E002008B509F0E1
:1011C000EFFCA0F10B03B3F5777F0DD8074A136846
:1011D0000A2B02D0984228BF1846C31A0A2B81BF97
:1011E000034B10603230186008BD00BF505E002015
:1011F000485E0020F7B50D460C210646F0F75AFE72
:1012000008B33046F0F7B5FE04463046F0F7C9FDA6
:101210004779BC4204D93946002003F03FFFC4B2ED
:1012200015487F004443B4FBF7F42C603046F0F7D8
:10123000ADFE2C6804442C60E6F7A4FF201AC00F12
:10124000687103B0F0BD3046F0F78FFE0446684683
:1012500010F0A6FE009AFF21B2FBF1F1C1EB0121D3
:10126000521A04FB02F3C3EB03134FF47F62B3FB88
:10127000F2F32B60DAE700BF00127A002DE9F047A5
:1012800086B00C468146E6F771FF07462046F0F728
:10129000AEFE0DF108083F1A404604F028FAE6F7C2
:1012A00071FF4FF0010A02900C21064620468DF88E
:1012B0000DA0F0F7FFFD05462046F0F786FEFCF78F
:1012C00067FAA8B15046F7F7EDF9B84208D9504689
:1012D000F7F7E8F9029B1844002302908DF80D30CF
:1012E00001238DF80C3010F024FF98BB2FBB33E0A6
:1012F00002212046F0F7DEFD40B115B910F019FFCC
:1013000020B141462046FFF775FFE9E710F013FFD3
:1013100078B12046CDB1F0F72CFE3F28E0D0204632
:10132000F0F746FA0028DBD12046F0F752FC0028FF
:10133000E7D19DF80C30002BD5D198E8030089E85F
:101340000300484606B0BDE8F087F0F712FE3F28DC
:10135000C6D1EEE7072FF0D804A86C4606F5742630
:1013600004F0C5F906F5107601234146204604AA8B
:101370008DF81430049604F07BF994E8030088E8B3
:101380000300DAE710B500210446F0F793FD30B111
:101390002046F0F7D2FABDE81040F7F748B910BD83
:1013A0002DE9F04FDFF8108398F800300133DBB2FD
:1013B000022B88BF002388F8003093B098F80060B3
:1013C00004460DF1200A012E1AD0022E00F0D98118
:1013D000002E40F05D823046F0F794F8B346A060EE
:1013E0000DF12809A068002832D10136F6B2032E8B
:1013F00098F8003028BF0026B342E4D1002723E04C
:1014000001F0B7FC0028F0D0A84800F00EFB07461A
:101410000028EAD001F0A4FAA44B2361606001F037
:101420008BFA072200232277A14AA3606361E3605D
:10143000A04B127884F8280093E80300013A84F85E
:101440002920203484E80300384613B0BDE8F08F2B
:10145000FFF798FF002800F08E81A068F0F79AFD52
:1014600000F0E3FA0746002800F08581636884F8FD
:101470001CB0002B40F0F2804846A168FFF7FEFE4A
:10148000484604F014F900285AD0A068F0F79DFDF2
:10149000FCF77EF9C8B90C21A068F0F70BFD02211A
:1014A0000546A068F0F706FD80BB002D74D0A0684B
:1014B000F0F75FFD3F2840F095802568A068002286
:1014C00005F10801F0F75EFE38E02568A16805F136
:1014D0000800FCF727F9002DDDD0A06884F81CB0C7
:1014E000F0F758FD0B210390A068F0F7E3FC20B95A
:1014F000039B1A790AB1FF221A712846F6F7ECFF0E
:1015000001212846F7F71CF8656019E0002D3FD04F
:1015100006AA1046A1682568F0F753FCA068F0F70A
:10152000EFFB0390A068F0F7F7FB039B009006AA7F
:1015300006CADBB205F10800FAF760FF002DCCD136
:10154000D4E90130002B40F08980F0F725FD606080
:10155000A068F0F713FD63682077002B7ED1A068A8
:10156000F0F71EFDF6F78AFE6060002800F0938019
:10157000022323770830FAF765F9002863D0606802
:101580000830FAF727FD00285DD00323237761E0B8
:1015900010F0CFFD0028BBD1A068F0F7EAFC3F288F
:1015A000CED02568142200210DA813F02DFA05F1E4
:1015B0000803A1680C930EA815238DF83430F0F7BA
:1015C00000FCA068F0F79CFB8DF84100A068F0F7E4
:1015D000A3FBADF842000CA8F9F73FFFA068F0F7B5
:1015E000BDF8ABE7A068F0F7E3F800287FF465AF3B
:1015F0000390A068F0F7EDFA0028A1D025680399C0
:1016000014220DA813F000FA05F10803A1680C9349
:101610000EA820238DF83430F0F7D3FBA068F0F744
:101620006FFB8DF84100A068F0F776FBADF8420043
:101630000CA8F9F712FF2846F6F74EFF01212846BD
:10164000F6F77EFF7AE760680830FAF731FA01288A
:1016500000D120776368002B00F08D80237FA06885
:1016600063B300220B21F0F7B8FB217FA068F0F7ED
:1016700088FCD4E90110F0F791FCA068F0F77CFC3D
:101680000121E060FAF7FAFA237F012B6CD10023E5
:1016900084F82A3018E0A1685046F0F792FB9AE8E7
:1016A0000300F0F737FF042360606FE7545E00200B
:1016B000741600205C7D03005C5E002084F82A30F4
:1016C00001220B21F0F789FBA068F0F736F9A16839
:1016D00084F828000CA8F0F774FB0CAB03CB206255
:1016E0006162A068F0F756FCA16820614846F0F7F7
:1016F00068FB99E80300F7F77BFB0546A068F0F765
:101700007EFC00210678A068F0F7D4FB0390A06867
:10171000F0F70FF8039A034631462846F7F752FFD1
:10172000236984F829001879FEF7ABFB20B1A06883
:10173000F0F765FCF1F7D0FB2569A068F0F749F9EF
:10174000EB7960F3C713EB71A068F0F75CFC636999
:101750002063002B3FF478AE724640F287114BF2C3
:10176000F570E7F71BF96FE6A0680121F0F7A2FB1F
:1017700084F82A00A8E7A0680021EFF7B3FEA06074
:1017800030E600270122211D0AA88DF8287000F0FC
:10179000BAFB0546606100283FF427AEA760EEF76C
:1017A0002AFD3946E060FAF769FA2846EEF795FC1B
:1017B0000CAE206129463046EDF7A0FF96E8030005
:1017C000F7F716FB06462846EEF71FFD0178039152
:1017D0002846EEF719F83B46024603993046F7F7DC
:1017E000F1FE84F829002846EEF738FA04AE84F8B2
:1017F000280029463046EDF781FF96E8030004F102
:10180000200383E803002846EEF7C0FB18B16068A8
:101810000830FAF717F800F0010084F82A0028468B
:10182000EEF7FBFC2063606800F108062846EEF73F
:1018300077FA01463046FAF7B4FE23691879FEF7C5
:1018400020FB20B12846EEF7E0FCF1F745FB9DF8C0
:1018500028302BB106232377A3688BB90127F3E542
:101860006068052323770830F9F7ECFF0028F3D0F0
:1018700060680830FAF728FD0028EDD00323EAE776
:10188000724640F2BB114BF2F570E7F787F8E5E7D7
:1018900072464FF498714BF2F570E7F77FF8A4E5C4
:1018A0002DE9F0438BB008AD0746284601F068FAF1
:1018B00095E8030002AC84E80300204603F0F7FE3D
:1018C000064638B194E8030087E8030038460BB0B9
:1018D000BDE8F0830DF11009484603F008FF3046DB
:1018E000EFF710FEE846064646BB049ABDF81430F2
:1018F00006926E462146304606AAADF81C3003F02B
:1019000098FE96E8030084E80300204603F0CFFE2B
:101910000028D7D1284600F054FB95E8030006AA1A
:1019200082E803002146304603F083FE96E8030078
:1019300084E80300204603F0BAFEC3E73046FFF711
:1019400021FD98B13046F0F725FB014606A800F0CE
:1019500054F83046EFF7F7FF70B106AA4946404603
:1019600003F067FE98E8030089E803003046002191
:10197000EFF7B8FD0646B7E731462846FFF77EFC8D
:101980009DF82430002BF1D02A4606A9404603F0EA
:101990006FFE98E803002A4685E80300DEE710B5ED
:1019A000044640680830F9F787FA28B16168A068F2
:1019B00000220831F0F7E6FB23691879FEF761FA97
:1019C00040B1204601F094FB6068BDE8104008304B
:1019D000FAF76EB810BD10B50446FFF70EFBA06114
:1019E00010BD10B5342204460021043013F00CF869
:1019F0002046BDE81040FFF7D3BC73B50D466E46D8
:101A00000446304603F073FE2A7901238DF8043032
:101A100042B12B68009396E8030084E80300204657
:101A200002B070BD8DF80530F5E71FB501460446DC
:101A300002A8FFF7E2FF10F07CFB88B92379FF2BA7
:101A40000ED08DF8070004F0D1FA0446FEF736FDFB
:101A50000DF1070103F0BEFD029B20441B1A029307
:101A600002A803F024FE04B010BDF8B50546012419
:101A7000E6B23046EDF7FEFC074670B1EDF7C4FE66
:101A800058B101231A4639462846EEF758F920B9CD
:101A9000B11CC9B22846F1F7F7FA01340F2CE7D18F
:101AA000F8BD38B5044628B972462D2141F66D10AF
:101AB000E6F774FF2046EEF7F6FA05462046EEF705
:101AC00097FB0230C1B22846F1F7DEFA204600212A
:101AD000BDE83840EEF7E9BA07B50191EEF788FBAB
:101AE00001990230C0B203B05DF804EBF1F7A4BA7B
:101AF00038B50546EDF788FEA0B12846EEF778FB2D
:101B0000841C2846E4B2EEF7CEFA30B12146F1F754
:101B1000BBFA00212846EEF7C8FA00212046F1F76B
:101B20008BFA00B938BD2146F1F7AEFAF5E7F8B502
:101B300005460F46EDF768FE28B9E7B12846BDE82F
:101B4000F840F1F79BBC2846EEF752FB0230C6B2D4
:101B50000020F1F787FB04460028EED001231A4647
:101B600029462046EEF7EBF818B131462046F1F74A
:101B700083FB2046EDE7F8BD38B50446EDF744FE9B
:101B800088B12046EEF734FB05462046EEF78BFA87
:101B900048B1A91CC9B2F1F78FFB20460021BDE86E
:101BA0003840EEF782BA38BD38B571B30121084626
:101BB000FDF794FA012105460020FDF78FFA134C3A
:101BC000401B80B22081F5F719FA2081FDF73CFB1C
:101BD000F5F714FA23891844208110F0B0FA30B1D7
:101BE00010F0FEF904281EBF2389013323812389C5
:101BF0001BB9003D18BF012525812189034803F049
:101C0000D3FBBDE8384001F041B938BD605E00202B
:101C100010B507480024C0E900448460022103F0A5
:101C2000BBFB21460348BDE81040FCF7BFB800BF2E
:101C3000605E0020A91B020010B9034803F0E4BB5A
:101C4000014B1889704700BF605E002008B504484A
:101C500003F0DAFB06288CBF0020012008BD00BF7E
:101C6000605E00202DE9F041012086B0EFF7D6FC40
:101C70003A4E0446EDF76EFB33892044984269DB07
:101C800010F05DFA08B310F0ABF9041F18BF01247F
:101C90000020EFF737FC04AF0546C5B9EDF790FB20
:101CA00002AF0546E846A5BB33892C48A34238BF9E
:101CB0002346338103F0A8FB84424BD927482146B1
:101CC00006B0BDE8F04103F06FBB0446E0E7002139
:101CD0002846F0F7EFF8B0B12846EFF718FD90B9B5
:101CE00006212846F0F7E6F868B129463846F0F7AD
:101CF00068F897E80300F7F77BF80221F7F792FB03
:101D000008B10134A4B228460021EFF7EBFB0546E9
:101D1000C3E72846EDF778FDB8B129463846EDF718
:101D2000EDFC97E80300F7F763F80221F7F77AFB79
:101D300058B129464046EDF7E1FC98E8030000223F
:101D4000EFF7E6FB08B90134A4B22846EDF768FBCB
:101D50000546A8E706B0BDE8F08100BF605E002040
:101D6000F0B5032085B0F6F7C5FB0446002855D032
:101D7000E6F7FCF90546FCF713F84FF6FF77284B1A
:101D8000284E1B89ADF80C302D1A3C20B5FBF0F520
:101D9000BD4228BF3D46ADF80E50042304F10805AE
:101DA00096E80600009328460023F9F727FD284609
:101DB000F9F799FD039B036001212846FAF772FAAF
:101DC00002212846FAF72AF901212046F6F7B8FB46
:101DD00039462046F6F7B8FBF5212846FAF7A2FA6D
:101DE000F5212846FAF7A7FA01212846FAF79EF9C5
:101DF000F52196E80C000846F8F710FE0146284643
:101E0000FAF7BEFAF52196E80C000846F8F72CFE22
:101E1000054B21461868F6F75DFB012005B0F0BDC3
:101E2000605E00205C7D0300944E00202DE9F341AC
:101E30000746F9F76CFD054600283DD03846F9F70E
:101E40003DFD032838D93846F9F74DFD394604469B
:101E500006886846F9F75AFE3846B4F80280F9F762
:101E60009DFF04463846FAF7ACFB201A44B2282CF2
:101E700022DC3C2303FB08F8E6F778F90746FBF77A
:101E80008FFF08F11E08381A804515D208FB04F4AC
:101E900028235843C4EB0424B4FBF0F40848018918
:101EA0006143FE31C4F1FF0406FB0414FF21B4FBBF
:101EB000F1F189B203F078FA284602B0BDE8F0816A
:101EC000605E002070B504460E46EDF743FA054605
:101ED000B8B174B903F0B6F8B0FBF5F303FB150520
:101EE000EDF76EFAAC4200D170BDEDF799FA01340E
:101EF000F8E72046EDF794FA08B9EDF761FA864263
:101F0000F2D10020F0E72DE9F8430D460021064606
:101F100008461746FFF7D6FF002380463370044675
:101F20003CB32046EDF770FC58B12046EEF7D5F8EB
:101F3000FFF77BFD28B12046EEF7D6F8F6F777FBE2
:101F400028B920464146FFF7BDFF0446E8E70021D7
:101F50002046EEF721F90028F3D12046EEF79FF84E
:101F600081462046EEF79FF8B9F1000F04D0C5F87E
:101F700000902046BDE8F88318B128600123337033
:101F8000F7E739462046FFF7A7FD0146286028B14C
:101F9000002FF3D02046EEF788F8EFE72046EEF763
:101FA00086F88146F6F7C4F90028CAD0002FE0D0A1
:101FB0004846F6F763F9014628602046EEF771F8C7
:101FC000D7E72DE9F04186B002AD0746284603F079
:101FD0008EFBEDF7F5F96E4604460DF110083CB99D
:101FE00095E8030087E80300384606B0BDE8F081B5
:101FF0002046EDF709FC10B300212046EEF7CCF89F
:10200000E8B92046EEF770F8F6F711FBB8B12046B4
:10201000EEF745F8C0B12046EEF75FF801463046CE
:10202000FFF7EBFC96E80300424688E803002946E8
:10203000304603F0FEFA96E8030085E803002046E8
:10204000EDF7EEF90446CAE72046EEF72CF8002833
:10205000E1D12046EEF72BF8F6F76AF901460028A1
:10206000D9D12046FFF738FD0028E8D0D3E7F0B5F6
:102070000E4689B015461F460446002840D0EEF7AC
:1020800045F81DB129782046EEF724F86D46214623
:102090002846EDF733FB1822002102A812F0B4FC09
:1020A00095E80300F6F7A4FE039095E80300F6F721
:1020B000B9FF049095E8030005AB83E80300EFF750
:1020C00069F902A98DF81C003046F8F7B2FE02A8A3
:1020D000F7F7BCF82046EEF70DF83046F9F7B2FBFB
:1020E00020B19DF838102046EDF79CFA3046F9F7FC
:1020F000A1FD28B92046EDF7F2FF3946FEF7CEFFE5
:1021000009B0F0BDF0B58BB0FDF744FD3F2859D8BC
:10211000F6F7D4F913288CBF0026012600210846C3
:10212000FFF7D0FE07460446002C49D02046EDF7C5
:102130006BFB00284AD02046EDF7B1FF002845D1BF
:102140002046EDF7B0FF002840D12046EDF7AFFF65
:10215000F6F7EEF8002839D101212046EEF71CF8F9
:1021600090BB9EBBEFF716F905462046EDF7BFFF83
:1021700085422BD030252046EDF7D9FF0544E5F701
:10218000F5FF2D1A002D21DA00211C2203A80125BC
:102190008DF8041012F038FC01AB214604A802931C
:1021A000ADF80C50EDF7AAFA0B4B069302A88DF888
:1021B0001E508DF8265011F081FA2046EDF7B0FF41
:1021C0000BB0F0BD0126A9E70525D4E72046394626
:1021D000FFF778FE0446A7E701F5F60237B50FF0E2
:1021E000AEFF194D40B1194C2B782078984226D07B
:1021F00023782B70ECF7A0FBE5F7BEFF044603F055
:10220000F5FE044401A8ECF75FFC2878EFF7ACF882
:102210009DF80500F6F7B0F90546ECF731FD002012
:10222000ECF7F2FC241A05D4B4FBF5F404FB0550DA
:10223000ECF726FD03B0BDE8304006F0A3BDF6F78D
:10224000F6F90028D4D0D5E7A82D0020AC2D002029
:102250000120704773B50FF072FF002849D112F0CA
:102260003EFA0446F6F7E3F928B3244B1E7816BB72
:1022700001251D70E5F786FF214B1B683146C01A0A
:10228000FDF740FD2846ECF713FA204608F074FAF3
:1022900001F0E2F908B1E9F755F901F003FA00F0AD
:1022A000DBF80FF04CFF014630B303F026FA154877
:1022B000002108F09DFA144D2E68E5F763FF0446EF
:1022C000E9F788FB211A304603F04AF968B128681B
:1022D0000DF1070103F07EF99DF807302BB10B4B90
:1022E00000F164011888E8F7BBFD4FF0FF3002B041
:1022F00070BDEFF74FF8B4E70548DAE76E5E0020EF
:10230000745E00205D240200705E00206C5E002080
:1023100051220200014B1888E8F7D0BE6C5E002005
:10232000014B1888E8F7A6BE6C5E0020014B1888A8
:10233000E8F73EBE6C5E002010B588B012F020FBBE
:1023400028B303F0E7F8134B0A24186042F2107325
:102350001A461421009403F0F9F80021142203A86E
:1023600012F052FB0C4B02930C4B049302A842F266
:10237000107306938DF80C40E8F7C8FC084B1880E2
:102380000848FBF74FFD08480021FBF70FFD08B098
:1023900010BD00BF705E0020F358030055220200FC
:1023A0006C5E0020212302001523020038B50A4D7F
:1023B0002B7883B1E5F7E6FE084B002418602C70FB
:1023C00008F076FA2046ECF773F900F046F8BDE81D
:1023D0003840FDF775BA38BD6E5E0020745E00208F
:1023E0007FB56D46014602AE04462846F9F7AAFBC2
:1023F00030460FF0D5FD96E80C0095E8030012F08A
:10240000ACFA10B9009B013307D12046F9F7E4FB81
:1024100080F00100C0B204B070BD0120FBE7F9F705
:10242000CABB10B586B001A90446EEF71DFA50B13B
:1024300001A8FFF7D5FF30B9052012F09FF801463B
:10244000204600F05BFE06B010BD0000014B18787E
:10245000704700BF6E5E0020704770472DE9F0475F
:1024600005468AB00F461446E5F78CFEAB68C61ADF
:102470002CB104213046FDF745FC012472E005A98A
:102480002846EEF7F1F90028F3D005A8FFF7A8FFDA
:1024900008B10321EEE705A8FFF7C1FF40B1052011
:1024A00012F06CF80146284600F028FE0221E1E710
:1024B000002F5BD005A8F9F7B8FB002856D10620FD
:1024C00012F05CF801468046284603AD00F016FE87
:1024D00005A92846F9F71AFB05A8F9F7ADFB8246CE
:1024E00005A8F9F75BFC814695E8030001F098F92F
:1024F00001464846F7F703F9387695E8030001F0FE
:102500007DF94FF00109244A3860012395E8030062
:1025100000F008FEB8F10002CDF8009018BF0122CB
:1025200095E803001C4B00F019FE22464B461A4862
:102530000094514600F0CEFC97F9180002A9F6F776
:10254000C9FF154802A9F8F75CFC07F11A01124807
:10255000EEF750FAF86001F077F949463044FDF79C
:10256000D1FB022420460AB0BDE8F08730460121A5
:10257000FDF7C8FBCA210020F5F7F0FD064600284C
:102580003FF47BAF2946CA2212F016FA01F064F834
:102590003146E8F7F7FFE5E73363002010B501396E
:1025A0004C00C1F39C01014402460B7B04F0060081
:1025B00002EBD402034103F00100611C137B01F024
:1025C00007021341DB0748BF40F0020010BD70B5A1
:1025D00001394D00C1F39C010144032A05F00606B0
:1025E0004FF0010491F90C3028BF0322B44064B2CB
:1025F000D6074CBF2343A3430B7300EBD500691CE4
:1026000001F00704012190F90C30A14049B2920772
:102610004CBF0B438B43037370BD13B504460DF1E0
:10262000070010F023FA9DF8071001222046FFF75B
:10263000CEFFE37B0133E37302B010BDF8B505466E
:102640000E461746012431462046FDF7AFF860B12B
:102650002046FDF7F7F8B84207D801222146284660
:10266000FFF7B5FFEB7B0133EB730134E4B20D2CC4
:10267000E9D1F8BD2DE9F84304464068DFF86090E1
:102680000830F9F77FFC8046E5F77CFDA36800265B
:10269000C71A31464846EBF78DFF0546D0B1B8F171
:1026A000000F0FD0002F0DDB238A5BB94068083084
:1026B000F9F768FC30B9224629460948BDE8F843D5
:1026C000EBF7FEBEA368AA689B1A002BF3DB01366A
:1026D000062EDED121460248BDE8F843EBF7B2BE34
:1026E000945E002073B5C37B022B05460E4623D8AB
:1026F0002BB1012B00D0F9B1F2F772FAC0B9002367
:10270000EB730DF1070010F0B1F901241EB99DF82B
:102710000730A34207D0012221462846FFF757FF82
:10272000EB7B0133EB730134E4B20D2CEED103E00B
:102730000FF056FC0428E2D002B070BD10B50220A4
:10274000F0F784FD042807D900210448EBF732FF95
:102750000446E5F717FDA06010BD00BF945E0020A1
:102760002DE9F04F0446406885B00830F9F70AFCBF
:102770000546002865D04FF0FF080020FFF75CFAFF
:1027800005460DF10F0010F071F960680830F9F797
:10279000B0FC012881BF0C23F32213FB002000FBB7
:1027A00008F888BFFF27606898BF012741F2ED2332
:1027B0005F430023012DE373A37400F1080088BF79
:1027C0006F43F9F7DFFB0126814631462046FFF7CC
:1027D000E5FE78B39DF80F30B34256D1FDF7DAF934
:1027E000142300903C227F21002002F002FD08FB10
:1027F00000FA02F027FCB0FBF7F505FB170555447E
:10280000B5FBF7F54D4538BF4D46032DAA4628BF09
:102810004FF0030A5FFA8AF231462046FFF7D7FEEF
:1028200045B1A37CE27B534502F1010238BF534618
:10283000E273A3740136F6B20D2EC6D105B0BDE821
:10284000F08F0FF07CFC10B94FF0000895E70FF007
:10285000C7FB0428F8D00FF0DCFC00288BD02846FA
:10286000EEF750FE05460028EED02846EFF7A4F913
:1028700020B900212846EEF735FEF3E72846EFF7AA
:1028800090FAC378002BF4D075E7FDF783F90022A6
:102890000090FF2311464FF4616002F0AAFC054648
:1028A000F2F79EF958B94FF03C0B4FF08C0A3046C6
:1028B000FCF7C8FF5B4600905246294694E7F5F7BF
:1028C000B4FE0028EFD0FFF7C1F900284FF01E0B2F
:1028D00014BF4FF0280A4FF03C0AE8E770B57822A1
:1028E00000210F480E4D0F4E12F08EF80E48EBF7F8
:1028F00099FD0C48EBF796FD0C4B00241C60294613
:1029000030460134EBF79EFD062C05F11405F6D197
:102910000748052102F09EFA064B02221A7070BD8C
:10292000A05E0020885E0020945E0020785E00207B
:102930001C5F0020185F002010B5074C236833B9D6
:1029400072464FF4BF7140F68E00E6F727F8236811
:10295000024A1B7CD05C10BD785E00207C5E0020AB
:10296000F8B5234F3C6814B164682046F8BD214D8A
:10297000AB68002BF9D02846EBF7C2FD0646E5F719
:1029800001FCB368C01A00282DDB3E6001252946F2
:102990003046FFF703FE38B1174A00231146A34221
:1029A0001BD3631C0D55DCB20135EDB20D2DEED1FC
:1029B000F37BA34206D0724640F23F2140F68E00E0
:1029C000E5F7ECFF002221460B4802F083FB0B4B9E
:1029D00000221A703B685C68C7E712F8010B854259
:1029E000E2D00133DBE731462846EBF754FDBCE784
:1029F000785E0020945E00207C5E0020195F00203D
:102A00002DE9F041054600F108084046F9F7BAFA09
:102A100095F8C230DB06064603D501242046BDE802
:102A2000F0814046F9F7D6FA07460FF0D9FA054685
:102A30004046F9F749FC044670B10FF080FB0028CE
:102A4000EBD1002CE9D166B1FFF7F6F858B9FCF7E5
:102A5000CFFE00F00104E1E7012F06D0042DECD1F8
:102A6000DCE73046F5E70120F3E7042DD6D1ECF79B
:102A700071FC0028E1D0D1E72DE9F0435A4EDFF890
:102A80006C8185B00127B36813B905B0BDE8F08348
:102A900001210220F0F7D0FA81460028F5D0FFF797
:102AA000AFFF002800F09B803046EBF729FD04467D
:102AB00030B9724640F22F3140F68E00E5F76EFFD6
:102AC00014220021204611F09FFFC4F8049009F160
:102AD0000800F9F757FA00285ED0606890F8C250F5
:102AE00015F0100511D02046FFF797FDA774E77386
:102AF00060680830F9F746FA002862D0E5F742FB33
:102B0000A0602046FFF7B6FDBDE70830F9F7C9FA27
:102B100001281ED120464FF461622946FFF78EFD41
:102B200060680830F8F7F3FE10B92046FFF775FD2E
:102B300001212046FFF7D6FDA774E37B002BD7D1F8
:102B400048460221F0F7A0FA21463046EBF77AFC1E
:102B500099E7FDF71FF82B4600904FF46162FF21C3
:102B6000284602F046FB294602462046FFF766FD4E
:102B70002846FFF761F8022894BF0121002104D8FC
:102B800020460391FFF749FD03992046FFF7AAFD70
:102B90002046FFF7E5FDD0E7D8F8000002F03FF946
:102BA000054618B10521404602F054F929464FF474
:102BB00061622046FFF742FD2046FFF72EFD00210F
:102BC000E3E702F03FFA0546E5F7DCFA4CF2503352
:102BD000B5FBF3F203FB12550544A56091E7022112
:102BE0004846F0F751FA4EE7885E00201C5F00204F
:102BF00010B5022104464068F0F746FA214607481E
:102C0000EBF720FC064B1A68A24208BF0022BDE881
:102C1000104008BF1A60FFF72FBF00BF885E00207A
:102C2000785E0020F8B5464D2B6804460E4633B951
:102C3000724640F2D11140F68E00E5F7AFFE2A68E9
:102C4000137CFF2B1CBF0133137474B33146032074
:102C5000FCF766FA002104463046FCF7A7FD18B1E0
:102C6000012C38BF0124E4B2364B2F681878044495
:102C7000E4B2314638461C70FFF790FC024608B1BA
:102C80000138C2B231463846FFF7A1FC0B2C0CD9F3
:102C90007B7C53B978680830F9F703FA012804D02F
:102CA0002868BDE8F840FFF7A3BF2B68197CDA7BE2
:102CB000914244D35A7C0021FF2A18BF0132D973B4
:102CC0001974214918BF5A745A7C09789B7C0B44AB
:102CD0009A422CDC2E68012421463046FFF75EFC28
:102CE00010B1F37B0133F3730134E4B20D2CF3D153
:102CF000F37B002BD4D0747C49F640404443134806
:102D0000844228BF044602F09DF92E68B0FBF4F31C
:102D100003FB1404E5F736FA2044B0602868FFF797
:102D2000A9FC00232B60BDE8F840FFF707BD002099
:102D3000FEF782FF0228CDD9F4F794FFB0E7F8BD83
:102D4000785E0020195F0020185F0020400D03000E
:102D500010B50446FFF754FE28B920460221BDE80D
:102D60001040F0F791B9FFF7E9FCBDE81040FFF71C
:102D700083BE08B5FFF7F4FD003818BF012008BD79
:102D800037B56D460446284602F0B1FCFFF7E8FD72
:102D9000014650B140F20113ADF8043095E803004C
:102DA00084E80300204603B030BD06488368002B4A
:102DB000F4D0EBF7FFFB8368009301238DF8043018
:102DC000ECE700BF945E002037B50220F0F73EFA32
:102DD0000546F5F776FB542444430146FF20B4FB37
:102DE000F0F085420CD300950023012202F001FA95
:102DF000C0B2044B1A78824218BF187003B030BDBD
:102E00000220F6E7185F002073B51C4C2078F5F718
:102E10000EFC00282FD01A4E227833789A4216D012
:102E2000FEF79EFF38B368460FF0BAF800991548D0
:102E3000F023B1FBF3F203FB121101F6E44102F0BF
:102E400009F823783370104B00221A7013E00E4BF0
:102E50001B78002BE4D10B4B186801F0E0FF50B158
:102E600021780320FCF75CF905460FF0C7F900282C
:102E7000D6D1002DD4D002B070BD00BFAC2D002043
:102E8000255F0020205F0020245F0020014B0122ED
:102E90001A707047245F002030B589B06D460C462B
:102EA00001462846F8F732FE1422002103A811F04B
:102EB000ABFD95E8030020238DF80C3004AB83E8CC
:102EC000030002A80294F8F7C8FA2046F8F7EAFBD4
:102ED00009B030BD2DE9F04104460F4616461D46A7
:102EE0009DF81880F8F773FE0FF029F920B10A4B0E
:102EF00020461978F8F77BFE39462046F8F79EFE03
:102F000031462046F8F7D2FE424629462046BDE823
:102F1000F041F8F778BE00BFAC2D00202DE9F0435A
:102F200089B01F4604AE044688464FF000090146AA
:102F300030461546F8F7EAFD87F800902046F8F786
:102F4000C8FA202861D024D8112832D0152853D0AF
:102F50002046F9F743FA00287ED096E803000DF1E9
:102F6000180888E803000FF049F900286FD02046C0
:102F7000F8F7AEFE039005F04FFD009098E80600CC
:102F8000039B2846F7F768FF01233B7009B0BDE8B3
:102F9000F08321281FD02228DAD196E803004A4680
:102FA000EEF7B6FA0146204609B0BDE8F04304F05A
:102FB00013BF01233B700FF021F9294628B12046A9
:102FC00009B0BDE8F043EBF7FBBF204609B0BDE810
:102FD000F043FFF761BF96E8030006AB83E8030008
:102FE0004A46EEF795FA01460028CFD0204609B0B0
:102FF000BDE8F043EFF748B9B8F1000FC6D120465D
:1030000009B0BDE8F043EBF77FBF06AD2846214687
:10301000F8F77CFD95E80300ECF704FA0546002874
:10302000B4D0ECF7F1FB0028B0D105F03DFD00284D
:10303000ACD02046F8F757FE044605F0EDFC84427C
:10304000A4D1284609B0BDE8F04305F037BC2946B5
:103050002046FFF721FF97E72046F9F7AFF906462C
:10306000204626B109B0BDE8F043EFF7DEBDF8F722
:10307000E9FA78B3B8F1000F26D006AD214628460C
:10308000F8F744FD324695E80300EEF741FA0646AC
:1030900000283FF47BAF0120F5F72CFA0546002805
:1030A0003FF474AF324600F108012046FAF784FB82
:1030B00028460121F5F744FA0C4B1868294609B057
:1030C000BDE8F043F5F706BA424629462046FAF72E
:1030D00073FB59E72046F8F7C5FA00283FF456AFCE
:1030E000204609B0BDE8F043FAF7BABB205E0020E5
:1030F000007FC31F584258417047000010B50C466E
:1031000061B10146CA2204F1080011F055FC044BDC
:1031100021461868BDE8104011F03FBA10BD00BF4D
:103120004853002070B588B06C4684E8030016460A
:103130000021142203A81D4611F066FC94E8030048
:1031400020238DF80C3004AB83E8030002A802961C
:103150008DF81C50F8F781F908B070BD2DE9F341E6
:103160006C4684E8030094E803001D4617469DF86A
:10317000208000F077FA87F0010106462846F8F72C
:10318000D5FA86F00101C9B22846F8F7BFFA94E8EB
:103190000300B8F1000F22D000F00EFB021E0BBF9F
:1031A0001646167B0127002706F0010602B1527B66
:1031B00002F0010400F042FB01462846F8F796FAB7
:1031C00039462846F8F772FA31462846F8F77EFA6B
:1031D0002146284602B0BDE8F041F9F7E2B9ECF724
:1031E00021F9041E0CBF012700270CD0ECF743FE89
:1031F00000F0010620460CB1ECF792FD00F001044E
:10320000FCF7FEFCD8E72046F2E700002DE9F74F77
:103210000446F8F711FDE846054621464046F8F712
:1032200075FC2046F8F70EFB10B955B9002005E0F3
:103230002046F8F7A7FE0028F7D0012003B0BDE82C
:10324000F08F1D4E0027B1463C46B3460BEB071AE4
:10325000DAE9012398E8030011F07FFB68B15446D6
:1032600098E80300231D83E80300E4F77FFFA389A8
:103270002060AB42E1D0A581D8E724B9D9F8043069
:10328000002B08BF4C460137112F09F11009DDD181
:1032900074B9094CE4F76AFF012356F8101F22683D
:1032A000411A821A0133914288BF3446112BF4D15E
:1032B0006B1CA381D4E700BF285F0020F8B5E4F7BA
:1032C00055FF0E4C06461125002754F8083C7BB1EB
:1032D0002046F8F7D8FC54F80C3C01280CBF0A2211
:1032E0001E22F31A934284BF44F8087C24F8047C1D
:1032F000013D04F11004E8D1F8BD00BF345F0020A7
:10330000F7B56E4601463046F8F700FC094F002439
:1033100007EB0415D5E9012396E8030011F01DFB26
:1033200020B1AB89013BAB8103B0F0BD0134112C5E
:10333000EED1F9E7285F0020014B1888E7F7BEBE01
:1033400038600020014B1888E7F794BE38600020F1
:103350002DE9F04F91B0FFF729F8934BD3F8009087
:103360004846E8F731F90746F8B9904DFEF7DEFF19
:103370002E68E4F707FF0446E8F72CFB211A3046D5
:1033800002F0EEF860B1286809A902F023F99DF86F
:1033900024302BB1864B00F164011888E7F760FDFB
:1033A0004FF0FF3011B0BDE8F08FFCF70DFB054684
:1033B000002800F09C80D7F80880E4F7E3FE04467C
:1033C0000220FDF7CFFD0646B92010F009FE0644A5
:1033D0007848F8F76DFB46440228A6EB04048046C3
:1033E00006D174480DF116020021FCF773FB054667
:1033F000002C72DB09AE6F499DF816403046F8F795
:1034000085FB6C48F8F718FC82466A48F8F712FC0E
:103410000023039067498DF8173007A8F8F792FB4F
:10342000079B013371D1EBF77BFA0446E4F7AAFE60
:1034300005460EF0BFFD8246EDF7ACFF8346012046
:10344000EBF736F9584607F097F92046EBF710F9F5
:103450005948F9F7ADF8002840F0A380ECF7B6FF23
:1034600000F00101DFF854B15348F9F79AF8182237
:1034700000210AA811F0C8FA01230BF10F00CDF8C2
:1034800024B0CDF82CA08DF83C30F8F797FF70B140
:10349000E4F772FE0446FDF7BFFD044421460BF13C
:1034A0000F00EFF749FC00230D948DF83C303046B7
:1034B000EDF7A4F99DF83C30069033B99DF818005B
:1034C000B0FA80F04009FDF7ADFD0020EBF7F0F811
:1034D000384A39482946EBF729FD0120FCF716FB4D
:1034E000B8F1020F03D033480021FCF72FFD384616
:1034F000E7F7B6FE4846E8F781F800283FF435AF15
:1035000000214846E8F73EF82FE72A48F8F746FC3E
:103510002146F6F7F4F804462648F8F74FFF8346AD
:103520002448BBF1000F30D0EBF71EFD9DF817309B
:1035300023B996E80300204AFFF7F4FD4FF0000B93
:10354000CDF800B096E803001B4B2A46FFF706FEB5
:10355000039B194800935A4601235146FFF7BAFCD2
:103560001548F8F7A5FA012806D0724640F2D511A1
:103570004FF20D30E5F712FA06A92046F5F7AAFF3B
:103580000D4806A9F7F73DFC50E7F8F791FA012836
:10359000CCD1094A07480DF117035946FFF7BEFC85
:1035A000C4E701205CE700BF406000203C600020D1
:1035B000386000206762002033630020246300200D
:1035C00000B589B011F0DCF968B30EF0B8FD50B366
:1035D00001F0A0FF194B18600A23009342F2107308
:1035E0001A46142101F0B2FF1422002103A811F0A1
:1035F0000BFA134B029304238DF80C30114B0493F8
:1036000002A842F210730693E7F780FB0E4B188076
:10361000E7F760FF0D4B186028B97246E1214FF2C1
:103620000D30E5F7BBF90A48FAF7FCFB0948002121
:1036300009B05DF804EBFAF7B9BB00BF3C600020AD
:10364000025903005133020038600020406000201E
:103650004533020039330200014B1868704700BF40
:103660004060002037B50E4C23686D4685E80300A6
:1036700013B9002003B030BD95E80C0094E80300B6
:1036800011F06BF90028F5D1A368002BF1D095E873
:103690000C00D4E9020103B0BDE8304011F05DB97F
:1036A000306100202DE9F04186B0EBF789FE044639
:1036B0000020EDF727FF1022002105463848DFF8EB
:1036C000E08011F0A1F9FDF779FD002604AFDDB926
:1036D000344F3548DFF8D0800021E022397011F0F6
:1036E00093F944BBFCF7A2FCFDF7E4FC2F4B1860F8
:1036F000FCF786FA2E4B18702046FDF733FC2D4B55
:10370000186006B0BDE8F0812846EEF755FA60B1C2
:1037100029463846EEF755FB97E8030008EBC60349
:1037200083E80300002ED3D1012628460021EDF7BF
:10373000D9FE0546CBE73D7821466846EBF7DEFF2C
:103740002B01009A48F80320214608EB051502A832
:10375000EBF7D4FFBDF80C30AB802046ECF7BFFC94
:10376000FDF7A8FCA8602046ECF785FB28732046EF
:10377000ECF7D6FA04AE214668733046EBF7BEFF8D
:1037800096E80300F5F734FBF5F7BAFEA873204678
:10379000EBF746FE3B78013304463B70A1E700BFE0
:1037A000306100202C6100204C6000204860002027
:1037B0002D610020446000202DE9F3416E4686E82B
:1037C00003000C4FDFF8308000253B78AB4201D876
:1037D000002009E008EB051496E80C0094E80300CB
:1037E00011F0BBF818B1204602B0BDE8F0810135F8
:1037F000EBE700BF2C6100204C60002007B56B4652
:1038000083E8030093E80300FFF7D6FF18B1806850
:1038100003B05DF804FB014B1868F9E7486000202D
:1038200007B56B4683E8030093E80300FFF7C4FF86
:1038300000B1807B03B05DF804FB0000014B1878F9
:10384000704700BF2D610020014B1868704700BF12
:103850004460002038B50C4DF6F7BBFE2B88834240
:10386000044610D0094801F0D6FA2C805CB101F072
:10387000F9FBB0FBF4F101FB140189B2BDE838405B
:10388000024801F0E7BA38BD4261002044610020DF
:1038900008B500F077F8064801F0BDFA054A064879
:1038A00000231380054A1370BDE80840F7F734B8C9
:1038B0004461002042610020553802004061002030
:1038C000014B1888704700BF4261002038B504469C
:1038D00020B90A4B1B7863B1002038BD084D286819
:1038E00001F09DFA0028F7D0064B2846198801F010
:1038F000B1FA054B01201C70EFE700BF41610020C9
:1039000044610020426100204061002010B528B9C8
:10391000E5F7DEF9084B01221A7010BD074C20684C
:1039200001F07DFA0028F8D0054B20461988BDE843
:10393000104001F08FBA00BF4161002044610020B7
:1039400042610020054B1B782BB1054B18880038CD
:1039500018BF012070470120704700BF416100205F
:103960004261002010B9024800F082B80148FBE72C
:103970001359030031590300014B1878704700BFF9
:103980004061002008B510220348002111F03CF8E6
:10399000024B00221A7008BD4861002058610020C7
:1039A00070B50C4C0E46C4E90223054600231146AF
:1039B0006622C4E9000601F0ADF94FF0FF3231464E
:1039C000284601F0D8F92146402000F0A3F820460F
:1039D00070BD00BF486100200368416882681B68B1
:1039E00008689B1A801A984234BFD8B2C0B208281F
:1039F0008CBF00200120704710B5044688B0D0E984
:103A0000000101F0C9F92046FFF7E6FF014608BBB7
:103A10001C2201A810F0F8FF2368A2681B6800921E
:103A20009B1A104AADF8043092E8030002AB83E819
:103A30000300F7238DF81130684640F2FF23ADF8FC
:103A400012300FF03BFE28B9074A13780133137088
:103A500001F046F805481022002108B0BDE81040EA
:103A600010F0D2BF547D030058610020486100204F
:103A700038B520B1044D441E14F8010F00B938BD0B
:103A8000294600F047F8F7E748610020014B187815
:103A9000704700BF5861002008B50EF050FB80F061
:103AA0000100C0B208BDF7B59DF820C00CF10404B8
:103AB000D0E9016704EB430404EB820404EBC10486
:103AC00011440B44326863442344D21B1344662BD5
:103AD0000DD90468C3680193FFF78EFF019B3A4636
:103AE00031462046FFF75CFF012003B0F0BD002007
:103AF000FBE770B514460D4659B1024600236068D5
:103B000001F00FF960682A460023BDE8704001F01B
:103B100008B970BD2DE9F04F2DED028B99B001234E
:103B20000C460093002382461A4619462046FFF7AA
:103B3000BAFF0AF1FF33552B00F2A480DFE813F03F
:103B40008B01A200E9010202F2019901D500E8000F
:103B5000D002DE02E502EC02F302FA0208031603C9
:103B600010029405240338034903660381038E037E
:103B70003106C500CD00A2001F022E025F026D02B9
:103B800077028E02A200A502B402C2024802A2007D
:103B900075049B04AA04DC04EB04FB0436053F0512
:103BA0005C056C058005A905A2000306F305EB057D
:103BB000E305FB050B061F062806A200A200B304BE
:103BC000FF00C201A200C4035600BB057E06A2008E
:103BD0004C0416066206A506BC06D306EB060907CA
:103BE00027073F07570775079307B107FFF754FFEC
:103BF000002856D10025294609232A46009520464B
:103C0000FFF751FF00234522606801F08AF8F3F7BF
:103C1000D1FF0EA906460922606801F0A9F8FBF75A
:103C2000B9FF2B4602460EA801F07BF8B28A2B465C
:103C30000EA801F076F8B2892B460EA801F071F8B3
:103C4000F28A2B460EA801F06CF8728A2B460EA859
:103C500001F067F8F2892B460EA801F062F832896C
:103C60002B460EA801F05DF872892B460EA801F0D4
:103C700058F8328A2B460EA801F053F860680EA956
:103C800001F08AF8D1494FEADA020AF0070301206D
:103C900098408B5C1843885419B0BDEC028BBDE88A
:103CA000F08FF0F773FF0028ECD008AD2846F0F74E
:103CB000B7FF95E803000022EDF72AFC0028E1D0C9
:103CC000EDF744FD002895D0DCE7EBF743FB2246F7
:103CD00001461A20FFF70DFFD4E7EBF759FB224608
:103CE00001461B20FFF705FFCCE70EF09CFA0028E9
:103CF000C8D00EA8EAF7E8FE60680722002301F0AA
:103D000010F89DF838206068002301F00AF8B9E740
:103D10000EF089FA0028B5D00EA8F4F7B9F89DF88E
:103D200038300546002BADD060680822002300F033
:103D3000F8FF60682A46002300F0F3FFA2E704239F
:103D400000930023194602222046FFF7ACFE4122D1
:103D50000023606800F0E5FFF0F7DEFE0EAE0028FD
:103D600072D008AD2846F0F743FF3046F0F758FF11
:103D70000E9B0393012295E80300DDF820B0EFF7D6
:103D8000E4FF0021F1F766F90DF11E02814696E885
:103D90000300F4F7D8FF0022804696E80300EDF711
:103DA000B7FB074600284DD00AAD01462846EEF77E
:103DB00008F895E80300F5F71BF808EE100A3846F6
:103DC000EEF71DF9002105783846EEF773F80490F8
:103DD0003846EDF7AEFC29460346049A18EE100A61
:103DE000F5F7F0FB054696E803000DF11F02F4F726
:103DF000EBFF074631466068062200F0B9FF4A46ED
:103E00000023304600F08DFF5A460023304600F074
:103E100088FF039A0023304600F083FF42460023C8
:103E2000304600F07EFF3A46FB17304600F081FF37
:103E30002A46EB17304600F07CFF6068314600F000
:103E4000ABFF1FE70546CEE705460746804681469D
:103E500003908346CEE701220023606800F061FFF3
:103E600064680EF0AFF800230246204600F059FFC8
:103E700008E70EF0C3F900283FF404AFFFF70CFE8B
:103E8000A8B106220023606800F04BFF0EA8EAF7F5
:103E90001BFE9DF839006468F4F76EFB4FF47A72EC
:103EA0000023B0FBF2F2204600F03BFFEAE60EA84A
:103EB000ECF772F89DF838309DF83920D3423FF482
:103EC000E1AEDEE70225002319461A46009520469A
:103ED000FFF7E9FD00236068422200F022FF0EA9EF
:103EE0002A46606800F044FF2846E7F709FA0023F5
:103EF00002460EA800F015FF0120E7F701FA0023A3
:103F000002460EA800F00DFF60680EA900F044FF05
:103F1000B8E60320E7F7F4F9224601460320FFF74D
:103F2000E8FDAFE605220023606800F0FAFE646851
:103F3000F3F744FE01F0B0F900230246204600F0FA
:103F4000F0FE9FE604220023606800F0EAFE646849
:103F5000F3F730FE0023827F204600F0E2FE91E678
:103F600000220092114601232046FFF79CFDF3F743
:103F700021FE2246C17F1120FFF7BBFD82E61D22F4
:103F80000023606800F0CDFE00206468E4F7F6FFCF
:103F900000230246204600F0C4FE73E600252946B1
:103FA0002B46009501222046FFF77DFD1E220023AF
:103FB000606800F0B6FE2846646801F035FC2B46C8
:103FC0000246204600F0ADFE5CE600BF59610020CD
:103FD000002529462B46009501222046FFF763FD68
:103FE00027220023606800F09CFE0120646801F035
:103FF0001BFC2B460246204600F093FE42E61F22A1
:104000000023606800F08DFE646801F0BFFE0023AD
:104010000246204600F085FE34E660682022002338
:1040200000F07FFE6068152100F091FE2AE6002571
:1040300029462A46009501232046FFF734FD212218
:104040000023606800F06DFE02206468E4F796FFCC
:104050002B460246204600F064FE13E60025294662
:104060002A46009501232046FFF71DFD222200234A
:10407000606800F056FE01206468E4F77FFF2B467D
:104080000246204600F04DFEFCE524220023606835
:1040900000F047FE0020646801F0F9FB00230246AF
:1040A000204600F03EFEEDE525220023606800F08A
:1040B00038FE6468E4F7B8F800230246204600F0B2
:1040C00030FEDFE526220023606800F02AFE6468E7
:1040D000F4F790FA00230246204600F022FED1E5D4
:1040E00000230093194601222046FFF7DCFCE36819
:1040F000224619780920FFF7FCFCC3E5E368224655
:1041000059780A20FFF7F5FCBCE5E3682246997868
:104110000B20FFF7EEFCB5E5E3682246D9780C20CA
:10412000FFF7E7FCAEE5E368224619790D20FFF7BB
:10413000E0FCA7E5F6F718F9FE2807D8F6F714F91A
:10414000014622460E20FFF7D4FC9BE5FF21F8E74D
:10415000EDF748FCFE2807D8EDF744FC014622465F
:104160000F20FFF7C6FC8DE5FF21F8E7EBF734FFE2
:10417000FE2807D8EBF730FF014622461020FFF754
:10418000B8FC7FE5FF21F8E7FFF786FC00283FF445
:1041900079AD00220092114601232046FFF783FCEF
:1041A000F3F708FD2246418B1320FFF7A2FC69E5D7
:1041B000FFF772FC00283FF465ADF3F79BFE083073
:1041C00001F0E8F82246C0F307111420FFF791FC34
:1041D00058E5FFF761FC00283FF454AD0EF00EF8EF
:1041E00000283FF44FADF3F785FE15220546002366
:1041F000606800F096FD2846646801F0CBF8002363
:10420000C0F30712204600F08CFD3BE5FFF744FCAD
:1042100000283FF437AD0DF0F1FF00283FF432AD38
:1042200016220023606800F07CFDF3F763FE01F0C6
:1042300033F80830C0F30B120023606800F071FD02
:1042400020E5FFF729FC00283FF41CADF2F7DAFA6D
:10425000224601461720FFF74CFC13E50DF06FFFD7
:1042600068B300252B462A46012100952046FFF71A
:104270001AFC60681822002300F053FD01262F4627
:10428000B0463046F1F77AFF78B13046F0F7EBFFF1
:10429000A0F12001C0F1200308FA01F128FA03F38C
:1042A000194308FA00F005430F430136F6B20D2E0C
:1042B000E7D160682A463B4600F033FDE2E40DF0AA
:1042C0008FFE0428CDD0DDE42046FFF785FB0646AF
:1042D0000EF032FE00270546002D3FF4D3AC9FB10F
:1042E000002E7FF4CFACD4E90061A268E3680591A9
:1042F000204604920393FFF77FFB3046DDE903324B
:104300000599FFF74DFB01262B7D002B0CBF0423E5
:104310000623013BDBB2009300230122194620460D
:10432000FFF7C1FB08B10136F6B2442260680023F2
:1043300000F0F7FC60684FF0FF320AA900F018FDAA
:104340002F4628460EF0FEFD3B7DA168002B0A9B00
:104350000CBF042206225B1A0546511E02F108001A
:1043600050FA81F10B44662B34D80EA90AA800F04C
:10437000FFFC7A6800230EA800F0D3FC97F9112007
:104380000EA8D31700F0D5FC97F90D200EA8D3176F
:1043900000F0CFFCBA7D002302F003020EA800F06B
:1043A000C0FC3A7D42B100230EA800F0BAFC7A7D31
:1043B00000230EA800F0B5FC0EA90AA800F0ECFC42
:1043C000002DBDD12F4660680AA900F0E5FC022E41
:1043D00082D157E40127F6E7F3F7FAFB05460028F8
:1043E0003FF450AC002319461A4600902046FFF7D0
:1043F0005AFB49220023606800F093FC60682A465B
:104400000EA900F0B5FC0026F0B2F3F7DBFB013695
:10441000024600230EA800F084FCF3B29D42F3D8BC
:1044200060680EA900F0B8FC2CE4CF4D2B78009307
:10443000002319461A462046FFF735FB29220023A0
:10444000606800F06EFC2A7860680EA900F090FCAD
:1044500000262B78F0B2834204D860680EA900F0E1
:104460009BFC0FE4EAF7F4F90246C3170EA800F02C
:1044700060FC0136EDE72A220023606800F051FC61
:104480006468EAF7D5F90246C317204600F049FCF4
:10449000FFF7F8BBF3F7C8FB224601462B20FFF7D6
:1044A00028FBFFF7EFBB0023022519461A460095AB
:1044B0002046FFF7F8FA40220023606800F031FC44
:1044C0002A460EA9606800F053FCFFF755FA88B938
:1044D000042200230EA800F024FCFFF7D7FA0023E3
:1044E00002460EA800F01DFC60680EA900F054FC06
:1044F000FFF7C8BB0122ECE72C220023606800F024
:1045000010FC6468E4F7C2FC00230246204600F079
:1045100008FCFFF7B7BB0023194600930122204691
:10452000FFF7C1FAF3F792FB224601462D20FFF771
:10453000E0FAFFF7A7BB0EF07FFB00F00105C3B266
:10454000ADF82800800748BF45F00205590748BF6D
:1045500045F004051A0748BF45F008050226DB06AA
:104560004FF0000319461A460096204648BF45F012
:104570001005FFF798FA002360682E2200F0D1FBA7
:104580000EA93246606800F0F3FB9DF82920002355
:104590000EA800F0C6FB2A4600230EA800F0C1FBBF
:1045A00060680EA900F0F8FBFFF76CBBF3F754FB53
:1045B000224601462F20FFF79CFAFFF763BBFFF767
:1045C0006BFA00287FF45EAB0546012600213046D9
:1045D000FBF7ECF800B101350136F6B20D2EF5D13E
:1045E00060683022002300F09CFB60682A460023AC
:1045F00000F097FBFFF746BB31220023606800F014
:1046000090FB00206468F4F733FA0246C317204693
:1046100000F08FFBFFF736BBF2F714FD00283FF4E4
:1046200031AB32220023606800F07BFB6468F2F754
:1046300003FD00230246204600F073FBFFF722BB78
:10464000EAF7BAFD00283FF41DAB3322002360686F
:1046500000F067FB6468EAF787FD0246C31720464F
:1046600000F067FBFFF70EBB0DF069FD00283FF47B
:1046700009AB12220023606800F053FB002064683D
:10468000FDF7DAFA00230246204600F04AFBFFF766
:10469000F9BAF3F707FB054600283FF4F3AA606870
:1046A0003422002300F03DFB60682A46002300F01E
:1046B00038FBFFF7E7BA002529462B460095022272
:1046C0002046FFF7F0F900236068462200F029FB3E
:1046D0000EA90222606800F04BFB284601F0E2F8C8
:1046E0002B4602460EA800F01CFB012001F0DAF870
:1046F0002B4602460EA800F014FB60680EA900F0DD
:104700004BFBFFF7BFBAE3682246197A3920FFF75F
:10471000F0F9FFF7B7BAE3682246D9793820FFF7F6
:10472000E8F9FFF7AFBAE368224699793720FFF737
:10473000E0F9FFF7A7BAE3682246597A3A20FFF773
:10474000D8F9FFF79FBAE368224659793620FFF778
:10475000D0F9FFF797BAE3682246997A3B20FFF732
:10476000C8F9FFF78FBA00BF74160020F3F7B4FA48
:10477000224601464A20FFF7BCF9FFF783BAEBF760
:1047800081FD224601463C20FFF7B3F9FFF77ABAD4
:10479000F3F7BCFA224601463D20FFF7AAF9FFF7DE
:1047A00071BA0A230EA908A88DF82030E4F740F961
:1047B0009DF82020002A3FF465AA002529462B46B3
:1047C00000952046FFF76FF919220023606800F07A
:1047D000A8FA9DF8202060680AA900F0C9FA0EAE78
:1047E0009DF820309D4205D360680AA900F0D4FAF4
:1047F000FFF748BA56F8042B00230AA800F091FAF4
:104800000135EDE70DF0B4F800283FF43BAA002590
:1048100029462B46009501222046FFF744F94B22FA
:104820000023606800F07DFA64680DF0A1F82B4663
:104830000268204600F075FAFFF724BA00252946E1
:104840002A46009502232046FFF72DF900236068D1
:10485000472200F066FA0EA90222606800F088FA8A
:104860002846F3F7B7FC2B4602460EA800F059FA8B
:10487000F3F7CAFC2B4602460EA800F052FA606815
:104880000EA900F089FAFFF7FDB9002529462B464D
:10489000009501222046FFF706F94C2200236068AC
:1048A00000F03FFA646801F047FA2B4602462046C2
:1048B00000F037FAFFF7E6B9002529462B460095A8
:1048C00001222046FFF7EFF84D220023606800F038
:1048D00028FA64680FF092FB2B460246204600F04F
:1048E00020FAFFF7CFB9002529462B460095012273
:1048F0002046FFF7D8F84E220023606800F011FA36
:1049000003206468E4F73AFB2B460246204600F099
:1049100008FAFFF7B7B90420E4F7F2FA00283FF4E9
:10492000B1A9002529462B46009501222046FFF714
:10493000BAF84F220023606800F0F3F9042064689D
:10494000E4F71CFB2B460246204600F0EAF9FFF78D
:1049500099B90520E4F7D4FA00283FF493A900257B
:1049600029462B46009501222046FFF79CF850224D
:104970000023606800F0D5F905206468E4F7FEFACA
:104980002B460246204600F0CCF9FFF77BB9002504
:1049900029462B46009501222046FFF784F8512234
:1049A0000023606800F0BDF906206468E4F7E6FAC9
:1049B0002B460246204600F0B4F9FFF763B9002504
:1049C00029462B46009501222046FFF76CF852221B
:1049D0000023606800F0A5F907206468E4F7CEFAC8
:1049E0002B460246204600F09CF9FFF74BB9082001
:1049F000E4F786FA00283FF445A9002529462B460E
:104A0000009501222046FFF74EF8532200236068EC
:104A100000F087F908206468E4F7B0FA2B460246F4
:104A2000204600F07EF9FFF72DB90920E4F768FA77
:104A300000283FF427A9002529462B46009501228E
:104A40002046FFF730F854220023606800F069F92F
:104A500009206468E4F792FA2B460246204600F0EB
:104A600060F9FFF70FB90A20E4F74AFA00283FF48B
:104A700009A9002529462B46009501222046FFF76B
:104A800012F855220023606800F04BF90A20646890
:104A9000E4F774FA2B460246204600F042F9FFF78D
:104AA000F1B80B20E4F72CFA00283FF4EBA800251E
:104AB00029462B46009501222046FEF7F4FF562298
:104AC0000023606800F02DF90B206468E4F756FAC3
:104AD0002B460246204600F024F9FFF7D3B800BF6A
:104AE00038B54C4D0124E30804F00702EB5C134198
:104AF000DB070AD54A2C08D82A2C10D8142C60D0F1
:104B000054D8032C73D0112C61D00134E4B2572C4B
:104B1000E9D100236B602B60C5F8073038BDA4F1E4
:104B20002B031F2BF1D801A252F823F0D54B020022
:104B30000B4B0200DB4B02000B4B0200E94B020067
:104B40000B4B02000B4B0200F74B0200FD4B020027
:104B5000034C02000B4B02000B4B02000B4B0200FC
:104B60000B4B02000B4B02000B4B02000B4B0200E5
:104B70000B4B02000F4C02000B4B02000B4B0200D0
:104B80000B4B02000B4B0200BD4B02000B4B020013
:104B9000E34B02000B4B02000B4B02000B4B0200DD
:104BA0000B4B0200B74B0200094C0200152CACD194
:104BB000F3F7A0F908E0F3F711F8A6E7E6F714FC1D
:104BC000A3E7F3F797F9083000F0E1FB9DE7F3F76F
:104BD0001BF89AE7F3F72EF897E70020F3F730F881
:104BE00093E7ECF763FF90E7F3F748F88DE720468B
:104BF000E6F7E4FB89E7F2F72BFA86E7EAF7E2FA51
:104C000083E7F3F755F880E7F3F76CF87DE7F3F700
:104C100077F87AE759610020F8B50446D0E9000634
:104C2000331A9F1A002F15460ADA1EB1D51A00232F
:104C3000C4E9003322682A4422604FF0004005E0B6
:104C40000FF0BAFE22682A4422600020F8BD30B579
:104C500019BA85B014BA182ACDE9021473F100010B
:104C60009DF820500DF10F0109D205EB14658DF868
:104C70000F5004AB5A1AFFF7CFFF05B030BDB2F5A5
:104C8000807F73F100042CBF01240024B2F5803F23
:104C900073F1000228BF01340BB10134E4B20123E7
:104CA000A340C91A18352C440C70E2E710B481688F
:104CB0009DF8044009B10139816001945DF8044B0D
:104CC000FFF7C5BF1FB5044608462168016061684B
:104CD0004160A16809B10139A160541C03F02001B1
:104CE000B2F1FF3F8460C1600CD141F00401C160AA
:104CF0001F3301220DF10F018DF80F30FFF78CFFEC
:104D000004B010BD09B11444846000930023FFF780
:104D10009EFFF5E70A4442600222C0E902230160D7
:104D2000704707B500210091FFF7C0FF03B05DF8A1
:104D300004FB07B5D91701F0200182EAE372009164
:104D400083EAE373FFF7B2FF03B05DF804FBA1F160
:104D50001903062B07B50A4607D9E0230093002361
:104D6000FFF7A4FF03B05DF804FB4FF48370F9E78D
:104D70008023FFF7A7BF10B402F100436FF0004497
:104D8000A34204D35DF8044BA023FFF79BBF4FF46D
:104D900080605DF8044B70470B6813B50360CB6807
:104DA0004A684260044613F004000AD0FF2301223F
:104DB0000DF1070120468DF80730FFF72DFF02B0F7
:104DC00010BD8B68012B06D0002B40F2013008BFCC
:104DD0004FF44070F3E7002A08BF4FF00040EEE7C1
:104DE00040BA80B24140C1F30310414081EA013131
:104DF000480100F4FF5089B24840704708B5421896
:104E000003464FF6FF70934200D108BD13F8011B13
:104E1000FFF7E6FFF7E74FF000430360704710B578
:104E20000446E3F7A3F9002CA3BF001B6FEA400080
:104E3000C00F002010BD38B50446E3F797F90546CA
:104E40002046FFF7ECFF18B925F00040201A38BDC6
:104E50000020FCE738B505460C46E3F787F9044423
:104E600024F000442C6038BD70B5044600680D463F
:104E70001646FFF7E0FF2368002B07DB16B9A842B0
:104E800004D870BD012EFCD1A842FAD22946204692
:104E9000BDE87040FFF7DEBFC043C00F704710B5DC
:104EA0000446E3F763F920F00040001B10BDCA0878
:104EB000012301F0070103FA01F1835C19438154D6
:104EC0007047CB0801F00701C25C012303FA01F12E
:104ED0000A4214BF18460020704710B5CB1D00EBE6
:104EE000D300914202D84FF0FF3019E010F8013D95
:104EF0000839002BF5D003F0F000002816BF034658
:104F00000020042013F0CC041CBF2346023013F011
:104F1000AA0F18BF01300844824288BF4FF0FF300B
:104F200010BDF8B50E4617461C46054628B9724610
:104F30006B214EF21560E3F731FD2A7804FA07F38E
:104F400022EA060203EA060414432C70F8BD70B589
:104F50000C461646054628B972467A214EF215606F
:104F6000E3F71CFD2878044044FA06F0C0B270BD97
:104F7000F8B50E4617461C46054628B972468321E9
:104F80004EF21560E3F70AFD2A8804FA07F322EAD5
:104F9000060203EA060414432C80F8BD70B50C46E3
:104FA0001646054628B9724693214EF21560E3F77E
:104FB000F5FC2888044044FA06F080B270BDF8B5CC
:104FC0000E4617461C46054628B972469C214EF2ED
:104FD0001560E3F7E3FC2B68BC405C4004EA060183
:104FE00059402960F8BD70B50C461646054628B9EB
:104FF0007246AC214EF21560E3F7D0FC28682040E1
:10500000F04070BD10B5074C07492268074B01FB03
:1050100002332360E3F7B6F823681844044B1860A2
:1050200010BD00BF646100200D6619005FF36E3C87
:1050300068610020024B80F001001860704700BFDB
:105040006461002008B5FFF7DDFF014B186808BD5B
:105050006861002008B5FFF7D5FF014BD87808BD7F
:105060006861002008B5FFF7CDFF014B588808BDE7
:105070006861002038B5044658B1FFF7C3FF064BFE
:10508000204601211D6800F0ADF8B5FBF0F404FBEB
:105090001054204638BD00BF6861002038B5054671
:1050A0000C46FFF7AFFF054B611B18680131B0FBE1
:1050B000F1F301FB1300284438BD00BF68610020F4
:1050C000002308B91846704700F001021344DBB210
:1050D0004008F6E7F8B5134F002A18BF1746012914
:1050E00005461DD9E0B14E1E0C4650FA86F6B8476B
:1050F000B0FBF4F303FB1400013CC2B2E3B29A42EA
:1051000009D02A5C3378534033702A5C53402B54C7
:10511000327853403370E3B2012B06F1FF36E6D10B
:10512000F8BD00BF55500200002303604360704784
:10513000D0E9003230B5C2F31304120306D5C28899
:10514000C2F305153F3565F30912C280DA186441D0
:105150004368C4F3130469B964F313030260436042
:10516000C379CF2B4FEA93029EBF013262F38703CC
:10517000C37130BD64F3130342F001020260C3F354
:10518000055243600132C3F30F4362F30913C38036
:10519000E6E7C07980087047C379024613F0FC0047
:1051A00008D0D088C0F30510C0EB00209B08B0FBEE
:1051B000F3F0C0B270474FF0013358435943090C24
:1051C000000C4843000CC0EB002000F50040C0F389
:1051D00007407047C0F1FF038B42A6BF4018C0B222
:1051E000FF207047C3438B422CBF40184FF0FF3065
:1051F0007047F8B58842069C074616464FEAE07CA1
:1052000020DDBC422046A8BF3846C517CA178142D8
:1052100072EB050E0C4601DA04462A46E41BA3EBAA
:10522000060562EB0C0CEB1705FB0CFC04FB03CC36
:10523000CA1BA5FB0405D3170CEB05010FF024FCDA
:10524000304401E001D11846F8BD8C42A8BF0C469D
:10525000E217844272EB0C00BCBF3C466246DDE7BD
:10526000002343600360437961F3C60343717047D1
:10527000437908498288C3F3C303C2F3090231F8B2
:105280001330042B28BF04239A42B4BF002001200E
:10529000704700BF6C590300807970478088C0F365
:1052A00009007047838823F4FF6323F0070383809A
:1052B0007047000043795A0730B53BD5214C8288AE
:1052C000C3F3C30340F2FF3534F81340AC4228BFA8
:1052D0002C46C2F30902E4B2A24224D31A4AD35C98
:1052E0000268C3F1180401FA04F422FA03F3E31A82
:1052F0001344B3F17F4F3DBFDA0D0132C2F34702D1
:10530000FF2282710360838840F2FF32C3F30904F5
:1053100094421EBF5A1C62F309038380C3798B42F7
:1053200038BFC17130BDD2B2002301335208DBB2A5
:10533000FBD1D5E70A0643F0040302608171437193
:10534000E1E700BF6C5903006259030043795B0732
:1053500009D4838823F4FF6323F0070343F48063B5
:1053600043F0010383800B060360817170478288DC
:10537000C2F309038B42A8BFC9B28288A6BF5B1AD9
:10538000C3F30903002363F30902828070470023FB
:10539000C3717047C0797047002343600360C379CD
:1053A00061F3C603C3717047C3795A0710B522D59C
:1053B000C3F3C303134AD25C0368C2F11004A140D3
:1053C00023FA02F2891A194411F1011F9DBFCB0B78
:1053D0000133C3F34F034FF6FF7383800160C3882B
:1053E00040F2FF32C3F3090191421EBF5A1C62F31F
:1053F0000903C38010BD0A0443F0040302608180E6
:10540000C371ECE762590300808870474079C0F3AC
:1054100080007047C079C0F38000704738B518220B
:1054200004460D4600210FF0EFFA29462046BDE85C
:105430003840FFF715BF38B504460D46E2F7A2FE27
:10544000637D13F001024FEA501019D02369C31A8B
:1054500033F0784304D0A268217D03FB0123A360CD
:10546000637D257543F002036375A37D2061FF2BE7
:105470001CBF0133A375E379AB4238BFE57138BD7A
:1054800043F00103E0606375A260E9E770B504468C
:10549000E2F778FE637D03F00303032B01D00020C5
:1054A00070BD217DA67D45092046FFF7C4FFE16858
:1054B000A675691A31F07841F1D0A368B3FBF1F118
:1054C0002046C9B2FFF7F6FE2046FFF7E7FE431E6F
:1054D000334440F2FF308342A288E56028BF034690
:1054E000DBB263F30902637DA28023F00303002291
:1054F00043F00103A2606375A2750120D0E7FFF7B6
:10550000CBBEFFF7CBBEFFF721BFFFF730BFFFF7E2
:105510007DBF00000C4A08B510460023D17C29B994
:10552000142202FB03000123C37408BD01330A2BBC
:1055300002F11402F2D172464CF29A403621E3F79E
:105540002DFA0020F1E700BF6C61002010B5C360A8
:1055500000249DF808308474C0E90121437410BD13
:10556000F8B50E46044628B9724649214CF29A40D5
:10557000E3F714FA6368B34202D3A368B34204D9D1
:105580000023A37401252846F8BDA57C25B9012375
:105590002660A3742574F5E72368B3424FF0000733
:1055A00007D2E26827741344B34294BF2360266095
:1055B000E9E70CD9207C0121FFF70CFE637C207405
:1055C000834205D823682774013B2360DBE72774F7
:1055D0003D46D8E7837C0B70D0E90010002B18BF44
:1055E00008467047F8B51F460123044616463B702F
:1055F0000D4629B9724682214EF20C40E3F7CEF9EE
:105600002EB9724683214EF20C40E3F7C7F92B798D
:105610002BB996E8030084E803002046F8BD3379EF
:1056200013B995E80300F6E700233B702360A380DD
:10563000F3E773B50DF1070304460D461646FFF771
:10564000D1FF9DF807302BB96B7933B195E8030092
:1056500084E80300204602B070BD737913B196E868
:105660000300F5E72B6832689B1A002BF7DAEDE7A9
:1056700073B50DF1070304460E461546FFF7B2FF5A
:105680009DF807302BB9737933B195E8030084E8AE
:105690000300204602B070BD6B7913B196E8030099
:1056A000F5E733682A689B1A002BF7DAEDE7034623
:1056B000007910B530B15A792AB91C68E2F762FD59
:1056C000201AC00F10BD0120FCE7037910B5044675
:1056D0002BB972466B214EF20C40E3F75FF9637908
:1056E0001BB1BDE81040E2F74DBD206810BD00239E
:1056F0008380704770477047704770477F207047BE
:1057000010B504460CF015FD00B134B90CF017FDCE
:10571000002814BF1520112010BDFD20FCE710B596
:105720000C46FFF7EDFF2379834204D3B3F1FF006A
:1057300018BF012010BD0020FCE708B50CF0FFFCED
:10574000002814BF0C20072008BD08B50CF0F7FC9A
:10575000002814BF0620072008BD08B50CF0EFFC98
:10576000012008BD08B50CF0EAFC034A034B0028F1
:1057700014BF1046184608BD0088130040420F00B1
:1057800049F640407047000037B5054610B9FF2084
:1057900003B030BD90F90730002B01DA0020F7E7A5
:1057A0000479FFF7CAFFFF2C0146F0D0EB7903F034
:1057B0007F03A3429CBFE41AE4B28442EED2032CDE
:1057C00002D8054B185DE3E700940023B2220320C2
:1057D000FFF70FFDC0B2DBE77E59030037B5044683
:1057E000C9B1012919D07246262141F62850E3F7A4
:1057F000D5F800210B4D2B6801A89B6998470198AB
:10580000431C0CD02B682146DB699847B0FA80F026
:10581000400903B030BD0121ECE70221EAE7002096
:10582000F7E700BFFC1800201FB5014601A8FFF7ED
:10583000D5FF90B19DF80E409DF80D109DF80C20FD
:105840009DF80B30002064F3070061F30F2062F332
:10585000174063F31F6004B010BD0148FBE700BFB1
:105860005A0005051FB5014601A8FFF7B7FF00B1B3
:10587000019805B05DF804FB1FB5014601A8FFF7CC
:10588000ADFF08B1BDF8080005B05DF804FB1FB519
:10589000014601A8FFF7A2FF08B19DF80A0005B074
:1058A0005DF804FB07B5A0B1012814D0724626218B
:1058B00041F62850E3F772F80021084B1B6801A855
:1058C0009B6998470198431C08BF002003B05DF80E
:1058D00004FB0121F1E70221EFE700BFFC180020E3
:1058E00007B568460CF0ACFD30B9054B9DF80020BB
:1058F0001A70BDF802205A8003B05DF804FB00BFA7
:1059000034620020024B00221A705A80704700BF98
:105910003462002008B50FF033F828B100F020F908
:10592000BDE80840FFF7EEBF08BD00001FB56846A0
:105930000CF086FD04464FF000400DF01DF908B351
:105940008CBB9DF80400E8B102A80CF079FD50B1C1
:1059500000F0F8F9C0B90CF043FB043818BF4FF061
:10596000FF30C0B20EE0114B1A7812B959880029E5
:10597000EED09DF808109142EAD15A88BDF80A305D
:105980009A42E5D104B010BD00F000FA9DF8003055
:105990008342E0D100F00CFABDF802308342DAD144
:1059A00000F0F4F9EEE70020ECE700BF34620020DD
:1059B00037B50546FFF7BAFF044668460CF040FDD0
:1059C000D0B99DF80430BBB1AC4215D0A5B19CB1A3
:1059D00004EA0503FF2B0FD09DF80030A34203D14A
:1059E000FF2D09D103B030BDAB4205D1FF2C03D14F
:1059F0000CF0F6FA042801D10220F3E70120F1E7C8
:105A00000138C0B2FD288CBF002001207047027908
:105A1000032A10D88AB10378013BDBB2FD2B0AD8E8
:105A2000032A0AD1437913F0C00007D013F03F00D6
:105A300018BF012070470020704701207047702078
:105A40007047000010B5044628B97246FB2148F69D
:105A5000C960E2F7A3FF084B1A68A24201D00AB955
:105A60001C6010BD72464FF48771BDE8104048F6C7
:105A7000C960E2F793BF00BF38620020024B1B6889
:105A800003B11847704700BF3862002073B51F4E3E
:105A90003068FFF7D0F90446E2F774FB0546684624
:105AA0000CF0CEFCC0B100238DF804303068FFF755
:105AB000F3F9174B014618B31E2C96BF1548164C28
:105AC00000FB04544FF00101188888BF6419E5F702
:105AD000A9F9204602B070BD9DF80430032BE5D132
:105AE0003068FFF7D9F90028E0D0002CDED100F0B3
:105AF0000BFA0A4A512143F6FC3003F051FED5E778
:105B00001888E5F78FF94FF0FF34E2E74462002090
:105B10004262002040420F0080C3C9018C5903003B
:105B200008B5034603F03F00C3F38113022B07D0EF
:105B3000032B09D0012B09D1C0EB0010800008BD58
:105B40004FF461635843FAE7044BFBE7724643F6B0
:105B5000FC304521E2F722FF0020F0E780510100F0
:105B60007FB51048FFF757F90021142201A80EF065
:105B70004BFF0D4B00931E238DF804300B4B02930B
:105B8000684696230493E5F7C1F8094B1880094B42
:105B900009484FF0FF321A609A80F4F7BDFE07B053
:105BA0005DF804FB44620020825903008D5A020014
:105BB000426200203C620020195C020007B5684682
:105BC0000CF03EFC70B99DF8053013F0C00006D013
:105BD0001846FFF7A5FF3C23B0FBF3F080B203B0FB
:105BE0005DF804FB0020FAE710B5074C2068FFF7CA
:105BF00053F938B12068FFF71EF93C23B0FBF3F0EE
:105C0000013080B210BD00BF44620020014B1888F3
:105C1000E5F7CEB942620020F7B50CF0E1F90428AF
:105C20001ED068460CF00CFC10B100238DF8043037
:105C3000304D0622694628460EF0AEFEBDF804300F
:105C4000AB800446009828600CB1FFF75BFE9DF81E
:105C50000430022B06D049D9032B23D0FFF7D6FFFF
:105C600003B0F0BD24489DF80050BDF80240FFF796
:105C7000D2F800F067F80028F0D000F0BBF8002858
:105C8000ECD100F083F88542E8D100F091F884422D
:105C9000E4D100F039F9194A512143F6FC3003F000
:105CA0007FFDDBE79DF80070BDF802609DF80550B0
:105CB00000F048F8D0B100F09DF8B8B900F066F8EF
:105CC000874213D100F074F886420FD13CB12846C8
:105CD000FFF726FF01460848FFF7BCF8BEE7064B72
:105CE0001868FFF7D9F80028B8D1F0E70248FFF7A5
:105CF00092F8B3E73C620020446200208C59030014
:105D000000B5054B1B688BB05B6901A898470198EB
:105D10000BB05DF804FB00BF0019002000B5054B77
:105D20001B688BB05B6901A8984702980BB05DF8BF
:105D300004FB00BF00190020014B1868704700BF2A
:105D4000F418002007B5084B1B680DF107001B680D
:105D5000984738B99DF80700831F5842584103B04F
:105D60005DF804FB0020FAE70019002000B58BB0B5
:105D7000FFF7E8FF28B1044B1B6801A85B6998474F
:105D800003980BB05DF804FB0019002000B58BB040
:105D9000FFF7D8FF30B1054B1B6801A85B69984736
:105DA0009DF812000BB05DF804FB00BF0019002045
:105DB00000B58BB0FFF7C6FF30B1054B1B6801A8DB
:105DC0005B699847BDF810000BB05DF804FB00BF9D
:105DD0000019002000B58BB0FFF7B4FF28B1044BC9
:105DE0001B6801A85B69984706980BB05DF804FB37
:105DF0000019002000B5084B1B688BB05B6901A837
:105E00009847FFF79FFF18B10698013018BF01208F
:105E10000BB05DF804FB00BF0019002000B5084B73
:105E20001B688BB05B6901A89847FFF78BFF18B11F
:105E30000598B0FA80F040090BB05DF804FB00BF94
:105E40000019002008B5FFF77DFF28B1FFF7E6FF36
:105E500000280CBF0120022008BD00000E4B1B686B
:105E600010B504465B6810460A4621469847072845
:105E700007D17246BB21BDE8104040F64A30E2F738
:105E80008DBD042804D0012805D17246BD21F2E75A
:105E90007246BC21EFE710BD00190020024B0348F9
:105EA0001B689B68184700BF00190020718800001C
:105EB00008B5FFF747FF18B9BDE80840FFF7EEBF88
:105EC00008BD000008B5044B044A1B68DB6898470E
:105ED000B0FA80F0400908BD001900207188000068
:105EE00037B5FF238DF80730064B1B680D461C693C
:105EF00011460DF107032A46A0479DF8070003B09D
:105F000030BD00BF0019002008B5044B1B689B6919
:105F10009847B0FA80F0400908BD00BF0019002082
:105F200013B50EF02DFD68B1FFF7F4FA064C2060B2
:105F30000EF03CFB642203460092002102462068DA
:105F4000FFF704FB02B010BD50620020054A5379F0
:105F500043F002035371044A137943F001031371B0
:105F6000704700BF4862002050620020B0B51E4C50
:105F700063790D46990707461AD5E5F72BFD637936
:105F80001FB3DA07A5EB000513D5226805F5FA75EE
:105F9000AA4209D923790133DBB2632B237103D9D8
:105FA000013A00232260237163796FF34103637127
:105FB000B0BD0EF0F4FA05F57A75A842F4D963790C
:105FC000256043F001036371EEE7DB07ECD523683E
:105FD000277103F5FA7323600EF0E1FA2368834218
:105FE00094BF23602060DFE748620020034B5A79AA
:105FF000D20701D40EF0D3BA186870474862002067
:1060000038B5104D2B79DB0716D5E2F7BBF80446FF
:10601000E5F7E0FC241AFFF7E9FFA0420DD20EF0ED
:10602000BEFA094B0022844294BF1C6018601A71AA
:106030002B796FF300032B7138BD28682146FFF7D9
:106040008FFAF5E7506200204862002007B5044B44
:106050000DF107011868FFF7BDFA03B05DF804FB06
:1060600050620020024B5A796FF341025A71704717
:106070004862002070470020704700000148F2F796
:1060800045B900BFF06300200148F2F7E4B800BF53
:10609000F06300200148F2F7F1B800BFF063002080
:1060A0000149F2F7C9B800BFF06300207FB5104D79
:1060B00010496C462046F5F729FD296839B994E85E
:1060C0000300E9F7AFF92860012004B070BD02AE0B
:1060D0003046E9F713FB96E80C0094E803000EF055
:1060E0003CFC0028F1D02B68002BEED1E7E700BF85
:1060F000546400206762002070B505460CF01FF85C
:1061000070BB5DB12846EAF773F8064601F04CF91A
:10611000FF28044604D00134E4B202E03F26F5E74C
:1061200000240B2C01D9FF2408E0204601F022F9BD
:106130000028F0D13146204601F00CF955B128462F
:10614000EAF76EF8FF2CC37906D06FF38613C3719C
:1061500001F0ABF8204670BD43F04003C371F9E78E
:10616000FF24F7E708B51148F5F7A2FC01280AD08B
:106170000E48F5F79DFC022812D10C48F5F79DFD5D
:1061800070B1012005E00948F5F7A3F9102801D105
:10619000002008BD0548F5F79CF91528E8D1F7E778
:1061A000BDE808400148F6F76FB800BF67620020FD
:1061B00073B5054638B903460246014602B0BDE84C
:1061C0007040F3F7FFB9EAF720F86E462946044617
:1061D0003046E9F793FA96E80300F2F709FE06461F
:1061E00004B124782846E9F70FFB00230246214634
:1061F0003046E3E738B505460C46EAF706F8ECF713
:106200006BFE2846E9F74BFF80B144B901210DF040
:1062100039FC28460021BDE83840E9F742BF012C8F
:106220000CBF21460221ECF7AFFDF2E738BD0000BC
:1062300038B5084D2B6863B10748F5F754FD04469F
:1062400002F0EAFB844204D12868BDE8384002F03D
:1062500035BB38BD546400206762002070B5184D0E
:10626000064628680C4688B1E9F7DAFFC379286842
:10627000C3F38103B34218BF0024E9F710FF50B9FC
:106280002868002C14BF0021022100B970BDBDE8B0
:106290007040FFF7AFBF002CF2D1F2F75BF9002896
:1062A000EED02868E9F7B0FA06462868E9F7ADFFAE
:1062B00001783046ECF71BFE0028E1D0E6E700BF8E
:1062C000546400202DE9F047B148B24C88B0F5F78E
:1062D000EFFB012805460FD0022800F0F28020686D
:1062E000002800F08081E9F71BFD0146AA4808B0AC
:1062F000BDE8F047F6F755B9A548F4F7E3FB0028E9
:10630000EDD0A348F5F7E5F8152809D80F2809D9E5
:106310001038052806D8DFE800F03752580505BBCD
:1063200020287AD09A48F6F749F805469848002D73
:1063300000F0B480E8F718FE2068002800F0AC8078
:10634000E9F76EFFC07900F003051422002103A8CD
:106350000EF05AFB904E8E490296202304A88DF829
:106360000C30F5F7D3FB8DF8195002F055FBADF862
:106370001A0002A8F5F771F82168B1FA81F149090C
:106380003046F5F793F97CE0206850B1E9F730FF2B
:1063900001F09AF901902068E9F742FF019900F0B5
:1063A0008BFFFFF745FF21687B48B1FA81F149096E
:1063B000F5F77CF9784920680DF036FE8FE77649CD
:1063C0007348E8F7FDFD2060EBE71422002103A8E5
:1063D0000EF01AFB704D6E490295222304A88DF829
:1063E0000C30F5F793FB6A48F5F772FC8DF819004D
:1063F00002F012FBADF81A0002A8F5F72EF8644877
:10640000F5F75BFC38B12068FFF776FE01462846B9
:10641000F5F7B0F9C5E7FF21F9E75D48F5F758FC56
:106420002946FFF71BFF206880B3E9F7F9FEC07922
:1064300000F003055648F5F78FF958B12068E9F7E1
:10644000D7FE01F041F901902068E9F7E9FE0199D2
:1064500000F032FF1422002103A80EF0D5FA4E4EB0
:106460004B490296202304A88DF80C30F5F74EFB1B
:106470008DF8195002F0D0FAADF81A0002A8F4F71E
:10648000ECFFFF213046F5F771F98AE70546E1E7B1
:106490003F48E8F739FD84E7054656E7F5F7D2F8B7
:1064A00028B13D493A482A46F7F786F979E738484E
:1064B000F5F7D8F800283FF474AF3548F7F7D0F96E
:1064C0006FE73348DFF8D480F5F702FC0546304823
:1064D000F5F7F3FB061E2E4818BF0126F5F7D4FE8C
:1064E00081462068E9F79CFED4F800A00746BAF17F
:1064F000000F3ED12648ECF781FC022806D1013D71
:10650000012305F0030588F80030564614220021C7
:1065100003A80EF079FA204F1D490297202304A802
:106520008DF80C30F5F7F2FA8DF818608DF81950E7
:1065300002F072FAADF81A0002A8F4F78EFF98F88C
:1065400000103846F5F7F2F82168B1FA81F14909EF
:106550003846F5F7ABF8206839460DF065FD002E9A
:106560003FD02068FFF7C8FD01463846F5F7FEF832
:10657000B5E6B9F1000F13D10548ECF73FFC02284E
:1065800002BF012388F800304E46FFF751FEBDE7F9
:10659000676200205464002033630020922D0020A5
:1065A000C37903F00303AB4218D01048ECF726FC84
:1065B000022819BFFB7965F3010305F1FF350123BB
:1065C00011BFFB7105F0030588F800300026FFF7C6
:1065D0002FFE20680021E9F725F897E701215046B2
:1065E000F9E7FF21C1E708B0BDE8F0876762002046
:1065F00008B50348F1F78AFE024B00221A7008BD65
:1066000024640020586400202DE9F04387B001A8DD
:10661000E8F75AFAA44B9DF806201A70A34B9DF890
:1066200007201A7000F08EFEE8F7CAFE0446002824
:106630005BD18DF803000DF1030002F055F9E8F786
:10664000BFFE9DF80340054608B1062C58D998486E
:10665000DFF85C82DFF85C92F1F7FDFD02AF0546E2
:106660000DB1062C68D90BF06AFD054668B9E8F74C
:10667000A7FE064610B1A542C0F09E80E8F7A0FE36
:10668000054610B1072C40F2CA80204600F0C9FD33
:1066900004460BF054FD0546C0B9072C16D8E1F7A7
:1066A00065FD0E220646294602A80EF0ADF9E8B2B5
:1066B000844200F2D0800020F1F7AAFF8046E8F77C
:1066C0007FFE054610B1072C40F2D38002F0F4F9AA
:1066D00010B1201E18BF0120211AC9B201F03AF8EA
:1066E00002F04EFB07B0BDE8F0832046E9F798FDC5
:1066F000C3796FF34513C3712046E8F791FE95E720
:106700002846E9F781F898B92846E9F771FD04466B
:106710002846E9F7C4FC58B144F040019DF8030055
:10672000C9B200F017FE9DF8033001338DF8033035
:106730002846E8F775FE84E705F108013846F5F7C5
:1067400001FA029B013328D097E80300E8F76AFEBC
:106750000646A0B1E9F74CFD40F04000C1B220462A
:1067600000F0F8FD3046E9F7A2FC01340146284666
:10677000E4B2F1F761FD072C3FF472AF08E00121AC
:106780002846F1F7DDFED9F800002946F1F7A2FE10
:106790004046F1F760FD054662E72846F1F7DAFE6C
:1067A0000028F5D12046C02100F0D4FD0134284650
:1067B000E4B2FFF775FCDEE73046E9F731FD8046CD
:1067C0003046E9F721F8A0B905213046E9F7E4FCA5
:1067D00078B198F807309A060BD4284600F0CAFD25
:1067E00047B2A946002F05F10105EDB205DBA54230
:1067F000F3D33046E8F714FE3BE73046E9F7F8FC00
:1068000000F03F0047EA0001C9B2484600F0A2FD8F
:1068100098F8073043F0200388F80730E9E7284666
:10682000E8F7F2FF98B905212846E9F7B5FC70B101
:106830002846E9F7F5FCC3799B0608D42846E9F712
:10684000D7FC0146204600F085FD0134E4B228461D
:10685000E8F7E6FD14E700F057FF40B106AA431E33
:1068600052FA83F313F8102C013203F8102C01357F
:106870001DE72846E9F7BCFC06AA431E52FA83F33B
:10688000074613F8103C5BB92846E9F746FC301A76
:10689000804505D22046394600F05CFD0134E4B263
:1068A0002846E8F7BDFD0CE720640020596400206D
:1068B00024640020205E00202DE9F04FA44BDFF877
:1068C000AC821F78A34BA3B01E780546E8F734F8D6
:1068D000E8F776FD044674BB9F4B1C709F4B1B78FA
:1068E000CDE9037344F64403009341F6583246F26F
:1068F0009C3343F2B0612846CDE9016400F0E8FC26
:1069000040F2B631962000F045FD0BF018FC60B95E
:10691000934E944FDFF85082254600F065FDB0B9E4
:10692000280100F0F000F1F71FFA00238C4C8D4F86
:1069300006931D4628E12046E9F772FCC28802EA68
:106940000802C2802046E8F76BFD0446C3E7002337
:106950000120336000F0E8FD012804460FD100F06B
:1069600037FDE8F713FC20B9F1F764FB00F04AFDAE
:10697000D3E72046F1F75EFB6C1CE5B2F6E7F0B911
:10698000F1F758FBFFF792FBFFF79CFC01233068FF
:106990001A463946E8F7C3FEFFF7E4FB0028EBD0C0
:1069A0003068FFF705FC00F063FD0028E4D100F03B
:1069B00009FD3A4601464046E8F7B8FADCE7052803
:1069C00004D0831EDBB2012B00F288830120F1F793
:1069D00031FB0120F1F72EFB032CCDD0052CCBD0C1
:1069E00014F0FD0FC2D1C7E700F0F8FD8146002882
:1069F00000F0C88006982660013009F03F0AC3B253
:106A00004FFA89F850460693E8F734FDB8F1000FC5
:106A100005F1010580F2AE8019F0C00F40F0E5806D
:106A2000012000F081FDEDB28046002800F0E782F1
:106A3000012840F0D58200F0CBFCF2F73DFD0028A4
:106A400000F0CE822068013DEDB258B10521E9F792
:106A5000A3FB804630B92068E9F7E2FB8379013374
:106A6000837146462068E9F7DBFB804620680028F2
:106A700000F0888098F80730DB0600F18380364B01
:106A80001B78002B7ED1002E00F0B2822068FFF729
:106A900033FBFF2876D0DFF8D890334E89F800001A
:106AA0001422002119A80DF0AFFF216818962023A9
:106AB0001AA88DF86430E8F721FE3846F5F7FDF89E
:106AC00098F80730003818BF0120C3F301038DF890
:106AD00071308DF8700001F09FFFADF8720018A8BA
:106AE000F4F7BBFC3046F4F7CDFD2168B1FA81F133
:106AF00049093046F4F7DAFD99F800103046F4F70A
:106B000035FE314620680DF08FFA2068E9F708F964
:106B100001463046F5F745FD98F8073043F010037D
:106B200088F80730E7F708FF00F0A2FC60B199F899
:106B30000000002100F00EFC206828B1E9F770FB8E
:106B4000C3796FF30413C371002389F8003019E08F
:106B500020640020A82D0020922D002059640020E0
:106B600054640020676200203363002000EFFFFFC1
:106B700058640020BAF13F0F20603FF44DAF002869
:106B80007FF44AAF00F03EFC00F016FD06460028F8
:106B90003FF42AAF18A80BF017FEBDF86000B94EFD
:106BA0002D0145430BA80BF045FEBDF82C00B5FBAD
:106BB000F0F00121C0B2F1F7CDF8069B18010021D9
:106BC00000F0F000F1F7C6F8E8F7FAFB0446002CF5
:106BD00040F05382FFF758FAAA4C002840F0788220
:106BE00023B0BDE8F04F01F0B5BE0023CDE90A3374
:106BF0002368002B00F003811846E9F750FA0028BB
:106C000000F0A4800A9000F10801B3229E480DF024
:106C1000D3FE0A9810B1F1F75AFB0B90216810A827
:106C2000E8F76CFD109B216807930EA8E8F766FD56
:106C3000BDF83C3008932368DFF84C92E3B1484636
:106C4000F4F700FE88B14846F5F71EFB834600289E
:106C500040F01E810A9840B101210CF013FF20681A
:106C6000CDF828B05946E9F71CFA2068E9F758F83A
:106C700001468548F5F795FC8348F4F7E3FD0028C5
:106C800037D000F0DDFB0646E1F776FA311A43F61D
:106C9000095200230801090F0DF046FF0B9B19183C
:106CA00079480B91F5F77DFB2422002119A80DF0FE
:106CB000ABFE02238DF86430079B1A931CA8089B37
:106CC000CDF86090ADF86C300BF06AF9206820B117
:106CD000E9F7A6FAC079C0F381008DF8780001F0D9
:106CE0009BFEADF87A000BF065F9209018A8F5F737
:106CF00008F8B8F1000F80F2D980E7F71DFE00F028
:106D0000B7FB0646002800F0D580062800F0DA80A0
:106D1000B8F1000F03DA5046E8F7ACFB20602368B7
:106D2000002B3FF42FAF802000F0A6FC002840F09D
:106D3000D7805548F4F7B0F800287FF423AF5248C5
:106D4000F5F7A2FA002840F0D3801BE7D4F800B092
:106D50005846E9F7ACF98146F1F790FA07905846A2
:106D6000E8F7DEFF079B83467BB9D4F800900A93CF
:106D70003BB319464846E9F794F90A994248B322C9
:106D800008310DF019FE012643E703F108005946CA
:106D900008930790F5F705FC079802F07EF9089B29
:106DA0000028E2D193F8C22042F04002184683F84E
:106DB000C2200121EBF7E8FF4846F1F75FFA0346EE
:106DC000D2E71422194619A80DF01EFE2E4B189377
:106DD000494610231AA88DF86430E8F78FFC206824
:106DE000E9F71EFAC379C3F381038DF8713001F01E
:106DF00013FEADF8720018A8F4F72FFB09E7DFF8CF
:106E00008C90DFF884B00993D9F8003007930BAA6F
:106E1000B9F80430089359460AA801F003FE099B0B
:106E2000064660BBFFF736F90A9088B100F1080109
:106E3000B322099058460DF0BFFD099B1846F1F7A3
:106E400046FA01210B900A980CF01CFE0A96F2E615
:106E50001422314619A80DF0D7FD99E8030010233C
:106E60008DF864301AABCDF860B083E8030001F010
:106E7000D3FDADF8720018A8F4F7EFFADBE61E4672
:106E8000D9E600BF24640020336300205C7D03004A
:106E9000002E3FF4EAAE2068E9F7C2F9C379C3F3E4
:106EA0008102013262F38303C371DEE62068FFF7DB
:106EB0007FF924E700F086FA3A4601468848E8F769
:106EC00035F825E78648F4F7BDFC00283FF45AAEB4
:106ED000206800283FF456AE0121FFF78BF951E6F8
:106EE0002068E9F785F900F0B7FB00283FF421AFEF
:106EF000F0F782FE7A48F4F7A5FC70BB012000F0A1
:106F000013FB8046002840D1FFF7DCF92168E9B186
:106F100012AE3046E8F7F2FB96E80300F1F768FF9F
:106F200006462068E9F771F9017820680791E8F7CB
:106F30006BFC0799CDF80080034601223046F2F73A
:106F4000A1FB2068E9F761F9EBF7C6FF2068012390
:106F500000223946E8F7E3FB14E6B8F1000FCDDB79
:106F600016F0FD0FCAD02068E9F74FF90DF130088F
:106F7000EBF7B6FF39464046F4F7E4FD98E8030026
:106F8000F1F736FFF2F7CCFAB8E7206878B1E9F705
:106F90003CF90DF15008EBF7A3FF21684046E8F7F4
:106FA000ADFB98E80300F1F723FFF2F7B9FA0023ED
:106FB00020681A461946E8F7B2FB4948F4F742FC44
:106FC00000283FF4DFAD802000F056FB014600288A
:106FD0007FF4D8AD022E3FF4D5ADFFF73FF9D1E5F0
:106FE000002320681A461946E8F799FB012639E57F
:106FF0000521E9F7D1F800287FF448ADC2E5FFF795
:1070000055F800283FF4BEAD2068012342463946BA
:10701000E8F785FB206818B1E9F702F980F80680E7
:10702000FFF750F93846F4F7F1FA10B10DB1013D10
:10703000EDB2FFF797F800283FF4A4AD16AE39463D
:107040003046F4F763FD96E80300F1F7D1FEF2F75E
:1070500057FA07903846F4F7A1FE0799F2F74FFB6D
:1070600000F006FA00287FF48DAD00F0ABF93A4647
:1070700001461B48E7F75AFF84E52046E9F7D0F8B8
:107080008579294600F018F95DB92046E9F70FF82F
:107090000546F1F74DF968B92046E8F7C1F904460D
:1070A00095E50022012311462046013DE8F737FB14
:1070B000EDB2E9E72046E8F7A7FB0028ECD1284627
:1070C000F1F7C9F80028E7D03146F1F7B5F8F6E74F
:1070D0002146F1F7B1F8FEF7D7FF7EE503287EE4FD
:1070E0003363002008B500F025F8BDE808400148EA
:1070F000F1F726B9246400200149F1F79DB800BFDB
:10710000246400200022024806231146F1F760B9EA
:107110002464002038B50D460446E9F769F800F00C
:10712000B5FA0B2805D925B12046BDE83840FEF751
:10713000E3BF38BD70B50BF002F80A4E0A4D0446A5
:1071400018B1002333702B7006E00AF049FF0428C1
:1071500003D1012333702C7070BD042333700123DD
:10716000F1E700BF5A6400205B64002010B5054BB6
:1071700004211C78E9F710F808B1034B1C7820466D
:1071800010BD00BF5B6400205A64002070B5E8F7B2
:1071900017F9002504462E465CB9202D38BF20255E
:1071A0004FF40053B3FBF5F5E8F70AF90446A8B924
:1071B00070BD2046E9F734F890F9032090F90230C9
:1071C0008670134423EAE373202BA8BF2023C370E7
:1071D00020461D44E8F724F90446DDE72046E9F798
:1071E0001FF890F903300288D9B2042905FB032265
:1071F00098BF04231B02934228BF13469A0A0271C8
:1072000003802046E8F70CF9D0E738B50C46E9F7DB
:1072100007F805460AF093FF002818BF0024EC7019
:1072200038BD2DE9F84304460AF089FF18B9012753
:10723000072C00D817B92046BDE8F883E8F7C0F856
:107240004FF0000805460DB1082C01D14746EFE785
:107250002846E8F7E5FF90F804900646B9F1000FDC
:107260001ED009F1FF3303712846E8F7C1FF01463C
:10727000204600F06FF83388B3F5806F26BFA3F582
:1072800080639BB200233380F37923F060030134E1
:1072900043F02003E4B2F371B9F1010F18BFB8460F
:1072A0002846E8F7BDF80546CDE790F902301F2BD8
:1072B000DCBF01338370704790F902308900C9B296
:1072C0005B1A6FF01F018B42B8BF0B46837070478B
:1072D00038B5114D9DF814402860104801601049E0
:1072E0000A60104A1360104B049A1A600F4B9DF805
:1072F0001C201C700E4B1A700E4B9DF820201A702B
:107300000D4A002313700D4A2046137003F034FA1F
:107310000B4B069A1A6038BD8C640020686400200C
:1073200070640020946400209C6400207464002039
:107330006C64002080640020906400209864002029
:1073400078640020024B00221A605A609A607047ED
:107350005C6400200B2838B504460D4605D97246FA
:107360006B214FF6F350E1F719FB014B1D5538BD6A
:107370005C6400200B2810B5044605D972467121C3
:107380004FF6F350E1F70AFB014B185D10BD00BF4B
:107390005C640020024B1860024B1980704700BFEC
:1073A0008464002088640020044B1878044B1B7808
:1073B000984226BFC01AC0B2FF20704790640020D8
:1073C0006C640020014B1868704700BF7C6400208B
:1073D000014B93F90000704781640020014B18783D
:1073E000704700BF6C640020044B1878044B1B7876
:1073F00098422CBF00200120704700BF90640020FD
:107400006C64002008B5FFF7EFFF084A136858B115
:10741000074909680B441360064B00221A70064A9C
:1074200013780133137008BD0449F2E78C6400201F
:107430006864002098640020906400209464002018
:1074400008B5074B1A68074B1B782BB1FFF7CCFF29
:1074500020B1054B1B681A44104608BD034BF9E7E1
:107460008C64002098640020706400209C640020DC
:1074700070B5244E244B254D3278196829608AB0A6
:1074800004463AB1FFF7B0FF002837D0204B1B6805
:107490000B442B60013232700AF08CFD0646204608
:1074A000E7F7E6F802A92046F2F714F8194802A90E
:1074B000F3F7A7FC1748F5F77BF808BBE8F786FF5A
:1074C00000F001011348F5F76CF81022002106A81E
:1074D0000DF09AFA104B0393104B8DF819401B686E
:1074E000CDE904360E4B1B788DF8183003A82B68B5
:1074F0000793E9F745F9C0B20AB070BD094BC6E77A
:107500000120DDE7986400208C6400207C6400206A
:10751000706400203363002024630020786400201E
:10752000746400209C64002030B51A4B1A681A4B12
:107530001B6887B0D21A0546FFF756FF011E174891
:1075400003780CBFB924302423B109B31449096866
:1075500030240A4401330370124B0193124B8DF80F
:1075600014501B688DF81540CDE902320F4B1B8873
:10757000049300238DF81630FEF7BFF801A8E9F751
:10758000DFF90B4BC0F30722C0B21A7007B030BD51
:107590000849DCE78C6400208464002098640020A3
:1075A0007064002058620020786400208864002005
:1075B000816400209C640020054B064A1878064B25
:1075C00012781B7813449842B4BF00200120704702
:1075D00090640020806400206C64002008B5FFF7F0
:1075E000E3FE0B2896BF024B0020185C08BD00BFCD
:1075F0005C64002010B5094C01460822002014F8F4
:10760000013B13F0C00F03D18B4204BF431CD8B21F
:10761000531E13F0FF02F2D110BD00BF5C640020C6
:1076200008B50246FFF7DAFF10F0C00F03D1831A46
:107630005842584108BD0020FCE708B50246FFF754
:10764000CDFF10F0400305D000F03F039B1A5842D5
:10765000584108BD1846FCE708B5064B02461878A5
:1076600030B1FFF7BBFF00F03F039B1A584258416F
:1076700008BD00BF9864002008B50246FFF7AEFFC2
:10768000104214BF0120002008BD000008B50146CB
:10769000FFF7AAFE48B9FFF787FE431CD8B2094A94
:1076A00002440B2803D9FF2008BD0020F7E712F899
:1076B000013B13F0C00F01D18B42F5D0431CD8B26F
:1076C000EFE700BF5C64002038B50446FFF76CFEAE
:1076D000431C0C48D9B250FA83F300200B2900D97F
:1076E00038BD93F900501A78002D07DB12F0C00561
:1076F00004D1A24202BF421C1D70D0B20131C9B2F6
:107700000133EBE75C64002008B5FFF733FE00F0BF
:107710003F0008BD90F8252000F1260101480DF03A
:107720004BB900BF5C64002010B40949002311F874
:10773000014BDAB21CB101330C2BF8D11A4680F898
:10774000252003495DF8044B26300DF035B900BF04
:107750005C640020024B00221844FDF7BBBC00BF54
:107760005C64002070470000094B10B5044618689F
:10777000EAF74FFC037834B103F0F002F02A01D0AD
:107780001033037010BD13F0F00FFBD0F033F8E7A7
:10779000A464002038B50C4D2868EAF716FCF5F70C
:1077A000F7FF044658B928680C21EAF783FB40B973
:1077B0002868EAF7DEFB3F3818BF012038BD0120FA
:1077C000FCE72046FAE700BFA464002073B5124D21
:1077D00006462868EAF7E0FB0446A0B1EAF756FE41
:1077E00098B16E4629683046EAF7EBFA96E803004E
:1077F0002246EAF753FE28680021EAF7CFFB074A42
:107800001378013B137002B070BD054B2046995DA3
:10781000EBF7BAFAEFE700BFA4640020A8640020E9
:10782000A059030010B586B014220E4C002101A807
:107830000DF0EAF80C4B2168009302A820238DF884
:107840000430EAF7BEFA2068EAF760FA8DF8110012
:107850002068EAF761FAADF812006846F3F7FDFD1B
:1078600006B010BDA4640020336300207FB502ADD4
:10787000044601462846EAF7A4FA95E80300F1F722
:10788000B7FA05462046EAF7BAFB002106782046FB
:10789000EAF710FB01902046E9F74BFF019A0346F7
:1078A0003146284604B0BDE87040F1F78BBE0000B9
:1078B00073B5114D2868EAF76FFB0446A0B1EAF7EB
:1078C000E5FD98B16E4629683046EAF77AFA96E8FF
:1078D00003002246EAF7E2FD28680021EAF75EFB92
:1078E000064A1378013B137002B070BD0121204697
:1078F0000CF0C8F8F0E700BFA4640020A8640020E2
:10790000022838B529D12148F3F79CFFC0B91F4898
:10791000F4F7CEF80128044636D11C48F3F7D9FD18
:1079200005461A48F3F772FEC8B9152D1FD1184B3A
:107930001868E9F713FF2046BDE83840FFF746BF57
:107940001248F4F7A1FCF8B9114B1868EAF724FBC8
:10795000D0B1BDE83840FFF7ABBF0028D7D10C4B02
:107960001868EAF706FBBDE83840FFF7ADBE0748E8
:10797000F3F778FE40B1FFF725FDBDE83840024639
:1079800004490248F5F7A6BF38BD00BF33630020A5
:10799000A464002067620020F8B50D4F05463868E2
:1079A0000C461646EAF7F8FA88B1022E0FD10830D5
:1079B000F3F748FF48B154B13868EAF7A1F9A84293
:1079C00005D1BDE8F840FFF773BF002CF9D1F8BD31
:1079D000A464002010B504461648F4F769F801289D
:1079E00007D0FFF701FD90B1BDE810401148F4F752
:1079F0004BBC1048F3F76DFD102802D1002420463F
:107A000010BD0C48F3F765FD1528EAD1F6E734B947
:107A1000094BBDE8104018680A21EAF74BBA05483F
:107A2000F4F746F80228DFD10248F4F746F90028B7
:107A3000DAD0E4E733630020A46400202DE9F041AC
:107A400005468CB00E4641BB264C0A4606AF206860
:107A50000A21EAF7C2F938462168EAF7B2F997E84D
:107A60000300F1F7C5F907462068EAF7C8FA31467E
:107A700090F800802068EAF71DFA03902068E9F783
:107A800058FE039B0090012241463846F1F7FAFD6B
:107A90002068EAF7B4FAEBF71FFAFDB91248114E65
:107AA000F3F77CF908AC316803902046EAF789F9CE
:107AB000CDE90055039A94E80300FF23F0F76CFF2B
:107AC0000AAC094805A9F3F7B4F931682046EAF78A
:107AD00078F994E80300059AF0F7A1FF0CB0BDE82F
:107AE000F08100BFA46400206762002030B5204C04
:107AF00087B02068EAF769FAF5F74AFE30B12168E5
:107B00001C4807B0BDE83040F5F70CBE20680C21DA
:107B1000EAF7D0F9054608BB2068EAF72AFA3F28B9
:107B20001CD01422294601A80CF06EFF114B2168CD
:107B3000009302A815238DF80430EAF742F9206873
:107B4000EAF7DEF88DF811002068EAF7E5F8ADF8FD
:107B500012006846F3F781FC07B030BD724640F270
:107B60007F2144F6E06007B0BDE83040E0F716BF83
:107B7000A464002033630020F0B5464D85B028682A
:107B80000021EAF797F9044600285FD12868EAF750
:107B900003FA00285CD0F0F7F3FB002856D020460B
:107BA00005B0BDE8F040FFF711BE04F1080001F098
:107BB00074FA40BB94F8C23043F0400384F8C230FA
:107BC00020460121EBF7E0F839463046EAF7F9F8AC
:107BD00096E80300EAF79EFC044653E004F108002F
:107BE00001F05BFA78B994F8C23043F040032046C4
:107BF00084F8C2300121EBF7C7F83046F0F73EFBBE
:107C000004460028EAD128682146EAF7C7F9ECB112
:107C100008342046F3F716FE60B12046F4F734FB33
:107C200040B12868EAF76CF8F4F799F8014628683B
:107C3000EAF769F82868EAF7E2F9EBF74DF92868FE
:107C4000EAF7E7F943786FF34203437005B0F0BDFC
:107C500028680C21EAF72EF920B12868E9F7A8FD79
:107C60000028F3D1FFF796FD0028EFD12F6802AC72
:107C700020463946EAF7A5F894E80300EAF74AFCFB
:107C80006E460446002C90D13846EAF789F906463C
:107C9000B4E700BFA464002038B504461948F3F7E0
:107CA00007FF012802D002280DD038BD1548F4F78F
:107CB00085FB0028F9D0FFF7C3FBBDE8384001463B
:107CC0001048EBF739B8104B1868EAF765F9022C41
:107CD000EBD10028E9D0F0F7FAFA0546FFF7B0FB40
:107CE0000446E0F749FA211A0023080143F6095235
:107CF000090F0CF019FF2918BDE838400148F4F7C6
:107D000050BB00BF33630020A464002008B50F48B7
:107D1000F3F7D2F8C0B10E4B1868EAF77AF9437856
:107D200003F01802182A05D1BDE808404FF40040BE
:107D3000EEF732B8C3F3C102013262F3C4034370F9
:107D400003F01803002BEFD108BD00BF3363002000
:107D5000A4640020034A00231360034A1370034AFB
:107D600013707047A4640020A9640020A864002058
:107D7000FFF7E8BA08B5EAF74CF9437823F019039E
:107D800043F01803437008BDF8B50746084615468A
:107D90000C46EAF7EEF80B2D06460CD82846FFF7FE
:107DA000E9FAB04207D031462846FFF7D3FA094A2C
:107DB0001378013313703846F3F7D5FF10B120461E
:107DC000E9F7B0FF2046EAF724F9437823F01903D6
:107DD0004370F8BDA964002070B50D46F1B1F3F70A
:107DE000CBFC06462846EAF714F90B2E04460ED8BB
:107DF00043786FF3420343702846EAF7BAF8014626
:107E00003046FFF7A7FA064A137801331370284665
:107E1000E9F7ACFD63786FF30003637070BD00BFDA
:107E2000A96400202DE9F043074689B0A848F3F77C
:107E30003FFE0646A748F3F73BFE8046A548F3F70A
:107E400048FBD7B1012E15D016F0FD0517D1B8F1BA
:107E5000010F03D1202814BF002501259D48F3F709
:107E600027FE0446002F00F01181012809D0FDB93A
:107E700000249FE0B8F1010FEDE70125EEE70025B2
:107E8000ECE79448F2F71EFE0028F0D1FFF7ACFAB9
:107E900008B1012408E0904D2868EAF76AF83F2805
:107EA000F7D02868E9F75AFC204609B0BDE8F0830E
:107EB000B8F1010F35D0B8F1020FEAD18548864DEF
:107EC000F4F7E2F907468020FFF7D6FB002800F020
:107ED000C3808048F3F707FF04462868E9F71CFFD2
:107EE0008046002F00F0B48028680721E9F7E2FF00
:107EF00008B1444512D07748EAF780FF02280DD038
:107F000028682146E9F70BFF286801220A21E9F7D2
:107F100064FF286801220721E9F75FFFFFF782FC71
:107F2000A6E706AC6C4D6B4920460DF11008F3F73F
:107F3000EDFD29684046E9F744FF98E80C0094E815
:107F400003000CF00AFD002800F09E806148F3F762
:107F5000B3FBA8B900245F48F3F7BBFA212821D06E
:107F600019D8102822D0202838D05A48F3F76AFBB5
:107F7000002864D02A6856495648F5F71DFC15E0DC
:107F80002868E9F7EBFB28680C21E9F793FF002844
:107F9000E0D00224DFE72228E7D129684D48FFF727
:107FA0001BFF03E029684B48EAF76EF94949286846
:107FB0000CF046F8012E03D1474B1868EAF711F888
:107FC0008020FFF759FB00287FF46EAF002C7FF470
:107FD0006BAF414B1868E9F7FEFF65E73D48F3F7E3
:107FE00077FE80463B48F3F7A7FB3C4B3A461870B8
:107FF00080F001014046FFF7CFFC2868E9F7B6FCA6
:108000002868EAF706F843786FF3000343703148B5
:10801000F3F7AEFB0B2807460AD82868E9F7A9FF53
:1080200001463846FFF796F92D4A1378013313704D
:108030002848F3F72DFB002818BF0224B6E725488F
:10804000F3F710FB0028B1D02248F5F709FCADE7A3
:108050002048EAF7D3FE61E71E48F3F739FE0446ED
:108060002868E9F753FE002FF2D0A4B2A0423FF4F3
:1080700055AF1848EAF7C2FE02283FF44FAF286810
:108080002146E9F746FE49E7022493E78020FFF7FF
:10809000F3FA00287FF4EBAE0E48F2F713FD002848
:1080A0003FF4F7AE6C460B492046F3F72FFD0A4B21
:1080B0000DF1080919684846E9F783FE99E80C00B4
:1080C00094E803000CF049FC00287FF4D0AEE0E611
:1080D0003363002067620020A4640020922D0020FA
:1080E000A96400202DE9F04F2DED028BA24BA34C8B
:1080F000A34DDFF89892DFF89882A24E4FF0000A65
:1081000099B00746006883F800A02060E9F718FCE2
:108110003B7A2870206889F800A088F8003086F83B
:1081200000A0E9F739FF10B13378013333702068CC
:10813000E9F70CFB38B12068E9F732FFF0F7F8F8FF
:1081400033781844307020687E68E9F75FFF4FF09D
:108150000C0ECDF810E098F800E0CDF80CE06FF0D0
:10816000260390FBF3FA236802932D7801956FF0B4
:108170008D026FF0460190FBF2F290FBF1F16FF08F
:10818000310C6FF0350590FBFCFC90FBF5F00CF525
:108190009C4C00F590400CF1200C44300AF5C7438C
:1081A00002F5DA5201F55A5100901C330CEB06002F
:1081B00018323031FFF78CF8962040F2B631FFF7D5
:1081C000E9F82068E9F7C2FA50B12068E9F7D1FE72
:1081D0000546FFF7C7FA2846FFF70CFA89F80000B2
:1081E0003868E9F7B3FAF0B90AF008F82068DFF860
:1081F00098B1E9F7BEFE08EE100AFFF7DDF98046F8
:10820000002800F084813868E9F7A0FA002800F01F
:10821000DC823868E9F7ADFE19B0BDEC028BBDE831
:10822000F04FFFF79FBA20680C21E9F743FE05469F
:1082300050B999F80030002B40F0B280FFF7AAFA4D
:10824000C8B1FFF753FC0DE02068E9F792FE3F2824
:108250000AD14C4B4C491A782068003A18BF0122C9
:10826000E9F790FF01259CE020680021E9F7C4FAB6
:108270000028DED0EDE7FFF77FFC002D42D020681C
:10828000E9F796FA06462068E9F786FE8046002858
:108290005FD0EAF7FBF8002836D02068E9F7B9FE8E
:1082A000437813F0060180465ED10791FCF7D2FEB9
:1082B0001422064607990FA80CF0A6FB324B216842
:1082C0000E9310A812238DF83C300125E9F779FDB3
:1082D00020688DF84850E9F713FD8DF849002068B3
:1082E000E9F71AFDADF84A000EA8F3F7B6F898F8CA
:1082F000013016F0030F08BF2E4666F3420388F8DC
:1083000001304EE02E46BEE708F1080A5046F3F76A
:10831000A0FA0028C1D14046EFF7E1FF804620686F
:10832000E9F720FEF0F72CF940441FFA80F8504698
:10833000F3F736FF01461020F2F74AFB8045ACD830
:10834000104B1B78072BA8D82068E9F735FC0028CC
:10835000A3D0002E7FF47DAF15B32068E9F710FBA2
:10836000C0B1FFF75FFA7DE7C3F34102033262F366
:1083700042034370EDE700BF922D0020A46400206B
:10838000A1640020A864002033630020A9640020B9
:10839000A064002020680121E9F72EFA0028E0D12E
:1083A00000252068E9F735FE0646002D68D0FFF766
:1083B00015F8804630B9724640F2991144F6E060F3
:1083C000E0F7ECFA2068E9F724FE03781A07824602
:1083D00020D1FCF73FFE9AF800301A090132B0FBB9
:1083E000F2F101FB120060F303038AF800309AF8FF
:1083F00000A01AF00F0A35D109F00BFF78B9FCF78D
:1084000029FEB0FBF8F303FB18085FFA88F8DFF8E1
:10841000CCA371E003F10F0262F30303E5E72068E8
:10842000E9F7BDFCE8F702FB83462068E9F7F1FDB8
:1084300003781B09C3F10F03009350464C23192204
:108440000F21FCF7D6FE5FFA80FAD345D7D3206818
:10845000E9F7A7FC027942B94FEA5A0AFCF7FAFD9C
:108460005045CCD34FF0FF08D1E74379591E8A42DB
:10847000F4DB8279B2EB930FEED24FEA9A0AEDE782
:10848000037865F3030303702846FFF76DF9E9E706
:10849000B8F1000F2AD12846FFF7FEFB717850464D
:1084A00001F00101F3F774FC2068FFF7DFF9FEF734
:1084B000DFFFD8B92846FFF723FA0120FFF78AFA31
:1084C000A0B14046FFF730F8D8B92846FFF7AAFC1C
:1084D0008346BBF1000018BF0120FFF745F9BBF14F
:1084E000000F11D159460120FFF7A8FA08F1FF3813
:1084F0005FFA88F8FEF786FFFEF776FF0028C7D1FF
:1085000072E64FF0010BE4E7FFF700FCEEE72068AE
:108510000BF078FD18EE100AFFF782F8824600286B
:1085200000F00C8120684146E9F7C4FC28B34FF005
:10853000000A5646504699F80030013B89F8003051
:10854000002840F0C1803046FFF7DAF9D0464046B7
:10855000FFF740FA002800F001810020FEF7E4FF59
:10856000002800F0BB80B8F1000F00F0C2800021AD
:1085700032460846FFF710FABBE0FFF7FDFA206825
:10858000E9F70AFD0C2105462068E9F793FC064649
:10859000002D48D08F4B1B78002B44D1B32205F11E
:1085A000080158460CF008FA8B4B1B784BB1013B85
:1085B00013F0FF0305D099F80020934201D3022A5B
:1085C0002FD9FFF7E7F800F0010502268348F3F7FB
:1085D0006FFA022823D12422079000210FA80CF063
:1085E00013FA079B21688DF83C3010A8CDF838B0FD
:1085F000E9F7E7FB12A809F0D3FC2068E9F780FB54
:108600008DF850002068E9F787FB8DF85450ADF8DD
:10861000520009F0CFFC16900EA8F3F772FB3EBB98
:1086200085E70120CFE7E6B12068E9F7C1F8C0B1DE
:10863000684B1B7843B9684B1A782AB199F8003017
:108640009A4201D3022B0AD9FFF7A4F800F00105E2
:108650002A4620685946E9F795FD0126B6E701202C
:10866000F4E7FFF797F80546A0B1FFF73FFA0126B8
:108670003046FFF711FB2068E9F7CBFC41785846FC
:1086800001F00101F3F784FB2068FFF7EFF8FEF734
:10869000EFFE50E70EB9002698E72068E9F770F979
:1086A00028B1FFF7BFF85846F3F750F8D5E7206830
:1086B0000121E9F7A1F80028F3D120680A21E9F7A0
:1086C000F9FB0028EDD1E6E706287FF440AF022E43
:1086D0007FF43DAF3046FFF779F838E73046FFF7D3
:1086E000A1FB014610B9FFF7A9F937E001283FF4D3
:1086F0003AAFFFF70BFBB8F1000F2FD00AAD2846B9
:108700002168E9F75EFB95E80300F0F771FB054689
:108710002068E9F774FCEAF7E3FB2846F0F700FF6E
:1087200008AD21682846E9F74CFB0023CDE900336A
:108730001A4695E80300F0F72FF90FE018EE100A3B
:10874000FEF77BFF28B10020FEF7EEFE48B10CAD2E
:10875000E7E78020FEF790FF0028F4D1FEF752FEF5
:108760004BE5FFF75FFB0128F8D01D48F2F794FBBB
:1087700040BB8020FEF780FFE8B98020FEF77CFF39
:1087800018B91748F3F780FDE0B1EFF735FA206824
:10879000FFF76CF805460120FFF77EFA2846FEF742
:1087A00067FE024670B920680A21E9F716FB01202E
:1087B000FFF7A6F806E02068E9F7DBFBFEF74CFFC1
:1087C0000028DAD1012100208DE719B0BDEC028B21
:1087D000BDE8F08F922D0020A864002033630020B4
:1087E0006762002030B585B00446E8F7AFFFB0B14E
:1087F00002AD21462846E9F7E4FA95E803000DF1B9
:108800000702F0F7C2FAD72809D89DF8073033B12C
:108810002046E9F7FEFB437843F00103437005B0BF
:1088200030BD0000054A10B50023054C1370054A01
:1088300020881370F3F793FA208010BDB4640020F1
:10884000AA640020AC64002038B5044628B97246FA
:108850008D2144F2FE00E0F7A1F82046E6F7D4FFB0
:10886000054658B905212046E7F796FC30B12A465F
:1088700020460521BDE83840E7F75CBC38BD10B59F
:1088800001210846EAF7D8FB044630B10021204612
:10889000E7F7ACFA18B1FFF7C5FF204610BDE6F7C1
:1088A00059FD30B909F0AAFC18B109F048FC0028BC
:1088B000F1D001212046EAF7E7FBE1E710B5FFF729
:1088C000C3FF09F03CFC58B1E7F702FA40B9054C88
:1088D000206810B10121EAF7D7FBFFF7D0FF206035
:1088E00010BD00BFB0640020F8B50578062D06461F
:1088F00026D8164F3B6823B3E6F762FD01230446F2
:1089000084B105212046E7F747FC28B92046E6F761
:1089100087FD00230446F3E72046E6F775FF0028AD
:10892000F4D102233A6852B14BB12846C021FEF778
:1089300011FD6C1C064BE4B201221A7025463570FD
:10894000F8BDFFF79CFF05233860EBE7B06400201B
:10895000B46400202DE9F0412D4E306818B9BDE80F
:10896000F041EFF715BA0830F3F78EFC002814BF7A
:108970004FF008084FF0010809F032FB042817D126
:10898000E6F7E8FCA0B930680830F3F77DFC05464F
:1089900080B11E20EFF7A2FE5FFA80F84020EFF7CB
:1089A000F7F9E6F70DFD044630B9CDB1274612E0E0
:1089B0000025F3E70125F1E705212046E7F7ECFB69
:1089C000074618B92046E6F72BFDECE72046E6F708
:1089D0001BFF0028F6D10F4B1B78434506D33FB948
:1089E00030680121EAF750FB00233360BDE8F081D5
:1089F000E6F7E6FC04460028F2D02046E6F704FF3E
:108A000010B92046FFF720FF2046E6F709FDF1E701
:108A1000B0640020AC640020014B1888704700BF90
:108A2000AA6400200E4B1B6870B504461646084623
:108A3000A3B10C4A15787DB1002111700A49236059
:108A40000A7801320A70B32203F108010BF0B4FF77
:108A50002068EFF73CFC3060284670BD1D46FBE700
:108A6000B0640020B4640020AC64002070B50D4CEC
:108A70002368064613B9FFF702FF20600124E5B220
:108A80002846E6F7F7FC40B9A91CC9B23046EAF718
:108A9000FBFA01340F2CF2D170BDE6F7B5FE0028C9
:108AA000F2D0F6E7B0640020024B1868003818BF17
:108AB00001207047B0640020014B1878704700BF58
:108AC000B46400200020704708B5EFF7F1F9EFF724
:108AD00005F8F0F709F8EDF76CF9E7F7F3F9F1F7B6
:108AE0002DFBE8F706FFEFF7BBFAF6F7EAFFBDE864
:108AF0000840F0F7B9BF08B5F1F7C8FCBDE8084079
:108B00000BF03BBF08B509F016FB08B9E2F772FCA1
:108B1000F6F7B3F8BDE808400BF0D4B908B509F092
:108B20000AFB08B1E2F766FC0BF0CAF9F6F7B6FFEC
:108B300009F005FB10B10020E6F7D0FEBDE80840C3
:108B4000E8F794BE08B5DFF711FB064B80B2421C74
:108B50001A80821C5A8000F11C0239309A80D88019
:108B600008BD00BFB66400202DE9F041DFF7FEFA32
:108B70000C4C0D4D86B204F10808002734F8023B76
:108B8000F31A1B0407D42B689847AB88334424F8A6
:108B9000023C27B90127444505F10805EED1BDE89F
:108BA000F08100BFB6640020A459030038B5044624
:108BB00020B10B4B187880B1012C0FD1094D2B68D7
:108BC0009C4206D0012C14BF0748084800F012FD53
:108BD0002C60287800F008FD012038BD0020FCE75B
:108BE000F4640020C0640020D4590300D464002041
:108BF00030B589B009F00EF8044609F0DBF9CDE98B
:108C00000404DFF71FFE0690DFF722FE04AC2246C5
:108C100021460790164808F097FE94E80F006D462D
:108C200085E80F00284600F0B9FA0021114800F04D
:108C3000E1FA114BFF2200201A60FFF7B7FF0F483F
:108C400009F070FD04460E4809F09EFD2043C0B2B5
:108C50000C4B30B100221A700B4800F0E3FA09B057
:108C600030BD01210648197000F0C4FAF4E700BFD6
:108C7000E4590300C4590300C0640020D4640020F8
:108C8000C4640020F4640020E4640020014B1878E0
:108C9000704700BFF464002010B50446406A94F8A1
:108CA0003430E062A3B90F4B1B7884F82A30A18AD4
:108CB00000F008FD237F206363B9204600F0C2FC6A
:108CC000204600F0E6FC2046BDE8104000F0CABB9C
:108CD0000023EAE794F82A00FFF768FF0028ECD1A8
:108CE00010BD00BFF464002038B50446C069F2F737
:108CF00009FFA38C80B29842E0853CD8181AA08462
:108D0000E0696569F2F7FEFEE169284400F0AEFC17
:108D1000256A84F82C00B5B12846E9F759F890B1D6
:108D200094F82C30042B0ED12846E9F76AF9002379
:108D300084F82D3094F82C30A06283B92046BDE829
:108D4000384000F091BA94E803000122E8F7E0FB14
:108D500018B194F82C30022BE7D10848E7E7E18DF1
:108D6000606900F0AFFC00F0A9FC84F82D00FFF76B
:108D70001DFF0028E2D1002038BD00BFE4640020C0
:108D800000F042BB08B500F03FFB00F059FBBDE826
:108D90000840014800F052BAE464002038B50446A7
:108DA0000025A54206D100F04BFBBDE83840034842
:108DB00000F044BA00F028FB0135F2E7E46400203B
:108DC00000F034BB00487047E464002000F02ABA89
:108DD000F62804D1FF2914BF002001207047FF2886
:108DE00001D1F629F7E7002070472DE9F0438BB059
:108DF000E8460446014602AE4046F2F787FE04AD5F
:108E000021463046F2F79EFE06AF21462846F3F78C
:108E100018F821463846F3F73FF82046F3F794FA5E
:108E200081462046F3F79AFA01464846FFF7D0FFFD
:108E3000D0B108AC204609F0B3F894E80C0095E8EE
:108E400003000BF08AFD78B195E80C0098E8030068
:108E50000BF083FD40B197E80C0096E803000BB0DF
:108E6000BDE8F0430BF079BD00200BB0BDE8F08306
:108E70002DE9F047A4B00446E7F7A8FA06462046D5
:108E8000F3F783FB074630B986F00105EDB22846BB
:108E900024B0BDE8F0872046F3F77DFB05460028A7
:108EA000F5D10DF10809214648460DF11008F2F7F9
:108EB0002DFE40462146F2F745FE2046F2F7F8FD2A
:108EC0000428E4D801A353F820F000BFE18E02008B
:108ED000278F0200518F02008F8E02000F8F020039
:108EE0002046F2F780F96822064600210AA80BF016
:108EF0008BFD0B2E0DD00C2E10D00A2EC7D10AA937
:108F00002046F2F78CF99DF87930002BBFD03D4612
:108F1000BDE70AA92046F2F7BEF9F4E7E7F7FCF946
:108F20000028B4D0F3E72046F2F7D3FA002E14BF9E
:108F3000112321239842AAD02046F2F783FB002870
:108F4000A5D12046F2F78EFB80F00100C5B29EE766
:108F500006AF2146384608AEF2F773FF2146304689
:108F6000F2F79AFF2046F3F7EFF982462046F3F72F
:108F7000F5F901902046F2F7FFFC002887D101990E
:108F80005046FFF725FF002881D00AAC204609F0A3
:108F900007F894E80C0096E803000BF0DEFC0028CC
:108FA0003FF475AF97E80C0099E803000BF0D5FC8F
:108FB00000283FF46CAF96E80C0098E803000BF033
:108FC000CCFC002818BF054661E700BF70B5054618
:108FD000E7F7FCF904462846F2F76AFD0646FFF774
:108FE00055FE28B914B16EB9002000E0012070BD13
:108FF0002846F3F7DDFA18B984F00100C0B2F6E7AD
:10900000002CF0D1012E13D12846F2F762FA002C81
:1090100014BF212311239842E6D02846F2F712FB11
:109020000028E1D12846F2F71DFB80F00100E5E7BA
:10903000022EDBD12846BDE87040FFF7D6BE38B51A
:109040000446E7F7C3F908B9012038BD2046F2F716
:109050002FFD0228F8D12046F2F794FFB0B1204648
:10906000F3F70DF8B8B92046F3F76EF90546204638
:10907000F3F774F901462846FFF7AAFE58B12046D7
:10908000F2F77AFC80F00100C0B2DEE72046F2F78A
:109090008DFF0028E3D10020D7E710B50446F2F792
:1090A00007FD02280CD1E7F791F920B12046BDE871
:1090B0001040FFF79ABE2046F3F77AFA0028F5D160
:1090C000012010BD002380F84730012070470023A5
:1090D00080F8473001207047074A084B0021116192
:1090E00019610749596151610649086849689061E9
:1090F0009861D161D9617047C0650020F06500209A
:1091000042BA6AA50065002010B5044630B972461F
:1091100040F2EB214BF6F000DFF740FC074B2268F2
:10912000074808491A6162685A61A26802608A6148
:109130009A61E2684260CA61DA6110BDF0650020A0
:1091400000650020C065002070B5104B88B01B780A
:1091500000900F4803EB83050024CDE90114164667
:109160000C4904AA00EB0510052308F029FC052290
:10917000314604A80BF010FC30B1074A13680133E4
:109180001360204608B070BD0120FBE7B4650020E5
:1091900014650020006500200865002073B56D4649
:1091A0000446284608F0FCFE0C4A0D4E002395E8C4
:1091B000030013700B4A1360D4E9003286E8030001
:1091C0000949C1E900230949C1E900230849C1E966
:1091D000002302B0BDE87040FFF77EBFB4650020F9
:1091E0000C65002008650020B8650020006500209F
:1091F000F8640020012938B505460C4606D97246A8
:1092000040F233114BF6F000DFF7C8FB044B50205F
:10921000294600FB0430BDE8384008F0DDBC00BF43
:109220001465002000230360024B1A68024B534070
:10923000436070470C65002042BA6AA510B5044629
:1092400030B972464FF4C8714BF6F000DFF7A6FB59
:10925000044B1A6922605A6962609A69DB69A260EC
:10926000E36010BDF06500202DE9F347858C0446CE
:1092700090F82C0000F028FAA38C2D1AADB2AB4266
:1092800040F2BA80002D00F0B38094F82C50022DEB
:1092900044D8002D47D0A06A584DFFF735FFE18D27
:1092A000606900F00FFA8246E18DA06900F00AFAC9
:1092B0002369BAF80110D4F800C0A68CE28D41EA07
:1092C00003411B02296103F07F434D4983EA0C03EC
:1092D000594032448146A0696961571F616900EBBA
:1092E000070809F103090BF067FB002328460093E8
:1092F0004A46F31E494608F003FCA0694246394637
:10930000FFF722FF054628B1A069A6F108024946E9
:109310000BF060FBA06AFFF791FF62E0033D012DB7
:1093200011D901255DE0E18D606900F0CBF90646B9
:109330002846A78C00F0C8F9381A82B2711CA069BF
:109340000BF03AFBEDE7E18D606900F0BBF9E18DD0
:109350000746A06900F0B6F9D7F80110D7F8052044
:10936000284BA68CB4F82EA0A569244FC3E900129F
:109370008146FFF7B1FE2369226819041B0203F03E
:109380007F4353401E4A39615A40B244D4E9051024
:109390007A6152460BF010FBAAF1050809F10909A0
:1093A0000023454400934A46A6F10903494638463E
:1093B00008F0A6FB2A46A0694146FFF7C5FE054610
:1093C00078B1A069A6F10E0249460BF003FB94F8B0
:1093D0002C30042B05D1A66A1EB1FFF7F3FC8642A0
:1093E00098D194F82C0000F06FF9A38C181AA0847F
:1093F000284602B0BDE8F0870025F9E7C0650020E7
:1094000042BA6AA5006500200649D1E9003240F25F
:10941000B1401B1842F10002C1E900320249C1E922
:1094200000327047F8640020B8650020D0E90232AD
:1094300040F2B1415B1842F10002C0E902327047CC
:109440000649D1E90032013342F10002C1E900329C
:109450000349C1E90032FFF73FBE00BFB8650020F5
:10946000006500202DE9F043037F022B85B0044600
:1094700046D8002B49D08069544EFFF745FEA18A9B
:10948000606A00F01FF9524B326919682369278D11
:10949000B4F81480656AA0F8012092B242EA03424F
:1094A0001B02326103F07F434A4A4B405A4000F1AD
:1094B0000309216A726148463A460BF07DFAB844C6
:1094C000454B4649187808F1030845442A460023CD
:1094D000434DCDE9018300EB8000636A009305EB07
:1094E00000100523012508F06BFA304600957B1D1E
:1094F0004A46494608F004FBA069FFF79FFE0EE0CC
:10950000033B012B15D9002509E0818A406A00F050
:10951000D9F8228D216A01300BF04EFA0125207F07
:1095200000F0D2F8238D18442085284605B0BDE808
:10953000F083818A406A254E00F0C4F8278DB4F884
:109540001480656A8146FFF77BFF264B1A685B68CB
:10955000C9F805301E4BC9F801201A68236919049F
:109560001B0203F07F4353401A4A31615A4009F10C
:109570000909216A72614846228D0BF01DFAB84430
:10958000154B1649187808F1090845442A46002366
:10959000134DCDE9018300EB8000636A009305EB76
:1095A00000100523012508F00BFA7B1D00954A46A3
:1095B0004946304608F0A4FA237F042BAFD1A369B3
:1095C000002BACD0FFF7FEFB97E700BFF065002053
:1095D0000C65002042BA6AA5B46500200065002031
:1095E00014650020B8650020014B1870704700BF5B
:1095F000B4650020F0B5104C0346024600F1100798
:10960000264610685168254603C50832BA422C46E2
:10961000F7D10A4A154618685968144603C4083336
:10962000BB422246F7D1B2680549AB680A440B44F5
:10963000B260AB60F0BD00BFC0650020F0650020E7
:1096400042BA6AA513B50346006B0190002404706A
:1096500022461B7F0F21FBF764FC0198234606225C
:10966000C02102B0BDE81040FBF75BBC10B506227C
:10967000C0210446FBF76BFC024640B90F2120468F
:10968000FBF765FC052828BF0520C0B210BD0520EA
:10969000FCE710B590F82A30012B044605D9724634
:1096A00037214DF2CC10DFF779F994F82A30206B8E
:1096B0000422BDE810403021FBF733BC04223021E6
:1096C000FBF745BC08447047022804D800280CBFAB
:1096D0000120082070470338012894BF0E20012084
:1096E000704707B50BF052F9EEF7DFFE08F0CCFF3C
:1096F0000AF0DAFAE2F7E6FCDFF7A8FBDFF7C6FBD1
:10970000052894BF20303838C0B2EEF70DFADFF7E5
:10971000F3F901F00DF8E2F725FDFFF769FA684665
:1097200008F03EFC0098FBF785FC09F0E7FB00F031
:109730007BFFE7F74FFDECF7ABFAFCF7EBF80BF02C
:10974000D5F8EEF7E9FAEAF7D5FA03B05DF804EBDD
:109750000BF014B907B50020FCF766F80DF107000F
:1097600009F084F908F03CFC042805D008F038FC26
:10977000022801D008F0DDFC08F0E1FC08F022FC32
:10978000E4F7F8F903B05DF804EBE2F7C5B808B503
:1097900009F0ACF8E4F7F8F9BDE80840E4F7CABC12
:1097A00013B50C4601900092FFF7F1FFDFF760F868
:1097B000019B0099A2B2012002B0BDE81040DFF782
:1097C00007B80000034B1A68136823F00103136005
:1097D000002070472066002010B5044C206818B1A6
:1097E000E1F73EFD0023236010BD00BF206600208E
:1097F000F8B50C4657782378BE1CB342054611468F
:1098000010D3006832460BF0D7F829680B7863F064
:109810007F030B70314429602378023BDB1B2370EC
:109820000120F8BD0020FCE7114B1B68F7B5141DA3
:1098300003F1240502F1140654F8047B45F8047B77
:10984000B442F9D11C6844F010041C6013788DF800
:10985000043002238DF805309378D27843EA02234E
:1098600001AAADF80630FFF7C3FF012003B0F0BD39
:1098700020660020114B1B68F7B5141D1D1D02F159
:10988000140654F8047B45F8047BB442F9D11C68F3
:1098900044F004041C6013788DF8043002238DF822
:1098A00005309378D27843EA022301AAADF8063056
:1098B000FFF79EFF012003B0F0BD00BF206600202F
:1098C000114B1B68F7B5141D03F1140502F11406C2
:1098D00054F8047B45F8047BB442F9D11C6844F089
:1098E00008041C6013788DF8043002238DF80530CD
:1098F0009378D27843EA022301AAADF80630FFF745
:1099000077FF012003B0F0BD2066002008B509F004
:109910006BF918B1E6F760FD002008BDF820FCE700
:1099200030B555780B781446AA1C9A4287B01ED8D9
:1099300009F05AF9E8B1D4F802300093D4F80630AF
:109940000193A37A8DF80830E37A8DF809300E3D43
:10995000E36803931034EDB2684604940595E6F786
:1099600047FD002814BF0020FD2007B030BDFC20BB
:10997000FBE7F820F9E71FB50023CDF80A3013788C
:109980008DF808300423044601918DF8093007F062
:10999000EFFF98B1C2788DF80A2082788DF80B20FD
:1099A00042788DF80C20037801998DF80D3002AAC9
:1099B0002046FFF71DFF012004B010BDFF20FBE78C
:1099C00010B50446FCF7BEF908B9002010BD2046CA
:1099D000FCF716F80028F8D0FCF7D8F9031B58421A
:1099E0005841F3E710B50121901C0AF0A3FFC4B25F
:1099F0002046FFF7E5FF48B1054B1B681A6883F85E
:109A0000584042F480421A60002010BDFD20FCE75F
:109A10002066002070B5164690B004460D463122EF
:109A2000002103A80AF0F0FF33788DF80C302F23C3
:109A30008DF80D30FCF79AF9042201460DF10E0065
:109A40000AF083FFFCF7B4F9022201460DF112007F
:109A50000AF07BFFFCF79AF98DF81400FCF7F2F995
:109A60008DF81500FCF7B6F98DF8160001A808F07E
:109A700099FC9DF80830BDF806108DF835300222AB
:109A80009DF804308DF836300DF137000AF05DFF97
:109A9000FCF794F8022201460DF139000AF055FF57
:109AA000FCF7A2F8022201460DF13B000AF04DFF3F
:109AB0000020FBF7D7FE042201460DF117000AF043
:109AC00044FF0020FBF7D8FE022201460DF11B00E7
:109AD0000AF03BFF0020FBF7DAFE8DF81D000020A6
:109AE000FBF7E0FE042201460DF11E000AF02DFFF7
:109AF0000020FBF799FEC0F30723C0F30742C0F331
:109B000007618DF8250001208DF824308DF8221092
:109B10008DF82320FBF7A6FE042201460DF1260056
:109B20000AF013FF0120FBF7A7FE022201460DF108
:109B30002A000AF00AFF0120FBF7A9FE8DF82C008D
:109B40000120FBF7AFFE042201460DF12D000AF0C3
:109B5000FCFE0120FBF768FEC0F30742C0F307617B
:109B6000C0F307238DF831108DF832208DF83400C2
:109B700003AA294620468DF83330FFF739FE01202D
:109B800010B070BD08B508F0EDFF042814BFF9202F
:109B9000FD2008BD1FB5684608F0F6FD042814BF77
:109BA000F920FD2005B05DF804FB1FB5684608F0FC
:109BB000B9FD042814BFF920FD2005B05DF804FBB1
:109BC00010B50121101D0AF0B5FEC4B2204608F000
:109BD00065FF48B1054B1B681A6883F8564042F48C
:109BE00080521A60002010BDFD20FCE72066002096
:109BF00007B50321101D0AF09DFE019001A808F091
:109C000053FF58B1064B019A1B689A641A6842F4D4
:109C100000621A60002003B05DF804FBFD20FAE743
:109C200020660020042110B550180AF083FE044677
:109C300008F020FA40B1054B1B681A685C6442F0DA
:109C400040021A60002010BDFD20FCE720660020C5
:109C500013B50221101D14460AF06CFE0221ADF866
:109C60000400A01D0AF066FEADF8060001A808F089
:109C7000F9FD48B9054B019A1B681A651A6842F448
:109C800000721A6002B010BDFD20FBE720660020C4
:109C900010B5074B074800241C60FBF7BCF8064BC7
:109CA00021461888E1F7BEF8BDE81040FBF7AEBFCB
:109CB000246600202C6600202866002008B5FFF7E7
:109CC000E7FFFFF789FD002008BD00002DE9F743FD
:109CD00092F80190074688461546B9F1000F29D140
:109CE000434B1C68A4B1246814F0020410D0414B0B
:109CF0001C68DEF747FA404B201A98423F4B9CBF46
:109D00003F4EB0FBF6F91868FBF795F8484484B26B
:109D100002222B788DF800300DEB020021468DF8E1
:109D200001200AF012FE6A4641463846FFF760FD00
:109D3000012024E0B9F1020F54D12D4E3368002BDD
:109D400052D01B68DA074FD44946A81C0AF0F2FD2E
:109D50001FFA80F908F006FF05280BD0B9F1000FB3
:109D600016D1FFF795FF3268136823F002031360E2
:109D7000484604E0306803689B0603D4F82003B02B
:109D8000BDE8F083343008F011FF0028E6D1F5E794
:109D9000A9F10A039BB247F6F572934226D8FBF766
:109DA00059F912240346B0FBF4F000FB143459FABD
:109DB00084F4A4B247F6FF718C4228BF0C460D4BC9
:109DC0000E48002221461A60FBF744F80D4B188814
:109DD000E1F7EEF8FBF71AFF3268136843F002036D
:109DE000136095E7FE20CAE7FB20C8E7FD20C6E721
:109DF0002066002024660020BF05D9012C660020C3
:109E000040420F002866002008B55C20E1F722FBE5
:109E1000044A106020B15C2200210AF0F5FD012007
:109E200008BD00BF206600202DE9F341951C0746C0
:109E300028468846164608F0B9FE60B3184C2368D9
:109E40001BB31B689B0728D422681468134644F090
:109E5000010143F8341B05F1100155F8040B43F8D8
:109E6000040B8D42F9D144F02104146033788DF84D
:109E7000043001AA0023414638468DF80530FFF72B
:109E8000B7FC012002B0BDE8F081FFF7BDFF00285C
:109E9000DAD1FD20F6E7F820F4E7FB20F2E700BF77
:109EA0002066002010B508F05DFE052812D00B4C8E
:109EB00023684BB11B689B070ED42268136843F0DC
:109EC00001031360002010BDFFF79EFF0028F4D1AE
:109ED000FD20F8E7F820F6E7FB20F4E720660020F5
:109EE0002DE9F347DEF74EF9DFF8B881DFF8A491EA
:109EF000C8F80000D9F80000FAF7CEFF074600289E
:109F000000F0B980D9F80000FAF795FF064600285E
:109F100040F0AA805D4D2B68002B00F085801C6806
:109F2000610406D593F85800FFF74AFD08B924F4F8
:109F3000804414F0010A77D1A20775D5A30653D443
:109F400047F64C0323405CD11F46600603D52B68BF
:109F5000586C08F05DF8210505D52B6801A89B6CAD
:109F6000019308F033FDE20404D52B6893F8560002
:109F700008F066FDA30404D52B6893F8570008F099
:109F800081F8600703D52868043008F0E5FB210755
:109F900003D52868143008F0ADFBA20503D5286866
:109FA000503008F07BFC630504D52B68B3F85400EF
:109FB00008F09CF9E00503D52B68D86C08F088FD03
:109FC000E10621D52B6803F134021146243353F8FE
:109FD000040B41F8040B9342F9D144F020042868A3
:109FE000343008F08FFD11E008F0BCFD0528A7D142
:109FF0002868343008F086FD0028A1D05446574622
:10A00000A3E708F073FCA0E7A206E8D4630401D537
:10A01000FBF77AFF37B11E4A40F2D44148F63A7056
:10A02000FFF7BEFBFFF7D8FB1A48FAF7F4FEFBF781
:10A03000EDFDD9F80000FAF72FFF174B0146E0B10C
:10A040001E2ED8F8002095BF1448154E00FB06269A
:10A05000B6181888C8F800600121E0F7E3FED8F8C8
:10A06000000002B0BDE8F0871E28E2D80021484673
:10A07000FAF7F0FEDDE70646DBE71888E0F7D2FEE8
:10A080004FF0FF33C8F80030E9E700BF206600203A
:10A09000FF5903002C6600202866002040420F0074
:10A0A00080C3C9012466002008B55378102B06D858
:10A0B000FFF79EFB002814BF0120FC2008BDFE20F6
:10A0C000FCE773B505460E46144608F08DFDA8B1B1
:10A0D000E6F7D8F823788DF80030012401462246AF
:10A0E0000DF102008DF801400AF02FFC6A4631465E
:10A0F0002846FFF77DFB204602B070BDF820FBE745
:10A1000070B586B004469DF82C608DF80420B21C12
:10A110000D468DF8052019460DF1060002220AF0C1
:10A1200014FC0A9B3246196802A80AF00EFC01AA28
:10A1300029462046FFF75CFB06B070BDF0B55378AA
:10A14000023B5BB2022B85B005460E46144611D188
:10A150000121501D0AF0EEFBC7B20023FF2F8DF83E
:10A160000B300DD00DF10B0007F0BAFF40B1FD2010
:10A1700005B0F0BD012B36D100238DF80B30FF2741
:10A18000201D01210AF0D6FB04469DF80B00E4B225
:10A1900044403C4084EA0007384607F0C3FF0028EB
:10A1A000E5D007F01DFF07F00F035A1E5342A0F140
:10A1B00004015341484248418342D8D10B4B1B68AC
:10A1C0001A6883F8577042F400521A60012403ABF6
:10A1D00000932846019404230D2231460397FFF78C
:10A1E0008FFF2046C4E7FE20C2E700BF20660020A4
:10A1F000F0B5054685B00E46101D02210AF09AFB07
:10A2000087B2384608F08AF8A8B10C4B1B681A6868
:10A21000A3F8547042F480621A600223019303ABE6
:10A220000093284614230D2231460397FFF768FF59
:10A23000012005B0F0BDFD20FBE700BF2066002037
:10A24000F0B55378023B5BB2082B85B005460E464D
:10A2500017462AD1042102F108000AF06BFB0446DC
:10A2600002A808F047FC042178180AF063FB029A60
:10A2700082EA00031C405440204608F08FFCD8B10D
:10A280000E4B1B681A68DC6442F480721A60042367
:10A29000019303AB0093284616230D223146039405
:10A2A000FFF72EFF012005B0F0BD042B02D14FF0C7
:10A2B000FF34D5E7FE20F6E7FD20F4E72066002016
:10A2C00010B586B0044604A8039108F07DFA70B971
:10A2D000049B05930423019305AB00932046039947
:10A2E00009230C22FFF70CFF012006B010BDFD2052
:10A2F000FBE730B587B005AD04462846039107F06B
:10A30000A7FE58B90423CDE9005320460399012341
:10A310000E22FFF7F5FE012007B030BDFD20FBE760
:10A3200010B586B00446039107F044FE0323019361
:10A3300005AB059000932046039902230E22FFF7F8
:10A34000DFFE012006B010BD30B587B004460DF128
:10A350001300039108F08AFB9DF813300593012543
:10A3600005AB009320460399019503230E22FFF7C6
:10A37000C7FE284607B030BD30B587B005460DF1A1
:10A380001300039107F0ACFE78B99DF813300593E4
:10A39000012405AB009328460399019404230E225F
:10A3A000FFF7AEFE204607B030BDFD20FBE710B53D
:10A3B00086B004460DF11200039107F075FF78B9DD
:10A3C000BDF8123005930223019305AB009320469C
:10A3D000039914230E22FFF793FE012006B010BD4F
:10A3E000FD20FBE730B587B005AD04462846039154
:10A3F00008F080FB0423CDE900532046039916237F
:10A400000E22FFF77DFE012007B030BD2DE9F04F91
:10A410004468FF2CA9B0804600F2D48090F82C301C
:10A420000293C36907685A1CE4B222D003F07F4349
:10A43000B3F1004318BF012300930EAB05936623CD
:10A440008DF813304FF00C0A002C00F09780012C8F
:10A4500097F800900FD1FE238DF818308DF8194031
:10A460008DF81A9006AA0DF1130105A8FFF7C0F99F
:10A4700084E00023E0E77D78AB1CA342039300F265
:10A48000C480A9F10B03032B35D8012D40F2BD8008
:10A49000022178180AF04EFAA5F1020B5FFA8BF34D
:10A4A00086B201935D484FF0000B01461FFA89FC0C
:10A4B000B0F804E0E64503D1B0F806E0B6451DD09B
:10A4C0000BF1010BBBF1200F00F10C00F0D1FF20CC
:10A4D00001238DF818008DF819308DF81A90002E90
:10A4E000C0D00323022231460DF11B008DF8193034
:10A4F0000AF02BFAB6E701950026D3E7B9F10C0F65
:10A5000067D1802008F038FB444908B9F820DFE71C
:10A510000AFB0B1090F90800431C60D10AFB0B10DA
:10A5200090F909C0BCF1FF3F09D0002E14BF0420F0
:10A53000022060449DF813C040B2604567DC0AFB0E
:10A540000B11897AC80706D5354B1868002860D0EA
:10A550000068C2075DD58B0702D5009B002B5AD03F
:10A560002E490AFB0BF3CB58002B3DD13A460DF197
:10A57000130105A8FFF73CF900283FD19DF81330DF
:10A58000C3F1660313F0FF041CD01C2200210DEB65
:10A5900002000AF039FA234AADF81C4092E80300A1
:10A5A0000EAB069308AB83E80300029B8DF82830BE
:10A5B000F0238DF8293006A840F2FF23ADF82A30A9
:10A5C00009F07CF8D8F8080029B0BDE8F04FE0F7B2
:10A5D00047BEB9F10E0F9BD14FF4007092E7019B7B
:10A5E00083429BD0FE2073E73A460DF1130105A884
:10A5F00098470028BAD001287FF46AAF039BC5F1C1
:10A60000FE052C441F44E4B21EE70026EAE7FC20C6
:10A610005EE7FB205CE7FA205AE700BF105A030010
:10A6200020660020547D030010B586B00AF0A8F91A
:10A63000F8B1114B114800241C60114B1C60FAF753
:10A64000EAFB1422214601A80AF0DEF90D4B009323
:10A650001A238DF804300C4B02936846642304934C
:10A66000E0F754FB094B0A4A1880F021FF2008F05C
:10A670007DFF06B010BD00BF206600202C660020C4
:10A6800024660020F4590300E19E020028660020A1
:10A690000DA4020030B5A7B066230CAC8DF80730CE
:10A6A0000025192302AA0DF1070103A88DF808302F
:10A6B00003948DF80950FFF7ADF929461C2205A82F
:10A6C0000AF0A2F99DF807300B4A049492E80300BF
:10A6D000C3F16603DBB2ADF8143006AB83E80300C8
:10A6E000F0238DF8213004A840F2FF23ADF822308A
:10A6F00008F0E4FF27B030BD547D030010B50446D8
:10A700000078DEF73FFB2070BDE81040DDF73ABD72
:10A7100007B5019000F0EAFB019800F02FFC034B15
:10A7200000229A8103B05DF804FB00BFDC21002009
:10A7300030B5104D85B02B1D00240393CDE90144A5
:10A74000AC70E4F729F95C22214628460AF05CF94E
:10A750002046FFF7DDFF01A800F08CFC2870E4F72D
:10A760004FF8204600F090FB01236C706B7505B02C
:10A7700030BD00BFDC21002037B51C4C012305464D
:10A780000DF107008DF80730FFF7B8FF00F0AEFBC2
:10A790002379A5815BB100F0EBFBA38998B1A06898
:10A7A000A37300F0E4FB2061207B00F0EDFB0020B0
:10A7B00000F02CFD9DF80740DDF7E4FC2046DEF7B5
:10A7C000E1FA03B030BD2BB9724662214BF611009D
:10A7D000DEF7E4F8A3890C2B05D9724663214BF60A
:10A7E0001100DEF7DBF8A389013BD8E7DC2100206C
:10A7F000F0B58FB0062307460DF107000C468DF823
:10A800000730FFF77BFF3022002102A80AF0FCF896
:10A8100001238DF8283000F0A6FBADF82200214876
:10A8200000F09FFB0B94099000F060FB72B61E4E87
:10A83000DFF878C0336802AD013333600FCD0CF11F
:10A840002C040FC40FCD0FC495E80F0084E80F004F
:10A85000DCF818302BB172469C214BF61100DEF764
:10A860009DF82FB972469D214BF61100DEF796F840
:10A870003846E4F70BF902A800F034FD052000F09B
:10A8800003FB00F065FD3368013B3360336803B9B7
:10A8900062B69DF80740DDF775FC2046DEF772FAD8
:10A8A0000FB0F0BD1021002008190020DC2100208D
:10A8B00013B507230DEB03008DF80730FFF71EFFDC
:10A8C000E4F7A6F800F012FB72B60E4C23680133D1
:10A8D000236000F05FFC022000F0D6FAE0F72CFFC6
:10A8E0000020E4F7D3F82368013B2360236803B911
:10A8F00062B69DF80740DDF745FC2046DEF742FAD8
:10A9000002B010BD0819002030B503238BB00446F7
:10A910000DEB03008DF80330FFF7F0FE00F0E6FAD0
:10A92000082000F0B1FA2022002102A80AF06CF8F9
:10A930003A4B0193638BADF80830E3680393237FB0
:10A940008DF810302368059323693549069302AAD0
:10A95000237D8DF81C30204600F0F5FA0390092085
:10A9600000F092FA01A800F081FC054608B3069AAF
:10A970009DF8103082B333B9724640F269114BF63C
:10A980001100DEF70BF8072000F07EFA9DF91C108D
:10A99000069809F09BFA03B29DF91C206375C3F376
:10A9A0000723A3755BB2934231DC092000F06CFAF7
:10A9B000A84700F08DFC70B3052400F0EBFB0220EB
:10A9C00000F062FA9DF80350DDF7DCFB2846DEF765
:10A9D000D9F920460BB030BD53B1059B002BE7D011
:10A9E000724640F27D114BF61100DDF7D7FFDFE72D
:10A9F00009F0E2FA059B181A0590E0F783FE059925
:10AA00002846E0F757FE20B1E0F76CFED1E70224BC
:10AA1000D3E70124D1E70446D4E700BFE0210020BA
:10AA20001021002008B509F0DBFAC83008BD00008D
:10AA300070B5044690B005230DF102008DF8023088
:10AA4000FFF75CFEA389FF2B05D97246CA214BF69E
:10AA50001100DDF7A3FFA3898DF803303022002118
:10AA600004A809F0D1FF4B4800F07BFA0B9000F0EE
:10AA70007AFAADF82A0000F039FA04A800F032FCA6
:10AA8000237C43B3032000F0FFF900F061FCDDF705
:10AA900073FB2060062000F06DFC002873D109F0E4
:10AAA00090FA636818446060E3F7C6FF30BBA57B8B
:10AAB00015F001055ED1012500F06CFB022000F0CD
:10AAC000E3F99DF80240DDF75DFB2046DEF75AF919
:10AAD000284610B070BD09F074FA2368181A206077
:10AAE000E0F710FE21682C48E0F7E4FD002848D08C
:10AAF000032000F0C9F9E0F7F5FDCBE79DF803006E
:10AB0000FFF790FF6368643318446060E3F79CFFCD
:10AB100000283AD0032000F02DFC08B10325CBE734
:10AB2000052000F027FC064688BB1A480DF10301FA
:10AB300000F0FEF99DF80330CDE901668DF809308B
:10AB4000A36805460F3301A8039300F033FC0028E7
:10AB5000E4D1A3689DF803209A73104A9168596064
:10AB600092891A739DF808205A73012D019A9A60F0
:10AB7000A2D19CE7072000F087F900F07BFCE0738E
:10AB80009AE7042598E7062596E7022594E7052528
:10AB900092E700BF1021002051B30200DC21002009
:10ABA00000F062B930B585B0092305460DF1070004
:10ABB0008DF807300C46FFF7A1FD2846FFF7DCFDB6
:10ABC000072000F061F90021204609F07FF9ADF877
:10ABD0000800022000F058F99DF80740DDF7D2FA8E
:10ABE0002046DEF7CFF8BDF808300020DAB262F375
:10ABF0000700C3F3072363F30F2005B030BD000047
:10AC000010B5044600F072F92068054CA06000F011
:10AC1000AEF92061BDE81040012000F0F7BA00BF96
:10AC2000DC2100200020704782B002AB03E906005F
:10AC300002B070470846704708B500F051F9032884
:10AC400003D0052808D0002008BD042000F01CF91E
:10AC5000E3F7CCFE0120F7E7062000F015F9F9E74D
:10AC6000F0B593B0064600F03BF9043806284CD8FE
:10AC7000DFE800F01D4B224B4B040B00E3F7FAFE1C
:10AC800013B0BDE8F040E3F7A5BEE3F7A3FE002054
:10AC9000E3F7CAFE002838D16C4800F023FB0520FA
:10ACA00000F0F2F813B0BDE8F04000F051BB13B073
:10ACB000BDE8F040E3F7B2BE3EB3B9238DF80330F0
:10ACC0003378634C0433DBB2012B40F29980614D41
:10ACD0000DF10301284600F02BF90728074616D18D
:10ACE000E3696BB1EB798DF824302B7A8DF8253040
:10ACF0000935337A8DF826300A95E36909A8984713
:10AD0000052000F0C1F800F023FB13B0F0BD0028CF
:10AD100077D1284600F029F99DF80330AB73337AD8
:10AD20006B737368AB60A3686B60A389FF2B0746E6
:10AD300005D972463D2144F60E40DDF72FFEA3896A
:10AD40002B734448A369002201A998470128D7D052
:10AD5000002874D00228D8D13F4A404B019940487E
:10AD600003FB07237268B3FBF0F30A441344019317
:10AD7000BDF81E30B92B05D97246622144F60E404B
:10AD8000DDF70CFE9DF91C002075E3F795FD00F042
:10AD900055FA30490DF1030201A800F0D4F824223D
:10ADA000044600210DEB020009F02EFE9DF8033051
:10ADB000ADF828309DF820308DF830300A20019B06
:10ADC0000B940D9300F060F809A800F04FFA0446C8
:10ADD00000289AD009F0F0F8019B181A0190E0F7CA
:10ADE00091FC01992046E0F765FC00288DD1A04731
:10ADF0001C4B1A68092A8CBF1A680A221A6084E759
:10AE00000327236D012B7FF47BAF124D0023AB731F
:10AE1000337A6B737368AB60A3686B60A389FF2B95
:10AE200005D97246522144F60E40DDF7B7FDA389DD
:10AE30002B733A46A36907480021984760E700F062
:10AE4000A9F9022000F020F85FE700BF08220020E7
:10AE5000DC2100201021002000C63E0500127A00EF
:10AE6000A086010030660020014B1868704700BFC3
:10AE70003066002008B5E3F7B3FDE3F7BDFDBDE89C
:10AE80000840E3F7BFBD000008B5144B18701B78ED
:10AE90000A2B22D8DFE803F0060C0F171D171D1729
:10AEA000131A1A00E3F7E0FDBDE80840FFF7E2BF20
:10AEB000E3F7DDFDF8E7E3F7DDFDFFF7DBFFBDE8D6
:10AEC0000840E3F781BDE3F7D8FDEDE7E3F7D8FDF0
:10AED000F5E7BDE80840E3F78FBD08BD3466002004
:10AEE000014B1878704700BF3466002008B50F4B3F
:10AEF0001A78072AD3B218D9083B022B12D800F0CF
:10AF000097FB0069E3F7A8FD28B9724663214AF26E
:10AF10005A60DDF743FD00F03DF9BDE8084002202E
:10AF2000FFF7B2BF72466721F1E708BD3466002023
:10AF3000837B0A789A4204D3B92B02D80B70002085
:10AF400070470520704710B5837E8B730C461370D5
:10AF5000428BC16804F10F0009F02EFD04F10E00D0
:10AF600010BD0E307047BA207047807B7047704725
:10AF7000014B1878704700BF35660020014B1870F0
:10AF8000704700BF3566002008B5084B1B785BB9D9
:10AF9000252894BF00200120054B1870FFF7E3FF20
:10AFA000BDE8084000F06EBA0020F5E735660020E5
:10AFB00036660020024B01221868032100F03ABCDB
:10AFC0006467002010B5064A0648D169064CC97A64
:10AFD000006800231A46237000F082FC207010BD28
:10AFE00068670020646700203966002008B50E4BB2
:10AFF0000121186800F092FC10F5007F12D00B4B75
:10B00000DB69002893F91230B8BF0330C3EBA0000E
:10B0100000B200EAE0706FF07E039842B8BF1846B5
:10B0200040B208BD7F20FCE764670020686700200D
:10B0300010B50D4C0023236010B10C4B18608047F5
:10B0400000F0FAFA0A48012100F03CFF00F0F6FA9D
:10B05000206038B97246F721BDE810404AF2FC7012
:10B06000DDF79CBC10BD00BF64670020486600206F
:10B070003C66002073B53F4E3F4C3378054633B9EC
:10B0800020686FF0090100F070FF01233370AB6896
:10B0900033B972464FF486714AF2FC70DDF77EFCDC
:10B0A000364EAB68F361364B1B689847FFF782FF5B
:10B0B0004FF0AA422223CDE90023206800F044FF8C
:10B0C00028B1724669214AF2FC70DDF767FC2D4910
:10B0D000206800F021FF28B172466B214AF2FC7013
:10B0E000DDF75CFC4FF4807300222749206800F0F4
:10B0F000A2FF264A20680023CDE9002300F024FFA8
:10B1000028B172467B214AF2FC70DDF747FC02222F
:10B110002068114600F01AFF28B1724682214AF2D7
:10B12000FC70DDF73BFC1749206800F00BFF28B1ED
:10B13000724684214AF2FC70DDF730FC144B012288
:10B140001A7000F081FA0D49206800F083FC30B1DC
:10B15000724640F21D114AF2FC70DDF71FFCFFF74A
:10B1600029FF4FF40070DFF71BFAF3690120D87252
:10B1700002B070BD37660020646700206867002059
:10B1800048660020905B03004C660020488D01005B
:10B190007716002010B5124CFFF70CFF237853B13F
:10B1A000104B1B689847104AD2F89430022BFBD101
:10B1B0000023237010BD0D4C0D49206800F0C2FE25
:10B1C00030B1724640F241114AF2FC70DDF7E6FB05
:10B1D00020680122BDE81040002100F036BF00BF0A
:10B1E000771600204866002000400E40646700206B
:10B1F000905B030008B54FF40070DFF7D1F9024B04
:10B2000001221A7008BD00BF7716002008B500F0B3
:10B210005BFA30B1724640F257114AF2FC70DDF72A
:10B22000BDFB044BDB69D97A034B1868BDE80840C5
:10B2300000F038BE6867002064670020024BC1B28E
:10B24000186800F094BE00BF6467002007B503785B
:10B250008DF800304388ADF802308388ADF80430B3
:10B26000684600F04BFA03B05DF804FB38B58388FC
:10B27000B92B044606D9724640F273114AF2FC70AB
:10B28000DDF78CFB0E4B0F4D0F48A16800680022C4
:10B290001A70EB695A7CA3881A4492B2012300F019
:10B2A000C8FEEB69A2885B7C1344984206D07246C4
:10B2B0004FF4C0714AF2FC70DDF770FB034838BDF3
:10B2C000886700206867002064670020C5AF02001F
:10B2D000034B1878003818BF01204042704700BF68
:10B2E0003966002037B5154D044601222868002133
:10B2F00000F0ABFE124B94F8240000221A70114BA0
:10B3000094F820201A70104B628B5A80E2695A60C0
:10B3100000F08CF90D4A28680023CDE9002300F0E5
:10B3200013FE48B172464FF4D1714AF2FC7003B07B
:10B33000BDE83040DDF732BB03B030BD64670020AC
:10B3400038660020886700209C670020488D010037
:10B3500008B5054BDB69D97A044B0022186800F068
:10B36000CDFA034B187008BD6867002064670020A1
:10B3700038660020062811D005D8032807D00528F4
:10B3800009D0002070470F28FBD1074B07E0074B7F
:10B390005879C0B27047054B1879FAE7044B187812
:10B3A000003818BF0120704739660020A4670020CC
:10B3B0003866002010B5114B9B7A0371104B1B6847
:10B3C0000360104B5A7982B91B798BB90E4B1B78ED
:10B3D0008BB90E4B1B7803F0FF0463B942790C491B
:10B3E000806809F0E9FA204610BD6FF00200FBE723
:10B3F0006FF00300F8E74FF0FF30F5E78C670020AF
:10B4000060670020A46700203966002038660020AD
:10B410001F21002013B5134C1349206800F092FD42
:10B4200030B1724640F207214AF2FC70DDF7B6FAFD
:10B4300000220023CDE9002320680C4A002300F0FD
:10B4400083FD30B1724640F20E214AF2FC70DDF706
:10B45000A5FAFFF77DFF2068012100F05FFA0020C8
:10B4600002B010BD64670020925B0300488D0100AC
:10B47000FFF7BCBD08B5FFF7B9FD7F2808BF6FF027
:10B480007F0008BD704700002DE9F043DFF894818C
:10B49000064685B012201D461446DDF773FCD8F829
:10B4A0000030B342074605D07246A42145F2F3208E
:10B4B000DDF774FA610604F040030DD5DCF75CFE9D
:10B4C000524BA0F539701860FFF7B6FB384605B04F
:10B4D000BDE8F043DDF756BC4D48204050EA03027A
:10B4E00000F08A80E40844EA457484F00104494D80
:10B4F000494E04F001042C712A7902F0FF04002A5D
:10B5000073D1DFF82491D8F8000003214A4600F0F7
:10B5100096FD0128014666D9032864D099F80030C9
:10B52000063B012B5FD83246D8F8000000F08BFDB7
:10B530003A4A96F90A30D26992F912209B1A03EA24
:10B54000E3736FF07E029342B8BF1346B37230B11B
:10B550007246602145F2F320DDF720FA012499F8C4
:10B560000020063A2346544254412B712B79FBB9F3
:10B57000F4B9DFF8B4902A4BB9F802105A88914216
:10B5800035D85B68D9F80810B9F80420184609F0D6
:10B5900013FAD9F80C10034641B1B9F80400B9F810
:10B5A0000220121A92B2184409F006FA00232B71F5
:10B5B000D8F800006C710122002100F046FD2B79C3
:10B5C000BBB96B79002B14BF6FF0020300238DF819
:10B5D00004300E4B1B680293B37A8DF80C3001A82F
:10B5E000FFF73EFB72E70123BFE71C46BEE70123DE
:10B5F000DDE76FF00203EAE704F0AA4405F0220554
:10B6000054EA05033FF462AFEAE700BF6067002039
:10B61000088D0100A46700208C6700206867002067
:10B620009C670020646700204C6700207047000082
:10B6300000487047945B03007047000001480021F8
:10B6400000F0D2B87816002070B51C4C1C4DE36990
:10B6500028680021197000F074F928B17246202181
:10B6600044F6C370DDF79AF9286800F0D8FC28B1D9
:10B670007246232144F6C370DDF790F9114B286818
:10B680001968002200F0FEFB064628B97246282100
:10B6900044F6C370DDF782F92868314600F008FAF5
:10B6A00028B17246292144F6C370DDF777F9642387
:10B6B000C4E90033C4E9023370BD00BF68670020ED
:10B6C000646700208C1600201FB50A4BDB691A89BD
:10B6D000DA7258B1DB68029300230393064B1822F9
:10B6E00018688DF8042001A900F067FC05B05DF82A
:10B6F00004FB00BF686700206467002007B5019065
:10B70000012000F058FC044B0199186803B05DF863
:10B7100004EB00F03FBC00BF6467002000207047CE
:10B7200000207047704700001046044A1368591EF5
:10B73000033102D800211160184770479416002089
:10B74000022070470020704701207047002070479A
:10B75000034B1868034B002808BF1846704700BF0A
:10B76000B0670020845E0300014800F0BBBC00BF4E
:10B77000B4670020014800F0C8BC00BFB4670020D7
:10B780000148002100F0E3BCB467002013B50A4C67
:10B790000229226005D1094800F0A4FC002002B073
:10B7A00010BD00930A46064B0146044800F07DFC9C
:10B7B000002818BF0220F2E794160020B46700208A
:10B7C00029B7020008B5064B1B68013305D0FFF707
:10B7D000D1FF80F00100C0B208BD0020FCE700BF2F
:10B7E0009416002000207047F8B50D4610B90024CB
:10B7F0002046F8BD0E4F3E68002EF8D100F0CCF880
:10B8000004460028F3D0386000F0FAF8204600F033
:10B81000ECF838B130463E6000F0F2F8204600F017
:10B82000DFF8E4E7002DE3D02046A847E0E700BFBB
:10B83000AC6700200846114600F0FAB8F8B50A4F88
:10B840000C4601217B680846164698473146054656
:10B85000204605F0C1FA04461DB17B680021012095
:10B8600098472046F8BD00BFA416002010B5044636
:10B87000FFF76EFF0B4B1B1A58425841A04209D0EC
:10B88000094B1B6843B9094A064B002C08BF1346F5
:10B89000074A1360012010BD04F062FD0028F2D0B9
:10B8A0000020F8E75C5E0300AC670020845E0300C4
:10B8B000B067002037B504460193FFF749FF45699B
:10B8C000019B2046AC4603B0BDE83040604710B550
:10B8D0000246FFF73DFFBDE8104083691046184758
:10B8E00010B505F00BFC044618B9034B01215B6849
:10B8F0009847204610BD00BFA416002010B500F0E8
:10B9000027FB044620B9034B01215B680846984792
:10B91000204610BDA416002005F0F6B94942FFF7F5
:10B92000FBBF37B50D464FF480310446019200F05D
:10B9300067FB019A2946204603B0BDE8304001F07C
:10B94000CABD13B50446019102F04CFCFF28024623
:10B9500006D00199204602B0BDE81040FFF7E1BFD4
:10B96000012002B010BD7047431E033306D8044BBC
:10B97000984228BF1846642838BF6420704700BF2B
:10B9800040420F00431E012B03D9031F5842584168
:10B990007047012070470000F8B50546DEF700FC4F
:10B9A0000E4B1E68074626B93846DEF7FDFB3446C7
:10B9B00010E0B46884B1237C9C46DB070CD495E886
:10B9C0000F004CF0010C84E80F0084F810C03846DA
:10B9D000DEF7EAFB2046F8BD3668E4E7981600205B
:10B9E0004FF4A472002109F00FB810B500210446ED
:10B9F000FFF798FE2046BDE8104005F097B900001B
:10BA000010B5044618B9054B054A136010BD04F083
:10BA100089FAD4F89430002BF6D1F4E767B9020024
:10BA20009C160020014B1868704700BFD0670020AB
:10BA300010B50C4604F086FA1CB104F0D9FA0128BE
:10BA4000FBD1034BBDE810405B6800210320184781
:10BA5000A416002008B502460868FFF785FF0860B5
:10BA60004868FFF781FF48608868FFF77DFF8860BE
:10BA7000C868FFF779FF0B69C860581C03D00B48F2
:10BA8000834228BF03460B614B69581C03D007480B
:10BA9000834228BF034688694B61FFF765FFBDE815
:10BAA00008408861104605F099B900BF40420F0078
:10BAB000D0F8880070B5C46800231C259C4201D1D1
:10BAC000012070BD826805FB0322D6898E4202D810
:10BAD000128A8A4201D20133F0E70020F1E7000028
:10BAE0002DE9F84FD0F88C3007460E4613B1038B82
:10BAF0008B4244D0D7F888B0BBF1000F42D0DBF8BE
:10BB00000830002B3ED0DBF80C20002A3AD0D7F8C2
:10BB10009CA0BAF1000F38D04FF000094D46C8463E
:10BB200001E0DBF80830C5EBC50403EB8404013504
:10BB3000E389B34214D8238AB342384610D3B4F908
:10BB40001220B7F924309342A0464EDD97F8D41066
:10BB5000DCF7E4FA7B7D8342814646D9DBF80C2092
:10BB60009542DED3B8F1000F27D000234246194694
:10BB70003846D0473E83C7F88C8087F8DD90002098
:10BB8000BDE8F88F0320BDE8F88FD14654465146F2
:10BB900047F6FF75C4EBC40803EB8808B8F80E300D
:10BBA000B34218D8B8F81030B34214D3B8F9122001
:10BBB000AA4204D14FF0FF09DCE70120E0E797F843
:10BBC000D4103846DCF7AAFA7B7D83428146414691
:10BBD000D0D9DBF80C200134A24202D9DBF80830BE
:10BBE000D8E70029E9D08846C4E7A046BDE700BFF2
:10BBF0002DE9F041D0F89C8082B004461E460D46E7
:10BC000017468DF80730B8F1000F2ED000220DF145
:10BC100007031146C0471A491A4A0D601A4BD4F857
:10BC2000881011602046D4F88C201A6004F00EFDB4
:10BC300005461FB9284602B0BDE8F081B0FA80F091
:10BC400040F20D323321400900F00CFA3146204613
:10BC500004F0B0FF0D4BD4F88C101B68054620464D
:10BC60009847284602B0BDE8F081417D90F8DD306C
:10BC7000994228BF1946324604F07DFCCBE700BF4D
:10BC8000CC670020D0670020D46700209C160020DD
:10BC90002DE9F04383B005460E4614461F4605F0D5
:10BCA00037FA05F05BFA00283CD1DFF81481D8F8A8
:10BCB00000301BB1D5F88820934220D004F098F9C9
:10BCC00001283FD1D8F80030002B37D01A68002A5D
:10BCD00034D0D5F8881009688A4245D0D5F88C3020
:10BCE0001A68284604F05AFF28BB01243B46224626
:10BCF0003146284603B0BDE8F043FFF779BF2D4B2E
:10BD00001B68002BDAD0D5F88C209342D6D12A4B71
:10BD10001B689E420CD004F06BF90128E6D04FF06E
:10BD2000010911E0234B00221A6005F00FFABCE76D
:10BD300007B124BB002003B0BDE8F083D5F88830FC
:10BD40001968CBE74FF00009012004F0FBF804F07C
:10BD50004FF90128FBD1194B00215B68032098475C
:10BD6000B9F1000FAED0C1E7124A1268A2B1116852
:10BD7000D5F88C2012689142B7D05968B1E7D5F850
:10BD80009C4001228DF8072054B100220DF10703D9
:10BD900011462846A047CDE7D5F88C201268ECE77D
:10BDA000697D95F8DD30994228BF1946284604F090
:10BDB000E2FBBFE7D4670020CC670020A416002078
:10BDC000D0670020F8B505460E46DEF7E9F93146A2
:10BDD00007462846FFF784FE044620B13846DEF7C2
:10BDE000E3F92046F8BD0346024631462846FFF7F0
:10BDF0004FFF04463846DEF7D7F92046F8BD00BFAE
:10BE0000F8B506460C4659B30B6843B11B680133BD
:10BE100026D0CB681BB18B68003B18BF01231846A6
:10BE2000CB22412100F01EF9204601F06FFB0023D8
:10BE300086F8E030C6E92243E7684FF6FF724FF01C
:10BE40001C0CD8B287420DD815460C4A002313604B
:10BE50000B4A294630461360FFF7B4FF2846F8BD69
:10BE60000023DCE7A1680CFB0011CD89954202D2CA
:10BE7000002DEAD02A460133E3E700BFD067002057
:10BE8000D4670020054B002A18BF1346044A1360EC
:10BE900009B1FFF7B5BF0846704700BF67B9020098
:10BEA0009C16002038B504460D4600200121FFF7FE
:10BEB000BFFD29462046BDE83840FFF783BF008B11
:10BEC0007047000040F60243838002220023827103
:10BED000437221B1C271044A026003727047C1719A
:10BEE00001600172704700BF6755A5150A7838B523
:10BEF00005461046FFF746FD60B14C782046FFF737
:10BF000041FD38B12243530704D42846BDE83840E8
:10BF100004F070BA012038BDFFF7E8BF10B5044641
:10BF20000878FFF72FFD58B14A781046FFF72AFD31
:10BF300030B1042A04D02046BDE8104004F092BA83
:10BF4000012010BDFFF7EABF03F0ACBF04F012B947
:10BF500038B504460D46FFF735FF28B92946204677
:10BF6000BDE8384004F0DAB838BD04F097B813B52E
:10BF700004460020019101F0C8FAD4F89C3033B98E
:10BF80000199204602B0BDE8104004F02ABB02200F
:10BF900002B010BD38B5044648880D4601F0B5FA28
:10BFA000D4F89C302BB929462046BDE8384004F02F
:10BFB000A1BA022038BD04F01ABA13B504460191A3
:10BFC00000F098FA30B90199204602B0BDE810405F
:10BFD00004F0DCBB022002B010BD38B505460C46AB
:10BFE000DEF7DEF8296BEB6A0C402343EB62DEF7E9
:10BFF000DBF800200CB9002138BD4FF40071FBE7DD
:10C0000038B504460D46DEF7CBF8216B0D40E16AEA
:10C0100021EA0505E562DEF7C7F8284638BD10B508
:10C0200001210446FFF7ECFF2046BDE8104004F074
:10C03000D9B904F015B804F059BD04F073BD084631
:10C04000114600F0D1BC04F03DBD38B5044615469C
:10C0500009B104F084FD25B12046BDE8384004F064
:10C0600081BD38BD08B550B90548064B01601A605E
:10C07000054B1A68054B1A601868DCF76BF808BDA9
:10C08000A016002020690020AC6700202469002051
:10C0900010B5044600F066F920B92046BDE810400E
:10C0A00000F034B910BD04F032BE70B586B01E4643
:10C0B000CDE904210446DEF77AF805462046FFF76D
:10C0C000E7FF0A9B02930023CDE90063DDE9042129
:10C0D000204600F079F904462846DEF76CF8204641
:10C0E00006B070BD38B50446DEF761F80546204657
:10C0F000FFF7CEFF204600F045F904462846DEF75C
:10C100005AF8B4FA84F0400938BD38B50446DEF771
:10C110004EF805462046FFF7BBFF204600F0A0F989
:10C1200004462846DEF747F8204638BD38B50446B1
:10C13000DEF73DF805462046FFF7AAFF204600F04F
:10C1400095F904462846DEF736F8204638BD37B55F
:10C1500004460191DEF72BF805462046FFF798FFCD
:10C160000199204600F08AF904462846DEF723F8B4
:10C17000204603B030BD0000054B1B680BB91846C4
:10C180007047834201D01B69F8E70120704700BF68
:10C1900028690020094A13680BB918467047834282
:10C1A00007D11B691360064A1368013B1360012025
:10C1B000704703F110021B69EEE700BF28690020F9
:10C1C0002C6900202DE9F84FDFF83481DFF8349135
:10C1D0002DED028B0546DDF7EAFF98F8007008EEBA
:10C1E000100A01233FB189F80030BDEC028BBDE895
:10C1F000F84FDDF7E0BF404E88F8003089F8007056
:10C2000000F076F908B100F071F934683B495CB987
:10C21000DFF8F4A0A346DAF8002033685A4533D893
:10C2200036484FF0FF3143E0637D8BB12368AB426A
:10C2300002D05A1B8A420BD9626813442360A36858
:10C24000003A18BF0122003B18BF01236275A37595
:10C250002469DCE792F816C0BCF1000F05D092F813
:10C2600014C08C459CBF614610461269002AF1D16A
:10C270000028D5D0D0E9011C03688275591AC2681C
:10C28000E0470BF1010BC6E700201A46FF21EDE75E
:10C290005A7D62B11A68AA4207D0521B824204D862
:10C2A000914204D311461C4601E01C4600211B6943
:10C2B000002BEDD15CB12046FFF76CFF38B133683D
:10C2C0002361DAF8003034600133CAF80030336893
:10C2D0005C7D1CB1186800F0F9F8044600F0F4F831
:10C2E0000546002C8AD199F80030002B86D118EE33
:10C2F000100A88F8004078E728690020FCFFFFBF9B
:10C3000030690020316900202C69002038B50546CD
:10C3100008B31822002108F077FBDDF748FF02463A
:10C320002846FFF729FF20B11046DDF744FF022021
:10C3300038BD0A4B1C6854B909491D600B682C6153
:10C34000013310460B60DDF736FF2046F0E704F1BD
:10C3500010032469EFE70120EAE700BF2869002005
:10C360002C690020FFF708BF10B5DDF720FF044659
:10C3700000F0AAF8FFF726FF2046BDE81040DDF7E1
:10C380001ABF000038B50446FFF7F6FEDDF70FFFD1
:10C3900005462046FFF7F0FE637D23B92846DDF70A
:10C3A0000AFF032038BD00236375064B1B68A342B8
:10C3B00003D100F089F8FFF705FF2846DDF7FBFE03
:10C3C0000020EFE7286900202DE9F84FDDF82890DC
:10C3D000DDF830B0984604460D46FFF7CDFE924694
:10C3E000DDF7E5FE074600F06FF806462046FFF74A
:10C3F000C3FE637D23B12046FFF7C4FF0023A3756E
:10C40000BAF1010F0FD155EA08030BD1B9F1000FB2
:10C4100003D05A4631462046C8473846DDF7CBFEA2
:10C4200000200AE03544B54203D00C4BAA1B9A42C7
:10C4300005D93846DDF7BFFE0120BDE8F88F01239E
:10C4400063759DF82C30C4F80890C4E90058237532
:10C45000C4F80CB03046FFF7B5FEDEE7FCFFFFBFC7
:10C4600008B50246FFF788FE507D08BD08B50246B4
:10C47000FFF782FE507D80F0010008BD2DE9F041FC
:10C4800006468846FFF778FEDDF791FE37680546D9
:10C4900000F01AF8737D7BB187420DD0094B3C1A2E
:10C4A0009C4209D82846DDF786FEB8F1010F18BF77
:10C4B0003C462046BDE8F0812846DDF77CFE00249E
:10C4C000F7E700BFFCFFFFBF04F021BC08B5002365
:10C4D0001946044A03F0E8FE032896BF024B0320E6
:10C4E000185C08BD69C30200B85E030003F0BCBE5F
:10C4F00003F036BF807C003818BF01207047002051
:10C500007047002070472DE9F74F06681C4606F07B
:10C5100007069DF830300193B31D01269E40054665
:10C52000174606F1FF380B46A1B1416804EA080B33
:10C53000A6EB0B0A41F00059524509EB0B0118D943
:10C540005246184608F038FABA1B5A444946504435
:10C5500008F032FA019B4BB13C4448EA06063440ED
:10C56000EC60AB68A3421CBF0223AB6203B0BDE822
:10C57000F08F1846ECE700000D4BD3F8E020D20313
:10C5800014D50C494FF48032C3F8E820C1F8EC20F0
:10C590009A6BD1B2C2F3072299679A6704229A670D
:10C5A00000229A679A679A679A679A67704700BFEE
:10C5B000001008400010084638B50C4C226060603E
:10C5C0000D46DDF7EDFDD4F8E0305B0758BF0423DE
:10C5D0004FF00102A262A56058BFC4F8E830DDF751
:10C5E000E3FD0DB10223A36238BD00BF0010084077
:10C5F000044B1860044B40F6FF72196358635A6588
:10C60000704700BF34690020001008402DE9F04F4A
:10C61000042A83B005463AD90B7883614B7883614D
:10C620008B788361CB7883610068D5F808B06E6839
:10C6300000F007004FF00108063008FA00F808F192
:10C64000FF3909EA0B07A2F1040AA8EB0702924599
:10C6500001F1040446F000560DD8F0192146524667
:10C6600008F0AAF90AEB0B0348EA09021340AB6091
:10C6700003B0BDE8F08F2146F019019208F09CF953
:10C68000019AA118AAEB080230463A44E8E7013AB9
:10C69000032AEDD8DFE802F00B08050211F8013B90
:10C6A000836111F8013BAB6111F8013BAB610B7881
:10C6B000AB6103B0BDE8F08F37B500250095144697
:10C6C000FFF721FF204603B030BD026802F00702E9
:10C6D000063201239340026AC2F30C028A4210B56B
:10C6E00084BF4468C26803F1FF339BB283BF8918DB
:10C6F00044F000500B404FF0FF3088BFC05C10BDCD
:10C70000402938B514464FF001020DD8084DC5F840
:10C71000B8200A4601460748FFF778FF34B10423E2
:10C72000C5F8B830002038BD1046FCE72046FAE7CF
:10C73000001008409010084010B5DDF731FD1B4B8C
:10C740001B491C4C01229A65C3F888201A66596659
:10C750000721C3F884102180174C002121804FF459
:10C76000A024C3F8E84003F1C063C3F8EC40134BC6
:10C770001960134BD3F888305C0213D5114B124962
:10C780001B684FF48004C1F88840596B090609D42E
:10C7900093F8C6300D494FF400148C6113B10C4B63
:10C7A000C3F8F820BDE81040DDF7FEBC00100840DB
:10C7B00038690020BA690020B8690020BC690020EF
:10C7C00000400840AC670020004008440060084476
:10C7D000006008460D4B07221A800D4B00221A807C
:10C7E0000C4BC3F890204FF40052C3F89400C3F8E8
:10C7F000B420094AF021116402F10072A0211164F1
:10C800000122C3F8B820FFF797BF00BFBA69002024
:10C81000B869002000100840000008442DE9F041EC
:10C820000446A0B1404E414FDDF7BAFC3188404B81
:10C8300001F07802032C054601F07F0E1A4460D106
:10C84000D7F800C0BCF1000F03D1DDF7ADFC032029
:10C8500055E02CF00104386820F00100A04255D1C9
:10C8600000233B6023886FEA43436FEA53439442BB
:10C87000238040D12F4FDFF8D8C03B88ACF180082F
:10C88000CC18083B9BB202F10801E01A614528BFB1
:10C890004146082B80B204D9B1F900E0BEF1000F87
:10C8A0003FDB9478128824493B80C2F30C02C0B26B
:10C8B000CA6304F007043080C866C1F88430FFF70B
:10C8C0005BFE042C17D11D4B1D4AD3F888301D4B3D
:10C8D0004FF480011B68C2F888105A6B12060AD404
:10C8E00093F8C630184A4FF4001191611BB1174BF1
:10C8F0000122C3F8F8202846DDF756FC0020BDE8E9
:10C90000F081601E012898BF1446A4E709487344CB
:10C910000088E31A48BF803308389842A2DC2846D2
:10C9200093E70A46ADE700BFB8690020BC69002064
:10C9300038690020BA690020001008400040084013
:10C9400000400844AC6700200060084400600846CE
:10C95000B86900200E480F4A038812880E491A440D
:10C96000073A02F078020A4408339BB203809078B9
:10C970000A4900F007000428C1F8843004D101F509
:10C9800040514B681B03FCD4054B1A60704700BF35
:10C99000BA690020B86900203869002000100840FA
:10C9A000BC69002010B5054C206828B1C30701D42C
:10C9B000FFF734FF0023236010BD00BFBC690020D7
:10C9C000084B4FF48032C3F8EC2003F17C43C3F8EA
:10C9D000E420D3F88030C3F30C03782B01D8FFF7A1
:10C9E000CBBD7047001008442DE9F04705460E46C0
:10C9F000DDF7D6FB534B544C1A888146534802F05E
:10CA00007801032D078802F07F03214417D1504895
:10CA100005688DB9D519073D05F0780525442344EF
:10CA2000EB1A48BF8033BB4210DB4846DDF7BCFB46
:10CA300000252846BDE8F08725F00105EFE7012D28
:10CA400002D0022DEBD1083F0D46E8E7002E48D07A
:10CA50008D424AD13F4AD76BBFB23E490A6B02F0C2
:10CA6000070A0AF106024FF0010A0AFA02FAD1F89F
:10CA70008020C2F30C029A421FFA8AF847DDB5F90A
:10CA800000302C88002BD0DBAB78C4F30C0408F109
:10CA9000FF3203F00703E41B48EA02021440052BAF
:10CAA0003370A4B22BD824B2E04340F2BB3204214D
:10CAB000C00FFFF7D7FA7480EB78337408F1FF33B7
:10CAC0001F40254B1B68DA19B260A2B217FA84F432
:10CAD0005445CBBFA8EB07080023A6F80480B2801A
:10CAE000F3604846DDF760FBA3E7A5F10802A24228
:10CAF00038BF05F178021788C7F30C07ADE7174B6D
:10CB0000DB6C002B0CBF00230623E41ACBE78B6BF6
:10CB1000134A08F1FF34DB1B48EA04041C40A1B2AD
:10CB2000536824B259B9C3F30363032B0CBF082322
:10CB300000233370D2F8903071801B0ABDE70823C0
:10CB4000F7E700BFB869002038690020BA69002003
:10CB5000BC69002000100840346900200000084033
:10CB60000040084000284FD00378112B4CD92B4BA4
:10CB700042781A7082785A70C2789A700279DA70A4
:10CB800042791A718279003A18BF01225A71C2792A
:10CB9000003A18BF01229A71027A003A18BF0122A6
:10CBA000DA71427A1A721E4A002111700278172A2D
:10CBB0001BD9827C521A18BF01225A72C27C9A7207
:10CBC000027DDA72B0F815209A81B0F81720DA8168
:10CBD000427C1A740278182A84BF417E59744FF03F
:10CBE000000298BF5A7410467047827A003A18BF04
:10CBF00001225A72C27A9A72027BDA72B0F80D2060
:10CC00009A81B0F80F20E2E7064AD2F83C311B0CBB
:10CC10001B04C2F83C310120704700BFC2690020EC
:10CC2000C0690020004008400346032823D8DFE8FD
:10CC300000F00213171B114A137A012B02D150790D
:10CC4000A8B97047022B02D1907980B97047032BA5
:10CC500011D1D07958B97047084A507938B970471E
:10CC6000064A907918B97047044AD07920B1044A2D
:10CC70000120137070470020704700BFC269002078
:10CC8000C069002008B503490878FFF7CDFF087890
:10CC900008BD00BFC0690020431C08D00449D1F87A
:10CCA0003C311B0C1B0480B20343C1F83C3170477C
:10CCB000004008402DE9F041FFF73EFD3C4B3D4E62
:10CCC0001C683D4B3D4F1A6E3D4A1B6B1568DFF8E3
:10CCD0000C810121084640F22322FFF7C3F9394BAA
:10CCE000D3F810212260D3F8F82062607269A26044
:10CCF000B26AE260B26C2261F26C6261B26FA261F0
:10CD0000D7F88020E261BA692262D8F80420626212
:10CD1000D3F81821A262D3F81C21E262D3F82021B3
:10CD20002263D3F824216263D3F85021A263D7F899
:10CD3000B820E263033525F003059B6B2B60B369D4
:10CD40006B60D7F88430AB6001F01EFDE860D8F866
:10CD50007C301D4C2B61D4F8B43E6B611B4B9B6B3C
:10CD6000AB61002001F0B4F90023C7F88430184B00
:10CD70004FF40072C3F88820D4F8B43E23F4006363
:10CD8000C4F8B43E2023C7F81032124B01221A64B3
:10CD900003F580434022DA600F4BB2691B7C1B0213
:10CDA00003F4706322F470621343B361BDE8F08151
:10CDB000BC5E03000070084000100840006008409E
:10CDC0003469002000400840001000210030084075
:10CDD0000040084400000846C269002000000840E6
:10CDE00013B5044601F0D6FC104B1B6B13F4801FE7
:10CDF0004FEA400314BFE31A1B190024CDE90034A5
:10CE00000B4B186801F0CCFC21468DF806006846F3
:10CE100001F044FD40B1074AD2F83C311B0C1B0421
:10CE2000C2F83C314FF0FF3002B010BD0030084076
:10CE3000AC670020004008400C4B4FF4001210B5C6
:10CE40009A6103F17E430122094CC3F8F82063681C
:10CE500013F0706FFBD1FFF76FFC064B08221A60CE
:10CE60006368C3F30363022BFAD110BD0060084668
:10CE700000400840004008460B4BFF2210B51A60E6
:10CE8000DDF78EF90E210446032001F0D9FA074B95
:10CE900040F201225A622046DDF786F9044A5368BF
:10CEA00013F0706FFBD110BD004008440000084033
:10CEB000004008400A4A0B4B916A0B4043F0804304
:10CEC00043F418439362084B4FF480025A61A3F570
:10CED00040534FF40022C3F81021C3F8F8207047E4
:10CEE00000700840FF01108000700846694A936C8A
:10CEF00023F47F5323F03F0343F4605343F03E0396
:10CF000073B59364D36C644C644D654E1B0D1B0567
:10CF100043F4165343F03C03D364936F03F07F4311
:10CF200043F4DB0343F490639367936A23F0BF03F6
:10CF300043F0A70393625B4B4FF480025A615A4B54
:10CF40000022C3F8802003F180634FF4E0729A61FD
:10CF500003F100734FF480729A61544A536823F0CE
:10CF6000070343F005035360514A4FF40023C2F80E
:10CF70001031D4F8183123F0404343F08043C4F813
:10CF800018314FF44043C2F81C31C5F81C31D4F8B5
:10CF90002011484B0B4043F4886343F00503C4F869
:10CFA0002031D4F8243123F0370343F02003C4F8B0
:10CFB0002431D4F8243123F4472323F4E06343F4E9
:10CFC000042343F4A063C4F824314FF4F873C2F887
:10CFD00050310823C5F818314FF48033C5F81031AB
:10CFE000142001F069F8D4F8183123F47F5343F08A
:10CFF0004003C4F818314FF40033C5F81031142041
:10D0000001F05AF8D4F81831334043F0807343F4F8
:10D010008043C4F81831142001F04EF84FF48023F7
:10D02000C5F81031142001F047F80923AB63224DF5
:10D03000142001F041F8687CC8B101AA694600F0EB
:10D0400051FBD4F81821019922F47F5242EA81124F
:10D05000C4F81821D4F81831009A334043EA8133D8
:10D0600043EA0263C4F81831142001F025F80E4A8F
:10D07000A978D2F8B830C3F3160343EA016343F446
:10D0800000031420C2F8B83002B0BDE8704001F0CF
:10D0900013B800BF00700840004008400040084638
:10D0A000FF3FC0E0007008460060084000000840F4
:10D0B0000040084432F33FFFC269002010B5044627
:10D0C000FFF7DAFEFFF7F6FD022C15D1114BD978E8
:10D0D000104A20465378127804F00AF9431C0DD008
:10D0E000FFF77EFE013009D0FFF7A6FE022C0BD120
:10D0F000FFF7E0FE002003E0032C02D04FF0FF30EA
:10D1000010BD044B1979E3E7032CF7D1FFF7EEFECE
:10D11000F0E700BFC26900202DE9F047054615F091
:10D12000800F18BF7F2511F0800F18BF7F210E2AB6
:10D13000BDF820709046184647D8254BDFF8A0A0D0
:10D14000D3F83C41234E24F4FE4424F07F0444EA07
:10D1500005252943C3F83C1100F0AEFF00254FF030
:10D16000010909FA08F92C46A846384600F0A4FF40
:10D170009AF8093083B91849F26B2023CB63B36363
:10D18000012302F020023364336B9B06FCD520237D
:10D19000C2B1124AB363D3639AF80B30434505D842
:10D1A0004FF0FF3001F05EF90135044408F1010849
:10D1B000C845DAD3002D08BF012594FBF5F000B275
:10D1C000BDE8F087CB63B363E6E747F6FF70F7E7A8
:10D1D0000040084000700840007008440070084695
:10D1E000C26900202DE9F04F85B00646BDF838A091
:10D1F0008946174605204FF0000847F6FF7BC0F12F
:10D2000040020546D0B2CDF800A003933A46B9F1EA
:10D21000000F21D03146FFF77FFF5845B8BFA84621
:10D2200005F10A05B8BF83462906039BE8B20FD56E
:10D23000A8F10504E4B2002547F6FF7B08F10508D4
:10D2400044450FD93F2D28D9284605B0BDE8F08FB9
:10D250003F28D4D90546D6E701463046DBE70146EC
:10D26000304610E02206EDD4A4B13F2C9ABFC4F1A1
:10D270004000C0B22046CDF800A003933A46B9F171
:10D28000000FECD03146FFF747FF039B5845BCBF6A
:10D29000254683460134E4B2D2E7C5F14005EDB23C
:10D2A000D2E70228F7B50D4616461F4617D1009360
:10D2B000002013460A460121FFF794FF33462A4611
:10D2C00000210097FFF78EFF009733462A46012181
:10D2D0000446FFF787FF44EA002003B0F0BD4FF09B
:10D2E000FF30FAE7344B73B51C68344B1D68FFF709
:10D2F000C3FD03F065FF324B2268C3F8102162685A
:10D30000C3F8F8202F4AA1685161E1689162216950
:10D3100091646169D164A16991672B49E069C1F8A1
:10D320008000206A88612948666A4660A06AC3F85E
:10D330001801E06AC3F81C01206BC3F82001606B80
:10D34000C3F82401A06BC3F85001033525F0030591
:10D35000E06BC1F8B800286898636B689361AB68AC
:10D36000C1F88430EB680093194B002418680194CD
:10D3700001F016FAAB698DF8060021466846ADF853
:10D38000043001F08BFA2B699B0702D0012000F0DA
:10D390009FFE104B6A69C3F8B42EFFF7CDF90E4B10
:10D3A00001221A6403F580434022DA60074B4FF0F4
:10D3B000FF329A6602B070BDBC5E03003469002083
:10D3C000004008400070084000600840000008402D
:10D3D000AC670020001000210000084408B501F0EF
:10D3E000D3F930B1044BD3F8C000431C00D080B255
:10D3F00008BD4FF0FF30FBE70081E00F2DE9F04161
:10D4000004460E461746984600F01EFE012C0546BF
:10D4100013D0A31E012B2ED82046FFF74FFE421C2F
:10D42000044607D0BDF81830424639463046FFF76B
:10D4300038FF0446FFF756FF04E0FFF7CFFF04462E
:10D44000FFF77AF900F000FE0C4B401B98423FBFFB
:10D450004FF47A72B0FBF2F04FF6FE72024028BF32
:10D460000022631C04D02046FFF716FC44EA024465
:10D470002046BDE8F0814FF0FF34E3E718FCE703F6
:10D4800007B5FFF7FFFBFF280AD0074AD3890093AF
:10D490009389927A0221FFF7B1FF03B05DF804FB94
:10D4A0004FF0FF30F9E700BFC269002010B5044615
:10D4B00008680A46FFF7F0FBD4F88C304BB15B6983
:10D4C0003BB11168013104BF6FF0010111601268B6
:10D4D0001A60002010BDD0F8903073B505460C4698
:10D4E000164623B11A6812B1D868FFF73BFBFFF765
:10D4F000C7FF3246019001A92846FFF7D7FF0CB1BC
:10D50000019B2360002002B070BD7047054BD3F82B
:10D51000B400431C14BFC0F3807001207422312179
:10D52000FEF7A0BD0081E00F38B50D46044600F0BF
:10D5300037FFAC4042F2107364095C436423B0FBD4
:10D54000F3F0B4FBF0F038BD034B1A689B8802601F
:10D5500083800020704700BFB21600200F4B0228C6
:10D56000D3F8883104D183F40010C0F340507047E1
:10D57000012805D113F4400F0CBF01200020704793
:10D5800050B9074AD2F8D40010F0010005D083F456
:10D590008000C0F3805070470020704700400E406C
:10D5A0000081E00F0B4B5B88B3F5E16F8BBF5A2313
:10D5B000C8235022782298428CBF172310230B7067
:10D5C000054B1B7823B1904294BF00200120704787
:10D5D00018467047B2160020B016002013B5234B32
:10D5E0001B78032B04463ED00DF10701FFF7DAFF4D
:10D5F0001E2C8CBF1E491F499DF807204FF00103C8
:10D600008CBF01240024C1F8083170B1194B4DF6CC
:10D610000171C3F80411120203F1007342F4404295
:10D62000C3F80421144BA3F8D420134991F8D8204F
:10D6300022F00102024322F0020242EA4402D3B283
:10D640000E4A81F8D83012786AB9B1F8D420A1F81E
:10D65000D62023F0040242EA800323F0080343EAC1
:10D66000C40381F8D83002B010BD00BFB21600204C
:10D670000040084600400844001F0021D6690020F1
:10D68000084B094AD3F88831DB4303F4FE1343F413
:10D690000053B3FA83F30E33A3EB4313013B137030
:10D6A000704700BF00400E40BA16002001280CD081
:10D6B000022802D020B100207047054B187870472F
:10D6C000034B18780430C0B270470720704700BF82
:10D6D000BA16002002289ABF014B185CFF20704741
:10D6E000C05E030030B51F23B0FBF3F35C1CE5B252
:10D6F000C3EB43134FF0FF34AC40C01AE443013096
:10D70000E4B2C0B21460086030BD00002DE9F743F8
:10D71000404E414F96F800901546404AD2F8C82036
:10D72000B9F1010F0446884607EA020706D147EA25
:10D73000006788F8000000232B6052E0384A127816
:10D74000904228BF1446002B14BF04230023234417
:10D750000B708CB3013CE4B24FF030632B606A462F
:10D76000204601A9FFF7BEFFDDE900302D4A98F8F9
:10D7700000C0127847EA006747EA833747F47F57CB
:10D7800047F00807D2B1284A2849B3FA83F3B9F120
:10D79000020F18BF0A46202BC3F11F0012D0135CE2
:10D7A000D9B22A6822F07F43BCF1000F0CD143F0BC
:10D7B000306343F00403BFE71D4BCFE7FF214FF079
:10D7C000FF30EEE7FF21ECE7013003D0481EC0B286
:10D7D000FD281BD922F07F4222F0040242F07F4252
:10D7E0002A607288B2F5E16F8CBF5A22C82227F4F2
:10D7F0007F57944227F008079ABF380A00F47F50F9
:10D8000043F6C870384303B0BDE8F08343EA0163D0
:10D81000CFE700BFB21600203F00C0E0001F00218C
:10D82000BA160020D9690020B083E00FB883E00F5A
:10D830000400000B73B50446C820FFF7CFFE2C4B45
:10D840002C4D1878032801D0FF2C03D1FF2028701D
:10D8500002B070BD01282CD1072C204628BF07201C
:10D8600001284FF0000301AA0DF1030138BF012088
:10D87000FFF74CFF0446204B204E019AC3F8582175
:10D88000C6F8C8409DF803002870FFF7A7FE019A6C
:10D89000130203F4E06343EA1263194AA6F8D03096
:10D8A00012781AB9C6F8CC40A6F8D2309DF8030019
:10D8B000CEE790B9042C14D803460646201A01AAD4
:10D8C0000DF10301C0B2FFF721FF4FF480030446BE
:10D8D0005EB10C4AC2F80831CDE700231E46184657
:10D8E000ECE701231E460420E8E7074AF2E700BF01
:10D8F000B2160020B116002000400840001F002191
:10D90000D6690020004008460040084408B500F0F1
:10D910007BFF094B094A002808BF1A46136823F405
:10D920007F115B0803F4FE130B431360044B4FF0AD
:10D930000072DA6108BD00BF18410840004108408C
:10D940000040084008B500F05FFF064B4FF400129E
:10D9500028B1C3F800214FF000621A6208BDC3F875
:10D960001821F8E700400844014B1868704700BFD1
:10D97000DC69002070B505460E46C0B201F00F010B
:10D98000FFF7D2FDC6F303110446C5F30720FFF7E6
:10D99000CBFDC6F303210444C5F30740FFF7C4FDE4
:10D9A000204470BD436C012B38BF01232DE9F047A3
:10D9B0009A46454B454F9B69454E464D03F4E073EF
:10D9C000A3F5C07280464448514251410268524515
:10D9D000424A0FD114788C420CD198F8D4C03C78CC
:10D9E000A44507D198F816C03478A44502D1A88878
:10D9F000BDE8F087B3F5C07FC0F800A011704AD130
:10DA0000D8F8904024B12368082B58D994F83840AE
:10DA10000F212046FFF788FDBAFA8AF3B0FA80F2A8
:10DA20009B1A002BC4BFC3F10F09D840264BD8BFA7
:10DA30004FF00F0982454FEA0440C3F8BC0003F1E0
:10DA4000806340F6FF7238BF09F1FF39C3F8B82090
:10DA500003F100734FEA0921C3F8B810FFF78AFFFA
:10DA6000A88000F09DFC09F01F094FF4FA7304FA36
:10DA700009F45C4341F66A03B0FBF3F0184BB4FBC6
:10DA8000F0F40A2044431C6098F8D4303B7098F8B6
:10DA900016303370ABE798F8D430022B06D1114B17
:10DAA0001B78002B14BFC8249624B1E7012B08D0A3
:10DAB0000C4B1B78002B14BFF024B424A8E70024DF
:10DAC000A6E73224A4E700BF00600840B916002092
:10DAD000B8160020B2160020AC160020D469002031
:10DAE000DC690020D9690020FF290DD00F4B1048B8
:10DAF000C3F850010B04090503F4E02301F0F871A9
:10DB000019430C4BC3F85011FF2A0DD0074B40F2BC
:10DB1000F711C3F85011130103F4F87302F0070270
:10DB20001A43044BC3F85021704700BF004008441B
:10DB30000000F70100400846F8B5134B134E1F686C
:10DB4000134D384600F02CFE3378C4B2A34201D105
:10DB50002B78A3B1092C13D80E4B012C195D05D1DC
:10DB60000D4B1B78012B01D141F0400101F00F0258
:10DB700038460909FFF7B8FF002334702B70F8BD51
:10DB80000024FA21F2E700BFAC670020D76900202B
:10DB9000D8690020C35E0300B216002070B50446A9
:10DBA00000F0A6FB142200213148324E06F02CFF73
:10DBB000314B25781A783149521B18BF01220A705F
:10DBC00022681A60C820A2889A80FFF707FDD6F85D
:10DBD000C8202B4B2B491340C6F8C8302A4BFF22D4
:10DBE0001A70D6F8C830294A23F08043022D23F05A
:10DBF00017031AD14FF4EE40C2F824014FF48A42C1
:10DC0000C1F82421012243F08043C1F82021194AA0
:10DC1000C2F8C8301D4B0322C3F85821FFF78CFF10
:10DC20001B4B01221A70002070BD012D4FF0070020
:10DC30000ED1C2F80C010620C1F80C011549C2F83A
:10DC400008114FF4404143F00303C2F80411DEE72A
:10DC5000C2F80C010520C1F80C01C020C2F808016F
:10DC600043F08043812243F00403C1F80821CEE74A
:10DC7000C81F0021001F0021B2160020D869002013
:10DC80003F00C0E000400846B116002000400844B4
:10DC9000D5690020C1004000014B1870704700BFDB
:10DCA000D96900202DE9F0472D4C2E4B236000F060
:10DCB00077FB4FF4FA7307464FF47A76B0FBF6F62B
:10DCC00029482A4A7343190E1B02181841F1000112
:10DCD000002306F029FFA0F580730546A36220B952
:10DCE0005F222B21FEF7BEF901254FF47A726A43B9
:10DCF0004FF0000A53465008310206F015FF1C4B46
:10DD000019601C4BB7F57A7F4FEA056889460446CF
:10DD100018604FEA152505D26F222B215046FEF7D9
:10DD2000A1F901264FF47A71A8FB01087308C01805
:10DD300001FB05814FF0000341F10001324606F07E
:10DD4000F3FE0D4B023419600C4B49F10009A40895
:10DD5000186044EA8974024B013C1C63BDE8F087FB
:10DD6000005008400211010020A1070040420F00AE
:10DD7000F4690020F0690020EC690020E8690020C7
:10DD8000044B4FF00052C3F880211A60024B01226D
:10DD90005A60704700E100E000500840054B020166
:10DDA000134401221A604FF4807303FA00F0024B0F
:10DDB0005866704700510844005008402DE9F0476C
:10DDC0001446054688461E46DCF7EAF9022C00F0A8
:10DDD000AD800746DCF7EBF9664B6749674AD3F835
:10DDE000189091F815A0D2F8882B5FFA8AFA002AC9
:10DDF00040F0A180DCF7DFF9614B624A1B681068D4
:10DE0000A3FB09314FEA8A7213F1004300FB092298
:10DE100042EB0102D8F80010012C04BF013189182F
:10DE2000A2EB010208BFC8F80010B2F1804F0AF05F
:10DE3000030AC0F08580544BD3F800E0534BD3F86D
:10DE400000804C4B21F04040D3F830C08A0F0023B3
:10DE50004FF00041EEFB001308FB0033634581BF28
:10DE600001320CF1010CA3EB0C0302F00302A2EB54
:10DE70000A02994588BF3F49DFF82CC184BF096B6E
:10DE800002F1FF3202F003020CF80520A3EB0900B7
:10DE9000A2B1F10742BF3E4A41F61F71D166B207F7
:10DEA00042BF3B4A3B49D166710742BF314A00211C
:10DEB0001167320742BF2F4A002111652D4A05F133
:10DEC000100102EB051E0901CEF80C31112353504D
:10DED0009369D16DA3EB0909814526D34FF4807373
:10DEE000AB40194221D11CF80510002937D1002C74
:10DEF00038D0F007136608D5254B274941F61F7225
:10DF000040F20110DA66C866DA66B10706D5204B22
:10DF10002149204A2148DA66C866DA66720742BF9C
:10DF20001F4B01229A60330710D43846DCF73CF9C6
:10DF30000120BDE8F087D3F818900AF1010A59E7EB
:10DF40003846DCF731F90020BDE8F087212000F0E9
:10DF50003BF9084B4FF480325A603846E6E71366C7
:10DF60003846E3E70F492D01294401250D60384665
:10DF70005366E6E700500840346A002000000A4378
:10DF8000E8690020EC690020F0690020F4690020B5
:10DF90000050084400001F1F005008460000010107
:10DFA0000040084000510844E06900201030034B55
:10DFB0000001185800F00100704700BF00500840F1
:10DFC0001030044B01F46001000141F003011950CD
:10DFD000704700BF0050084038B5DCF7E8F8084A41
:10DFE000084B9D69547D084AD2F8882BE4B20AB1E7
:10DFF0009D690134DCF7DFF8284604F0030138BDE1
:10E00000346A00200050084000000A4308B522206E
:10E0100000F0DAF8024B4FF480225A6008BD00BFCE
:10E0200000500840064B1B68434303EB8171054BCE
:10E030001B68A3FB003013F1004341EB0000704765
:10E04000EC690020E869002008B5FFF7C5FFBDE8CE
:10E050000840FFF7E7BF10B50446FFF7BDFF844255
:10E0600088BF01F1FF31204601F00301BDE81040F7
:10E07000FFF7D8BF0D4A10B5146820F040430146A1
:10E080004FF000420020E4FB0320094A126802FB23
:10E090000300084B1B6B98424FEA917104D901337E
:10E0A0000131C01A01F0030110BD00BFF06900206A
:10E0B000F46900200050084038B50446FFF7C4FF5B
:10E0C0000546FFF7C1FF431BA342FAD338BD00004A
:10E0D00038B5354B354C08220546C3F8C8203448BE
:10E0E0000121DBF799F8334B1D702378013B012B9D
:10E0F0000CD8237CE07B01229A400C21302313FBB7
:10E10000001303F1884303F520431A602A4B0022D1
:10E110005A67002D41D06368002B34D000F040F9DD
:10E12000626800EB5203B3FBF2F3013B1B0243F0C6
:10E13000F8032278022A28D0032A2AD0012A2FD1D4
:10E1400043F0020307221D494FF6FF70C86701F133
:10E150000071CB67184B5A6753070CD5237CE07BC3
:10E1600001229A400C21302313FB001303F18C434E
:10E1700003F520431A604FF080439DB1104AC2F866
:10E180009430002038BDF823D3E743F00103052283
:10E19000D9E743F005030122D5E72A46F823D2E761
:10E1A0000022D0E7074AEAE700400E46FC6900205B
:10E1B00000350A00F869002000000840000008440B
:10E1C0000040084600400844044BD3F89430002B2C
:10E1D000BCBF034BC3F88000704700BF004008403D
:10E1E000000008400020704708B5064B06491A6831
:10E1F0004FF00450920006F0DFFBBDE8084000F04D
:10E20000A7BB00BF207D0300FC5E0300C0F30062DB
:10E21000034B33F8123080B240EA0340704700BF2E
:10E22000CE5E030007B501A8DBF7C8FF134B144A05
:10E23000C3F8442148F2E672C3F838214FF408626B
:10E24000C3F834210F4AC3F8A0200F4A4AF63F41D1
:10E25000916002F580424FF0C07191620022C3F8D4
:10E26000FC200A4AC3F89C20094B7F225A6203F122
:10E27000007323225A6203B05DF804FB004008409B
:10E28000C0E653517A27000F00300840806D6303C9
:10E2900000300844114B002210B5C3F88820C3F8A1
:10E2A0008C20C3F890200E4A4FF4007151620D4A41
:10E2B0000121D1605A6812F0706FFBD14FF0045207
:10E2C000DA67012402F5FD52C3F880401A66064B56
:10E2D0001B689847054BDC6010BD00BF004008403C
:10E2E0000000084000400846BC16002000400844DA
:10E2F000034BFD22C3F8C8200122C3F8CC2070478D
:10E3000000400E4638B5FFF7F3FF1B4B1B481C4C73
:10E310001C490222C3F8C8201B4B1A6842B102EA0A
:10E320000005A54204BF5D68156008338B42F4D137
:10E33000164B174C0222C3F8C820164BD4F83C21C8
:10E340001A60FFF76FFF144B0322C3F8D820134B5A
:10E35000C4F8943004F1C0640123C4F8943000F090
:10E36000EFFA4FF46073E3604FF04073C4F8F83095
:10E37000C4F8103138BD00BF00400E460000FFFF5A
:10E3800000000840B081E00F0080E00F00400E4424
:10E3900000400840C0160020006008460008F00059
:10E3A00008B5DBF79FFF044BD3F81031C3F3082304
:10E3B0000133B0FBF3F008BD00400E4070B50446D9
:10E3C00018B1012521684B1C00D170BD0846FFF72C
:10E3D0001DFF0E0C16F0FE0F03460ED0F6B2B20073
:10E3E000214600EB8606B34251F8040F02D1131DFB
:10E3F0001C44E7E743F8040BF5E7090F60680834AD
:10E400000729DFD8DFE801F00A0408110C0F141700
:10E41000C04303F1806301E01A6850401860D1E7FF
:10E42000FFF74AFECEE705FA00F003F1C063F5E717
:10E4300005FA00F0EDE71A6830EA0202FBD1C1E705
:10E44000064B5B68C3F30363984206D10448436BF1
:10E4500023F0F00242EA0112426370470040084094
:10E46000001F00212DE9F84F0546FFF7EDFDDFF80D
:10E47000A0B080460026DBF793FE224B5968C1F31B
:10E4800003639F1E012B8246FFB228D0052B28D0A4
:10E49000A3F10B01D1F1000949EB0109012F22D8A9
:10E4A000194B9968C1F389140A0448BF44EA0B0464
:10E4B00024B26B1C03D0FFF7C7FDA0EB0806504643
:10E4C000DBF772FE14F5007F14D1012F02D9B9F1E8
:10E4D000000F01D0AE42CED32046BDE8F88F99465A
:10E4E000DCE74FF00109094CE3E7512CA8BF4FF4DA
:10E4F000FE74F1E7C83C24B214F5007FF5DC6FF43C
:10E50000FF74E9E7004008400070084000FEFFFF8C
:10E5100000FCFFFF10F1800F04D04D28DABF32302D
:10E5200040B27F20044BFF229A6103F10073C0B216
:10E5300098610020704700BF00700844084910B57A
:10E54000D1F8703140B11C464A68D1F870319C4214
:10E55000F9D1C2F30362027003F00F0010BD00BFD7
:10E560000040084010B5DBF71BFE084B1B68044653
:10E570003BB1984728B1002200204FF4806100F0A1
:10E5800005FB2046BDE81040DBF70EBE106A0020F8
:10E590002DE9F0411F4DDFF89080069FA2FB036C30
:10E5A00075196CF1000E0024A84574EB0E0507D216
:10E5B0004FF4B2720E212046FDF754FD02201BE0FD
:10E5C0000029FBD0C0F3130001EB5305B5FBF3F3B7
:10E5D000A3FB0030DB0C43EA40330F4803600F4BD2
:10E5E0001A600F4B994209D10E4BA6FB036103FB46
:10E5F0000C11890939602046BDE8F0814FEACC4C06
:10E600000A462346F0044CEA563106F08DFA38608B
:10E61000F1E700BF00C9E876146A0020186A0020FC
:10E6200000F049020A3BB2DF0046C32338B5164D5D
:10E630002B780C4623B9154B1B6D03F03F032B7051
:10E64000134BD3F894305B061CD540F24D53114A5E
:10E65000B0FBF2F25343A3F546400C38504300F5AB
:10E66000C91000F5556028B94FF445722B21FDF70C
:10E67000F9FC01202B78084A5343B3FBF0F02060EB
:10E68000002038BD0220FCE71F6A0020003008404F
:10E690000040084000366E01809698002F4B70B500
:10E6A0001C682F4B2F4E1D6B2F4B1B68ED0254BF68
:10E6B000E31A1B192D4CB3FA83F5B3F1804F88BFD1
:10E6C0002646D5F102052A4C54BFEB400025A34253
:10E6D00088BF5B0803EB5604B4FBF6F4254E88BFF5
:10E6E0000135B34204F1FF3434BF0026012644EA69
:10E6F000862444EA05340C6050B3B3FBF0F1642483
:10E7000000FB11336343984288BF01F1FF314B088E
:10E71000581E072801F1FF334FEA530119D80F2B78
:10E7200017D8C0B9012B94BF00230123124C2370CA
:10E73000124C0625C4F8945033B1114B1B781BB111
:10E74000104B0224C3F894400B0243EA00131360F9
:10E7500070BD0023EAE70123E8E700BF186A002044
:10E7600000300840E0673500146A0020C0CF6A001E
:10E770003FBE4025401B5F131D6A00200040084437
:10E780001E6A002000400846014B1868704700BF11
:10E79000186A0020014B1868704700BF146A0020F7
:10E7A000084B5B6B03F00700C3F3C20213F0380F92
:10E7B00018BF5043C3F3821213F4E07F18BF5043D5
:10E7C000704700BF0030084070B505460C4651B197
:10E7D0000B6843B15B6833B11A68032A03D99C6A9A
:10E7E000640E204670BDDBF7DBFCD5F88C60C5F805
:10E7F0008C4001462846FFF7D3FFC5F88C600446DD
:10E800000846DBF7D1FCECE7034BD3F8380180F086
:10E810001000C0F30010704700400840174B4FF441
:10E82000002210B5C3F89420154C164BB0F1804F60
:10E8300098BF1C46144BD3F88039F3B1134B1448DE
:10E840001B6F04F5F42404F59074B4FBF0F4033C5E
:10E85000E4B203F00703A34202D02046DBF718FC22
:10E860000C4B1B784BB10C4B4FF47022C3F8942027
:10E8700003F100732404C3F8944010BD004008461F
:10E88000C0CF6A00E06735000000C64300300E408C
:10E8900040420F001C6A0020004008447FB5044637
:10E8A000DBF75CFD1B4B226806462C33586800934F
:10E8B0003146A379FFF76CFE054638BBA379012BDF
:10E8C00014BF154915491022C1F838212068144990
:10E8D0005843FFF7ABFE03AA02A93046FFF7DEFE5E
:10E8E0000E4A43F6FF53C2F8A4300B4B0299C3F80B
:10E8F000A4104FF4EE611163039A1A632068FFF7C6
:10E900008DFF044BA2889A630022DA63284604B084
:10E9100070BD00BF00300840004008460040084479
:10E920005030084008B5044B01221A70034B186898
:10E93000FFF774FF002008BD1C6A0020186A002041
:10E94000024B4022C3F89420704700BF00400846A5
:10E9500070B5194C0FCC86B001AD0FC5CC22236821
:10E9600016482B60002106F04FF880220021144841
:10E9700006F04AF8134B144AC3F8F02002F0F6FCF4
:10E98000124B1B782BB101AD0FCD0B4E0FC62B6870
:10E9900023600F4B0F4AC3F8DC2F0F4AC3F8E02F58
:10E9A0000E4AC3F8E42F02F1957202F24952C3F8FD
:10E9B000E82F06B070BD00BFC81F0021341F002122
:10E9C000B41E0021001F00213F003700D569002040
:10E9D000001000210200620609C8056E0704DC066B
:10E9E0000A4B197801F0FF0229B10021197008497A
:10E9F0009202C1F8A020597801F0FF0229B100214C
:10EA000059709302024AC2F8A43070474F6A00203E
:10EA100000000846074BD3F8E00E074BD3F88C30C4
:10EA20001A0103D4054B1B6E1B0401D500F5807041
:10EA3000704700BF0010002100400840000008405F
:10EA400008B5DBF7ADFB104B1B78A3B90F4A126872
:10EA500012F4843F0FD10E4B1022C3F894200B4BBD
:10EA60001B68DB050DD40A4B2022C3F89420BDE8B7
:10EA70000840DBF799BB074A1021C2F89410002B1D
:10EA8000EDD0044BF0E700BF316A0020286A002077
:10EA90000040084400400846044B00221A70044B12
:10EAA000197811B11A70FFF7CBBF7047326A002096
:10EAB000316A002010B5DBF773FB0E2104460320FA
:10EAC000FFF7BEFC044B40F2012220465A62BDE82B
:10EAD0001040DBF769BB00BF0000084008B5032108
:10EAE0000920FFF7ADFC024B20229A6008BD00BF51
:10EAF0000040084008B5DBF753FB234B4FF0805232
:10EB0000C3F88020BFF34F8FBFF36F8F4FF4807235
:10EB1000C3F88020BFF34F8FBFF36F8F0222C3F87B
:10EB20008020BFF34F8FBFF36F8F1022C3F8802078
:10EB3000BFF34F8FBFF36F8F2022C3F88020BFF346
:10EB40004F8FBFF36F8F4FF00052C3F88020BFF399
:10EB50004F8FBFF36F8F8022C3F88020BFF34F8F9A
:10EB6000BFF36F8F4022C3F88020BFF34F8FBFF3F6
:10EB70006F8F0122C3F88420BFF34F8FBFF36F8FD5
:10EB8000BDE80840DBF710BB00E100E070B5084CC1
:10EB900001232370074B1E68074BD3E90053324013
:10EBA0001940284001F0E8F80023237070BD00BF31
:10EBB000306A0020246A0020286A00202DE9F84FDE
:10EBC000DDF828B003EA01080B9B06460D4602EA71
:10EBD000000903EA0B0ABBF1000F40F06981031F33
:10EBE0000B4300F02D81052871F1000380F00081B6
:10EBF00050EA010300F07C81431E0B4300F03C818E
:10EC0000FFF778FFBB4BD3E9004724EA060427EA65
:10EC1000050744EA090447EA0807C3E90047B64B79
:10EC2000B64D1E68DFF8288326EA0B0646EA0A0678
:10EC30001E60FFF705FFB24814F02A4FC26E14BFE2
:10EC400048F202034FF40043B10748BF43F40053B6
:10EC500083EA020122EA0302EA66AA4A81660B40BD
:10EC6000D366620304F4802348BF4FF48053250326
:10EC700048BF43F48073E00648BF43F40053A24802
:10EC8000A10648BF43F40073620648BF43F48063A3
:10EC9000D0F80C22250648BF43F400639B4D83EA5D
:10ECA000020122EA0302C5F80C22C0F80812984AB1
:10ECB000B80507F4007503EA010348BF4FF4802547
:10ECC000E10448BF45F48035C2F80C32A20348BFC6
:10ECD00045F48015A30748BF45F4800514F4001FD0
:10ECE00006D0D8F8000002F04AFA08B945F4002529
:10ECF000E00248BF45F40035F9068649864848BF1A
:10ED000045F40005620248BF45F400150A6A73071E
:10ED100048BF45F0040585EA020323F001031A40C9
:10ED200002621D40CB617D4B7D487E4A1D6216F01C
:10ED3000010F7D4B18BF1346826E7D0748BF43F419
:10ED400000137A4D83EA020122EA0302AA66784A96
:10ED500041660B4000F500509366C26B04F001035E
:10ED600005F5005583EA020122EA0302EA63714ACB
:10ED700081630B40D363D8F80020200248BF6E4B5C
:10ED800092F8ED2058BF6D4B610748BF43F4806394
:10ED900022B114F4C06F18BF43F480736848694C03
:10EDA000D0F8EC10320748BF43F0004383EA010279
:10EDB00022F4A02211401340C4F8EC10C0F8E8205F
:10EDC000614AC2F8EC30DBF7EBF9604B4FF0805250
:10EDD0001A604FF480721A6010221A6020221A60A2
:10EDE0004FF000521A6080221A6040221A603DE003
:10EDF000A0F580630B4306D020F48063A3F5007375
:10EE00000B437FF4FDAEDBF7CBF93A4BD3E900417E
:10EE100024EA060421EA050144EA090441EA08015A
:10EE2000C3E900414A4B1B6893F8ED3013B314F467
:10EE3000C06F1FD0444B4FF48072C3F8EC2015E034
:10EE4000DBF7AEF92B4AD2E9003123F0040343EAA1
:10EE5000090341EA0801C2E9003159EA080314BF75
:10EE6000394A384A4FF48063C2F8EC30BDE8F84FB5
:10EE7000DBF79AB9334BDEE7DBF792F91D4AD2E9AB
:10EE8000003123F0010343EA090341EA0801C2E922
:10EE90000031304A59EA08034FF0010315BF93636C
:10EEA0002D4902F1C062CB6314BFD3639363DDE7E6
:10EEB00050EA01037FF4A4AEBBF1010F7FF4A0AED2
:10EEC000DBF76EF90C4A136823F0010343EA0A03E7
:10EED0001360134A4FF48063BAF1000F04D05366F5
:10EEE00002F1C0629366C1E710498B665366BDE7C5
:10EEF000BDE8F88F286A0020246A0020000008443A
:10EF00000000084000000846006008400060084417
:10EF100000600846004008400040084400400846A1
:10EF200000500840041C50000418500000500844D1
:10EF300000500846007008460D0A0A09090A0A0925
:10EF400000100840001008440010084600E100E0EE
:10EF5000AC6700200070084000700844024B5868FD
:10EF6000C0F3C000704700BF286A0020024B186839
:10EF700000F00100704700BF286A0020034B1B68A7
:10EF800013F4C06F14BF012000207047286A0020CE
:10EF900010B50446FFF7B6F9FFF7ACFD04F14800E1
:10EFA000FDF718FCFFF776F9FEF77CFEFEF7E8FEAA
:10EFB00002F07EFA072104F1A00002F0C1FA4FF43A
:10EFC00040010020FEF7FCFF4FF400110120FEF786
:10EFD000F7FF02F091FC20B94FF431721421FDF7D4
:10EFE00041F8FFF79FFCBDE810400120FFF770B823
:10EFF000084B8022C3F8882003F17E430822C3F81F
:10F000008820054AD2F8B43E23F02003C2F8B43E6B
:10F01000704700BF004008460010002138B5DBF7FC
:10F02000BFF805460320FEF7C1FF20B9094BDC6895
:10F0300014F0060404D02846DBF7B6F8022038BDE9
:10F04000FFF7D6FF044B012228469A60DBF7ACF8A5
:10F050002046F4E7005008400040084038B5164C00
:10F0600005462078B0FA80F040F2D9323E214009BE
:10F07000FCF7F8FF55B1114BD3F8A030C3F381234F
:10F0800023700F4B4FF44062C3F8A0206078B0FAB1
:10F0900080F040F2D9323E214009FCF7E3FF55B140
:10F0A000064BD3F8A430C3F381236370044B4FF4B1
:10F0B0004062C3F8A42038BD4F6A00200000084019
:10F0C00000000844F8B50B4C0B4DD4F888300B4FBA
:10F0D0000423C5F88830D4F888305B0300D4F8BD29
:10F0E0000426C7F888600220FEF7E6FFC5F88860AE
:10F0F000F1E700BF004008400040084600400844D7
:10F100001C4B70B5D3F888601B4D03F18063A822B7
:10F11000C3F8882010221A60184A4FF000739366D3
:10F120006B66FFF75DFC164B1B7813B90320FEF7E7
:10F1300035FE00242C67FFF7C5FF124A124BD2F8A8
:10F14000E01E0B40C2F8E03E104B0422C3F88820BA
:10F150000F4BB206C3F8BC4008D503F580735B6C57
:10F16000B3F5817F22BF034B80229A60BDE87040D7
:10F1700001F08ABE0040084000500840005008449A
:10F180004C6A002000100021DF0000FF004008440E
:10F19000001E002110B528B971B9174B4FF4C06299
:10F1A0005A6210BD41B9154A53681B0E13F00E0F79
:10F1B000F3D113689A06F0D4FFF77CFC0F4C0020C3
:10F1C000FFF7BCF9032801D0092806D1D4F88C3008
:10F1D000DB03F4D4636F0C2BF1D9FFF773FF084BFB
:10F1E0004FF400725A62074B0122DA6003F17E434A
:10F1F0000422C3F88820D0E700600844004008409B
:10F20000000008400040084638B50546DAF7C8FF58
:10F210000446FDF791FA35B1FFF73EFC2046BDE804
:10F220003840DAF7C1BF084B1B78002BF6D0074BEC
:10F230001D78002DF2D1FFF72FFC2A464FF48040B5
:10F240000021FFF7A3FCE9E7326A0020306A0020C2
:10F250002DE9F843144606460D4601F015FE414BD4
:10F26000A022C3F888200320FEF7A0FE28B10320C7
:10F27000FEF794FD0420FEF791FD3B4B3B4ADA6616
:10F280004FF00009C3F87090FFF71CFF384B35486A
:10F29000D3F8B42E374F42F02002C3F8B42EFF2229
:10F2A00002604FF48072BA60D3F8E01E324A4FF029
:10F2B00004080A40C3F8E02EC0F88880C3F8BC9E5A
:10F2C00056B1FFF7F7FBFEF7A1FEFFF707FC40463C
:10F2D000FEF764FDFFF784FBFB68D9073FD5254A9D
:10F2E000536813F0706FFBD11E4E244B244AC6F8AE
:10F2F0008830536B23F0F003536315B12046FFF7BA
:10F3000083FF204BD3F8B4305A1C01D05B0001D5E9
:10F310000123F3601CB31C4BDA6E9A66154A136A1C
:10F3200023F00103D361194BD3F80C22C3F8082250
:10F33000A3F54053DA6F9A67A3F50053D3F8EC2096
:10F34000C3F8E82003F5C043DA6B9A63A3F50053D2
:10F350000F4A5A66034B4FF60842C3F88820BDE8AF
:10F36000F88300BF0040084400500840000001013D
:10F370000010002100400840DF0000FF10003000B6
:10F38000001F00210081E00F0000084000600840DD
:10F390005000F0029E4B196EDA6E2DE9F04F01EA33
:10F3A0000209C3F8689003F5805385B0D3F8E06094
:10F3B000D3F8EC201640C3F8E86003F5A043D3F877
:10F3C0000012D3F80C2201EA020BC3F808B2A3F52D
:10F3D000005359691A6A01EA02088E4A08EA0202D1
:10F3E000DA618D4BD3F80022910006D4D3F80031B6
:10F3F0009A00C3F3407740F1E180DAF7D1FE874B02
:10F40000DA68DF6D12F0060F9A6E07EA020727F43A
:10F41000800222F4006214BF4FF0010A4FF0000A8C
:10F420005A667B0704D57E4A537D0133DBB25375A0
:10F43000DAF7BAFEB9F1000F00F0E38019F40044E6
:10F4400000F0D180DAF7ACFE0146FFF7E3FA734D26
:10F450000446AA69AB699A42FCD0AA699342FCD0DF
:10F46000FFF7D8FAA042034640F0AA800846DAF730
:10F470009BFE6C4B1C606C4BD3F8885015F4E0502D
:10F4800040F0A08024F07F4525F0DF05002D40F0FE
:10F49000AC80FFF735FE4FF0807419F0020F16D0E4
:10F4A000614B6249D3F8883003F46042C1F8882088
:10F4B000002A00F0A0801D0400F1A08013F4005F7A
:10F4C00014BF4FF000634FF000531C43002519F4A4
:10F4D000005918BF4FF00209554B3340002B4AD05A
:10F4E00016F4206F0AD040F2467206210020FCF785
:10F4F000B9FD0020FFF788FE26F48026F00506D52A
:10F500004A4BFF221A6044F4C064FFF7D3FA16F0A6
:10F51000090F0AD040F25B7208210020FCF7A2FD1F
:10F52000FFF7DCFA434B01229A6216F0106F0CD001
:10F5300040F2647209210020FCF794FDFFF7CEFA37
:10F54000002211461046FDF7DBF816F4202F0AD0F2
:10F5500040F26C7207210020FCF784FD0020FFF7C9
:10F5600053FE26F48026F10301D5FDF729FA002E7B
:10F57000B8BF49F0080972070AD52F4BD3F8B42455
:10F580004FF40053002A3FD02C4A44F40004536245
:10F59000730548BF44F0040416F4802600F0AF80E1
:10F5A000FDF7D8F9013806284CD8DFE810F02F0114
:10F5B00032012F01350138013B013B01BA4639E7E1
:10F5C0001C4646E70190FFF79BFD184B0198C3F8D6
:10F5D000880015F480500BD115F4806F14BF4FF0E4
:10F5E00080644FF08054002557E74FF08074FAE7AD
:10F5F0004FF08044F7E74FF0007366E74FF00043A9
:10F6000063E74C464D4667E70D4A5362C0E700BFCB
:10F61000000008400000F7FF00E100E00050084053
:10F62000346A0020206A002000400840004008445E
:10F63000090B0B8900100840000002430010084429
:10F640000010084640F29E7203210020FCF70AFDDC
:10F65000824A136ED2F8800003F0070306330121BB
:10F6600001FA03F3C0F30C001B1A9BB2072B13D94A
:10F670007B4BD3F8883058020ED47A48136B126D46
:10F68000C06C58B103F0070306339940C2F30C0372
:10F69000C91A89B2052901D844F40074724B1B7849
:10F6A0006BB36E4BD3F8E03013F4A02F27D16F4B20
:10F6B0006F4A1B7873B917F480530BD1117849B195
:10F6C0006C492207D1F8E01E58BF022321FA03F348
:10F6D000980714D10420FEF761FB674B6749D96690
:10F6E000FFF7DAF9624A13782BB9654B654A1B6854
:10F6F0002340134201D144F4804427F48057BBF1E6
:10F70000000F1DD01BF4805F18BF44F480241BF44D
:10F71000807F18BF44F400241BF4005F18BF44F03E
:10F7200010041BF4007F18BF44F020041BF4806F0A
:10F7300018BF44F040041BF4006F18BF44F080046D
:10F74000B8F1000F45D018F4802F18BF45F40075AC
:10F7500018F4803F18BF44F4805418F4801F18BF79
:10F7600044F4003418F4800F18BF44F0020418F475
:10F77000003F09D03A4BD3F88830590055D5424B59
:10F780001B68984704430D4318F4000F18BF45F059
:10F79000100518F4002F17D0364BD3F8B43E13F0F1
:10F7A000C00F11D02E4B5A68C2F30362032A01D056
:10F7B000072A3DD1D3F88C20D20639D4D3F8902033
:10F7C000100735D444F4001418F4001F18BF44F493
:10F7D0008004002F00F00681390540F188802B4A13
:10F7E000DFF894B0D378002B56D0013B4FF4006182
:10F7F000DBB2CBF86410D3704BBB254A1178E9B16A
:10F80000244A40F60141D16600226EE044F480347F
:10F810001EE744F400641BE744F4806418E744F4F2
:10F82000807415E744F0080412E744F48014ABE751
:10F830004FF40022DA6128F40028C5E7DBF87030C5
:10F8400013F4A05305D04FF48073CBF8503000234D
:10F85000DAE740F60142CBF87020D5E70010084007
:10F860000040084000000840316A0020326A002051
:10F870004E6A0020001000210050084000000101E5
:10F88000286A0020088D0100D0160020E0690020C1
:10F890004C6A0020005008460320FEF77FFADBF890
:10F8A0000C309D4913F0060F02BF9C4B41F61F72AE
:10F8B000DA669B4A4FF400635366D36813F006037D
:10F8C00008BF1367CB8A13F400625DD023F4006392
:10F8D000CB82944B93F800B0BBF1000F57D1FEF7E9
:10F8E00095FBFFF70DFC5B4620221C431543BA0134
:10F8F0000BD52B20FEF768FC884A4FF00073936607
:10F9000002F17C4245F00805536617F4E00F05D17B
:10F91000FB045BD5BAF1000F00F0A180B80239D525
:10F920002920FEF751FC45F0040AFFF717FB88B1C8
:10F930007D497B4A4FF0007353668B667B4949686B
:10F94000490407D575492D208B66536645F00C0A8E
:10F95000FEF73AFC17F4800B714D1DD00420FEF722
:10F960001DFA2720FEF730FCFFF7CAFB4FF4800397
:10F970006B666F4BD3F8E03E59065EBF6D4B0222BB
:10F980001A604AF0020A1DE04FF40053ADE74FF44D
:10F99000004339E7AA46DDE7FB024DD50420FEF718
:10F9A000FDF92820FEF710FC2B6F002B41D1FFF74B
:10F9B000A7FB5A4A4FF00073936602F17C424AF06B
:10F9C000010A5366564B00221A6555467B0509D538
:10F9D000594A9378002B00F09280013B93700023EA
:10F9E00049EA03094A4620462946FFF7CFF80EB1F7
:10F9F000FCF7D8FF18F4002F00F086804B4B4FF433
:10FA00000022DA6118F0206F00F0828018F0007F89
:10FA100001D0FDF77BFF18F0006F01D0FDF792FFDA
:10FA2000002200204FF4006105B0BDE8F04FFFF761
:10FA3000ADB8C5F870B0BCE7F804C3D50420FEF734
:10FA4000ADF93E4BEB66FEF7E1FAEB6D13F4A00F58
:10FA5000B8D12A20FEF7B8FBFFF752FB89E7364AF8
:10FA600013794BB1013BDBB2137113B92E4B344AFE
:10FA7000DA6644EA0A04A9E70420FEF78FF90320B6
:10FA8000FEF78CF9264B2D4ADA66DAF789FB8246B7
:10FA90000DF10F00FEF752FD2A4B1B7883460BB188
:10FAA000FFF708F8BBF1030F0ED1DFF880B000209C
:10FAB000FEF744FD032807D1DBF88C30DA03F6D4D7
:10FAC000DBF874300C2BF2D99DF80F30032B08D1E2
:10FAD0001D4B012250461A704FF0000ADAF764FB02
:10FAE000C7E71A4BD3F8E03013F4A02FF0D1FEF79C
:10FAF000D3FF5046DAF758FB4FF4804AB9E70220AB
:10FB0000FEF74CF901236BE7B8F1000F7FF47AAFF1
:10FB100005B0BDE8F08F00BF346A002000500844F3
:10FB2000005008404C6A0020005008460040084041
:10FB30000010002100400844E0690020000001019D
:10FB40000000010D4D6A0020326A002000100840BC
:10FB5000FFF720BCFFF71EBCFFF71CBCFFF71ABC69
:10FB6000034A0123136202F17C42D361704700BF54
:10FB7000004008440B4B10B55C691A6A1440A2B2ED
:10FB8000DA61E20704D55868C0F30360FFF7E8FFC5
:10FB9000630706D5BDE81040042200200021FEF7CF
:10FBA000F5BF10BD00400840FFF7F4BB0C4A08B594
:10FBB000136BD16B0B409363DB070FD5094B1878A0
:10FBC00040F69B12122100F00100FCF74BFABDE851
:10FBD0000840002201200021FEF7D8BF08BD00BF69
:10FBE00000700840286A0020044BDA6FD207FCD46A
:10FBF0001A6FD96F0A409A67704700BF00300840FB
:10FC000070B50D461446DAF7CBFA064BD3F8B46E4E
:10FC100074402C407440C3F8B44EDAF7C5FA06EAD3
:10FC2000050070BD00100021044BD3F8B43E31EA4A
:10FC300003030CBF01200020704700BF001000210B
:10FC400070470000024B5868C0F30360704700BF64
:10FC50000040084070470000431C07D0044B6FF081
:10FC6000FF029A6103F1007310409861704700BF72
:10FC700000700844426B0E4B02F06002402A11D023
:10FC8000602A03D0202A10D1012206E069B10A6857
:10FC9000012A0AD94A6942F001025A64054B8022BE
:10FCA0009A60704740F20112F7E70022F5E700BFC3
:10FCB000001F00210040084008B50A4AFFF7C2FFB4
:10FCC0000B2806D00C280AD0092814BF00200220D7
:10FCD00008BDD2F8880010F48030EFD1F8E7022098
:10FCE000F6E700BF00400840084B0121D3F8EC20A4
:10FCF000996203F1806352074FF40051596242BF89
:10FD000003F100730422C3F8EC2070470010084090
:10FD10000C4BD0F8C82010B5C3F8B820027C0446BC
:10FD2000D20102F400624FF40061FFF769FF237C07
:10FD300013F0100F14BF044A044A4FF40073C2F8C2
:10FD4000883010BD001E00210040084600400844D5
:10FD500000F01803182B074B02D100229A64704759
:10FD6000010701D50122F9E7C206F6D540F20112DA
:10FD7000F4E700BF001F00213E4B2DE9F3411E6850
:10FD800040F2022317460B4000F0010213430546E0
:10FD90000C4642D0880709D5374BD3F8E03E03F034
:10FDA000C003402B02BF354B022119604FF0000801
:10FDB0004AB30023002200210120CDE90088FEF78C
:10FDC000FDFE4FF0FF30FEF74DFB414670830120F2
:10FDD000FBF72EFE2A4BD3F88830590208D4736BF8
:10FDE00013F0800F14BF274A274A4FF40013936182
:10FDF00026490868FFF730FF4FF0FF330B60337C74
:10FE000043F008033374A20507D501213046FCF7FF
:10FE1000E4F824F4007405430C43D6E93E232A4059
:10FE2000234052EA030103D0194930460968884744
:10FE3000FB070FD51749184A08681368002111609D
:10FE4000164A0121117003B19847154B00215B68D8
:10FE50000220984717F00E0F08D040F271123B2194
:10FE6000002002B0BDE8F041FCF7FCB802B0BDE8EC
:10FE7000F08100BFAC670020001000210040084660
:10FE8000004008400060084600600844C816002092
:10FE9000C4160020706A00206C6A0020686A002086
:10FEA000A4160020F7B5D0E93EC71946DDE908637E
:10FEB00004468CEA060587EA03001540084085EAF7
:10FEC0000C0578400B40C4E93E5043F4007322F027
:10FED0000100002506EA000243F00203CDE90055C7
:10FEE000FEF76CFE237C9A0717D5D4F8FC309B05EF
:10FEF00013D54FF480312046FCF76FF8237C65F36F
:10FF000041032374D4E93E2302400B4052EA03012B
:10FF100003D00349204609688847002003B0F0BD9C
:10FF2000C416002038B10368044A002B08BF1346EA
:10FF3000034A13607047014BFAE700BF55FC02000B
:10FF4000C416002003282DE9F3413DD8204B1E5C48
:10FF5000204B1F5C204B13F80080DAF721F905468F
:10FF6000FFF704F8044640B10023CDE90033002236
:10FF7000002301200021FEF721FE39463046FFF71D
:10FF800009F9424639463046FFF762F9B4B1134BDE
:10FF9000D3F888305B020AD4114B1B685B6B13F0FB
:10FFA000800F14BF0F4A104A4FF4001393610F499A
:10FFB0000868FFF751FE4FF0FF330B60284602B090
:10FFC000BDE8F041DAF7F0B802B0BDE8F08100BF5B
:10FFD000E45E0300E85E0300EC5E030000400840BE
:10FFE000AC6700200060084600600844C816002086
:10FFF00008B5FFF727FE0138C0B20B2802D8054B21
:020000023000CC
:10000000185C08BD044BDB6813F0060F0CBF012021
:100010000420F6E7F05E03000050084008B50E4BE0
:10002000D3F8882012F0A00F14D1D3F88C305B07DE
:1000300001D5012008BD094BD3F8E03E23F07F43F2
:1000400023F0FF03002BF4D0FFF7FCFD092801D0BB
:100050000C28EED10020EDE7004008400010002100
:1000600073B516461BB10191FFF73EFE01990A4890
:100070000368046A03F007039D1D0123AB40C4F32A
:100080000C041B1B9CB2B44228BF34462246FCF72A
:10009000BDFA204602B070BD001008400846FEF7C9
:1000A00039BA000038B5024688B9194B1B684BBBFA
:1000B000C1F11C040125C4F11C03002BB8BF5B4235
:1000C000232B23DC7DB1134B1970002038BDFFF7C3
:1000D0008FFF012818D10F4B93F90040C4F11C0485
:1000E000641A0025E7E7D174DAF75AF80A4A536927
:1000F000E40223F4FF2304F4FF241C435461DAF7E1
:1001000053F8E2E70320E1E70220DFE70120DDE723
:10011000AC670020606A00200070084008B5FFF757
:10012000F7FDDAF73DF8074AD2F8B43E23F0200392
:10013000C2F8B43EDAF738F8034B02221A60002006
:1001400008BD00BF001000210040084690F8C630EE
:1001500053B9074BDA69920208D49B6F13F4706F9E
:1001600014BF012000207047002070470120704715
:100170000060084070B51546426B82EA05030B40EB
:10018000534043632F4A01F00B030C4623EA050159
:10019000516402F100722B4053646307064611D587
:1001A0000121FFF7D3FF68B1FEF78CFF15F0040FB4
:1001B00014BF254A254A4FF40073D361244B04220F
:1001C000C3F88820E00606D515F0100F214B14BFA8
:1001D00000221B22DA64210618D52A0620D51A4BE4
:1001E0004FF400129A6103F17E430122C3F8F82014
:1001F000D9F7D6FF0E2105460320FEF721F9154B4E
:1002000040F201225A622846D9F7CEFF14F0600F5F
:1002100004D0D6F890103046FFF72CFD002070BDBA
:100220000D4BD3F888305B02F0D496F8C630074AFD
:100230004FF400119161002BE8D0034B0122C3F869
:10024000F820E3E700000844006008460060084426
:10025000004008440000084000400840014B186876
:10026000704700BF746A002073B500220024002389
:10027000012510461946CDE90054FEF79FFC0220E7
:10028000FDF78CFD064E074B21461C60022073686B
:1002900098473368284602B0BDE87040184700BF51
:1002A000A41600206C6A00202DE9FF41022903906A
:1002B0000C461546984603D1FFF7D6FF002031E0E3
:1002C0001B4ED9F76DFF336807460BB1AB422CD1FB
:1002D000184B3560C3F8008000220023012510462A
:1002E0001946CDE90055FEF769FC134B4FF00008A5
:1002F000022083F80080FDF751FD2246434603A902
:100300000220FDF75BFD0D4B039A1A600C4B04466F
:100310001B68284698473846D9F746FF002CCDD1B0
:100320003460012004B0BDE8F0810024F3E700BF91
:100330006C6A0020706A0020686A0020746A0020DD
:10034000A4160020044BDB6D5B055ABF034B1878E5
:10035000012000F00100704700500840686A00204A
:100360000220FDF723BED0F890304BB11A68022A64
:1003700006D993F8250028B11B6AB3FBF0F070474B
:10038000FBF7CCB97047D0F8902072B11368022BFC
:100390000BD9536A13F47F4FC3F3072007D0126AB7
:1003A000DBB25343B3FBF0F07047FBF7B9B97047CA
:1003B000837C5A1F012A01D9082B05D14B7B2BB115
:1003C000012B05D0022B05D0FFF7DDBF0248704797
:1003D000024870470248704720A1070048E8010022
:1003E00040420F0008B500F0E1FF002008BDFDF716
:1003F00053BC000070B50E46D9F7D2FE0546FFF794
:100400005BFC044620B12846D9F7CEFE204670BDDD
:10041000FEF758FE114B3278D3F8E03E022A23F063
:10042000F00316D0042A0CBF0222002243EA021372
:100430007278022A0FD0042A0CBF0222002243EA5B
:100440008213064AC2F8E03E054B0422C3F8882016
:10045000D9E70122EAE70122F1E700BF00100021FD
:100460000040084438B50D46D9F79AFE1E4A0446A6
:10047000FFF7E8FB062827D804282CD803282AD021
:10048000FEF720FE194B2A78D3F8E03E022A23F02B
:100490000F0325D0042A0CBF0222002213436A78DE
:1004A000022A1FD0042A0CBF0222002243EA820340
:1004B0000E4AC2F8E03E0E4B04222046C3F88820C4
:1004C000D9F772FE00200AE00728D9D1D2F84431CA
:1004D0009B00CDD4D4E72046D9F766FE022038BD74
:1004E0000122DBE70122E1E7004008400010002183
:1004F00000400844F8B50F7890F8D46004463846B8
:100500000D46FDF72BF888B384F8D470AB88A4F8B7
:10051000D8306B88A4F8D630AB88636404F1D40774
:10052000FF23A3753846FDF739FB0546F8B9384671
:10053000FDF70AF80546D0B9D4F88C3053B194F8D9
:10054000D410B14206D0B3F912202046D7F7E6FD09
:1005500084F8DD002046FDF725FA0121A4F8D80033
:1005600004F1A00000F0ECFF2846F8BD01250323AC
:1005700084F8D430F8E770B5054690F8D400032825
:100580000C462AD0FF292AD0FDF7A4F8064695F894
:10059000D400FDF78BF8A04210D323469E4295F875
:1005A000D40011DBFDF796F80446AC752046FDF744
:1005B00041F9A0F1FF035842584170BD95F8D400AD
:1005C000FDF774F80346E9E7FDF770F8A042ECD2B6
:1005D00095F8D400FDF76AF8E6E70220EDE7012080
:1005E000EBE710B590F8D430032B04462BD04175BF
:1005F000D0F88C0020B3D4F89C304BB994F8DD309F
:100600008B420BD320460022BDE81040FFF7B3BF5A
:10061000B4F92420B0F912309A42F3DD94F8DD10D9
:1006200000222046FFF7A7FF60B9C4F88C002046DF
:10063000FBF745FC01462046BDE81040FBF7C2BB76
:10064000FF23A37510BD0220FCE7000070B5C36B4B
:10065000012B84B003D10025284604B070BD374B70
:10066000D0F88C60D3F8F830C0F890303146058B64
:100670000446FEF7A9F8B3898DF80E00D6E90121EA
:10068000EB1A9BB201FB032202A80021ADF80C304B
:100690000292FEF703F9054628BBFDF74DFA237CCD
:1006A00065F341032374FDF79DFDD4F88C305A693E
:1006B000431EDBB212680192FD2B0CD9D61C0AD95D
:1006C0001F4B01321B6812D0D91CC5D8024601A9A4
:1006D0002046019302E0024601A92046FCF7E6FE0F
:1006E000284604B070BD0225284604B070BDDA1C4F
:1006F00005D8024601A920460193FCF7D7FED4F89D
:10070000FC309B0506D4237C284643F00203237467
:1007100004B070BD4FF480312046FBF75EFCD4F886
:10072000F820D4F8FC3002400B4052EA030193D089
:1007300004492046096888478EE700BF001F002152
:10074000C0160020C41600204FF48071FFF76CBA69
:1007500038B590F8E0400546ACB1D9F721FD0A4B19
:100760001F22DA61013C03F100731440DC6103F1E4
:100770007A43D5F8E4201A66D5F8E8205A66BDE831
:100780003840D9F711BD38BD0060084410B50446A3
:10079000FFF72EFC01280DD10B78023B1E2B08D849
:1007A00007C904F1E00383E807002046FFF7D0FF04
:1007B000002010BD0220FCE710B58B78012B02460B
:1007C0000C4600F28D80CB78012B00F289800878EE
:1007D000012800F285804978042900F2818009B15E
:1007E000012B7DD1012845D02068C2F8EC00637848
:1007F000002B40D13B49C1F884303B4B4FF0605156
:1008000099613A4B1B7813B1394B06211967394B63
:100810004FF08051C3F8941003F17C43D3F8883033
:100820005B0208D4536B13F0800F14BF324A2E4A78
:100830004FF400139361314A4FF48073C2F8EC30E7
:1008400002F17C42C2F8E830A378002B40D12C4B57
:1008500040F6FF725A62E378002B3CD1284B40F6F9
:10086000FF725A65274B60225A64224B4022C3F81C
:100870008820002010BD013BDBB2032BE4D8224AC4
:1008800052F82330184A4FF06051916102F1007222
:1008900043F400139361134A0423C2F88430136FA6
:1008A00023F0060343F004031367184B4FF0805204
:1008B000C3F89420FEF762FB0028C5D0104A4FF41D
:1008C0008073C2F8E83002F1C062C2F8EC30BBE7D6
:1008D000FFF70AFABFE7064B60225A640B4BC5E7E5
:1008E0000120C7E70000084000600844586A002063
:1008F0000000084400400844006008460010084416
:100900000010084000000846D45E0300004008467E
:100910002DE9F04F064685B01546084619B9012065
:1009200005B0BDE8F08F002AF9D0032904D80021D2
:10093000FCF75AF80028F2D081780488027990F800
:1009400005B0C388B0F90000002801F00707C0F225
:10095000B280A7F1070CDCF1000040EB0C00052F82
:1009600028728CBFC1F300100020C1F3801C687294
:10097000880985F80CC000F00200C1F3C00C40EA01
:100980000C00C1F340116873A9730AB996F8CE2020
:10099000013AD2B2EA73726BD20600F18680063F4A
:1009A000012F00F28280454AD26C454A516B126B8E
:1009B00002F0070206324FF0010808FA02F808F1C7
:1009C000FF38063C04EA080441F00059B27C19F8EB
:1009D00004A00134AAF1320A4FFA8AFA08EA0404A0
:1009E000C3F30B079AB30020D6F898300BB15146E9
:1009F0009847631C08EA0303E87285F80AA019F80F
:100A00000310013308EA030319F80320013308EA4D
:100A1000030341EA022119F80320013308EA030322
:100A200041EA024119F803006A7B002341EA0061B0
:100A3000304600F0BBFE2860B37C042B03D1042FAA
:100A40009CBF033028600423AB71002068E7D6F810
:100A5000901019F8042049B10868022806D991F8C5
:100A60002410DB0413D45000C0B2BDE72946304641
:100A7000CDE90232FFF79CFC01903046FFF773FC92
:100A80000199B1FBF0F0DDE90232C1B2E9E7F8000B
:100A900009B1B0FBF1F08345A5D80028A3D0CBEB7A
:100AA0000B2BBBFBF0F0C043DEE7002080236B8103
:100AB0002860A87134E7022032E700BF0000084038
:100AC00000100840F8B5977906461446FFF720FF56
:100AD000054648B9A3793BB12146A7713046FFF7D7
:100AE00067FC214600F030FE2846F8BDB3FA83F3D8
:100AF000192B084610B5114612D0C3F11903DBB209
:100B0000062B28BF06231A46941DE3B201249C40FD
:100B1000A4B2A14228BF2146FBF74EFD204610BDDE
:100B20000022F1E713883F2B10B5084615D9B3FA18
:100B300083F3192B0FD0C3F11903DBB2062B28BFA7
:100B4000062319468B1DDCB20123A3401380FBF75B
:100B50004FFD002010BD0021F4E70120FAE7FFF768
:100B6000C3B8000070B50A4B0A4DD3F8EC604FF4DF
:100B70008064C5F8EC400020FEF746FB4FF40053BC
:100B80006B65730544BF044BC3F8EC4070BD00BFF8
:100B900000100840001008440010084610B5084630
:100BA00014460121FDF70AFC20460121FDF706FC51
:100BB000002010BD2DE9F04104460D4619B990F909
:100BC0001030002B26DB4A4BA18BD3F88420D4F8BD
:100BD000906012F4E05F04BF2022C3F810224FF6A9
:100BE000FF73994228D0434B1B682BB3424F2046DA
:100BF0009847D4F89010D7F80080884540D0002955
:100C000037D00B68002B67D00B69002B64D0D3E979
:100C1000003230E0037C364AD0F8906061F3C713AD
:100C20000374D2F884304FF6FF7113F4E05F8183D0
:100C300002D12023C2F810322F4FD7F80080B045E0
:100C40003146DCD120460126FCF7ACFE002D3DD01C
:100C500094F913102046FFF725FA284AD4F890009B
:100C6000274B38600621116701221A700020BDE869
:100C7000F0810B460A46C4E928322046FEF7FAFF07
:100C8000B045DFD01F4B1B6833B116B132684AB391
:100C9000B668314620469847D4F89030F3B11A68C8
:100CA000022A1BD95A6A12F47F4FC2F3072005D0DB
:100CB0001B6AD2B203FB02F2B2FBF0F000F098FB29
:100CC00020460726FCF76EFE002DC1D1314604F107
:100CD000A00000F035FCBBE71A46CCE72046FAF747
:100CE0001FFDEBE71646314620469847D4E700BF84
:100CF00000600840646A00205C6A0020000008442C
:100D0000586A0020546A00200846FDF7ABBBFDF787
:100D10009BB9000008B504484822002103F074FE86
:100D2000BDE80840FEF78CBFE41E0021032373B525
:100D300080F8D43000234FF0FF35C3746423C0E93A
:100D40002D33C0E92F33C0E907554564C0F8B030F2
:100D5000A0F8C4304575C58204461120D8F708FBB9
:100D6000042803D00226304602B070BD184B5B68E1
:100D700013F4403FF6D12046FEF70AF92046FFF76C
:100D8000C9FF94F913102046FFF78CF9114B60222C
:100D90005A6404F1EC012046FFF70EFD626B064633
:100DA00029462046FFF7E6F90E230022CDE900335D
:100DB00040F2022310461946FDF700FFFCF760FCE5
:100DC000002ED0D1204602B0BDE87040D7F7A8B9B8
:100DD00000300E400000084000F006BD70B50C6801
:100DE000B0F8D8208D680346013404BFD3F8B04072
:100DF0000C604C68013404BFD3F8BC404C604132F5
:100E00006C1C92B200F1A00033D1D3F8B850CC687A
:100E10008D60661C31D1D3F8B4400E69CC600136C8
:100E200004BFD3F8A8600E614E69013604BFD3F841
:100E3000AC604E618E69013604BFD3F8C0608E612C
:100E40008E69F6B1B24238BF32460E688A61C3E994
:100E50002C644C68C3F8B850C3E92F420A69C3F840
:100E6000A8204A69C3F8AC20072100F069FB0020E4
:100E700070BD954238BF1546C9E7944238BF144645
:100E8000CBE76422E1E7000038B5D9F789F90B4ACE
:100E900013884FF6FF718B4203D1D9F785F90320F0
:100EA00038BD074C074DE56504F100741B04E3658C
:100EB0001180D9F779F90020F2E700BFCC160020A5
:100EC000006008440000FFFF2DE9F34104460E4690
:100ED0001546FFF7A3F8002800F0F3807B4B4FF492
:100EE00000612046D3F8E08ED3F8BC7EFEF79CFE6E
:100EF00040B1774B4FF400720121C3F888200846B7
:100F0000FAF796FD31462046FAF75CFF6F4B06462E
:100F1000C3F8E08EC3F8BC7E002840F08780237CB5
:100F20009F0601D4002D58D0C5F34000FEF796F877
:100F300015F4807F14BF674A654A4FF002031BBF58
:100F4000C2F88830644AC2F8883000211CBFD160E2
:100F50009362FEF7B7F815F0040F14BF5F4A604ABA
:100F60004FF48063D3615A4B042215F0400FC3F84D
:100F7000882014BF5B4A5C4A40232846C2F8803070
:100F8000FEF7E6FE2046FFF7DFFB40B115F0010F4C
:100F900014BF504A4E4A4FF48073C2F88830A806F6
:100FA00048D5638C4FF6FF7293420FD04F4A504999
:100FB000D26D100CC2F30112088001324849B3FB14
:100FC000F2F3464A4B48C8651B04D365237C003DB9
:100FD00018BF012565F345132374204600F0C6F8B9
:100FE000002840D02046FFF7AFFBE0B14FF40031BE
:100FF0002046FEF719FE002814BF02230123032216
:1010000001A93548FBF758FB9DF804103A4A01F056
:101010000703052B9DF805301BD109070DD443F4B8
:101020008073C2F8C4300020FCF76FFA304602B07B
:10103000BDE8F081FFF728FFC8E713F0040F08BFF1
:101040009DF806302C4A0CBF43F480734FF4807334
:10105000E7E703F03001202902D113F0010FEEE79A
:101060009DF80630DDE7204600F086F80028DAD04B
:101070002046FFF769FB0028D5D0237DA3F10C02A1
:10108000012A1AD8238B032B19D01B4B93F8CD3090
:1010900003F00703072B0CBF082406240E48214643
:1010A000FBF713FB421C0ED0C3B2134A062C08BF39
:1010B00003F00F0382F8CC30B5E70E2BE4E70924E8
:1010C000ECE70226B2E70326B0E700BF00100021DC
:1010D00000400844004008460010084000600846F0
:1010E0000060084400700846007008440060084032
:1010F000CC1600200000FFFF001E002108B5FFF7FE
:10110000E3FE18B9BDE80840FDF788BF08BD000040
:1011100008B50B4BD3F8B4305A1C0FD05B000DD47C
:101120000320FEF70FFF074B4FF08062C3F89420B7
:10113000054A4FF4007151620122DA6008BD00BF18
:101140000081E00F0040084600000840024B4FF4C9
:101150000022C3F88820704700400844024BD3F8AF
:101160008800C0F3C0407047004008408021FEF76F
:101170005BBD0020002170474021FEF755BD0020D7
:1011800070470000064AD2F8C03043F04073C2F8FE
:10119000C030044B4FF08062C3F81421704700BF89
:1011A0000040084000400846044A0423C2F8BC300E
:1011B00002F10072C2F8C430704700BF004008441A
:1011C000074B084AC3F8C0200122C3F8C4204FF0DF
:1011D0008062C3F814210422C3F8C420704700BF02
:1011E00000400844CA078000023816289ABF024B04
:1011F000185C0020704700BF247D03002DE9F047F4
:10120000DFF8E880334E4FF00109C8F8C490D6F8F3
:10121000C04024F47E0424F0300444F4680444F014
:101220003004C6F8C0402C4C07460846656B9A4609
:10123000FFF7DAFF25F47C1545EA00456563D6F82B
:10124000C01021F4FF3121F4807141EACA2343EA3E
:101250000223C6F8C030A06D204B20F07F0007436A
:101260004A22A7658025C3F8C0204FF40002C3F8C6
:10127000C490C3F8C050C3F8C020194A1021D165EA
:101280000822C8F8C020174AC3F8C0204FF47A706B
:10129000FCF712FF4FF480726560626023681905E5
:1012A000FCD423685B04F7D40C4B0822C3F8C0209D
:1012B0000D4B1022DA65074A40236360D2F8C03034
:1012C00023F4000323F0040343F40003C2F8C03006
:1012D000BDE8F08700400840003008400040084664
:1012E00000300846040080000030084400400844F4
:1012F0002DE9F0411F46164605468846D9F72EF8D7
:10130000B0FBF7F47443631C09D043462A463946C0
:101310003046FFF773FF022D04D1FFF733FF20465D
:10132000BDE8F081032D02D1FFF73EFFF7E7FFF79D
:1013300047FF4FF0FF34F2E7024B99685A690A40C1
:101340001A6170470040044008B5FFF7F5FF054BF0
:101350005B7B01330122DBB202FA03F3024A136121
:1013600008BD00BF346A0020004004400D4BD3F894
:101370000421D3F8B030D2B2FF2A03D043F307439D
:10138000591C01D190221923074903EBD37302EBB7
:10139000630381F84330022381F84230232381F82C
:1013A000413070470081E00F001F0021044A53685C
:1013B000C3F30363022B04BF80239360704700BF15
:1013C00000400840094AD06DC0F30113000C03FB34
:1013D000000342F210718B429FBFD06900F01F00E2
:1013E0000130C01888BF4FF0FF30704700600840E0
:1013F00010B504461D48FCF73DFE1D4A1D49C301BA
:10140000D2F8300110F400400DD003F574421A4CAC
:101410002432B2FBF4F2194CCA6603EB5402B2FB5D
:10142000F4F20A6701E0002CF7D1154B5A68D40298
:101430001AD4144A1268D3F8A810C2F3810211F426
:10144000806302F10102C9B218BFD300FF2906D0A0
:101450000B49D1F8AC10490501D503EBC20300B12B
:101460000333044A536710BD0023F8E740420F00DE
:1014700000600840001F002148E8010020A107008B
:101480000000084000200840084B1A68C117A2FB62
:10149000000310F1807002FB013343F10003400EA2
:1014A00040EAC310803820EAE0707047786A002074
:1014B000174B072270B5C3F88420FCF771FF154B5A
:1014C000154A164EC408010B0546E005C01841F147
:1014D0000001002303F028FB114B18604EF660203A
:1014E000FFF7D2FF4042C6F89C000E48FCF7C2FD51
:1014F000024658B1E301500818184FEA15714FF031
:10150000000341F1000103F00FFBB06770BD00BFA5
:1015100000400840B2E60E0065CD1D00001F00210E
:10152000786A002040420F0038B14FF47A73584374
:10153000A0F6AC53581AFFF7A7BF4CF25030FAE7A9
:101540002DE9F0410C460546002800F0C080CE078A
:101550006ED58669002E00F0BC80FCF705FA4FF4CA
:101560007A735E43301A6E68A0F6AC50801BFFF7AA
:101570008BFF6A4BAE8CC3F88C00002E00F0AC8061
:10158000FCF7F2F94FF47A735E43301A6E68A0F6F6
:10159000AC50801BFFF778FF604EDFF88881C6F8FB
:1015A00084006F69002F00F0B080FCF7DDF95C4A21
:1015B00012684FF47A73927C5F433B1A053A68686D
:1015C000A3F6AC53012AA3EB000300F28880D8F8FD
:1015D0000010A3F53E42EB3AD717A2FB012012F10F
:1015E000807201FB070040F10000520E42EAC01277
:1015F000A3F536336FF4FD70803A0344D817C6F86C
:101600008820A3FB013213F1807301FB002141F11B
:1016100000015B0E43EAC113803BB3662E6AFCF700
:10162000A3F901463046FFF77FFF3C4BC3F8980013
:10163000A2072FD5EB684FF47A70584363B12B683B
:1016400003F51C531033184495F82630002B46F24E
:10165000A81308BF00231844FFF716FF2F4BC3F849
:101660009400EB69002B53D068684FF47A7202FB48
:10167000030095F82630A0F50350002BA0F11000D0
:1016800046F2A81308BF0023C01AFFF7FDFE234B44
:10169000C3F8900063071AD5286900283BD04FF49F
:1016A0007A735843A0F503501038FFF7EDFE1B4C3A
:1016B000E067AB684FF47A70584323B12B6803F5A9
:1016C0001C5310331844FFF7DFFEC4F88000BDE858
:1016D000F0814CF250304AE74CF250305AE72A6819
:1016E0009B1AD8F80010D817A1FB033213F18073AE
:1016F00001FB002242F100025B0E43EAC213074ADB
:10170000803BC2F88830936688E74CF25033E8E7B4
:1017100047F23050B9E747F23050C6E7001F0021CA
:10172000AC670020786A002058B1064B114414229F
:10173000B0FBF2F203FB01220A23B0FBF3F0B2FB91
:10174000F0F07047A086010038B505460C46C1B1DF
:101750008B79B3B1013B062B0CD8DFE803F01906F7
:10176000041B191D1F0002238B71FFF72BFE431C66
:10177000014607D10020A071A37913B12368184452
:10178000206038BD00222846FFF7CEFF4042F3E735
:1017900004238B710020EFE707238B71A2880021BF
:1017A000D2002846FFF7C0FFE6E7000070B5054607
:1017B00008461C461646FCF74EFCAB7CD5F8A0103C
:1017C000053B012B05D807494BF6EB63002E08BFFC
:1017D000194620444FF47A7301F5FA71B1FBF3F125
:1017E000401A70BDFBD902002DE9F04F3A4C0A4671
:1017F00085B00D460021824603F006F9D4F8C830C2
:1018000043F06C029A4204D00025284605B0BDE89A
:10181000F08F324BDB68D807F6D4FAF703F90028CB
:10182000F2D0D4F81061C6F30826002EECD1D8F718
:10183000B7FC2B4C2B4B2C4AD3F81890D4F884309F
:101840004FF06051916102F100724FF000619161BF
:101850002422C4F88420254A042111604FF4804BCF
:101860004FF48052C4F868B0804662623746AF4297
:1018700014D31F4A04211160194AC2F884301A4B4C
:101880004FF06051996109EA01031A498B614FF4E5
:10189000804393664046D8F787FCB6E7226E510432
:1018A000FCD52268D205F9D5C4F868B00136D4F861
:1018B00088200392012EDAD9EA1B042AA8BF042249
:1018C0000AEB070003A90193009203F075F8009A50
:1018D000019B1744BFB2CAE700400E4000400840D9
:1018E00000000840006008400060084400400846CE
:1018F0000040084400600846074BD3F8D8304FF644
:1019000004014FF605029BB28B4208BF1346034AFF
:1019100001209365704700BF0081E00F0050084030
:1019200030B5034601F1100451F8045B43F8045B41
:10193000A142F9D1103002F1100352F8041B40F813
:10194000041B9A42F9D130BD10B58EB014460A4638
:10195000014602A8FFF7E4FF012300930349102387
:10196000224602A800F0CCF80EB010BD7C6A002020
:10197000014B1868704700BF8C6A00200320704735
:1019800003207047806840F00100704730B501F1D6
:10199000100300F11005002213F8014D42EA440241
:1019A00005F8012D93F900408B424FEAD472F3D130
:1019B000002CBEBFC37B83F08703C37330BD000020
:1019C0002DE9F74FDFF834A1009304464FF48070FF
:1019D0001546DDE90C379DF838900E46D8F7CCFD5A
:1019E0000122CAF80026BFF34F8F43490C9B002207
:1019F0000A604A6022684A6262684A62A2684A6271
:101A0000E2684A62B9F1010F05D8B6B9C4E90866BF
:101A10000022C4E90A22384E04F1100897B9CAF826
:101A200000764FF48070D8F7BBFD009B20342B4428
:101A30009D425CD103B0BDE8F08F326822627268CB
:101A40006262E5E7102F3A4628BF1022BF1A04F160
:101A50000F0103EB020B13F8010B01F8010F5B45BB
:101A6000F9D104F1200307BBB9F1000F02D0B9F19D
:101A7000030F1AD1102A37D08021501C08F8021009
:101A80004044C2F10F020021019302F0BDFF019B0F
:101A900004F140024146A2F1040C5CF8040F0A680C
:101AA000504041F8040B9942F7D1424652F8041BCA
:101AB000D068934281EA000142F8041CC6F8801005
:101AC000F4D10523B36033699B07FCD4D6F880308A
:101AD0002362D6F880306362D6F88030A362D6F8ED
:101AE0008030E3625B4699E704F13002D2E714F8F4
:101AF000012B05F8012B9BE700000F400010C843A5
:101B00002DE9F04704464FF480701D460E461746F7
:101B1000D8F732FDDFF8BCE00123CEF80036BFF382
:101B20004F8F2B480023036023684362636843623E
:101B3000A3684362E36843624FF005083DB9CEF8FD
:101B400000564FF48070BDE8F047D8F729BD2169F1
:101B5000C0F880106269C0F88020A369C0F88030A6
:101B6000D4F81CC0C0F880C00131C0F808802161E1
:101B700041B9013262612AB90133A36113B90CF191
:101B80000103E36103699B07FCD4D0F88030236232
:101B9000D0F880306362D0F88030A362D0F8803013
:101BA000E362102D2B4628BF102304F1200CED1A00
:101BB00006EB030939464E4501D11F44BEE716F82E
:101BC000012B1CF801AB82EA0A0201F8012BF2E7B3
:101BD00000000F400010C84330B50D4D87B02A46B5
:101BE0000446FFF79DFE012302AA00932946102315
:101BF0002046FFF785FF04F1300004F12001FFF7D4
:101C0000C5FE014604F14000FFF7C0FE07B030BD3D
:101C10007C6A002007B5042201AB6946002000F071
:101C200004F8009803B05DF804FB7FB5064603A8EE
:101C300001911D461446D8F7C1FA9DF80D3001995F
:101C4000012B11D19DF80C30022B0DD84FF6FF72ED
:101C5000A24228BF224692B24FF0FF30F9F7EEFDC4
:101C60002860002004B070BD2B462246304600F0AC
:101C700005F8002818BF6FF03B00F3E72DE9F041AD
:101C80001C46002388461646236005272568224601
:101C9000711B08EB050000F035F823681D44B542C0
:101CA00028BF0020013F256001D00028EED1BDE80B
:101CB000F081000070B5114C114E0A25236843F4E1
:101CC000807223F48073226030462360D7F7F0FBE4
:101CD0000023800A62680AB983420AD1636853B953
:101CE000013DEBD1236823F0010323606FF09200E4
:101CF00070BD0133EEE70020FAE700BF00D00140DD
:101D0000700002002DE9F04F85B0CDE90012654A60
:101D1000654DD2F8C03043F40043C2F8C0302B68A0
:101D20008046D80719D50024DDF800A05E4D47464F
:101D3000A3464FF00A09BAF1000F2DD14CB114F1AE
:101D4000940F06D052460021404602F05DFE4FF04F
:101D5000000B019BC3F800B01AE040F271632B60E6
:101D6000FFF7A8FF044698B96B68032BFCD9D5F898
:101D700000312B61D5F800316B61D5F80031AB61D2
:101D8000D5F80031EB61FFF795FF04460028CAD073
:101D9000204605B0BDE8F08F6C68A40005D02E6B1E
:101DA00016F45C7F12D1002436E04048D7F780FB60
:101DB000C00A844205D16B68002BF0D16FF0930408
:101DC000C7E76B68002BF6D10134F2E7F10515D5B2
:101DD00026F480762E636B685BB9B9F1010BEDD008
:101DE000DDF800A047466FF093040020D9468346F3
:101DF000A1E7D5F800310393039BECE7FFF75AFF07
:101E0000044618B916F41C7FCDD0E6E710F1930F05
:101E100098D010F1940FE0D06B6868689B00534530
:101E200028BF5346BA0738463AD123F0030C9E0820
:101E3000BC44844514D16FF0030C0CFB063646B14C
:101E4000D5F80021064400F8012BB0424FEA1222D7
:101E5000F9D10BEB03001F44AAEB030ACB46C5E7FD
:101E6000D5F8002140F8042BE3E7D5F8006100F82D
:101E7000046C4FEA162E00F803EC4FEA164E360EAD
:101E800000F802EC00F8016CACF1040CBCF1030F9B
:101E900000F10400E9D823F003009E083844CAE7A3
:101EA0009C46F3E700400E4000D001407000020065
:101EB00000F00F03013BDBB2032B98BF064902463B
:101EC00094BFC85C0020D10648BF40F01000130644
:101ED00048BF40F0800070473B7D030000F00F03D7
:101EE000022B10B504460BD0042B0FD0012B0BD1C5
:101EF000010605D4E2060ED5BDE81040E6F78FBB1B
:101F0000E6F791FB0028F5D1002010BD0306FBD4B5
:101F1000E6F787FBF6E7BDE81040E6F77EBB10B5B5
:101F2000E6F781FB002814BF82240124E6F775FB45
:101F300008B944F010042046FFF7D0FF30B97246CC
:101F400040F201114CF2B710D6F728FD204610BD23
:101F500082B002AB002803E9030008DC054B00F166
:101F6000FE4098428CBF0020012002B07047012043
:101F7000FBE700BFFDFFFF7E10B5074B074CD3F812
:101F8000AD3023609BB2A3802BB94FF6FE710120C8
:101F9000F3F784F8A08010BD9C6A0020906A0020AE
:101FA000034A034692E8030083E80300184670479B
:101FB000906A002007B501A800F022FD019803B047
:101FC0005DF804FB044BD87D044B1B781BB120F05B
:101FD0000F0040F0010070479C6A0020A56B0020B4
:101FE000044B1B7823B9044BD87D00F00F007047D9
:101FF00001207047A56B00209C6A0020034B93F8DA
:102000005520027093F856300B7070479C6A002080
:1020100013B50C4B00901C7802467CB902AB13E957
:102020000300FFF795FF58B1074BC3F8AD20074BEE
:102030001A6002F013F9204602B010BD0220FBE73F
:102040000420F9E79E6B00209C6A0020906A002023
:1020500037B56D4604462846FFF7A2FF95E8030012
:10206000FFF776FF20B1009B2360002003B030BD56
:102070000420FBE782B002AB009013E9030002B03A
:10208000FFF766BF38B5144B1B7803BBFFF710FF93
:102090000546FFF723FFE0B16AB2002A0BDAFFF72B
:1020A0009FFF22F00F020243D4B22046FFF716FF33
:1020B000002818BF2546094BDD7502F0CFF8FFF761
:1020C0008FFF042801D000F043FA002000E0022036
:1020D00038BD0420FCE700BF9E6B00209C6A0020F6
:1020E0000F4BDA7D02F00F03591E072915D8DFE8E0
:1020F00001F004051412141414100323D10648BF70
:1021000043F01003120601D543F080030370002052
:1021100070470423F2E70123F0E70420704700BF73
:102120009C6A002008B5FFF7C3FEBDE80840FFF732
:10213000D5BE00207047012070470120704708B5C8
:10214000FFF740FFC0F3001008BD00002DE9F74382
:10215000DFF8A080DFF8A09098F8003099F81770A9
:10216000002B18BF012000F00F0427F00F0646EAED
:102170000400FFF7B3FE0546A0B398F800201AB993
:10218000FFF720FF030631D5631E012B2ED807F081
:102190000F07BC4226D022B9264389F8176002F007
:1021A0005DF8FFF7CCFF064660B901A8DCF78CFCB0
:1021B00001A88DF80460DCF7A5FC0D4B30461E70BD
:1021C000DFF7D2F8012C01D1DCF773FF98F800306B
:1021D0002BB9022C0CBF09200820E5F7A5FC102024
:1021E000E3F7DAFD284603B0BDE8F0830025F9E700
:1021F000A82D0020A56B00209C6A002008B5FFF7E1
:10220000EFFE042803D0831E5842584108BD012028
:10221000FCE708B5FFF7E4FE012803D0A0F10803AE
:102220005842584108BD08B5FFF7E8FF20B9FFF74D
:1022300086FF00F0010008BD0120FAE708B5FFF7AE
:10224000DDFF38B9FFF77BFF20B9FFF7BBFEC0F316
:10225000C01008BD0120FCE7202908B50A4605D8B2
:1022600018B1034902F0A8FB012008BD0020FCE7DB
:10227000616B0020202938B504460D460ED860B1A8
:1022800020220021064802F0BFFB2A4621460448CE
:1022900002F092FB01F0E2FF012038BD0020FCE7D4
:1022A000616B00202020704710B50F4BB3F8AB20B6
:1022B000A2F114039BB240F6FC518B42044610D9A4
:1022C000FFF78EFE042804D14FF4616323800020C1
:1022D00010BDFFF734FF08B11E23F7E74FF4167364
:1022E000F4E70280F3E700BF9C6A002008B5A0F184
:1022F00014039BB240F6FC5293420AD8064BB3F843
:10230000AB20824203D0A3F8AB0001F0A7FF00206E
:1023100000E0042008BD00BF9C6A0020143880B291
:1023200040F6FC5398428CBF00200120704700000B
:1023300038B5064C064BE077154601221A7004F1B9
:102340005B00502202F038FB257738BD9C6A0020E4
:10235000986A0020084B01221A70084B027883F813
:10236000EE204288A3F8EF20027983F8F120427929
:1023700083F8F220704700BF996A00209C6A002011
:1023800038B5074D0B461446EA7F027005F15B0134
:102390001846502202F010FB2B7F237038BD00BF7F
:1023A0009C6A0020084B93F8EE20027093F8EF200F
:1023B00093F8F01042EA0122428093F8F120027172
:1023C00093F8F230437170479C6A0020014BD87734
:1023D000704700BF9C6A002008B5014650220248A1
:1023E00002F0EAFA08BD00BFF76A0020014B187737
:1023F000704700BF9C6A00201FB50F4B1B7FFF2B4F
:10240000044602D1012004B010BDCDE90012FFF74F
:10241000E7FD0428DDE9001203D0084B1B78002BF0
:10242000F0D00DF10F00FFF7ABFF9DF80F00DBF7C9
:10243000DFFF20800020E6E79C6A0020986A0020E9
:102440000C4B1B7FFF2B10B5044608D0FFF7C8FDCF
:1024500004280AD12046FFF7A5FF002004E0FFF77B
:1024600068FE0028F2D1012010BD034B1B78002B21
:10247000F0D1F8E79C6A0020996A00202DE9F04726
:1024800004460F4615461E46FFF7AAFD042851D103
:10249000FF2D51D0DFF8B08098F81C30AB424BD004
:1024A000FF2B02D0EB1A1B0646D44CB1A4F11E033D
:1024B0009BB240F2EA62934202D90220BDE8F08763
:1024C0002046DBF79FFFFF288146F6D03046F3F722
:1024D0009EFA98B3DFF874A09AF8004024B1042063
:1024E00002F038F8044658B32A4639464846FFF702
:1024F0001FFF3046FFF72EFF01F0B0FE9AF80000F4
:102500000028DBD098F81F3023725022394684F817
:10251000605004F1090002F04FFA3368C4F85A30F1
:10252000B388A4F85E30074B2146186802F024F8FF
:102530000020C3E70120C1E70320BFE70520BDE776
:102540000620BBE7944E00209C6A00209E6B002072
:10255000024A00231370024A13707047986A0020E1
:10256000996A002038B50446FFF73AFD042805466D
:1025700011D10A4AFE2C92F85A10234628BFFE2396
:10258000994206D082F85A3001F068FE2846E3F7F7
:1025900003FC002000E0012038BD00BF9C6A002041
:1025A00010B50446FFF71CFD042801BF034B93F848
:1025B0005A302370002018BF012010BD9C6A0020F3
:1025C000014B93F85A0070479C6A002038B5294C9B
:1025D000E07DFFF783FC00283AD1FFF7A0FC01253E
:1025E000E07594F85A30FF2B04BF002384F85A306A
:1025F000237F08BF0125FF2B11D100252846257711
:10260000DBF7F6FE2946E07750221B4802F0FCF982
:10261000A4F8EE50A4F8F05084F8F2500125FFF72A
:102620008EFDB8B194F8552094F85630134305D078
:10263000002384F8553084F8563005460F4A0123AC
:1026400013700F4A13700F4B00221A70284638BDC2
:102650000025C6E794F8553013B184F855000125DC
:1026600094F85630002BE9D0002384F85630012529
:10267000E4E700BF9C6A0020F76A00209C6B002002
:102680009D6B0020A56B002010B502F079F9A8B170
:1026900001F0C2FD01F0E8FD044600F007FAFFF783
:1026A00095FF00B90CB101F0D9FD054B00221A705D
:1026B000FFF74EFFBDE81040FFF75EBC10BD00BF46
:1026C0009E6B0020094B10B51C7864B9DF22FF21F6
:1026D000074802F099F9FFF779FF01F0BFFDFFF716
:1026E0004BFC204610BD0120FCE700BF9E6B002084
:1026F000B06A002008B5094B1B7863B9084B00F19C
:10270000100250F8041B43F8041B9042F9D101F069
:10271000A5FD002008BD0220FCE700BF9E6B002045
:10272000D16A002010B50A4904461022094802F077
:1027300033F9084A002814BF00200420234602F180
:10274000100152F8044B43F8044B8A42F9D110BDF2
:10275000D4160020D16A002008B5094B1B7863B954
:10276000084B00F1100250F8041B43F8041B904280
:10277000F9D101F073FD002008BD0220FCE700BF85
:102780009E6B0020E16A002010B50A490446102221
:10279000094802F001F9084A002814BF002004206B
:1027A000234602F1100152F8044B43F8044B8A42CD
:1027B000F9D110BDD4160020E16A00200123037076
:1027C0000C2343700020704770B5104D044695F8F7
:1027D0005500E5F7DFFE08B9042070BD95F85600F6
:1027E000E5F7D8FE0028F7D095F85500E5F7C4FEC8
:1027F0004FF47A76B0FBF6F0208095F85600E5F7B6
:10280000BBFEB0FBF6F060800020E6E79C6A00208B
:1028100038B504460020E5F7AFFE4FF47A75B0FBFB
:10282000F5F020800020E5F7A7FEB0FBF5F0608012
:10283000002038BD0A4B1B7813B5044673B101A8BC
:10284000DCF742F99DF80500E5F796FE4FF47A7340
:10285000B0FBF3F02080002002B010BD0220FBE7A7
:102860009E6B002070B50546FFF769FC044688B9E9
:1028700028884FF47A767043E5F784FE40B1688883
:102880007043E5F77FFE18B12A886B889A4203D916
:10289000042070BD0220FCE72046FAE7F8B50546A3
:1028A000FFF7E0FF0446A8B928884FF47A77784309
:1028B000E5F7A2FE064668887843E5F79DFE064BDD
:1028C00083F8560083F8556001F0C8FC4FF40050BF
:1028D000E3F762FA2046F8BD9C6A00206620704744
:1028E00040F2DC50704700F0D7BE0000014B0020E2
:1028F000187070479E6B002030B51A4B1A481C7830
:1029000085B0032102F016F8019001A884F00104BB
:1029100000F0CAF808B944F0020402AD2846FFF7F7
:102920003FFB95E80300FFF713FB08B944F00404EC
:102930000E4DE87E00F0B2F808B944F00804E87DD6
:10294000FFF7CCFA08B944F01004FFF749FB04285C
:1029500004D12B7FFF2B08BF44F02004204605B094
:1029600030BD00BF9E6B0020B46A00209C6A00202E
:1029700038B50546FFF7C0FF044620B100232B60A1
:102980000224204638BD00F089FE2860F9E70000E7
:1029900008B5FFF7B1FF012802BF024B18700020F5
:1029A00008BD00BF9E6B002038B50546FFF7A4FFA9
:1029B000044640B9E2F70CF918B101232B60204618
:1029C00038BD2C60FBE70224F9E7000038B50A4B5C
:1029D0001C7805465CB9E5F78DFE50B107482968BB
:1029E000032201F0B2FF01F039FC204638BD02207D
:1029F000FCE70420FAE700BF9E6B0020B46A0020C9
:102A00000C4B37B51C7805462CB10B4B1B6803608B
:102A1000002003B030BD0948032101F08BFF019075
:102A200001A8E5F767FE08B90420F2E7019B2B60D7
:102A30002046EEE7A56B0020A06B0020B46A0020C2
:102A4000084B10B51C7844B9431E0B2B07D8064B16
:102A5000D87601F003FC204610BD0220FCE70420DC
:102A6000FAE700BF9E6B00209C6A0020084B1B7891
:102A700023B1084B1B78037000207047064AD27EB2
:102A8000511E0B2901D80270F6E70420704700BFE1
:102A9000A56B0020A46B00209C6A002001380B2845
:102AA0008CBF002001207047E5F724BE08B505491A
:102AB0000548102201F070FF044B003818BF0120B8
:102AC000187008BDD4160020516B0020A66B0020A2
:102AD00008B5064B834306D1054BC3F8B10001F09E
:102AE000BDFB002008BD0420FCE700BF024C931989
:102AF0009C6A0020024BD3F8B1300360002070477D
:102B00009C6A002038B5144D2B78044610227BB106
:102B10000146124801F040FF0446D8B90F48102280
:102B2000FF2101F071FF2C7001F098FB002038BDEF
:102B30000B4901F031FF0028F9D0084B204604F181
:102B4000100250F8041B43F8041B9042F9D10123F2
:102B50002B70E9E70420EAE7A66B0020516B002008
:102B6000D4160020034B1B78002B14BF0520042033
:102B7000704700BFA66B0020064B1B7843B1064B85
:102B8000D3F8B13030EA03030CBF012000207047B6
:102B900001207047A66B00209C6A0020024B8343F3
:102BA0000CBF012000207047024C931908B5064B5A
:102BB0000146187830B10548102201F0EDFEB0FA58
:102BC00080F0400908BD00BFA66B0020516B0020BB
:102BD000014B1870704700BF9C6B0020014B1870B0
:102BE000704700BF9D6B0020014B1878704700BFF5
:102BF0009D6B002038B50D46044618B90B4B187074
:102C0000002003E0FFF750FF08B9042038BD284634
:102C1000FFF744FF0028F8D0054B22681A60054BE7
:102C20001D70024B01221A70EAE700BFA56B00205D
:102C3000A06B0020A46B002070B58CB0FFF7D0F91A
:102C4000042810D100238DF80430FF238DF80530BF
:102C50009DF80430002063F307009DF8053063F30E
:102C60000F200CB070BD00F087F928B903238DF850
:102C700004308DF80500EBE705A801F0FFF81022FD
:102C8000002101A801F0C0FEFFF7C3FA002855D1CA
:102C90009DF81430002B51D00B9D00F04DF906AE7D
:102CA0000446002C4DD1019A8DF80040FF2A28BF20
:102CB000FF22D4B2029A039E9DF810009DF8115095
:102CC0009DF912109DF81330B2F5FF7F13D2B6F5BF
:102CD0003F7F10D809B14D3105DA9DF8002042F050
:102CE00004028DF8002003289EBF9DF8002042F0CA
:102CF00002028DF800209DF8142072B99DF8002082
:102D00001B0143F0010303F0110322F011021343EE
:102D1000BF2C8DF8003028BFBF24FFF710FA30B168
:102D20002DB99DF8003043F008038DF800308DF880
:102D30000140BDF80030ADF8043089E74FF0FF35B1
:102D4000ABE7A37D03F00302032A2FD032B9627BE5
:102D50008DF81220C3F340138DF8133096E80C0061
:102D6000D4E9010101F0F9FD28B39DF81030FF2BE3
:102D700028D10023A27DD20606D59DF81120FF2A76
:102D80001CBF01328DF8112094F90D2012F13E0F75
:102D90001CDB002B019B0CBF3F222F22134401930D
:102DA000029B0CBFFF22BF2213440293204600F077
:102DB000C9F8044675E7A07BE2F75DF9A842D4D9CB
:102DC0000123D7E701338DF81030D2E712F14C0F11
:102DD0000DDB002B019B0CBF3322262213440193F1
:102DE000039B0CBFFF22BF2213440393DEE712F1C3
:102DF000510F07DB002B0CBF14220E22019B134442
:102E00000193D3E712F1560FD0DB002B0CBF0A223F
:102E10000722F3E7F8B5D5F7A9F90E4B00221146C2
:102E20001F4684B21D68D0B29DB19D89651BB5F562
:102E3000967F0EDA07EB011593F9086095F90850B3
:102E40000132AE42B8BF0146142A03F11003E9D1A2
:102E50000846F8BDA86B0020F7B56D4685E803006D
:102E6000084F002407EB041195E80C0003C9E6B2F3
:102E700001F073FD18B90134142CF3D1FF2630464C
:102E800003B0F0BDA86B00202DE9F84F0546D0E94E
:102E90000601FFF7E1FFFF28044602D1FFF7BAFF62
:102EA000044605F13000D5F81890B5F81C8095F966
:102EB0004A7095F94960E0F78BFBD0B195F839A0DD
:102EC00095F814B0D5F752F90B4A95F84E1023B285
:102ED0001C0102EB031342F80490A3F804801F7254
:102EE0005E7283F80AA083F80BB098819973BDE8ED
:102EF000F88F4FF0FF0AE3E7A86B002008B5032125
:102F00000948E0F737FD0948DBF78CFA4FF4F07217
:102F10000021074801F078FDBDE8084005484FF45E
:102F2000A072002101F070BD892E0300E86C002022
:102F3000F46C0020A86B00200148DBF781BA00BFC9
:102F4000E86C0020DBF77CBA37B56D4685E80300F6
:102F50000848DBF775FA044610B9204603B030BDC7
:102F600095E80C00D4E9010101F0F7FC0028F4D148
:102F70002046EEE7E86C0020014B9868704700BFE0
:102F8000E86C00202DE9F04FA548DFF89882DFF8C3
:102F900090B287B0DBF746FA4FF4F0720021A148F7
:102FA00001F032FD0020DEF7ADFA002504460CB139
:102FB000132D26D9D5F7DAF89B4C9A4FDFF860929B
:102FC00004F5A07886B2132D0DD8236843B1A389E8
:102FD000F31AB3F5616FC0F2998000232360A380D8
:102FE00010344445EFD1DCF7EBF9DFF83492DFF829
:102FF00034A2064604AF002E40F0BB8007B0BDE807
:10300000F08F2046DEF7FCFD18B9FFF796F8002890
:1030100076D10DF1100A21465046DEF7D2FE182671
:103020006B1C06FB0586DBB20193049B7360BDF845
:10303000143033812046DEF783FCF0732046DEF740
:1030400003FD70732046DEF708FD30742046DEF77E
:103050000EFD70742046DEF7B1FEB37D7082012252
:1030600062F3010305EB4509B3750C21204608EB1B
:10307000C909DEF71FFFA0B1B37D23F02303B375A9
:103080002046DEF799FD60B92046DEF78AFE037917
:1030900042799342B27D34BF0023012363F345128A
:1030A000B2750DF10E029AE80300E5F74CFE182107
:1030B00001FB058528732046DEF705FD0921A8736D
:1030C0002046DEF7F7FEAB7D002814BF0122022266
:1030D00062F38303AB752046DEF78EFF287520462A
:1030E000DEF787FF002168752046DEF7E3FEAB7D43
:1030F00060F30413AB7549465846DBF7A3F9019D0D
:1031000020460021DEF7EEF9044650E794E803007C
:10311000FFF71AFF00287FF463AF182303FB057342
:1031200022685A60A2881A81E27ADA73227A5A7384
:1031300094F909205A741A74A2895A82A27A9A734D
:10314000A27B997D1873120142F0020221F0130153
:1031500002F013020A4305F1010A05EB450507EBEE
:10316000C5015FFA8AFA9A754846DBF76BF955464E
:1031700036E731463846DCF7C1FA97E80300FFF737
:10318000E3FE0446002847D1132D40D86B1C05EB05
:1031900045050AEBC5044FF00108DDB2049B6360EE
:1031A000BDF8143023813046DCF79EFFE0733046D3
:1031B000DCF73AFF60733046DCF73FFF607430465F
:1031C000DCF745FF20743046DCF7A7FFA37D608263
:1031D00043F00303A375B8F1000F01D00023A373DC
:1031E0000DF10E030DF10D0200213046DCF75AF906
:1031F00020733046DCF708FBA37D60F30413A3754E
:10320000B8F1000F03D021464846DBF71BF93046E2
:10321000DCF706F90646EEE64FF00008BEE700BF11
:10322000E86C0020F46C0020A86B002010B5FFF7BC
:1032300063FB044628B94FF48070E2F7ADFD2046E9
:1032400010BD0124FBE700002DE9F04F85B00546D5
:10325000DEF7D6F900283CD002AC20462946DEF73E
:10326000B0FD94E80300FFF7F7FDFF28044602D104
:10327000FFF7D0FD0446029A01922846BDF80CB033
:10328000DEF7E2FB82462846DEF7E7FB814628466A
:10329000DEF756FB07462846DEF715FC8046284633
:1032A000DEF78CFD002106462846DEF703FE0A49BC
:1032B000019A23B21C0101EB03130A51A3F804B0D5
:1032C00083F808A083F8099083F80A80DF729E8152
:1032D000987305B0BDE8F08FA86B00202DE9F0478A
:1032E0000646A2B0382206F108040F4614A80021B1
:1032F00001F08AFB20461696E8F7F5FA149020466E
:10330000E8F7DCFA15902046E8F7F3FE214617901F
:1033100004A8E8F796FD049B1993214606A8E8F750
:1033200090FDBDF81C30ADF86830214608A8E8F7DC
:10333000B3FD2146089B1B930AA8E8F7ADFDBDF835
:103340002C30ADF870302046E8F7FEFF8DF87D0098
:103350002046E9F703F88DF87E003046E4F7C5FF14
:1033600018902046E8F71CFF21468DF87C000CA839
:10337000E8F7CCFB0C9B1D930EA82146E8F7C6FB93
:10338000BDF83C30ADF878302046E7F7AFFB48B9E0
:103390002046E9F716F98DF87F002046E8F7FEFC95
:1033A0008DF880002046E8F7E7FAA0B1E6F7C4F907
:1033B00001282DD18DF881002046E8F75BFBADF8A0
:1033C00082002046E8F73FFBADF884002046E8F78E
:1033D0003DFB8DF886004C4B9DF87E201D689DF8C6
:1033E0007D10002D3FD01879884202D15879904243
:1033F00007D09D68BDB3187B884234D15B7B934274
:1034000031D114A8A8470225284622B0BDE8F0878C
:103410002046E6F71BFA08BBE6F772F9054608B93D
:103420000025F1E72046E8F725FB0DF1400921468C
:1034300080464846E8F705FD2046E8F785FF8246C6
:103440002046E8F78BFFCDE900A0414699E80C0043
:103450002846E6F7BFFACDE91450BCE700F0FD00BE
:103460000128B8D1DCE7EF2901D8EF2A0CD9274B86
:103470005D780DB1187808B90125C5E7814201D101
:10348000AA4201D00233F3E737B900F089FB18B143
:10349000304600F079FBB6E71B9B5A1C14A804D0F9
:1034A00003F07F43B3F1004F0AD1D9F795F8022812
:1034B000054608D1012000F07BFB002FA4D1E7E7EF
:1034C000D9F776F8F3E717B1304600F063FB2046F2
:1034D000E8F752FA0028A3D02046E8F7CBFA12AE5C
:1034E000214605463046E8F7ACFC2046E8F72CFFBD
:1034F00003902046E8F732FF009096E80600039B11
:103500002846E6F79EFA8BE7D46E00203F7D030045
:1035100073B500F108066D46314604462846E8F7C3
:10352000BBFC95E80300E0F7F0FB38B13046E8F764
:1035300029FD18B10121204600F0D2FA00212046D1
:1035400002B0BDE87040FFF7C9BE10B500F04CFBFB
:10355000044648B10121FFF7C1FE022804D02046ED
:10356000BDE81040D7F77CBE10BD000030B4144C4D
:103570002368B3B12579854202D165798D4218D08F
:10358000A3686BB1257B854202D1607B884210D055
:1035900072464FF4CD7130BC4EF2CD20D5F7FEB956
:1035A000012304EBC30544F833202871697130BC52
:1035B00070479A42FBD072464FF4CA71EBE700BFE6
:1035C000D46E002070B50C4600F10806497C054613
:1035D0003046E8F7A7FEA17C3046E8F7ACFEA17DB7
:1035E0003046E8F7A3FDE37C1A0707D501213046F2
:1035F000E8F758FE02213046E8F710FD2846012181
:10360000E4F79EFFA18A2846E4F79EFFE37CDB06F1
:1036100042BF95F8C23043F0100385F8C2303046FF
:10362000F5F70DFD00280CBF0A20002070BD00003A
:1036300038B5C37C024613F0010011D0948AD4F748
:10364000A7FD0A4A002302EBC3014D68013508D1EA
:1036500042F83300064A4C601368013B13600020B7
:1036600038BD0133102BEED10720F9E7E86E0020BA
:10367000E46E0020064800234FF0FF3100EBC30248
:103680000133102B5160F9D1024A1360704700BF1B
:10369000E86E0020E46E002010207047064B10B545
:1036A0001C68E4F70BFFA04203D8BDE81040E4F724
:1036B00005BF204610BD00BFE46E00202DE9F04F8D
:1036C0002DED028B9BB00446FFF716F9002840F061
:1036D000BE8104F1080999E803000DF12C0888E87F
:1036E0000300C0B9052599E80300DBF79BFE0246FD
:1036F000C8B999E80300DDF70BFF003818BF0120B7
:10370000A37FD3B1C8B1FEF76BFC04280DD02368AA
:10371000CBB9062511E098E80300E4F795FF0028EF
:10372000F1D10E25DFE70120EAE7E37C1807EED5AB
:10373000E4F788FF0028EAD1032528461BB0BDEC3A
:10374000028BBDE8F08FA388002BE2D0E27C9106CB
:103750000DD5662BDDD8618BC3F5BB63043399426D
:1037600003DC238BB3F5805F05D30D25E5E740F23D
:10377000DC518B42CDD8237C022B00F26A81930767
:1037800017D5FEF7D6FC00283AD0A36803F07F4295
:10379000B2F1004F34D05A1E033231D8023300F058
:1037A0005A8199E803000022DDF7B2FE18BB0B2511
:1037B000C3E7657CA67C2846E8F7A4F838B1F82D65
:1037C0000BD0FEF70DFC04280AD00925B5E73046DA
:1037D000E8F798F80028F2D1D3E7FF2EF1D1D0E72F
:1037E000F02EF2D1FF2DF0D14FF00050FFF7C4F9C9
:1037F0000028C6D1E9E70921DEF75CFB0028D6D016
:10380000E77C17F0010F4FF6FF730FD0A28A9A42A0
:1038100000F023819249002301EBC30040689042ED
:1038200000F01B810133102BF6D100E0A382A088A9
:10383000662866D80320E4F75DFE0646002800F0FF
:10384000BF802046FFF7F4FE054618B13046D7F793
:1038500007FD72E717F0200706F1080A3FD0238B17
:10386000009399E80C00617CA07CE7F7F5F8638B86
:10387000ADF82E30A388ADF83030237FCDF800802E
:1038800099E80600ADF82C008DF832305046237CC4
:10389000E8F7AAF8238B009399E80C00617CA07CE0
:1038A000E7F7C6F801465046E8F76AFD214630467C
:1038B000FFF788FE05460028C8D15046E8F713F800
:1038C000A288216801F078F899E80C00617CA07C5E
:1038D000A7B1E7F7DDF83046E6F7C6FA2DE7A3888B
:1038E000009399E80600237C5046E7F787FF99E8A4
:1038F0000C00617CA07CE7F791F8D3E7E7F7B4F818
:10390000E9E700F062FEA38A08EE103A0646474651
:10391000C3464FF0000A5FFA8AF5AE423DD8204612
:10392000FFF786FE0546002855D10DF1140A014621
:103930001822504601F068F899E8030006AB83E8C6
:10394000030023680893A388ADF82430617CA07C31
:1039500099E80C00E7F776F8237C8DF828304FF6CD
:10396000FF73A38204F10803029308EE90AA731E6A
:10397000ADF82600A94603935FFA89F39E422CD83E
:10398000E7F792F80024E3B2B342BFF4D6AE57F89B
:10399000040BE6F769FA0134F5E70320E4F7AAFD22
:1039A0000AF1010A4BF8040B0028B4D1044604E0E4
:1039B00057F8040BD7F754FC0134E3B2AB42F7D30A
:1039C0000425BAE657F8040BD7F74AFC0134E3B2F2
:1039D000B342F7D3B1E60024F9E758F829A08DF8EF
:1039E00029300AF1080B18EE900ACDF814B000F057
:1039F000F6FD029B617CA07C0CCBE7F70FF801463B
:103A00005846E8F7BDFC21465046FFF7DBFD8346EC
:103A100048B157F8040BD7F723FC681CC5B2AE4277
:103A2000F7D15D4689E6039B4B450DD118EE101A80
:103A30005046E4F789FD029B617CA07C0CCBE7F744
:103A400013F809F1010997E7E7F71AF8F9E70125F3
:103A500073E6022571E60C256FE608256DE600BFCA
:103A6000E86E002010B5044650B10830E7F711FFAA
:103A700030B120464FF6FF71BDE81040E4F764BD59
:103A800010BD000038B50D46044630B30830E7F7E6
:103A900000FFE8B12046E4F75AFD4FF6FF73984265
:103AA0000DD055B108212046E4F74AFD0B4B2146C5
:103AB0001868BDE83840E4F70DBD0921F3E794F834
:103AC000C2309B0704D52046BDE8384000F01AB943
:103AD0002046BDE83840D7F7C3BB38BD9C6F0020F7
:103AE0002DE9F0418CB005460F46E4F730FD4FF666
:103AF000FF739842064636D0DFF87C80002408EB3E
:103B0000C4035A68B24231D14FF0FF325A60D4F741
:103B10003FFB184958F834300A6805F108040132AF
:103B2000C31A0A6008A821460593E8F7B5F92146AB
:103B3000089A06920AA8E8F7AFF9BDF82C20ADF86C
:103B40001C202046E8F700FC05462046E8F706FC66
:103B50000246DDE90601059B02978DE80300294630
:103B60003046D8F757FD0CB0BDE8F0810134102C79
:103B7000C5D1F8E7E46E0020E86E00200148E4F7C4
:103B8000C5BB00BF6C6F00200149E4F755BB00BF07
:103B90006C6F002001460148E4F77EBB6C6F00208B
:103BA000024B1878003818BF01207047686F00205A
:103BB000074B014610B101221A7070471A78012A8A
:103BC00005D102221A70034B1868D7F7DBBC704787
:103BD000686F00209C6F00200022024805231146D8
:103BE000E4F7F6BB6C6F002010B5064C2378022B6F
:103BF00005D10548E4F72EFC00B9207010BD002067
:103C0000FCE700BF686F00206C6F0020024B187843
:103C1000831E584258417047686F002010B596B017
:103C2000E6F726FC0190E6F7BBFC044602A8E6F79F
:103C3000C5FC019A02A92046FEF77AFB16B010BD1A
:103C400038B5184D2868D7F7BFFC044608B3E4F729
:103C500079FC09280BD00A280BD0082803D10121B0
:103C60002046FFF73DFF2046D7F7FAFA06E000218D
:103C7000F6E72046FFF74CFC0228F4D12868D7F776
:103C8000BDFC48B128680021D7F77CFC4FF0FF301D
:103C900038BDFFF75AFCF1E7FFF7B8FF0028F1D174
:103CA000F4E700BF9C6F00207FB500F069FEF0B123
:103CB0001422002101A800F0A7FE0E4B00931A2346
:103CC0008DF804300C4B029368464FF4FA6304936A
:103CD000D7F71CF8D7F7FEFB084B1860FFF7CAFCB4
:103CE000FFF74CFFE5F710FD0548E6F715FE07B0B6
:103CF0005DF804FB4F7D0300413C03009C6F0020F6
:103D00001D3C030038B50446D0B100F10805284633
:103D1000E7F7BFFD38B394F8C2305B0711D42846EB
:103D2000E8F7ADF968B12046E4F7FAFB054648B973
:103D300094F8C23023F0060343F0060384F8C2303F
:103D400038BD254694F8C23043F0040384F8C230ED
:103D500028460A21E4F7F4FB054B29461868BDE81C
:103D60003840D7F70FBC2046BDE83840D7F778BABF
:103D70009C6F00202DE9F04F394C85B094F800A0DD
:103D8000D4F80490D4F80C80277DA669E0F7E8FE0B
:103D90001C2205460021204600F036FEE0F7BCFE5E
:103DA00000B15DB900232370237853453BD02D4CDF
:103DB0002368002B4CD105B0BDE8F08F402D01D118
:103DC0000123F0E702AD2846EB46E0F729FF58460D
:103DD000E0F70EFF9BE80300231D012283E80300A8
:103DE000DFF7B3FFA06101301FBF2346D5E9000113
:103DF000022203F80C2B0ABF0123C3E90001237040
:103E0000FEF7EEF8042803D1174B1B782375CBE798
:103E100095E803000022DDF77BFB0028C4D0DDF726
:103E20008FFD2075C0E763684B45C0D1E36843450B
:103E3000BDD1237DBB42BAD101213046E1F70AF959
:103E400001210546A069E1F705F98542AFD1B2E746
:103E500098476368002BAED005B0BDE8F04F184717
:103E6000A86F0020A06F0020AC2D002002481C226B
:103E7000002100F0C9BD00BFA86F002030B5044D7F
:103E800004460FCD0FC495E8070084E8070030BD55
:103E9000A86F0020094A136863B198420CD0536898
:103EA0003BB1984208D072467B2140F62630D4F7C9
:103EB00075BD012342F82300704700BFA06F0020AA
:103EC000FFF758BFFFF75EB8FFF7D0BF2DE9F0430B
:103ED00087B00446884602A80121F1F7C1F9354BA5
:103EE00004A8CDE90434F7F795FA0546D4F74AF962
:103EF000059C044405B1A847D7F704FC21460020DF
:103F0000D7F7D8FB0746002843D1F7F743F98123B9
:103F10008DF804708DF805309DF80430002063F3AF
:103F200007009DF8053063F30F2007B0BDE8F0836C
:103F300005B1A847B946D7F7F9FB00BBF7F798FAE0
:103F40007F28F8D043421BB283F30703D9B202A8FB
:103F5000F1F7B0F902A8F1F78BF981460028E7D014
:103F600002A8F1F799F9404240B28642B8BF06462E
:103F70008442A8BF04468045DADAD7F7DDFBF7F7BD
:103F800009F9B9F1000F09D18DF804408DF80560E9
:103F9000C2E700246FF07E06A146CCE702A8F1F745
:103FA00067F90028F0D102A8F1F776F9404244B24F
:103FB0002646E9E7E021002008B5F7F739FB00685D
:103FC00008BD08B5F7F734FB406808BD10B5F7F732
:103FD0002FFB8468DAF73EFBA04238BF204610BDB5
:103FE000034A044B02FB0030034BB0FBF3F0704775
:103FF00000127A0000C63E05A08601000048704706
:10400000A219B90810B500210446DDF753FF50B1DD
:10401000F3F7E4FA38B1F3F713FA01462046BDE8A6
:104020001040ECF77ABA10BD10B50C4608B1DBF7BA
:1040300022FF00F001012046BDE81040E7F746BB33
:1040400038B504460D46FEF77AF840B12846E7F742
:1040500043FB20B12046BDE83840ECF779BA38BDC3
:1040600070B500F10805044628460E46E7F78AFFBA
:1040700090B146B12046EEF7C3FC68B1BDE8704090
:104080000420DDF7B3B92846E7F7DCFB20B128466A
:10409000E7F7A0FF0228F1D070BDF7B500F10806E0
:1040A0006F46044631463846E7F74CFD3046F4F794
:1040B000F4FF94F8C23050B943F0400384F8C230A2
:1040C0000121204603B0BDE8F040DEF75DBE43F0BD
:1040D000010384F8C230009B013345D097E8030008
:1040E0000022DDF715FA0546FEF788F860B397E879
:1040F0000300DBF797F9074630B3DBF785FB0028B1
:104100004CD03946204600F052FB022805D120460B
:1041100003B0BDE8F040D7F7A3B800212046FFF771
:104120009FFF07F11001204603B0BDE8F040E4F71F
:1041300083B83046E7F74EFF002836D0204603B05C
:10414000BDE8F040F2F7D8BF002DB9D02DE0002136
:104150002046FFF785FF05F12801E4E7204603B07C
:10416000BDE8F040DEF7D0BF3046E8F719F8054665
:10417000FDF7E5FF30B9032D04D1FEF73FF8002825
:10418000DCD1C4E72046DEF7BFFF032D26D0012196
:10419000204603B0BDE8F040FFF762BF002DCDD050
:1041A0003046E7F74FFB0028C3D100212846DDF752
:1041B00081FE0028CFD02946204600F0AAFA022826
:1041C000A5D0C4D90328C9D072464FF4817143F6F3
:1041D000825003B0BDE8F040D4F7E0BB03B0F0BDBF
:1041E00010B50446A8B1E4F771F9032803D00728F5
:1041F00006D0012808D12046BDE81040FFF74DBF8A
:1042000004F10800DEF711FD2046BDE81040D7F7A5
:1042100027B810BD7047000010B50F4C4FF48072E6
:10422000FF21204600F0F0FB204600F067F86368AD
:1042300001330BD0A368FF2B0AD9B3F5807F09D0D7
:1042400072462A2145F6B660D4F7A8FB012010BDBE
:104250000220FCE70020FAE79C6A0020014800F0F9
:104260000DB900BF9C6A002070B5214D2C6B631CFA
:1042700036D01C22002105F1C90000F0C5FB4FF02B
:10428000FF33C5F8C5402B6301241A4E0321304685
:1042900000F050FB184B421E9A4201460AD80422F5
:1042A00006F1990000F051FB01346FF07F43E4B256
:1042B0003380B37095F8F130FF2B13D1002385F8CC
:1042C000EE3085F8EF3085F8F03085F8F13085F87C
:1042D000F2300134E4B2FF2385F83430204670BD5B
:1042E0000024D2E7032BF6D9002385F8F130F0E75C
:1042F0009C6A0020B06A0020FCFFFF002DE9F04F0F
:10430000594FDFF87081594C4FF0FF333B60D8F8BC
:10431000003097B09B690321064638469847D8F885
:10432000003038681B6907A99847002877D10C9B93
:1043300023602368B3F5006F05D272466C2142F604
:104340006D60D4F72BFBDFF830A1494924684FF0AA
:10435000FF33CAF8003000228B46D308634302F0D3
:10436000070001320B60102A03EB00234B6001F1C0
:104370000801F2D14FF0FF3900234D460193019B14
:1043800038680BEBC302D8F8003052681B6802A9EA
:104390001C461423A047002848D1D8F800303868BC
:1043A000DB6898470028F8D1039B4B4509D2BDF83C
:1043B00008104AF25A52914208BF9946019B08BF21
:1043C0001D46019B0133102B0193D8D16A1C23D0C9
:1043D0001C46D8F800303868D3F800900BEBC502C3
:1043E0004FF4807352683146C84730BBD8F800306C
:1043F0003868DB6898470028F8D132884AF25A5367
:104400009A4221D1FC21301DB6F80290F0F7F6FC5B
:10441000814519D1CAF8005017B0BDE8F08F724637
:10442000672142F66D60D4F7B9FA82E772468421BB
:1044300042F66D60D4F7B2FAB6E77246A62142F6AC
:104440006D60D4F7ABFAD8E7002D08BF1025013C0A
:1044500005F1FF35BDD14FF48072FF21304617B012
:10446000BDE8F04F00F0D0BA487000204C7000203A
:10447000C46F0020FC180020447000202DE9F34197
:10448000DFF8CC802F4DD8F800302F4E2F4F01335E
:10449000102B28BF0023C8F8003055F8332005EB57
:1044A000C30304465B68934210D100930123019338
:1044B0003B6830689B6801AA69469847002830D15C
:1044C0003B683068DB6898470028F9D100236372A5
:1044D000A372E3726368013B63605A236FF00C02BE
:1044E00023706FF05A0322726370FC21201DF0F7D5
:1044F00085FC6080D8F80030306805EBC3053B6868
:104500006968D3F8048022464FF48073C04778B9B5
:104510003B683068DB6898470028F9D102B0BDE8F5
:10452000F0817246D42142F66D60D4F737FACDE7B8
:104530007246F12142F66D6002B0BDE8F041D4F759
:104540002DBA00BFC46F002048700020FC18002066
:104550004470002038B5642105460020E3F7FEFDD5
:10456000044638B10021642200F04EFA2946204664
:10457000E3F7AAFF204638BDE3F7AABF38B5D42138
:1045800005460120E3F7EAFD044610B12946E3F7AA
:104590009BFF204638BDE3F799BFE3F799BF08B505
:1045A000FFF714FD00F5A950083008BD41F288302E
:1045B000704707B5FF23009059221946A020F0F755
:1045C00018FEC0B203B05DF804FB03460022002BC6
:1045D000D0B202F1010200DC7047663BF7E77FB51D
:1045E000068A04463046FFF7F0FF637D03EB430580
:1045F000002205EB051501386D008DF80F20834270
:10460000628AADF80820ADF80A501ADA002B0CBF08
:104610000123032366268DF80E3002ABD4E9011284
:1046200020680093237DADF80C60E7F7DDF9206882
:10463000E7F759F9E1683246294400F0BDF904B0C2
:1046400070BD761BB6B20223E5E737B50446087C99
:104650000D46E3F7ECFFA0B120463121E6F7FAFA68
:104660002B7CE370AB68636004F10800697C019007
:10467000E8F7DCF8E97C019801F00101E8F7E4F8DB
:104680000934204603B030BD70B50C46054610B95C
:104690000026304670BDE6F7D9FA3128F8D1E8781F
:1046A0002074E3F7C4FF06460028F1D06B68A360CE
:1046B00008352846E8F7B6F860742846E8F7BBF8EE
:1046C000638A000223F4FF7323F00103C0F30800A0
:1046D000002203432260A2806382E260D9E70020C7
:1046E000704710B50446E3F7E9FE78B12046E3F7DA
:1046F0001FFE082804460AD9F0F7ACFC073CFF234C
:10470000B3FBF4F3834234BF0020012010BD01202D
:10471000FCE790F8C2301B0770B505460C4601D483
:10472000002070BDE0F75CFA00B3EDF78FFA08B136
:104730000120F6E72046DDF73FFAA0B32046DDF77B
:1047400018FA0228054608D82046DDF729FCFFF7AD
:10475000C8FF0028ECD10220E3E7F0F77BFC4FF420
:10476000FF73B3FBF5F58542EED2F4E705F10800DF
:10477000E7F708FC06462046DDF711FBDCF75CF99D
:1047800005462046DDF70DFB037973B92046DCF7BB
:10479000B3FF0446002EC3D1FDF722FC022802D14C
:1047A0000DB1002CC4D00320BBE70124F2E708B50B
:1047B00090F8C23013F0080008D00846DBF777FC09
:1047C000FFF78FFF002814BF0120022008BD000062
:1047D00070B5A8B0EFF7B6F840B9414A414B11683F
:1047E0000B4413603E4B186828B070BD09A8DEF773
:1047F00083FD0D9BFF2B28BFFF23002403948DF81E
:104800000C300A9BCDF80F40FF2B28BFFF238DF8FB
:1048100009300B9BFF2B28BFFF238DF80830099B25
:10482000FF2B28BFFF238DF80A300C9BFF2B28BFDE
:10483000FF238DF80B30E0F76FF988B36D462846FB
:10484000E0F7EEF995E803002246DCF761FE38B3A5
:1048500022460EA9DFF7BAFE01210F98E0F7FAFB16
:1048600001218DF80D001398E0F7F4FB01218DF87C
:1048700010001298E0F7EEFB01218DF80F0011985F
:10488000E0F7E8FB01218DF80E001498E0F7E2FB59
:1048900001218DF811000E98E0F7DCFB8DF8120075
:1048A00000252C46EEB23046EFF710F868B134B967
:1048B00002AB0EAA09A905A8EFF772F80446304624
:1048C000EFF750F83046EFF721F83DB114B120462C
:1048D000EFF792F8024A044B116881E70125E1E7FE
:1048E00050700020C0E1E400404B4C0030B587B070
:1048F00000F046F8A8B1FDF71EFC90B10A4D0FCDAF
:104900006C460FC495E8030084E803006846D6F7B8
:10491000FDF9D3F737FC054B054A03441360EEF766
:10492000B7FF07B030BD00BFD87D0300404B4C003F
:1049300050700020014403460020994200D1704786
:1049400011F8012D42EA0020F7E70244904200D11D
:10495000704700F8011B090AF8E784B00DF1100C4C
:104960000CE90300694681E80C00831A584258415B
:1049700004B07047704700207047704770470000D0
:10498000014B1878704700BF54700020014B18701D
:10499000704700BF5470002010B5013902449042A6
:1049A00001D1002005E0037811F8014FA34201D0A6
:1049B000181B10BD0130F2E70A44914200F1FF33A9
:1049C00000D1704710B511F8014B03F8014F914227
:1049D000F9D110BD884210B501EB020402D984421E
:1049E000234607D8431EA14208D011F8012B03F833
:1049F000012FF8E7024401468A4200D110BD13F8A6
:104A0000014D02F8014DF7E702440346934200D1FD
:104A1000704703F8011BF9E7FEE7FEE7FEE7FEE754
:104A2000FEE7FEE7FEE7FEE7FEE7FEE7FEE7FEE75E
:104A3000FEE7FEE7FEE7FEE7FEE7FEE7FEE7FEE74E
:104A4000FEE7FEE7FEE7FEE7FEE7FEE7FEE7FEE73E
:104A5000FEE7FEE7FEE7FEE7FEE7FEE7FEE7FEE72E
:104A6000FEE7FEE7FEE7FEE7FEE7FEE7FEE7FEE71E
:104A7000FEE7FEE7FEE7FEE7FEE7FEE7FEE7FEE70E
:104A8000FEE7FEE7FEE700007BB972B90029BEBF72
:104A900000204FF0004106E008BF00281CBF6FF067
:104AA00000414FF0FF3000F0BFB9ADF1080C6DE9E7
:104AB00004CE002909DB002B1ADB00F04DF8DDF8ED
:104AC00004E0DDE9022304B07047404261EB41019C
:104AD000002B1BDB00F040F8DDF804E0DDE90223E9
:104AE00004B0404261EB4101524263EB4303704723
:104AF000524263EB430300F02FF8DDF804E0DDE9F8
:104B0000022304B0404261EB41017047524263EB23
:104B1000430300F021F8DDF804E0DDE9022304B0EE
:104B2000524263EB4303704753B94AB9002908BFA7
:104B300000281CBF4FF0FF314FF0FF3000F074B978
:104B4000ADF1080C6DE904CE00F006F8DDF804E0E4
:104B5000DDE9022304B070472DE9F047089D0446C3
:104B60008E46002B4DD18A42944669D9B2FA82F220
:104B700052B101FA02F3C2F1200120FA01F10CFA5C
:104B800002FC41EA030E94404FEA1C48210CBEFB94
:104B9000F8F61FFA8CF708FB16E341EA034306FB1D
:104BA00007F199420AD91CEB030306F1FF3080F0AC
:104BB0001F81994240F21C81023E63445B1AA4B2F9
:104BC000B3FBF8F008FB103344EA034400FB07F79B
:104BD000A7420AD91CEB040400F1FF3380F00A81DC
:104BE000A74240F207816444023840EA0640E41BD1
:104BF00000261DB1D4400023C5E900433146BDE87D
:104C0000F0878B4209D9002D00F0EF800026C5E91E
:104C1000000130463146BDE8F087B3FA83F6002E36
:104C20004AD18B4202D3824200F2F980841A61EBAE
:104C3000030301209E46002DE0D0C5E9004EDDE7CC
:104C400002B9FFDEB2FA82F2002A40F09280A1EBB4
:104C50000C014FEA1C471FFA8CFE0126200CB1FB09
:104C6000F7F307FB131140EA01410EFB03F0884202
:104C700008D91CEB010103F1FF3802D2884200F28F
:104C8000CB804346091AA4B2B1FBF7F007FB101121
:104C900044EA01440EFB00FEA64508D91CEB0404BF
:104CA00000F1FF3102D2A64500F2BB800846A4EB1A
:104CB0000E0440EA03409CE7C6F12007B34022FA05
:104CC00007FC4CEA030C20FA07F401FA06F31C4334
:104CD000F9404FEA1C4900FA06F3B1FBF9F8200C41
:104CE0001FFA8CFE09FB181140EA014108FB0EF087
:104CF000884202FA06F20BD91CEB010108F1FF3AD7
:104D000080F08880884240F28580A8F102086144E2
:104D1000091AA4B2B1FBF9F009FB101144EA0141F0
:104D200000FB0EFE8E4508D91CEB010100F1FF349B
:104D30006CD28E456AD90238614440EA0840A0FB33
:104D40000294A1EB0E01A142C846A64656D353D009
:104D50005DB1B3EB080261EB0E0101FA07F722FA2D
:104D600006F3F1401F43C5E9007100263146BDE856
:104D7000F087C2F12003D8400CFA02FC21FA03F3B9
:104D8000914001434FEA1C471FFA8CFEB3FBF7F03A
:104D900007FB10360B0C43EA064300FB0EF69E425F
:104DA00004FA02F408D91CEB030300F1FF382FD2F8
:104DB0009E422DD9023863449B1B89B2B3FBF7F6A0
:104DC00007FB163341EA034106FB0EF38B4208D979
:104DD0001CEB010106F1FF3816D28B4214D9023EBA
:104DE0006144C91A46EA004638E72E46284605E7D8
:104DF0000646E3E61846F8E64B45A9D2B9EB0208A9
:104E000064EB0C0E0138A3E74646EAE7204694E738
:104E10004046D1E7D0467BE7023B614432E730466B
:104E200009E76444023842E7704700BF10F8012BDD
:104E300011F8013B012A28BF9A42F7D0D01A7047D7
:104E4000034613F8012B002AFBD1181A01387047CA
:104E500048575F4D41494E54000403020B050C03B3
:104E600002010A0302060A090703010508060200F7
:104E70000400000140000400010010000002800056
:104E8000080002002000000040787D0100000000C2
:104E9000005A620200010000C0CF6A000200000058
:104EA000809FD50002010000002D310102020000A8
:104EB000C9A300000FA4000013A40000000000001C
:104EC00000000000DDA30000F3A300009DAA000085
:104ED00045AB000081AB000055A90000A1A900006E
:104EE000F5A900002DAA000039AA000045AA00007B
:104EF0009BA300003DA4000067A4000083A4000061
:104F000091A40000B1A400004BA4000059A400002B
:104F10009DAA0000C1AA000081AB0000EDA800001E
:104F2000A1A90000C9A9000015AA000039AA000023
:104F300045AA00009BA3000001FF000049444C4526
:104F4000004150503279C63B75B3C3DCD21DB60662
:104F50004D000000BDBE0000C3BE0000CDBE00007D
:104F6000000104030202060001020304050607080B
:104F7000090A05050D0500007DC1000099C100006A
:104F8000A5C10000C5C20000C1C20000A9C2000046
:104F900065C30000A1C2000015C30000B1C100003C
:104FA00009C5000055C2000035C3000031C2000031
:104FB0007DC1000089C1000099C10000A5C10000A9
:104FC000DBC20000C1C20000A9C200009DC40000F5
:104FD000A1C2000015C30000D5C40000B1C100008B
:104FE00095C10000B5C10000B9C1000009C50000AD
:104FF00055C2000035C300007DC1000099C100000A
:10500000A5C10000C5C20000C1C20000A9C20000C5
:105010009DC40000A1C2000015C30000B1C1000082
:10502000B5C10000B9C1000009C5000055C20000AB
:1050300035C3000031C20000ABC6000091C60000BD
:1050400059C600004DC60000C5C6000051C600008C
:1050500055C60000ABC6000091C6000059C600004E
:105060004150505F4C49425F4A4F494E494E475F5D
:105070004153594E435F5441534B0000C9C800008F
:105080002DC7000045C900003DC7000011CA00003F
:105090005DC7000067C7000071C70000B5CA000007
:1050A000CDCA0000E5CA0000FDCA000009CB00001F
:1050B0007DCB0000ABCC000013CC0000F5CB000092
:1050C00000060703030606003DCF000043D20000A0
:1050D00035D2000017D2000003D20000CFD100006B
:1050E000C1D1000091D100006FD100003BD1000080
:1050F0002DD10000ADD0000095D00000F5CE00000D
:1051000081D00000ADCE00006DD0000031D0000095
:1051100017D0000003D00000F5CF0000C1CF000081
:105120008DCF000009CD00004DCE00009FCD0000C6
:1051300085CD000081CD000071CD000063CD000061
:105140003DCF000043D2000035D2000017D200004E
:1051500003D20000CFD10000C1D1000091D10000E6
:105160006FD100003BD100002DD10000ADD0000078
:1051700095D00000F5CE000081D00000ADCE00003B
:105180006DD0000031D0000017D0000003D0000027
:10519000F5CF000001CD000005CD0000C1CF00001B
:1051A0008DCF000009CD00004DCE00009FCD000046
:1051B00085CD000081CD000071CD000063CD0000E1
:1051C0004150505F4C49425F534C4545505F5441FC
:1051D000534B004D474D54004449414700000201E4
:1051E0000200000089D400002DD300000DD3000080
:1051F000ADD2000089D2000095D20000A1D20000FB
:1052000073746F70537461636B000000C5D9000044
:10521000ADD90000FBD7000085D90000BDD7000044
:10522000FDDA0000D9D60000C1D80000B3D80000D4
:1052300063D8000039D8000031DB0000CDD6000073
:10524000E5DA0000C5D90000ADD90000FBD70000A9
:10525000DFD90000DBD9000085D90000A5D6000009
:10526000BDD70000FDDA0000D9D60000E5D6000069
:10527000E9D60000C1D80000B3D8000063D8000010
:10528000F1D60000EDD60000D5D7000039D80000D7
:1052900031DB0000C1D6000005DC000015DC000099
:1052A00025DC00004150505F4C49425F5359535434
:1052B000454D5F5441534B004150505F4C49425F54
:1052C00053595354454D5F4952515F5441534B001C
:1052D000BDDC00003DDC00006DDC000049DC0000AE
:1052E00059DC000075DD000001DF000021DE000058
:1052F0008DDD000071DD0000F1DD00006FE10000D8
:1053000073E1000077E1000055E1000059E1000081
:105310005FE1000069E100000005030301030600EE
:1053200019E200001DE2000021E2000029E2000075
:105330002DE2000031E2000043E2000047E20000FD
:105340004DE2000053E2000059E200005FE200007D
:1053500063E2000067E2000025E300006BE200006A
:105360006FE300007FE200008DE200009DE200009C
:1053700093E3000019E200001DE2000021E20000BA
:1053800029E200002DE2000031E2000043E20000CB
:1053900047E200004DE2000053E2000059E2000045
:1053A0005FE2000063E2000067E2000025E3000026
:1053B0006BE200006FE300007FE200008DE200007E
:1053C0000DE2000011E2000015E200000000010003
:1053D00002000300040005000A0014001E003C0047
:1053E00078002C0158020807B80B00006400000880
:1053F00005000000F40164000C000000FB018200C5
:10540000150000000001AA00210000000401DC00DA
:105410003600000008013601570000000C01B801F9
:105420009200000010019E02FB0000001301B60371
:10543000000000000000000000000000000000006C
:10544000000000000000000000000000000000005C
:10545000000000000000000000000000000000004C
:10546000000000000000000000000000000000003C
:105470000200E40C0A004D41430000000C00000053
:10548000000000005B00000000000800AD0000000C
:1054900000002000FF000000000040000C01080197
:1054A0000C00080000020304000410023C05000088
:1054B0003C0A00003C1400003C0500003C0A0000CF
:1054C0003C140000780A00007814000078280000DE
:1054D000F0140000F0280000F0500000F80C00006C
:1054E000F8160000F82A0000F80C0000F81600007A
:1054F000F82A0000F0190000F02D0000F05500001F
:10550000E0330000E05B0000E0AB00000300F6FFCA
:10551000F6FF4C4C5F5258005245524F55544500CF
:10552000040201010101010003010101010158020E
:1055300020002C016004580200033C004006FFF0EC
:105540005802F0FF5802F1F10A00F5F60A00FFDDFB
:10555000C7B29F8B7763503C281400077501060083
:1055600000000A00070066000000000000000000C4
:10557000000000000C0003000A00400000000000D2
:1055800000000B0001000600000000000B000000FE
:10559000000000000000000000000000000000000B
:1055A00002000300020007000000000000000000ED
:1055B0000000000000000100660000000000000084
:1055C0000400060006000D000100000000000000BD
:1055D00000000000000000000000000000000000CB
:1055E000000000000000000000000000E3CD01000A
:1055F0009FCD01000A000100000000000000000033
:10560000070001000000000000000000660001002B
:1056100000000000000000006A000100000000001F
:10562000000000000000000000000000000000007A
:10563000000000000000000000000000000000006A
:10564000000000000000000000000000000000005A
:10565000000000000000000000000000000000004A
:105660000C00010000000000000000000300010029
:1056700000000000000000000A000100000000001F
:1056800000000000400001000000000000000000D9
:10569000000000000000000000000000000000000A
:1056A00000000000000000000000010000000000F9
:1056B000000000000B0001000000000000000000DE
:1056C00001000100000000000000000006000100D1
:1056D00000000000000000000000010000000000C9
:1056E00000000000000001000000000000000000B9
:1056F0000B0001000000000000000000000000009E
:105700000000000000000000000000000000000099
:105710000000000000000000000000000000000089
:105720000000000000000000000000000000000079
:105730000000000000000000000000000000000069
:105740000000000000000000000000000000000059
:105750000000000000000000000000000000000049
:105760000000000000000000020001000000000036
:105770000000000003000100000000000000000025
:10578000020001000000000000000000070001000E
:105790000000000000000000000000000000000009
:1057A00000000000000000000000000000000000F9
:1057B00000000000000000000000000000000000E9
:1057C00000000000000000000000000000000000D9
:1057D00000000000000000000000000000000000C9
:1057E00000000000000000000000000001000100B7
:1057F0000000000000000000660001000000000042
:105800000000000000000000000000000000000098
:105810000000000000000000000000000000000088
:105820000000000000000000040001000000000073
:105830000000000006000100000000000000000061
:10584000060001004BCD0100F1CC01000D0001006C
:105850000000000000000000010001000000000046
:105860000000000001000100000000000000000036
:10587000050001000000000000000000050001001C
:105880000000000000000000020001000000000015
:105890000000000000000000000000000000000008
:1058A00000000000000000000000000000000000F8
:1058B00000000000000000000000000000000000E8
:1058C00000000000000000000000000000000000D8
:1058D00000000000000000000000000000000000C8
:1058E0000F0E0A084C4C5F5355425F54585F5441A9
:1058F000534B004C4C5F4153594E435F52585F4FDE
:105900004E004C4C5F534C4F575F41434B5F5441EB
:10591000534B001D01261E271F2520212224292A42
:105920002C46194B474C4D4E4F50515253545556DF
:1059300000454941422E18092D1113010305040A9F
:105940000B0C0D0E0F100708061A1B141516172B3B
:105950002F303132123334353938373A363B4A3CFE
:105960003D000403020105060708090010000800B5
:105970000400020020004000800000010002FFDD62
:10598000C7B24F5441505F5441534B00736574424A
:105990006F6F7461626C65416E645265736574000B
:1059A000040501001D8B020001000000058B0200B0
:1059B00003000000F78A02001E000000C98A0200EE
:1059C0003C00000085AF9669D60B399D558B52225D
:1059D000751FEF7C4B02F3B07E8FE285D8BEBAF51F
:1059E0008DBAFAAD517CC1B727220A94B2D964EDC1
:1059F0009D66A0CA52454D4F54455F4150490075C0
:105A00007064617465416E64526573657400000072
:105A1000A9A0020000000000FFFF0000A59E0200F8
:105A20000100000000000000299E020002000000AA
:105A300010000000C59702000300000000000100F4
:105A4000BD9C02000400000000000000CD9C02008C
:105A500005000000FF020000519C02000B0009003D
:105A600004040100259C02000D0001000404030051
:105A7000F19B02000D00020003030100C19B020024
:105A80000D000300010101003DA102000D00040012
:105A9000FF010100C19802000D000D00100001007F
:105AA000759802000D000E0010000100F1A1020027
:105AB0000D0014000202010041A202000D001600B8
:105AC000FF040100299802000D00170010000100DA
:105AD000C1A202000C00090000040000F3A20200B1
:105AE0000E0001000004000021A302000E000200CD
:105AF0000003000049A302000E00030000010000A3
:105B000079A302000E00040000010000AB9B02001C
:105B10000E000D0000000000959B02000E000E001C
:105B200000000000AFA302000E00140000020000FD
:105B3000E5A302000E00160000040000859B020091
:105B40000E00170000000000159A02001900000066
:105B5000002F0000E59902001A0000000101010079
:105B6000779902001C000000000400002199020047
:105B700061000000FFFF00000D99020062000000BC
:105B800000000000C3A0020063000000000100004C
:105B900001010202750000009600000026020000CC
:105BA00064000000924600000000000000000000B9
:105BB000E05B030000000000C45B03000100000084
:105BC0000000000000000000C85E9133F89503005B
:105BD000010001000C00FF7F88160020000000007B
:105BE000DC1F0401000000000000000000000000B5
:105BF00000000000F01F04013F003F000000000013
:105C0000185E030000000000040002000180010093
:105C1000BA000000180002000000000000000000B0
:105C2000280007000000000044000000FFFF000003
:105C3000010000000000000000000000A4070000B8
:105C400048000100000000005400020000000000B5
:105C500000000000A000040000480000FF0C00004D
:105C600000490000FF0D000000200100E4070000D3
:105C7000102001000000000018200100088400002E
:105C80000830010013AC0001303002001C2310006A
:105C9000030000004030010000000000A0400100AF
:105CA000AA27000FB840010000C02300F440010003
:105CB000201000003441020080080000F687000038
:105CC0004041020020008800C1E6524D60410400BE
:105CD00000000000000000000600000006000000B8
:105CE000146008001000000000000004170001000C
:105CF0000050000000D00A00000000030000000077
:105D00000000000050600600D02FFF00410C000092
:105D10008000000035000A00482C6A0000000000E6
:105D200078600C001F04E00800000000B0033B0096
:105D3000A19095010A070000080E1824313C45493E
:105D40000000000000000000000000000000000053
:105D500000000000E46007007F08568C000000008F
:105D6000640483078813C83A9C2006000061200061
:105D7000B75685200461030037461000203000002C
:105D800088BB0000206101000000000030610800B5
:105D9000E853FA00000000000000000000000000CE
:105DA00000000000000000000000000001000000F2
:105DB0001470011000F8070014700130FE0000009C
:105DC000187006000013000060004A840000000004
:105DD0008200000000000000D500000048700200B2
:105DE0003E380000BC250000707003000301120063
:105DF0003830080080846D00FFFFFFFF194503065F
:105E00000410000101030106001027000009000032
:105E100000000000000000000B000000906B22005A
:105E200000000000FC5D0300000000000000000016
:105E3000C0A39B0020BD2002A0860100010100003C
:105E40001C2300060000000000000000000000000D
:105E50000000000000000000AA8601008DB70200CB
:105E600081B7020069B70200C5B7020075B702002A
:105E7000ABC00200E5C002000BC102002DC1020050
:105E80004FC10200A90203005D0203006902030082
:105E9000450303006103030041B7020045B7020058
:105EA000E5B7020049B702004DB70200000000004C
:105EB00048010000D8670020000103033869002072
:105EC000000100FA04FA000033330A0A0A0008400D
:105ED0000021000000000038000000180000002031
:105EE00000000000000101010000010100000001AC
:105EF0000202030202020204050404044870F20DC7
:105F00004470800D3070B6123C70B4163870DC0DE1
:105F10003470000E3070540F2C70540F28702E11F6
:105F2000247046112070EA0D1C70D21118704412B2
:105F30001470E20DB110076001D80A7108B87F78BB
:105F4000020C7E78641000C6A01F00218CB8707807
:105F500001B007680F305CB30F330111C0480698D9
:105F600016022FB006D80C7109DD087100B853A8CD
:105F700009BB11100768016821480760041001126D
:105F8000FF3221500760514807600088069860136F
:105F900000C43C1F002103DD087214BA281400A0BD
:105FA00000BA03DF107109DF06720298BA058CB8D7
:105FB000507800A04413281441158110076002D8BE
:105FC000147110880698A41B00C00C700840069835
:105FD000FE1D009106982C020060B83020D8067192
:105FE00090BC637C00C4E010084044120762013298
:105FF0002140084C287C084D5412F03240DE0472D7
:10600000404804DB08720DDD0C72044BEF3014487D
:1060100006987007811140D91C72B1123032CF4AF4
:10602000013AB1DA107208D8067104D80871B04C80
:10603000237C3E70684C4412FF328722047580B87E
:10604000D84C81D8307140D90472237C084B069813
:10605000700704BA88B9767900C1186008403579AC
:10606000E049007906B904A901D82E72BC4C307CF5
:106070000298FE0108D80C7107BA24D8047106BA38
:10608000187004D80C7101BA40D80E7102BA0A70A7
:1060900005BA20D8047203BA604C4411404C18145D
:1060A000076118149111383111429111076910D903
:1060B0000472EF3200C10060084014111031016910
:1060C00011422814A111076118140698E41D181430
:1060D00000C10060084014110769FF31181400C1A5
:1060E0001400084014111814076100C22060084011
:1060F0002412FF320471104918143088024806989F
:106100001A06009308DB047101F800A05CB00F30A0
:1061100000A01088B111076980D90A7100C1800000
:1061200008400811009100A000C40001084044107C
:1061300000A000C020300E40041104101050F47272
:1061400000A054155045127106987A0706980A0760
:1061500018B8707800B8417806980C0390BA5B7A4A
:106160005C7A5D7A00C218500840241200C14C1FAE
:10617000002128110698AE1B2088008800C5401F0A
:10618000002154155112FF350762FF32069836027E
:10619000015951290475115900902129207506983B
:1061A000CA040698FA040698C602009203D80C7234
:1061B0008111076102D90472FF0FBA7018B87278A2
:1061C00000F804D842710088308800C0FC1F00210C
:1061D000041000C14C1F00211412012A215A00C3CF
:1061E000185008403413312A1A7500C00060084066
:1061F00004100730FE200C76381108B87F78020CA6
:106200007E780093009000A000C0F41F00210410CD
:1062100000BB1DB400A000C1DC1F002114111088B8
:10622000FF3100C5FFFF0000311207620762513ADB
:10623000513B0E720698E40C1159011201131E70A5
:106240003114008831100698E40C1159415C412842
:106250000698E60C513801130090012B009020881D
:10626000076001140760FF30215D41120762076279
:10627000312D0876FF34415C4128015D31100698CC
:10628000E60CFF303088011300C0E01F002104102D
:10629000512B0C76076801150768FF356070315B7C
:1062A000FF32212B0C75076001150760FF354E701A
:1062B00000C5E41F00215415076507655112FF351D
:1062C000FF30012B0875211007603270211007681C
:1062D000FF30012B0A75211007600760207000C293
:1062E000E81F00212412211007600760FF30012BF6
:1062F000087521100768067021100760FF300093B1
:10630000009200C10060084014142C490734FE2498
:106310002A761415F0BC076C513C076803680154D9
:10632000107100C4FF0FFFFF513C014448113112AE
:1063300000C5E81F00215415FF350762076221439D
:10634000544914122155FF355152281100A000DF85
:106350000672011314703111312B112B016300C12E
:10636000FF070000113B012B00C278FEFFFF05B8BC
:106370006EBD312A207505B8C8BDE8221875DCBD90
:1063800006B8DC22107507B8F0220A7508B8E822B2
:10639000047509B800C10060084014122C49073286
:1063A000FE2216760768036800C2FF0FFFFF141471
:1063B000213C0144481150BD544914122155FF3568
:1063C0005152281100A001D82C71008800C004701F
:1063D000084004108020FF301A7100C1B41E002153
:1063E0001411076120D908710698520406700698A6
:1063F0001A03009000A002D8047200A0008806983A
:106400000A071DB428B9112C408800C3EC1F0021D5
:10641000341440445A71441306987805411500C05D
:106420000060084004100730FD20447500C2087069
:10643000084024100760FF3080DC34710698380D66
:1064400001591C4A241007600260FF300698380D7D
:106450000158B2200129541331100698380D112823
:106460000A75042554155045EE7206987805009477
:10647000009000A07FB9066100C01C60084006982B
:10648000661304155153113B31555810069860138B
:1064900000A0EBBD00C03C1F00210411113D10D92C
:1064A0001271FF33076B00C190400846381118B9CC
:1064B0007479581000A006982C028024E4240D3032
:1064C0000472044800C11C510840141100C3D81EB6
:1064D0000021911504351A72181388BB08D804716D
:1064E0006C7B04D804716A7B8CBB2F7C5B7B167041
:1064F000044B181388BB08D804716F7B04D804714F
:106500006D7B217C0C3001600698F6060698D20B54
:106510000698A60700B8B111076940D9067202981B
:10652000DA0601BC00C20060084000DC0A712415D4
:106530000165604A0A701C4A241507657C4A0435C7
:1065400008D920712024512A241200C1800008405B
:10655000320C2811076228110762281107622811DE
:10656000500C00C1341F0021141200DC347120D8FB
:10657000067101B80C70F0DA0C720CDB087102B80D
:106580000698FE06482400C33061084034130763B0
:1065900080DB0E7102B9911308DB047203B9067037
:1065A0000C49141100C380000840FFB801201141BC
:1065B0000871014118130824014200C13830084015
:1065C00014110141036D514191152035016D514167
:1065D00018132813481300C37C000840341003D854
:1065E0000C71073005DC0671084B227B8CB85078A3
:1065F00000B800C1341F0021141203682150F0308C
:106600000152281100A04024066400C0FFFF0100D1
:10661000013C1DB002200158402806751EAC01EC5B
:1066200000A0208800C01850084004121DB4211397
:1066300004123052F871066C402400C3781F002108
:10664000341014110698680D066900921159212919
:10665000067600BB11590698200D80B80158013A02
:106660000662313B0472215A412A00A000C2000197
:106670000840317A00A0308880B9076900C3000063
:10668000C0FF3110312800BC002D0C7511541EAC18
:1066900001EC312DF470066C51134155312C0093EF
:1066A00000A000C028400E400413315107610C3196
:1066B00007691153381000A00698B80800C0F41FED
:1066C000002104110698A607217A237A00C300004E
:1066D00010000698E60700C0541F00211DB11810D5
:1066E00000A000C0501F00211DB1181000C09C1F49
:1066F00000210410002D067500B826A806987A0718
:1067000000C09C1F00210410012C067506980A0782
:1067100028B010B9115911380EB9114028A880B805
:1067200000C144300840081100C1F01F00211410BE
:10673000303B06710760076000C408300840441110
:106740001150FF30015118146FB8076826A8217A3C
:10675000050C21102048267800C063EF000031406E
:1067600026A8050C20EC247A20EC217A184826A8CB
:1067700028B00AB901510F31115028A8050C207A10
:1067800020EC0F0C98B8467841780698360200C283
:10679000401F002124100151FF311150081200A0A8
:1067A0000698B80800B826A800C0581F00211DB1DF
:1067B000181000A030B840780DB101D9FC724278B1
:1067C00000C074300E4004114CBA407A18101448BE
:1067D00004115C7A1810A4BB707B4E7B4F7B00C207
:1067E0000430084000A00698B808217A227A00BB3D
:1067F0000698E60700C0641F00211DB11810A4BB55
:1068000000C040300E400411033101492872B1121A
:10681000076207623048041121510F3118726E7BF4
:106820006F7B104804114CBA7C7A1810144804117C
:10683000607A1810B11002D81071707B30B862788D
:1068400060780DB001D8FC7100C0F86008400411F8
:1068500001D90C7100C01800084002B9181008B81E
:106860006E780EB84EB110D90C723EA8140C0FB849
:106870003EA8107044A8140C01B800C1AC300E4002
:10688000081100C077801F003DB201423DAA00C040
:10689000FFFFFFFC013A3DAA140C00C077E01F0087
:1068A00001423DAAFFB845207D7808B87E7800C136
:1068B00024600840141107610631087100B9069878
:1068C000AC100698661306980A1E02D9067206983E
:1068D000180C06986013511406980A07F4B8457806
:1068E0000A0C00C0601F00211DB11810029886100C
:1068F000FFB845205D7803B8076044A83EA800C1F2
:10690000AC300E40081110B807683DB101393DA9FF
:1069100008B86F7800A046A800C0FFFF0000013B48
:10692000076356AB94BA437A01D91471013C47B35B
:1069300000C0FE20FFFF013B314447AC637AFFB843
:106940002120407802D90471607800A0C8BC066C90
:10695000415C512C067506980A070698140EB11072
:10696000076824D8367140BA069836138CBC7F7CF1
:1069700008B86578911004D8187188B86E7857787F
:1069800000C06400084021780698D41001400872C5
:10699000427C069872130298AA0B08B86C7820B84B
:1069A00059785B7800C0F44008407878797800C165
:1069B000C81F0021141040A8184914130449408826
:1069C00014140C4914118112076A006A01DA187153
:1069D00088B8577800C0CC1F0021041001610763FC
:1069E00007630764076406981A0A00944EB010D82B
:1069F00042724DB161B80158113840B102D90A72E2
:106A0000604804BB41540870204802BB02BC4DA83A
:106A1000F8B87078190C3EB141413EA9F4B97379C8
:106A20007378717800C4F840084000C20041084003
:106A3000227000C20000010044AA230C00C2000022
:106A40000B0044AA00C41041084000C2184108408D
:106A500004BB587C050C597C0C240F0C2FAB050C87
:106A6000B11008D81471647A657A1CB879787B788B
:106A700020B879787B78607CF424411306987007FD
:106A800051144044067506980A07727BFFB84D20E2
:106A9000050C687840EC00C05C1F00211DB1181087
:106AA000911004D8147100C0B41E0021041080D8C5
:106AB00006711CB8737800F818B800C1D41E002104
:106AC00000C21850084024122811777800F800C03E
:106AD000B860084004110761076180D9047240EC76
:106AE00000C4F84008404EB010D804711824411377
:106AF0000C23527C407B11512FA9050C797C0A0C88
:106B000000C0000001020814787C050C507C08B815
:106B10006D7800A0B11001D8047200A000C02870E8
:106B200008400411108800C10018004018104448A3
:106B30000411108878480411108800884CBA757ABE
:106B400018103DB11088F4B8427844207278284873
:106B50007378F8B873784FB200C4FFFF8080413A71
:106B60004FAA01BC01644113076300C06C70084068
:106B700003B918100110011001B91810011001100B
:106B80000110011068480411076101B80160003A62
:106B90000471044904D9047241520760003A047137
:106BA000084908D9047231520460003B0E72006338
:106BB0000064314241424FAAB2704FAAF8B85378EC
:106BC000182053782848527800913DA900900091F0
:106BD000181000917848181000914448181000A02F
:106BE000115910D906710760076008D90471076050
:106BF00004D90471036002D90471016001D90471E0
:106C0000006000A01088041102300671076107615E
:106C100000C0FFFF00001138009100A000BA01D8A9
:106C200006710148112A0069006001D8F672013826
:106C3000F67200A08020FF30FF48812000A002EC07
:106C400000CA02EC00C8076A014202EC00C8076AE9
:106C5000014202EC00C8076A014200A000C21850BD
:106C60000840241211592129127300210E7100C20B
:106C70003050084024120121212900A00698B808AC
:106C800088B8577800C5801F00215088FC4D88BC0B
:106C900000C0C01E0021811101D91E71407C0095E9
:106CA0000115044D50880C4DFFBB076B315B04117F
:106CB0000698600D3129F8750698F81C5415069849
:106CC0000A1E01D908720698EA08067006984C094F
:106CD00088BB547B009500F80698F4090E7006985E
:106CE000D20B0698F4090698B2110698A408211947
:106CF00000C0246008400A78097800F810B901BA89
:106D000006982C130698861000C5801F002100F8F5
:106D10009112033288B900C3B41E0021341300C499
:106D2000A81008408CB84278707903DE0671447868
:106D300072707179A11020D80A710698EA08029839
:106D4000600F80DB507102D84C7205B83088076341
:106D5000076302DB2A7100C3AC00084034130663EA
:106D600080DB0472804800C3102008403413315B7C
:106D700004724048312831280260081407680093E3
:106D80000814A11010300248081400B8081491101B
:106D9000076008148CB86278A11000DC067651797F
:106DA00000BA80DB3A7100C000000200003B307185
:106DB00050884110344803DE0471904804150820BF
:106DC0000411F82058101C20217800C0A4000840AD
:106DD0000E7810D904722E7806987A1600959111C3
:106DE00020310269911004D80E7200C1481F0021A1
:106DF000141101D90A7120880698AC10009200C1C4
:106E0000180008400533054B1872184C03DE047156
:106E1000904C441400C3FF1F0000413BFF23381176
:106E2000B84900C3306108403413076380DB0E713A
:106E300003BA076A0698480F00BA0870076A0698EE
:106E4000480F04490879097914102140081100A05D
:106E500000BD0698100210B903DC047100B901BA34
:106E600006982C1302D9067100404E7201B10769D1
:106E70000F310698D410FFD82872811008D81871E5
:106E800006DD0A710698100203DC0C7206981A11CE
:106E9000069872130C7006DD107106982011487068
:106EA00020B802A806DD10720698F4090698A40816
:106EB00001F840B802A800F800C0B41E0021041375
:106EC000076301DB227191100111076911388CB938
:106ED00010D8087144790298600F02DBFA72A1138E
:106EE00028DBF47203BD06987A100698F40900C5F1
:106EF000841F00210698100200BA03DC42720C4D78
:106F000000C0140008400410026800C3741F002170
:106F10003411112800C1306108401411076180D973
:106F20000C71911108D90671FC23E04DFC2334113A
:106F30000698200D00C10C510840069826075415EC
:106F4000212D00C0F8600840041101D9227100C051
:106F5000381F00210410033001DC147200C014003B
:106F600008400411FB21087607BA076A212D06980C
:106F7000BC070298500A9110015503355150011970
:106F800000A000C1441F0021141001D84271014823
:106F90000760FE200E75811020D8087100C1481FBF
:106FA0000021141101D9287100C024600840041286
:106FB000215107610F3107691152281000C000608C
:106FC000084004119112215120311152211900A0C1
:106FD000811380DB067201B800A000C30C5008408A
:106FE0003410063030727C4B34122C4B3410076056
:106FF000076040302072811080D8DC713410014A63
:1070000007620360803021508C480A717F2355232A
:107010003410013000A000BD06987A1088B8477877
:107020004578437800B8447800A00698F40906989B
:107030001A1100C58C1F002154150698BC07029830
:10704000500A00C374000840027B0698661350BAC9
:10705000069836130698D410FFD84A71911004D8B8
:107060004872811007601CD8407220D93872111202
:10707000FF322151347180218021111400C0E01EA3
:1070800000210413FFBA3151113A215111538CB927
:1070900038107B7940440E7200B900C2BC1E00213A
:1070A0001812067008B860780698601300F800B9E6
:1070B00000C29C1008401812244A0AB9181288BA53
:1070C000507A517A577A8CB942795F7900A0069844
:1070D000100207DC1072911000200A750698B21198
:1070E00002980C0E0698A40801B9911004D80471F6
:1070F00000B910BA06982C1300BA00402A7100C0DB
:10710000B41E00210411076101D9127104D9E27281
:107110008110076001D8DA718CB8647800C11C5105
:107120000840069826070698B21100C5901F002156
:107130005415212D0698EA0800C5941F002100F877
:1071400000BC811108D9167280D9207201B910BA19
:1071500006982C1300400E7101BC107006981A118D
:107160000698721320B802A800F80698B21181118F
:107170000231127100B900C20C1008401812244AE2
:1071800002B9181206981A1100C5981F002154154B
:107190000698821D0298500A04110121147188BAC0
:1071A000737A042004122811042004110121F472BE
:1071B00000A00698700701F8911010D83471069855
:1071C0000C030698CA040698FA0400C51C5108402E
:1071D00054110698600D00C5D01E00215415512988
:1071E000E27518B876788CB8447801B802A800F82F
:1071F000B110076810D82E7100C04810084000C3B5
:10720000000008403114884C44113411076101D941
:10721000FA714412281007622810076228100762CA
:107220002810E8700298460206982C021138047261
:10723000016A00BB00C1E01E0021141120390C724C
:10724000911210DA0672417B00A00698661300C204
:10725000B41E0021241220DA0472617B88BA527AAB
:1072600000A088BA727A811204DAFC7200A088B891
:107270006B78577800C0640008402F7800A007633F
:10728000076390B9637900B902DB227102EC00C98F
:1072900009B801D9507200C2AC0008400E7A10D96A
:1072A00004722E7A06987A16E031076102EC00CD5E
:1072B000114502EC00CC01DB087100BB0298CA1733
:1072C00003B841110731FA211C760621911210DA18
:1072D000087102DD10721E7020B80698E40C303878
:1072E000147208B80698F60600C0240008402978F1
:1072F000207800F8046020D806710298301502EC5E
:1073000000CA05B823DA187104DBDA7120DAD67105
:1073100010DAD27290B8617800B801DA067202EC25
:1073200000C8911110D9267100C1C41E002114118A
:107330001150FF300C720661A110115002300A7119
:1073400080DB0A720AB89E708CB97C79076891114B
:1073500011402111C0311140011990B8411108D9D3
:107360000471667820D904726578A11002D806727B
:10737000C0DA1E7190B8273123DD087210DB10725D
:10738000607825DD0A7121DD087208DB04716278FE
:1073900003B8411107310872A1152035AA7102DD29
:1073A0003272A11120D9A07102D92872CCDA987258
:1073B000411140D9927206B802DB1071046500C118
:1073C000102008401411112D112D054D5C720298EA
:1073D000BE1321114049C0D94E71A031411540352D
:1073E000016551410361076308DA1E7204DA3872DD
:1073F0001049A1150235067110DB0E7201340A71B5
:1074000008DB247190B86778CC3211101A300ADC8E
:107410000872CCDE0471FD3100C00D0F0C0D069812
:10742000E60C01D8607207B80298E81300BA41115F
:1074300008D90C7102EC00CA05B830DAEC720734D6
:10744000F031026101DA0471014900C0F300A3E3E5
:107450000698E60C01D8D07100C0981440680698D0
:10746000E60C4030014440DA0471204C04320162E1
:10747000204A111006300068014218310269114299
:1074800002980614204A00C0051708500698E60C1A
:107490001130014220880DDA527100C1DE1B250136
:1074A00080BC04DA107208DA0A7200C1208410006D
:1074B000E024A024FFBB07634143016401DA0671A5
:1074C0001E49024B00C0281F002107633810BC2052
:1074D00002DA127101B91159A11380DB087100C1E0
:1074E00000FCFF0118100298561700C4B41E0021BA
:1074F000441080D87E7100920362DDDA0871A11118
:1075000080D9927290BD437DEFBD06989805DDDA73
:107510008472A11105D95C7100C238100840241290
:107520000C24281401D9067202D9327140D91E7177
:1075300002EC00CA211018320471FA2220D8047219
:107540000822FE22087502EC00C8F87001D90E71FD
:1075500002EC00C802D9067204DC187200C0B41E26
:1075600000210410026801D8067190B8647818B838
:1075700073780298CA1700C50020084000C004179D
:10758000000008D904720A480815104D00B808D93F
:107590000472FF200815084D00C00884000008D9B7
:1075A000087200C02083B8ED0815104D207D00A0A2
:1075B00000B8011A00C07400084002789110103021
:1075C000011905BA0698361302D9067101B802A846
:1075D00000C0B41E0021041380DB067102988213E0
:1075E00040DB06710298F6188CBA7C7A01DB5E717A
:1075F00000C22C1F002124111114FF3402EC00C81A
:10760000FF24FA7607610698F40C036111380F30F5
:1076100003611114011141100698F40C01D808728D
:1076200003B80298E8131C4A02DB167124101128D3
:1076300011280698080D00C218000840FF20081203
:10764000411007600698F40C01D87C7120BC1033FF
:10765000767100BB00C1281F00211415C021112C18
:107660005112076A0F320E71408851140698201883
:107670004143009451120765036A0F320E714111A4
:10768000511406982018036C41430765513B00C113
:10769000E41E00211411111231100F30127100BAC2
:1076A000046101D80471114200600FD8F4723110E6
:1076B00002601E30047201B8003A087204B80298E1
:1076C000E8130298EE1500C13061084014110761FB
:1076D00080D91A7102EC1DB002EC1DB101581128BD
:1076E000A0B91159112806758CBA637A00C0341FED
:1076F000002104110F3103DD1A7200C00060084040
:10770000041007D80E7200C01040084004B91810C9
:1077100000F80698C0100698960500F83088508842
:10772000FF34087102ECFF24F87002EC00CD141055
:1077300001BB5150FFD8047131440760006B10DB6E
:10774000F2710421FF22E4720F4C0095009300A017
:1077500000C01860084004100560073000A00CB895
:107760000298F21802EC00CAFFBC80BD06985418BB
:107770000448187202EC00C92115F03500650F327B
:10778000076A114200C4FF0F000000C1C41E00219F
:1077900014100113413B305206714052C272211441
:1077A00007600760FF3055DC1A7102EC00CA005216
:1077B00012710ADE0E714ADE0A7155DE0671305210
:1077C0009E720C4910880698E41D07311145076523
:1077D0000765414500C30C70084034130763FF334D
:1077E000076331450091581118B875780BB80298A5
:1077F000E8130763076302EC00CA02DB127155DE6F
:1078000006720298681854DE06720298681801DB46
:1078100012710698460D0698420D02EC00CA0298B5
:10782000CA1700C1C01E0021141404490698460D51
:1078300040522E7204DBE07190B8637806985418B9
:1078400004486E7200BA0698460D2113141000C148
:10785000FF0F0000113A105254710152113A067193
:1078600004B88C7000BA0698460D2111FF320761EA
:107870001114911010D82271073103DD1C7200C160
:10788000CC1E00211411FF31115206710AB8D470B8
:107890008CB97C790298CA174110813081DC0E7254
:1078A000076A034A076A0F4A0698D01A0298CA174D
:1078B0001410FFBC013C0698741B02EC00CA02ECD9
:1078C00000C902EC00CB076A3142076A21410F333D
:1078D00002EC00CD02EC00CA00400872211302EC59
:1078E00000CA07621142911110D92A7121110F317A
:1078F00003DD227200C1CC1E00211411FF31076A82
:1079000000230C71115308710AB8029866198CB9DA
:107910007C79147021110F31076A02DD5A7101DD83
:10792000067103DD4A7200880AB90698BA1A0090F7
:107930002111FF32FFDE387120543872FC25187295
:1079400002EC00CA01DE107202EC00CA18DE0872F6
:1079500088B877781A70066100400472006180D997
:107960000E714CBA477A0698121B90B84378029869
:10797000CA1704B89670FF32FF24F8750BB9069841
:10798000BA1A2110E03001584128E875F830026039
:107990001F32215A0125212DDA75012AD67602ECF3
:1079A00000CAFF20FA764111073101B80698E40CAD
:1079B000003AC071BA700040087106984A1B047002
:1079C000022106B81159112DAC7500A000C5A810F0
:1079D000084031100360081501110760076007694E
:1079E0000F30F0311140081507630363381528156F
:1079F00007622815076228157FBA281500BA2815CE
:107A00007FBA281590B8437818B8737800A0069804
:107A1000841B11140CB900400A7100640AB906985D
:107A20004A1B03BD514400C5A8100840202A047514
:107A300028154815076448151815004004723815B4
:107A40000764481500A00088408800C0CC1E0021B3
:107A500004100760FF3000C4383008404414412C43
:107A6000047201244050047201210094009000A08F
:107A700000C0CC1E002104100760FF30074800A0A2
:107A800000C2C41E002124122114076AFF320CDE3A
:107A90000A710D4A0671215A00A0FF34411200A05C
:107AA00000C1B81E0021141100A030880698BA1D2C
:107AB0008111076102D906720298961C88BB557B1A
:107AC000076120D906710298861C0088A1100768FA
:107AD0000698A41B08211415FC2590BB5C7B5D7BDC
:107AE00000C10060084014110731FE21307608D82B
:107AF0002A725113FC23341304DB2071076BFF330C
:107B0000315B00C1087008401411076180490C7195
:107B1000FF313029607590BB7B7B1C707B7B7C7B4D
:107B200000DD04717D7B01BB38158113076B403389
:107B3000067118BB717BEC25541300DF54710425CA
:107B400005DF54715415211120880698600D0092AC
:107B500051293E7500C100600840141102DB0C7110
:107B60000731315B31292A760C7004DF087200611D
:107B700080D91E720698A41B00C0087008400698A1
:107B8000FE1D0698A41B1411FFD960720298DC1C1C
:107B90000090009300A05415A111076910D9A67296
:107BA000082508D8A071082510D89A7120882111BD
:107BB0000698600DFC255412112AF82554110C2545
:107BC00020D80871F0255411102520290476215958
:107BD000181500920298481C18B97179811010D8B4
:107BE0000A7188B8447800B8417888B9747908B9BE
:107BF000677900F88110A0D8087188B9497900A088
:107C0000076002D8FA710698A41B108806986613BC
:107C10000762076210DA087108211415F025541163
:107C200000C20020FEFF2029127506980A1E01D905
:107C30000A720698F4090698A40800941CBB411027
:107C40000C2006989C1241110821141006989C12D1
:107C50003128441111120761FF31FF320122105205
:107C600010720769181404244413042438140C7087
:107C7000076921411814082408140298601340442D
:107C8000147100C1BC1E002114155113036B0FDBCE
:107C90000C72066D06987A07411500A00698A40894
:107CA0000698661308BB51140698421D4415FC251E
:107CB00054150298BC0788B900C3B41E00213413C0
:107CC000076308DB1A718113A0DB06714979107014
:107CD0006979076302DB087208B9677900F800A0C8
:107CE0008111076102D9107188B975790698A41BB2
:107CF0001411FF3100A0FFB900A0041008211411D5
:107D0000F421081100A081110761076110310E7183
:107D10000698A41B08211411F821141100A00000DA
:107D200089070000010203000600070A00000E0098
:107D300000000F001A00000000001B04020108F7F9
:107D4000FFF8FFF0FFF8F8F9F8FFF6F6FF0000443F
:107D500041524200FEFFFFFF00000000FFFFFFFF57
:107D6000FFFF000000000000000000000000000015
:107D7000A00068010A200706020A040700000002AA
:107D80000700000108070F000A00C8002000A0003B
:107D9000010001000100000000000A0300000000D3
:107DA0000004002020000000C05103001A00000061
:107DB00041D5000000D2496BA00F00000100000077
:107DC000E458030008000000A505020040420F002F
:107DD00050C3000001000000D85103001E00000045
:107DE000D1470300404B4C00D007000001000000C9
:107DF0000000000000000000618B0000758B000097
:107E0000718C0000DD8B00000D8C00000000000074
:107E1000000000000000000000000000398C00009D
:107E2000254A0300000000004B8C00005D8C000020
:107E30002B4A030051FB02002F4A030089DE000099
:107E400095F30200A9FB02005DFB020075FB020036
:107E500055FB020089DE000089DE0000414A030074
:107E600089DE000089DE000089DE000089DE000076
:107E700089DE000089DE000089DE000089DE000066
:107E800089DE000089DE000089DE000089DE000056
:107E9000198400005D4A03005F4A030089DE000088
:107EA000ADFB020059FB020049130300D1A60000FC
:107EB000E9FB020089DE000065E5020089DE0000C2
:107EC000734A030089DE000089DE000089DE0000BD
:107ED00089DE000089DE000089DE000089DE000006
:107EE00089DE000089DE00003D890000C0EA210132
:107EF000C0EA210100F04902C0EA2101008000002F
:107F0000FFFFFFFF0802000003020000FEFFFEFF6C
:107F1000FFFFFFFFFEFF0000000000000000000068
:107F200000000000000000008DE1000095E100006D
:107F30009DE10000A5E10000EBE10000A7E10000E9
:107F4000F3E10000F1E10000A9E10000BBE1000065
:107F5000B7E10000B1E10000ABE10000000000006B
:107F60000000000010FFFF0189B4020000000000C3
:107F70000000000000000000FFFFFFFFB05B0300F7
:107F800000000000FFFFFFFFAC5E030067B90200C6
:107F9000FFFFFFFF03C50200FFC40200FFFFFFFF5A
:107FA00001FF030000000000FF03FE00E9E1020002
:107FB000FFFFFFFF55FC0200FFFFFFFFFFFF000078
:107FC00073110300FFFFFFFFFFFFFFFFFFFFFFFF36
:087FD000FFFFFFFF00000000AD
:040000030000803148
:00000001FF
