:020000040800F2
:1080000003B40148019001BD318000080000000068
:10801000FFFFFFFFFFFFFFFFFFFFFFFFFFFFFFFF70
:10802000FFFFFFFFFFFFFFFFFFFFFFFFFFFFFFFF60
:1080300008B50446104B83F308881048104A1149CC
:10804000121A2DF07BF81048104A0021121A2DF058
:108050009CF80F4A0F4B9A6022680F4B1A606268B7
:108060000E4B1A60A2680E4B1A60E2680D4B1A6044
:1080700000F01AF8FEE700BF0016002000160020EE
:1080800018190020A0A50308181900204875002021
:108090000016002000ED00E0201B0020281B00201F
:1080A0002C1B0020241B002008B500F0E7F802F08C
:1080B000AFFE1DF0B1FF012021F0C9FB00F00EF86A
:1080C00021F0FEFB002008BD08B500F0AFF800F07D
:1080D00059F800F5742000F5107008BD7FB500F068
:1080E000B9F878B10A4B00931E238DF80430094B80
:1080F0000293094BCDE90330012368468DF8143013
:1081000002F0BEFE07B05DF804EB00F0DDBA00BF80
:1081100080550308C980000840420F00FF207047C7
:108120004FF4007307B50A490DF10602ADF80630A9
:1081300024F037F8BDF80630B3F5007F05D10228EA
:1081400008BF002003B05DF804FB0120FAE700BF80
:108150001819002072462B214BF64F2000F056BB19
:10816000014B1860704700BF181B0020014B1B68B3
:108170001B681847181B0020014B1B685B681847D9
:10818000181B0020014B1B689B681847181B002018
:10819000014B1B685B691847181B0020014B1B68CB
:1081A0009B691847181B0020014B1B68DB691847A7
:1081B000181B0020014B1B681B6A1847181B002066
:1081C000014B1B685B6A1847181B0020014B1B689A
:1081D0009B6A1847181B0020014B1B68DB6A184775
:1081E000181B0020014B1B681B6B1847181B002035
:1081F000014B1B685B6B1847181B0020014B1B6869
:108200009B6B1847181B0020014B1B68DB6B184742
:10821000181B0020014B1B681B6C1847181B002003
:108220004FF4007002F0A6B91020704738B500F086
:1082300033FEFFF79BFF064D04462B68C31AB3F5C8
:10824000E14F03D900F092F800B12C6038BD00BFB7
:108250001C1B00206420704708B5064B1B68062BCA
:1082600005D9054B1B681B689847007808BD01209D
:10827000FCE700BF201B0020241B002010B500F0ED
:1082800047FC00F065FA4FF480302E492E4A4B6EC1
:108290005066486E4FF000414AF6CD3451662B4986
:1082A00003F480334A6C0C6402F001024C6BE40767
:1082B000FCD4012426494C60244C216BC907FCD511
:1082C0002449D1F8081689075EBF4FF4802420495D
:1082D000CC6512B11D4A204911640028A2BF4FF09D
:1082E00000411E4A51661BB94FF480321B4B5A663F
:1082F00002F038F900F0CAF82022194B194883F827
:10830000222383F8232383F8262383F8252383F865
:10831000202383F81F2383F8242383F8282306F0DF
:1083200057FA00F00DF900F003FAFFF795FF38B1A6
:10833000002002F023F8FFF719FF0B4B186010BD67
:108340000120F6E700800040009000400040094016
:108350000060094000C007403254FFFF00A0004009
:1083600000E100E0218200081C1B00200120704772
:1083700070B586B001AA1546224B03F110061446CB
:1083800018685968083303C4B3422246F7D1186805
:108390001D4B20601B68072B2ED91C4C23681B68C3
:1083A0009847436843B323681B6898472A46436845
:1083B0001B6803F11006144618685968083303C493
:1083C000B3422246F7D118682060114BD3F84C21F4
:1083D00012035CBFD3F850318DF80E309DF80E407B
:1083E00001F026FB204480F308008DF80D0028469C
:1083F00001F062FA06B070BD78238DF80D308DF86B
:108400000E30E2E76CA40308201B0020241B002090
:108410000080E00F1FB5194A01AB9169506903C391
:10842000918B927F19809A70154B1B68072B21D96D
:10843000144C23681B6898474368DBB123681B68AA
:10844000984743685A6801AB5168106803C31189A3
:10845000927A19809A700C4A01A8D2F84C3113F420
:10846000802304BFD2F850218DF8053001F0E6FAE0
:1084700004B010BD25238DF80530ECE76CA403088B
:10848000201B0020241B00200080E00F002103227D
:10849000254B10B5596203F500531A624FF4803230
:1084A000224BC3F88420BFF34F8FBFF36F8F4FF47D
:1084B0008010C3F884211E4A4FF08074506645F640
:1084C0000E001C4AC2F880001B48846251671B4999
:1084D00002F5005211674FF40052C3F88420BFF335
:1084E0004F8FBFF36F8FC3F88421FFF741FFFFF772
:1084F000B3FE08B1FFF78EFF0321802001F050FB8F
:10850000FFF7AAFE28B17246692148F6897000F08B
:108510007DF92022054B83F8272383F84A2383F82B
:108520004B2383F8472310BD0080004000E100E0AA
:10853000009000400040004A0050004A0F8030F890
:108540004FF040234FF4003130B5D3F89420196731
:10855000930785B04CD412F0180F4BD195064BD42D
:1085600054074BD42B4B1340002B49D112F0400140
:1085700048D1D00703D4002A14BF0521002102A846
:1085800000F00AFB244B01A85A6A42F4E0225A6226
:108590005A6942F010025A6100238DF804308DF8B8
:1085A000053001F057FDDDE90245E20605D07246CF
:1085B0000B214AF2701000F029F9EB0624D0724624
:1085C0000C214AF2701000F021F90022124BC3F87E
:1085D000982044F00702C3F89C2005222C44013C5B
:1085E00044F00104C3F8A040C3F8942005B030BDA6
:1085F0000E21C4E70421C2E70F21C0E71021BEE726
:108600001121BCE71321BAE7002DDED172460D21FE
:10861000D7E700BF800F008000ED00E008B500F054
:1086200029FB00F017F9BFF34F8F0549054BCA68C6
:1086300002F4E0621343CB60BFF34F8F00BFFDE74E
:1086400000ED00E00400FA0570B5064603F0DEFD1B
:108650000E4D04466A0705D072464E214AF270104C
:1086600000F0D4F8630705D072464F214AF270102B
:1086700000F0CCF8A54205D3724650214AF27010A2
:1086800000F0C4F83560601B70BD00BF4875002065
:10869000014B986C704700BF0080E00F014BD86C15
:1086A000704700BF0080E00F034B5868C0F308001C
:1086B000003818BF0120704700ED00E0014801F0CC
:1086C00078BD00BF0040004B30B5144D01212D2076
:1086D00085B000F033FE6C6814F001041BD1032256
:1086E0000F4BC3F800220F4A01AB10685168128982
:1086F00003C3284601A91A8001F06CFD9DF80B30D8
:108700004BB10223084A93614FF40062EB61074BBF
:1087100083F82B435A6005B030BD00BF0040004BCA
:10872000008000408BA403080060004B00E100E0E3
:1087300008B501212D2000F001FEFFF7BFFFBDE8C5
:1087400008400021014801F020BD00BF0040004B5F
:1087500000230120134A13605A09920003F01F01FD
:1087600002F1604200FA01F102F56142C2F88011A3
:10877000C2F88010BFF34F8FBFF36F8F01334C2BC4
:10878000EAD14FF00072084BC3F88420BFF34F8F3B
:10879000BFF36F8FC3F88421602283F8392362B658
:1087A000704700BF341B002000E100E0684620F065
:1087B00007018D4631B5112082B000F01BFA114D32
:1087C00004462B682BB972464E214EF6A83000F0B5
:1087D0001DF84FF000720C4BC3F88420BFF34F8F8D
:1087E000BFF36F8FC3F884212B68019300232B60A4
:1087F000019B9847204600F0FDF902B0BDE83140EA
:1088000085467047301B002000E100E070B5064649
:1088100001200F4B14461A688DB218609AB1334686
:108820002A4621460220FFF7F9FEFFF747FF62B60E
:108830000A2002F0CBFA33462A462146BDE87040B2
:108840000220FFF7EBBEFFF72FFF0128EDD1E6E78F
:10885000381B002038B5EFF308850D4C0D4B204632
:1088600040F80C3B0C4BA9B20A1A5B1A92B29BB2AD
:108870009A4228BF1A462946228165602CF05EFC88
:10888000064B2846218923601CF06EFB608138BDB1
:108890004004002055AA55AA00160020706D7444AB
:1088A0002DE9F04F4FF0000A2A4D90F8008080F833
:1088B00000A02A68284B04469A420E4691B02DD15A
:1088C00005F10C07384629891CF04EFB6B89834261
:1088D00024D1DFF88CB00221DBF8003068469B69B8
:1088E0009847814608BBDBF8003000981B6901A956
:1088F0009847B0B9DDF80C9003F082FC00EB090357
:1089000000211648DFF85CC057F8042B12F0010F65
:108910000DD12A89043189B28A42F5D211B0BDE85D
:10892000F08F4B464FF00109EAE75346FAE78242DF
:1089300001D3624503D39145EBD89342E9D994F82A
:1089400000E046F82E2022780132D2B24245227051
:10895000DFD3E3E740040020706D7444008000081A
:10896000281B0020B8A8030838B5092000F000FA39
:108970000A2000F0FDF90B2000F0FAF9082000F0C1
:10898000F7F9114D052000F0F3F9042000F0F0F99B
:108990002A680E4B9A4215D1298905F10C001CF06A
:1089A000E3FA6B89834209D10024642002F0DCF9E8
:1089B00004342B89A4B2A342F7D203E000F09EF95D
:1089C0000428F1D038BD00BF40040020706D74440D
:1089D000EFF3088141F27C635D2209208969FFF78A
:1089E0001DFE0000EFF308840023164AC2F89430FD
:1089F000906A154B20F06040A1691861D06A002888
:108A0000BEBF186940F000401861D26A520042BFF0
:108A10001A6942F080421A610A4A48BF216BD06A43
:108A2000800742BF186940F000501861906B586190
:108A3000526B0A209A6141F27C634FF41272FFF785
:108A4000EDFD00BF00ED00E020040020EFF30883FF
:108A500000229969074BC3F89420986A064A10616E
:108A60009B6B0B20536141F27C6340F25622FFF76F
:108A7000D5FD00BF00ED00E020040020EFF30883E7
:108A800000229969064B0C20C3F894209A6A054B82
:108A90001A6141F27C6340F26222FFF7BFFD00BF22
:108AA00000ED00E020040020EFF3088141F27C6338
:108AB000742203208969FFF7B1FDEFF3088141F2C9
:108AC0007C63792203208969FFF7A8FDEFF3088111
:108AD00041F27C637E2203208969FFF79FFD00003D
:108AE000EFF3088300229969074BC3F89420986A32
:108AF000064A10615B6B0D20936141F27C634FF479
:108B00001C72FFF78BFD00BF00ED00E02004002089
:108B1000064B074A598911801989064A11805988DC
:108B2000054A11801A88054B1A80704720040020DE
:108B3000441B0020481B0020461B00203C1B00203B
:108B4000F8B572B60021104C104D23682022013375
:108B500023600F4BD5F894701846C5F894105E79D1
:108B60002CF013FB0B4AF6B2C2610522027147F6E4
:108B70008542C2804671C5F894702368013B23602A
:108B8000236803B962B6F8BD341B002000ED00E095
:108B900020040020EFBEADDE70B5124B124C06462D
:108BA000E361124B0D461A602379132B0AD847F65E
:108BB0008542E3889BB2934204D141B113290DD081
:108BC000257104E0FFF7BCFF002325716371084B9A
:108BD00030461B6833602023736070BD2379052BFA
:108BE000F5D1EDE7EFBEADDE20040020401B0020F4
:108BF00098A40308024630B572B600200B4B0C4C0B
:108C0000196892B2013119600A49D1F89450C1F83B
:108C1000940060896281C1F894501A68C0B2013A28
:108C20001A601B6803B962B630BD00BF341B002058
:108C30002004002000ED00E010B572B600240A4BBD
:108C40001A6801321A60094AD2F89410C2F89440A6
:108C5000074C2081C2F894101A68013A1A601B6808
:108C600003B962B610BD00BF341B002000ED00E068
:108C700020040020F0B572B60D4C0E4E256801356B
:108C800025600025D6F89470C6F894500A4D2871D6
:108C9000E9606A802B8047F68543EB80C6F89470C4
:108CA0002368013B2360236803B962B6F0BD00BFAF
:108CB000341B002000ED00E02004002010B572B647
:108CC0000B4B0C491A680C4801321A600022D1F88B
:108CD0009440C1F8942042790132D2B24271C1F875
:108CE00094401A68013A1A601B6803B962B610BD55
:108CF000341B002000ED00E020040020014B187917
:108D0000704700BF20040020084B1A790A2A0BD0B4
:108D10001A790B2A08D01A790C2A05D01879A0F1F3
:108D20000D0358425841704701207047200400202D
:108D3000064B1A790A2A02D01A790B2A03D118692C
:108D4000C0F3C03070470020704700BF20040020EF
:108D5000064B1A790A2A02D01A790D2A03D118690A
:108D6000C0F3C01070470020704700BF20040020EF
:108D700008B50B2828D8DFE800F030303030060680
:108D80000C30151B1F23164B1879831F584258416E
:108D900008BD144B1888013880B212288CBF0020FF
:108DA0000120F5E7104B1868003818BF0120EFE7E5
:108DB000BDE80840FFF7A8BFBDE80840FFF7B8BF0F
:108DC000BDE80840FFF7C4BF724641F27C6040F244
:108DD000CF11FFF71BFD0020DAE70120D8E700BF25
:108DE00020040020441B0020401B002008B50B2855
:108DF0003ED8DFE800F0060A0D0F12181E242629BF
:108E000030361F4B5879C0B208BD1E4B1888FBE79F
:108E10001D4BFBE71A4BD868F6E7194B1A79062A5F
:108E200024D00020F0E7164B1A79062AF9D15869A8
:108E3000EAE7164B1888431E122BF2D8E4E7144BCE
:108E4000E4E7144B1868DFE7FFF75EFF0028E8D07F
:108E50000B4B1869D8E7FFF76BFF0028E1D0084BF0
:108E6000E5E7FFF775FF0028DBD0054B9869CBE7F6
:108E7000724640F21B2141F27C60FFF7C7FCD0E74D
:108E8000200400203C1B0020461B0020441B002027
:108E9000481B0020401B0020064BDA69064B9A4213
:108EA00006D0724640F2222141F27C60FFF7AEBC50
:108EB000704700BF20040020EFBEADDE4FF040231E
:108EC000D3F88420D206FBD4D3F88400C0F38110F9
:108ED0007047000038B5174B0546D3F820310C46D3
:108EE00003F00703013B052B20D8DFE803F0030B59
:108EF000130F171B01F0B2F9052305B1286004B167
:108F0000237038BD01F0E0F90323F6E701F0E8F93A
:108F10000723F2E701F0E0F90223EEE701F09EF902
:108F20000623EAE701F0D0F90423E6E70023184618
:108F3000E3E700BF0080004038B5124B0546D3F888
:108F400028310C4603F00703013B032B17D8DFE859
:108F500003F0020E120A01F081F9052305B1286021
:108F600004B1237038BD01F0BBF90723F6E701F027
:108F7000ABF90323F2E701F0AFF90223EEE7002398
:108F80001846EBE70080004073B50D460021124AF9
:108F90000191D2F88041064604F00304022C13D05C
:108FA000032C0CD0012C14D101A8FFF793FF0F2341
:108FB0000EB1019A326005B12B7002B070BD01F0A4
:108FC0008FF907230190F3E701F086F9234601901A
:108FD000EEE70B46ECE700BF00800040002337B50A
:108FE0000193154B0546D3F820320C4603F00703D6
:108FF000013B032B1ED8DFE803F0020E13180021FB
:1090000001A8FFF799FF11230DB1019A2A6004B15D
:10901000237003B030BD01F063F907230190F3E73B
:1090200001F0A0F90A230190EEE701F0A1F909236C
:109030000190E9E70023E7E70080004038B5104BD6
:109040000546D3F840310C4603F00303022B0BD046
:10905000032B0DD0012B0FD101F084F90A2305B1A8
:10906000286004B1237038BD01F082F90923F6E7C6
:1090700001F07BF90B23F2E700231846EFE700BF6E
:1090800000800040002337B50193164B0546D3F806
:1090900060320C4603F00703013B032B1FD8DFE8C7
:1090A00003F0020E1914002101A8FFF713FF0F238C
:1090B0000DB1019A2A6004B1237003B030BD0021C4
:1090C00001A8FFF7BBFF1023F2E701F009F907231E
:1090D0000190EDE701F000F902230190E8E7002399
:1090E000E6E700BF0080004038B5134B0546D3F8D3
:1090F00000320C4603F00703013B032B18D8DFE8CE
:1091000003F0020A0E1201F02DF90A2305B12860BE
:1091100004B1237038BD01F02BF90923F6E701F003
:1091200024F90B23F2E701F0B9F80E23800AEDE7EA
:1091300000231846EAE700BF0080004038B5134B13
:109140000546D3F808320C4603F00703013B032B16
:1091500018D8DFE803F0020A0E1201F003F90A231F
:1091600005B1286004B1237038BD01F001F909236D
:10917000F6E701F0FAF80B23F2E701F08FF80E237F
:10918000800AEDE700231846EAE700BF00800040B0
:1091900038B5104B0546D3F840320C4603F00303B4
:1091A000022B0BD0032B0DD0012B0FD101F0DAF8DD
:1091B0000A2305B1286004B1237038BD01F0D8F846
:1091C0000923F6E701F0D1F80B23F2E70023184654
:1091D000EFE700BF0080004038B5104B0546D3F8DC
:1091E00050320C4603F00303022B12D0032B08D09D
:1091F000012B0AD00023184605B1286004B1237062
:1092000038BD01F0B2F80B23F6E701F0ABF80A2302
:10921000F2E701F0ADF80923EEE700BF008000405F
:1092200038B5104B0546D3F860310C4603F0030304
:10923000022B0BD0032B0DD0012B0FD101F092F894
:109240000A2305B1286004B1237038BD01F090F8FD
:109250000923F6E701F089F80B23F2E7002318460B
:10926000EFE700BF0080004070B5054614460E468B
:1092700000F07EFF296881EA040202EA06044C40FD
:109280002C60BDE8704000F077BF0000B0F5207F93
:109290001FD009D8B0F5007F15D003D868B1B0F55C
:1092A000C07F0AD000200CE0B0F5607FFAD10B4BF4
:1092B000D3F88000C0F3011003E0084B186FC0F32F
:1092C000033001307047054BD3F89000C0F30460C1
:1092D000F7E7024B186FC0F38020F2E700800040F0
:1092E0004FF4803238B50E4B05469A660020FFF7E2
:1092F000CDFF0C4B6843DC690B4D144041F67132D5
:10930000DA635A68A84222F4401203D9012918BF2F
:1093100042F480125A600CB10022DA6338BD00BFFB
:109320000090004000000340005A620208B500F0BF
:10933000C7FFBDE808400021FFF7D2BF430905D0B1
:10934000012B0DD0022B094B18BF002300F01F008A
:1093500041B103F58053012202FA00F01860704712
:10936000034BF3E703F50053F5E700BF68800040C7
:10937000648000401FB504460020B4F5807F029051
:1093800000F0F5806BD8002C00F0D580203CA3B213
:10939000602B74D8602C72D8DFE814F0CD00D000B8
:1093A000CD00D000DF00DF00DF00DF00DF00D000F5
:1093B000E4007A00FB009A007A00D000D000D000D0
:1093C0007100710071007100710071007100FB008B
:1093D000D000D000D00023010001D0007100710046
:1093E00071007100710071007100710071007100F5
:1093F000710071000501DF00CD00CD00CD00AD0092
:109400007A007A00B5000A018F00C400C400710020
:1094100071007100710071007100710071007100C4
:1094200071007100710071007100710071007100B4
:1094300071007100710071007100710071007100A4
:109440007100710071007100710071007100710094
:10945000710071007100710071007100C900B4F5F4
:10946000E06F00F09B8038D8B4F5607F70D01AD8D8
:10947000B4F5007F6CD005D8B4F5C07F5BD00298FE
:1094800004B010BDB4F5207F58D0B4F5407FF6D1BC
:1094900000F004FF02464FF42070FFF7F7FEB2FB26
:1094A000F0F0400845E0B4F5B06F5BD00AD8B4F5F1
:1094B000806F52D0B4F5A06FE1D1002102A8FFF770
:1094C0008DFDDCE7B4F5C06F63D0B4F5D06FD6D1B5
:1094D000002102A8FFF708FED1E7B4F5286F67D096
:1094E00016D8B4F5186F5ED00AD8B4F5F06F78D0FE
:1094F000B4F5106FC3D1002102A8FFF71FFEBEE72D
:10950000B4F5206FBBD1002102A8FFF7BBFDB6E781
:10951000B4F5306F56D0B2D3B4F5386F39D0B4F556
:10952000406FACD1002102A8FFF706FDA7E700F0CD
:109530009BFE0290A3E700F0B1FEFAE700F0AEFE5A
:1095400002464FF42070FFF7A1FEB2FBF0F0F0E707
:1095500000F08AFE02462046F5E7002102A8FFF748
:10956000B9FC8CE7002102A8FFF70EFD87E74FF05A
:10957000E02303901B695B0705D500F08FFE039085
:10958000039B02937BE70DF1070103A8FFF756FD4C
:10959000F6E7002102A8FFF751FD70E7002102A8BD
:1095A000FFF7F6FD6BE7002102A8FFF715FE66E75F
:1095B00000210E4B0391D3F8703203F00303012B0B
:1095C000DED1E2E7094BD3F8903203F00303012B1D
:1095D00004D0022BADD100F083FEAAE700F07CFEA0
:1095E000A7E7002102A8FFF71BFE48E70080004024
:1095F00008B58020FFF7BEFE034B98429EBF4FF494
:109600008032024B1A6708BD005A620200A0004077
:10961000002307B5B0F5807F8DF8023000F0D480CC
:1096200079D858286AD8382808D8243883B2092B22
:109630004AD99DF8020003B05DF804FB39381F28B1
:10964000F7D801A353F820F0F197000833960008EB
:109650003396000833960008FD97000847980008E5
:1096600033960008339600083396000833960008B6
:1096700033960008339600083396000833960008A6
:109680003396000833960008339600083396000896
:1096900033960008539800083D9700083396000859
:1096A0003396000833960008859700083396000823
:1096B000339600085F9800086B9800083B980008F4
:1096C000A9970008A99700080928B2D801A353F860
:1096D00020F000BF3D9700083D9700083D97000827
:1096E0003D9700083D97000833960008BD97000895
:1096F00033960008F19700085D970008802898D1FC
:109700006C4B1B6F03F00703013B032B91D8DFE881
:1097100003F0CE518890B0F5086F75D024D8B0F51D
:10972000C06F65D010D8B0F5A06F00F08680B0F59E
:10973000B06F43D0B0F5806F7FF47BAF00200DF1A8
:109740000201FFF7C7FB74E7B0F5E06F7BD0B0F51F
:10975000F06F53D0B0F5D06F7FF46BAF00200DF1F8
:109760000201FFF7C1FC64E7B0F5286F7DD00FD888
:10977000B0F5186F6DD0B0F5206F70D0B0F5106FE8
:109780007FF457AF00200DF10201FFF7D7FC50E73F
:10979000B0F5306F7CD0FFF44CAFB0F5386F27D008
:1097A000B0F5406F7FF445AF00200DF10201FFF7E7
:1097B000C3FB3EE705238DF802303AE700200DF1A8
:1097C0000201FFF7E1FB34E701934FF0E0231B694F
:1097D0005B0707D500F062FD0C238DF803309DF880
:1097E0000330E8E70DF1030101A8FFF727FCF6E7D6
:1097F00000200DF10201FFF721FC1AE700200DF116
:109800000201FFF70DFD14E72A4BD3F8003103F0F6
:109810000303022B07D0032B09D0012B0BD100F03F
:1098200053FD0323C7E700F0A3FD0923C3E700F0BE
:1098300051FD0823BFE70123BDE700200DF1020120
:10984000FFF7CCFBF5E600200DF10201FFF7A0FCCD
:10985000EFE600200DF10201FFF7BEFCE9E6002073
:109860000DF10201FFF70EFCE3E60021114B01911F
:10987000D3F8703203F00303012B04D0022B14BF82
:109880000B46142397E701A8FFF7D8FB102392E7B4
:10989000084AD2F8902202F00302012A05D0022AD7
:1098A00089D100F01DFD072385E700F015FD022397
:1098B00081E700BF0080004070B504468020FFF7BC
:1098C000A7FE032800F083804FF480124F4B504EC8
:1098D0005A6645F60E034FF0A062C6F880304D4B35
:1098E0009A624FF4803203F580539A62B56D15F495
:1098F0008035FBD1637822781B0543EA0263A279A5
:109900004FF440611343E278434843EA024322792B
:1099100043EA0233627943EA82133361B369E27A3C
:1099200003F000431343E27943EA8263227A43EA75
:109930000263627A43EA0243A27A43EA0223B361F2
:109940004FF40062FFF790FC617B336A002918BF77
:109950000825227B23F00F0343EA010343EA820335
:109960002B4A45EA030515622C4D31D1A37C916A3F
:10997000A07BDB000D4043EA4013E17B2B4343EA2D
:10998000011343F480339362254B916D33EA010157
:10999000FBD14FF080711F4881621369A57823F4D1
:1099A000700343EA055313614FF000438361237C46
:1099B0000BB91C4B9962637C1BB94FF48032194B75
:1099C0009A62E37C1BB1124B174AC3F8802070BD2A
:1099D000022909D100234FF47F4113611348936199
:1099E0004FF40852FFF740FC0949237C8A6AA07BA8
:1099F0001B062A4043EA40131343A27C43EAC203F6
:109A0000627C43EA02438B62DBE700BF00900040C8
:109A10000040004A0050004A3840004AC7FFFEFE9E
:109A2000030001000060004AF1A7FFFF3440004A34
:109A3000014B93F900007047E0170020F0B54FF498
:109A400000061B4A41788478C378057856664FF43F
:109A5000D156022702F5B8325662164E4F2977606A
:109A60004FF0010728BF4F2106F580567760166931
:109A7000F603FCD441EA052151611B01417943EA17
:109A800004230B43017943EA41039360C37981794D
:109A90001B0143EA4113417A0B43017A43EA410334
:109AA0005360837A13B16FF4D1535362F0BD00BF9A
:109AB00000900040001002400029CCBF012100218D
:109AC000FFF70EBCB0F5207F10B50C4642D008D889
:109AD000B0F5007F33D003D888B1B0F5C07F0ED089
:109AE00010BDB0F5607FFBD11F4B013CD3F8801057
:109AF00021F0300141EA0414C3F88040F0E7FFF799
:109B000015FC00F035F84FF48031184A164B1167F8
:109B1000196F013C21F4704141EA04341C6700F0E4
:109B2000BDFB0446FFF7CAF9C0F102012046FFF76A
:109B3000C3FF00F023F8BDE81040FFF759BD0A4B02
:109B4000013CD3F8901021F0F85141EA0464C3F8C5
:109B50009040C5E7044B013C196F21F4806141EA54
:109B600084241C67BCE700BF0080004000900040D8
:109B700002214FF42070FFF7A5BF000008B54FF495
:109B8000C070FFF7F7FBBDE80840044988428CBF6E
:109B9000022101214FF42070FFF794BF80F0FA02F8
:109BA000B0F5807FF8B50C4600F0538174D8582882
:109BB00066D8382804D8243883B2092B46D9F8BD92
:109BC00039381F28FBD801A353F820F0C59E0008A0
:109BD000BF9B0008BF9B0008BF9B0008E79E0008D2
:109BE0004D9F0008BF9B0008BF9B0008BF9B00085B
:109BF000BF9B0008BF9B0008BF9B0008BF9B0008DD
:109C0000BF9B0008BF9B0008BF9B0008BF9B0008CC
:109C1000BF9B0008BF9B00086F9F0008C59C000801
:109C2000BF9B0008BF9B0008BF9B0008439D000826
:109C3000BF9B0008BF9B0008D59F0008F79F000846
:109C40002B9F0008819D0008819D00080928B6D837
:109C500001A353F820F000BFC59C0008C59C000874
:109C6000C59C0008C59C0008C59C0008BF9B000857
:109C7000319E0008BF9B0008C59E0008FF9C00089D
:109C800080289CD18B1E062B00F2CF80DFE803F0EA
:109C9000CAB8CD89CDCDC700B0F5086F00F03481CA
:109CA0003ED8B0F5C06F00F00D811CD8B0F5A06FA4
:109CB00000F03B81B0F5B06F00F0BA80B0F5806F76
:109CC0007FF47DAF023CE4B2052C8CBF0021B04B89
:109CD000B04A98BF195DD2F8203123F007030B4337
:109CE000C2F820316BE7B0F5E06F00F02F81B0F5DE
:109CF000F06F00F0F880B0F5D06F7FF460AF093CF2
:109D0000E4B2052C8CBF0021A34BA24A98BF195D79
:109D1000D2F8003223F007030B43C2F800324EE7BB
:109D2000B0F5286F00F067811CD8B0F5186F00F00F
:109D30001E81B0F5206F00F04D81B0F5106F7FF4FB
:109D40003EAF093CE4B2052C8CBF0021934B914AF5
:109D500098BF195DD2F8083223F007030B43C2F80D
:109D600008322CE7B0F5306F00F05681FFF427AFD2
:109D7000B0F5386F00F0A680B0F5406F7FF41FAFEC
:109D8000023CE4B2052C8CBF0021854B814A98BF70
:109D9000195DD2F8283123F007030B43C2F82831AC
:109DA0000DE7002502264FF480370121022000F044
:109DB0005DF9FFF7BBFAFFF7DBFE7A4B754A1F67C9
:109DC000136F23F007033343136700F067FA064667
:109DD000FFF774F8C0F102013046FFF76DFE012174
:109DE000002000F083F9FFF7C9FEFFF701FC002D0A
:109DF0007FF4E5AE032C7FF4E2AE6B4B9F62DEE6B0
:109E00004FF48012674B03265A664FF48032674B3B
:109E10009D6A03F58053C5F300659A62C3E7002588
:109E20000426C0E700250126BDE700252E46BAE737
:109E3000023CE4B20D2C8CBF00215D4B554A98BF0B
:109E4000195DD2F8803123F003030B43C2F880314F
:109E5000B5E60C2920D01BD8A1F10904022C3FF64D
:109E6000AEAE4FF480324B4B5249586E03F58053DF
:109E70005A664B6A43F001034B62C1035CBF4E4B11
:109E80005A664FF0E022136923F00403136196E64B
:109E900010297FF494AEE4E74FF480323D4B4549FE
:109EA000586E03F580535A664B6A23F001034B62E8
:109EB000C3035CBF404B5A664FF0E022136943F086
:109EC0000403E3E7093CE4B2022C8CBF00213B4BC6
:109ED000304A98BF195DD2F8403123F003030B4399
:109EE000C2F840316BE6093CE4B2022C8CBF002181
:109EF000334B284A98BF195DD2F8603123F0030331
:109F00000B43C2F860315AE6CC1EE4B2062C8CBF7B
:109F100000212C4B1F4A98BF195DD2F8003123F065
:109F200003030B43C2F8003149E6073CE4B20A2CB4
:109F30008CBF0021244B174A98BF195DD2F82032FC
:109F400023F007030B43C2F8203238E6093CE4B2A1
:109F5000022C8CBF00211D4B0E4A98BF195DD2F810
:109F6000403223F003030B43C2F8403227E6093C9A
:109F7000E4B2022C8CBF0021154B064A98BF195D34
:109F8000D2F8503223F003030B43C2F8503216E6E6
:109F90009755030800800040A0550308A05503080A
:109FA000B8550308009000400060004A0040004A95
:109FB0008955030800C0074000A000409D550308D4
:109FC0009D550308A6550308AD5503089D55030884
:109FD0009D550308023CE4B20E2C8CBF0021174BA8
:109FE000174A98BF195DD2F8603223F007030B437C
:109FF000C2F86032E3E5102C0CD0142C14BF002101
:10A0000002210F4AD2F8703223F003030B43C2F847
:10A010007032D4E50121F4E702290CD0072914BFDE
:10A0200000210221064AD2F8903223F003030B43A9
:10A03000C2F89032C3E50121F4E700BFBE55030822
:10A0400000800040024A536B0342FCD1704700BFBE
:10A05000004009404FF04022536F417823F4407391
:10A0600043EA01235367704770470000F8B5044680
:10A070004FF04023D3F88420D106FBD4D3F88430AA
:10A08000C3F381139C422DD000F0EEF8012C06465C
:10A0900002D12146FFF710FD00F06AF84FF0007280
:10A0A000114B07465A662046FFF7DEFF4FF48063E8
:10A0B0004FF04025621E93402B676B6E9A0103D4CC
:10A0C000D5F884309B060AD5384600F055F8022CA6
:10A0D00008D13046BDE8F8400021FFF7EDBCD5F8C7
:10A0E0008430EAE7F8BD00BF0060004007B518B94A
:10A0F000019100F0B9F80199064B1B7843B1064B6A
:10A10000984205D8012003B05DF804EBFFF7AEBF1D
:10A110000220F8E74A1B0020005A62024FF000427A
:10A120000F4B70B55D6E03F580535A664AF6CD331A
:10A1300004460C4980204E6C0B64FFF783FF0B6ACA
:10A1400023F4F85343EA04230B62F30744BF064B9E
:10A150000B64002DA2BF4FF00042044B5A6670BD45
:10A1600000800040004009403254FFFF00A0004042
:10A17000EFF3108072B6704700B962B67047EFF324
:10A18000108072B67047FFF7F7BF4369002B0FDBF3
:10A1900051B9436ADA07FCD4012200F500535A6032
:10A1A00043689B07FCD47047012300F5805043604F
:10A1B0007047436810B5DA0704460AD5FFF7DFFF9A
:10A1C000636ADB075CBF0123E360BDE81040FFF773
:10A1D000DABF10BDF8B5436805460C464BB16B6A53
:10A1E000002BFCD1012205F500535A606B689B07D8
:10A1F000FCD46378227A002BA37814BF4FF0200C94
:10A200004FF0000C002BE37814BF04270027002B2D
:10A21000237914BF08260026002B637A14BF102070
:10A220000020002B14BF4FF480710021E379120746
:10A2300042EA0362A37942EA034343EA0C033B4345
:10A24000334303430B43AB6028462178FFF79DFF60
:10A2500063790BB100232B62F8BD0000014B186835
:10A26000704700BFE8170020084B1B6F03F007037F
:10A27000022B04D0032B05D0012B05D0FEE7044BA5
:10A2800018687047034BFBE70348704700800040A5
:10A29000E8170020EC170020002D310108B5FFF76A
:10A2A000E3FF054B1B6FC3F303330133B0FBF3F044
:10A2B000024B186008BD00BF00800040E41700207A
:10A2C0000048704700B4C404014B1868704700BFD1
:10A2D000EC1700200020704700487047002D310126
:10A2E0004FF094439868C0F304400C2822D8DFE86C
:10A2F00000F0092121212121071719211B1D1F0011
:10A300000F4870479B6803F04073B3F1807F13D010
:10A31000B3F1007F12D00B4A002B08BF10467047E4
:10A32000094870470948704709487047094870470D
:10A330000948704700207047084870470848704730
:10A34000405DC60000093D000024F400C0EA210180
:10A3500080BA8C010048E801005A620280841E0025
:10A3600040420F004FF4004070474FF47A7070473E
:10A37000014B1868704700BFF017002038B1012862
:10A3800007D0724629214DF61430FEF73FBA00F08F
:10A3900095B800F03FB880B584B000AF0346FB80AD
:10A3A00000F0C0FA0346FB6000BF00F0BBFA0246B3
:10A3B000FB68D21AFB889A42F7D300BF00BF103760
:10A3C000BD4680BD08B500F0AFFA0023014A2AF06F
:10A3D00035FF08BD40420F0008B500F0A5FA00188F
:10A3E00043F609524FF0000349412AF027FF08BD08
:10A3F00010B500F099FA0446090143F6095200230A
:10A40000200141EA14712AF019FF10BD00F08ABA48
:10A4100000F088BA08B500F06DFA00F0E9FB00F032
:10A420000BFB022000F0A6F8BDE808400148FDF74C
:10A4300097BE00BFD055030808B500F029FAC00B3D
:10A4400040EA414008BD08B500F022FA000A40EA9F
:10A45000016008BD08B500F01BFA400940EAC16080
:10A4600008BD13B500F05EFA044601A800F032FA08
:10A4700000F04AF8019B2044C01A02B010BD08B594
:10A4800000F006FABDE8084000F03EB813B500F051
:10A4900049FA044601A800F01DFA00F04BF8019AB1
:10A4A000131BC01A61F1000102B010BD08B500F025
:10A4B000EFF9BDE8084000F03DB8000008B500F035
:10A4C00019FA00F0E3F800F093FB00F0B5FABDE8EC
:10A4D00008400148FDF744BE145603080246002315
:10A4E00013B5084CCDE90023DDE90001A0FB0423EE
:10A4F00004FB0133CDE90023DDE90023180902B094
:10A5000010BD00BF05BD378613B5094CCDE900016C
:10A51000DDE90001A0FB042304FB0133CDE90023A6
:10A52000DDE90023900E40EA831002B010BD00BFA9
:10A530000000127A024613B543F60954C1F316031C
:10A54000CDE90023DDE90001A0FB042304FB013376
:10A55000CDE90023DDE90023500A40EAC350590A3F
:10A5600002B010BD0022014B1A6070474C1B002046
:10A570007047000072B6074B07491A6801321A602B
:10A580000A68104308601A68013A1A601B6803B928
:10A5900062B67047341B00204C1B002072B6084B7B
:10A5A00008491A6801321A600A6822EA0000086045
:10A5B0001A68013A1A601B6803B962B6704700BF97
:10A5C000341B00204C1B002013B5EFF310830193C4
:10A5D000012383F310880F4B1A6800238B420DD19F
:10A5E0000D4B92B11A6922F004021A61BFF34F8F2A
:10A5F00030BF019B83F3108802B010BD50F8234098
:10A600002478002CF5D10133E8E71A6942F00402FE
:10A61000EBE700BF4C1B002000ED00E0034B5A6845
:10A62000D20702D5DA69002AF9D1704700800A40C2
:10A63000054B9A689107FCD45A689207F9D4DA69F5
:10A64000002AF6D1704700BF00800A4070B50C4662
:10A6500016460546FFF7E2FF0B4B01469A690020BC
:10A6600002F59C52083200F005F92146002000F066
:10A67000F1F829463246002000F0FCF82146BDE8FA
:10A680007040002000F0E0B800800A40F0B50025DE
:10A69000402787B0174B02AC0FCB84E80F00164B56
:10A6A000164E1D60164B8DF804501D60C6F888705C
:10A6B000BFF34F8FBFF36F8F44F27672114B1A6264
:10A6C00000F076F8FFF7B4FF00F096F8FFF7B0FF60
:10A6D0003023C6F8887101A886F84633B76000F0C9
:10A6E0007BF82146284600F08DF800F055F807B0B9
:10A6F000F0BD00BFA0A40308501B002000E100E053
:10A70000541B002000800A4007B5024621B1019089
:10A710002020FFF72FFF019A0421012003B05DF8EC
:10A7200004EBFFF793BF7047024602210020FFF7BA
:10A730008DBF704708B5FFF771FF014B986908BDE1
:10A7400000800A40684620F007018D4631B5102090
:10A75000FEF750FA0546002000F082F88207044612
:10A7600001D500F0DBFA630701D500F037FA28467F
:10A77000FEF740FABDE8314085467047054B9A68C0
:10A780009107FCD45A689207F9D4DA69002AF6D105
:10A79000704700BF00800A4008B5FFF7EFFF0122B5
:10A7A000024B03F580514A601A6108BD00800A40DF
:10A7B000074B5A68012A0AD15A68D20702D5DA69CA
:10A7C000002AF9D102221A610122024B5A60704715
:10A7D00000800A4000A00A4010B5064CFFF7CEFFEB
:10A7E0006368012B03D1FFF7E3FFFFF7C7FF03788F
:10A7F000E36010BD00800A400122014B9A6070475F
:10A8000000800A40E8B94A680B7812B1127843EA2E
:10A81000C2034A78002A14BF0222002213438A6826
:10A8200012B1127843EA82138A78002A14BF0422F4
:10A8300000221343CA6812B1127843EA4223014A44
:10A840009364704700800A4008B9014B596470470F
:10A8500000900A4008B9014B1964704700A00A40F3
:10A8600020B9034B5A6C186C104070470020704799
:10A8700000800A4040B911B1012903D07047034B51
:10A88000DA647047014B1A65704700BF00800A40C8
:10A8900010B572B60B4C236801332360FFF74AFFF3
:10A8A00009490B688342094B82BF1A6801321A605A
:10A8B000086019682368013B2360236803B962B606
:10A8C00010BD00BF341B0020541B0020501B002073
:10A8D000401A704738B50446FFF72CFF0546FFF7CE
:10A8E00029FF8542FBD000F01DF82060BDE838400C
:10A8F000FFF7CEBF08B50023084A01201360084ABD
:10A90000136021F05DF838B97246BDE808402F2188
:10A9100042F65160FDF77ABF08BD00BF581B00200A
:10A920005C1B002021F073BC10B572B60B4C236881
:10A930000133236021F06BFC09490B688342094B0A
:10A9400082BF1A6801321A60086019682368013BE7
:10A950002360236803B962B610BD00BF341B00201A
:10A960005C1B0020581B002013B5044621F04FFC4F
:10A97000241A0120FFF7FEFD0B4821F052F80023B6
:10A98000012200930848094B24EAE47121F03CF8C5
:10A9900040B172466F2142F6516002B0BDE81040EE
:10A9A000FDF734BF02B010BD601B0020C9A900082C
:10A9B00008B5044821F035F8BDE808400120FFF74C
:10A9C000EDBD00BF601B002008B5FFF7F1FFBDE83B
:10A9D000084000F0BBB9000013B5044621F017FC95
:10A9E000241A0C4821F01DF8002301220093094885
:10A9F000094B24EAE47121F007F840B17246912135
:10AA000042F6516002B0BDE81040FDF7FFBE02B053
:10AA100010BD00BF781B002029AA0008014821F0C2
:10AA200000B800BF781B002008B5FFF7F7FFBDE8AE
:10AA3000084000F0D3B8000008B5FFF774FEFFF738
:10AA4000EDFF0023034A1360034A1360034A1360B7
:10AA500008BD00BF901B0020981B0020941B002005
:10AA600070B5044672B6154D154E2B6801332B6038
:10AA7000FFF759FE2368134A33601360FFF75AFE4D
:10AA8000044630682146FFF723FF00280CDA013422
:10AA9000012134603068FFF737FE2B68013B2B60E3
:10AAA0002B6803B962B670BD032804D801282CBFF7
:10AAB00024180134ECE70021ECE700BF341B002030
:10AAC000901B0020981B002070B5054672B60E4CF6
:10AAD0000E4E236801332360FFF7A0FF2B680C4D57
:10AAE0002B603360FFF71EFF33681B1A002BBCBFBF
:10AAF000783028602868FFF76FFF2368013B2360E8
:10AB0000236803B962B670BD341B0020981B002077
:10AB1000901B002010B572B6074C236801332360E8
:10AB2000FFF701FEFFF77AFF2368013B23602368EC
:10AB300003B962B610BD00BF341B0020094B10B52D
:10AB40009842044605D972467F214FF20640FDF730
:10AB50005DFE2046FFF7C2FC0446FFF7EBFD2044F4
:10AB600010BD00BFC17F841E6FF00043984210B536
:10AB7000044605D3724691214FF20640FDF746FE8A
:10AB8000FFF7D0FE204410BD38B504460D460068DE
:10AB90000968FFF79DFE35EA200028BF204638BD32
:10ABA000431A10EA230038BF0846704700680B6854
:10ABB000C31A58425841704772B6064B1A680132A0
:10ABC0001A60054A10601A68013A1A601B6803B9D6
:10ABD00062B67047341B0020941B0020024B1B6898
:10ABE0000BB1024818477047941B0020981B0020A7
:10ABF00008B5FFF7DDFEFFF79CFD0023024A136056
:10AC0000024A1360536008BD9C1B0020A01B00205B
:10AC100072B6064B1A6801321A60054A10601A684B
:10AC2000013A1A601B6803B962B67047341B0020F2
:10AC30009C1B002073B5054672B61D4E033D33685C
:10AC40001C4C01333360FFF7B3FEFFF772FD28465B
:10AC5000FFF744FC0021FFF757FC206020682D1A05
:10AC600001A86560FFF736FE0546FFF74DFC236837
:10AC7000181A1BD49A2812D86368019A1844606085
:10AC80006368134463606068FFF76EFE01203368F9
:10AC9000013B3360336803B962B602B070BDFFF7A1
:10ACA0001DFC04384019FFF73FFDEFE70020EEE7F9
:10ACB000341B0020A01B002038B5054672B60C4C92
:10ACC000236801332360FFF773FEFFF72BFE281A7A
:10ACD00000280ADB2846FFF747FE01202368013BD6
:10ACE0002360236803B962B638BD0020F6E700BFD1
:10ACF000341B002010B572B6074C23680133236063
:10AD0000FFF756FEFFF715FD2368013B236023681C
:10AD100003B962B610BD00BF341B002037B50A4C22
:10AD200001A8FFF7D7FD2568FFF7EEFB6368281A37
:10AD30000028A8BF1B1863606068019B184401903D
:10AD4000FFF712FE03B030BDA01B0020024B1A68B3
:10AD50000AB11B68184770479C1B00200123037031
:10AD600088B200F07DB9000030B5B0F5FA7F044636
:10AD700087B005D880B207B0BDE83040FDF74ABAC9
:10AD80006FF00043984217D200F05AF900230546AD
:10AD90000D4A8DF803300DF10303CDE90404CDE92C
:10ADA0000223019300F082F9294602A800F0D8FF9F
:10ADB000284600F0A1F908B107B030BD012101A873
:10ADC000FFF702FCF4E700BF5DAD00084FF47A73B3
:10ADD0005843FFF7C9BF10B50446FDF7CDF9201A57
:10ADE000BDE81040FFF7C0BFF8B506460025074C88
:10ADF0006F01304639592AF0B1FB20B10135162DCB
:10AE0000F6D10020F8BDE019FCE700BF101C0020BF
:10AE100008B501F0BFF800F083FF01F00FF800F073
:10AE2000EDFC00F095FE00F04FFA00F001FC4FF44D
:10AE3000307200210C482AF0A8F9002158220B4852
:10AE40002AF0A3F900230A4A13600A4A137000F09B
:10AE50005FFE094B1860094B186000F05FFDBDE80C
:10AE60000840FFF785BB00BF101C0020A81B002076
:10AE70000C1C0020081C0020041C0020001C0020CA
:10AE80002DE9F84F404B06461B782BB172465221F4
:10AE90004BF21D00FDF7BAFCDFF8F880D8F800305F
:10AEA000152B05D9724653214BF21D00FDF7AEFC60
:10AEB0002EB9724654214BF21D00FDF7A7FC3568F0
:10AEC000D8F80040314F28464FEA441947F8095056
:10AED0002AF04EFB014628461AF046F8002507EBFB
:10AEE0004414A08333792371B368E3603369A561A7
:10AEF0006361FDF741F9F368D8F800B01844337D79
:10AF00001FFA8BFAA377224B20611E4665712572CA
:10AF1000A4F806A0AB4502D146F82B4011E053F847
:10AF2000042B21791279681C91422AD2ABEB0502DD
:10AF3000920006EB850106EB80002AF00CF946F83A
:10AF400025400BF10103C8F800304FF6FF739A4516
:10AF500005D1724666214BF21D00FDF757FC07EB49
:10AF60000903DA884FF6FE739A4205D172466721CB
:10AF70004BF21D00FDF74AFC07EB0903D888BDE83A
:10AF8000F88F0546C6E700BF081C0020101C0020F3
:10AF9000A81B00200C1C0020054B1B6898423FBFDB
:10AFA000044B03EB40108177012028BF002070473D
:10AFB0000C1C0020101C0020044B1B68834283BF24
:10AFC000034B03EB4010807F002070470C1C0020D7
:10AFD000101C0020054B1B6898423FBF044B03EB3D
:10AFE00040104161012028BF002070470C1C002048
:10AFF000101C002038B5084B04461B680D469842CB
:10B0000008D2FDF7BFF8054B284403EB4414206138
:10B01000012038BD0020FCE70C1C0020101C002083
:10B02000044B1B6898423ABF034B03EB40100020CF
:10B03000704700BF0C1C0020101C0020807F704750
:10B0400010B5064C23682BB97246AB214BF21D009C
:10B05000FDF7DCFB2368D88810BD00BF001C002072
:10B0600038B5054672B60E4C2368013323600D4B8C
:10B070001B68984205D37246B8214BF21D00FDF7BC
:10B08000C5FB094800EB4510437943F08003437149
:10B090002368013B2360236803B962B638BD00BF53
:10B0A000341B00200C1C0020101C002038B5054665
:10B0B00072B60E4C2368013323600D4B1B68984217
:10B0C00005D37246C0214BF21D00FDF79FFB0948D6
:10B0D00000EB451043796FF3C71343712368013BBD
:10B0E0002360236803B962B638BD00BF341B00205B
:10B0F0000C1C0020101C0020084B10B51B680446D7
:10B10000984205D37246C7214BF21D00FDF77EFB26
:10B11000034800EB44146079C00910BD0C1C0020EA
:10B12000101C002038B5054672B60E4C236801335A
:10B1300023600D4B1B68984205D37246CE214BF21B
:10B140001D00FDF763FB094800EB4510437943F010
:10B15000400343712368013B2360236803B962B64F
:10B1600038BD00BF341B00200C1C0020101C002028
:10B17000094B10B51B680446984205D37246DD2181
:10B180004BF21D00FDF742FB044800EB44146079CC
:10B19000C0F3801010BD00BF0C1C0020101C00204C
:10B1A0000E4B10B51B680446984205D37246E32146
:10B1B0004BF21D00FDF72AFB72B6094B09481A68CD
:10B1C00000EB441401321A60002262711A68013ADD
:10B1D0001A601B6803B962B610BD00BF0C1C0020CA
:10B1E000341B0020101C00200E4B10B51B680446B9
:10B1F000984205D37246EB214BF21D00FDF706FB8A
:10B2000072B6094B09481A6800EB441401321A60FF
:10B21000012222721A68013A1A601B6803B962B6E9
:10B2200010BD00BF0C1C0020341B0020101C00208F
:10B230000E4B10B51B680446984205D37246F321A5
:10B240004BF21D00FDF7E2FA72B6094B09481A6885
:10B2500000EB441401321A60002222721A68013A8B
:10B260001A601B6803B962B610BD00BF0C1C002039
:10B27000341B0020101C0020084B10B51B6804462E
:10B28000984205D37246FB214BF21D00FDF7BEFA32
:10B29000034800EB4414207A10BD00BF0C1C0020B2
:10B2A000101C002008B5FFF79FFD18B1C088FFF7FC
:10B2B0009BFF012008BD08B5FFF796FD18B1C088B7
:10B2C000FFF7B6FF012008BD2DE9F843394FDFF83D
:10B2D00000813846FDF7B8F9374C02460646002192
:10B2E000C8F80000386829F050FF182200212046D5
:10B2F00029F04BFFD8210122304DC4E903122B68FD
:10B30000DC339E422B6005D27246AA214FF2171001
:10B31000FDF77CFAD8F800E000224FF01808296801
:10B320002748AEEB010C03781BBB02B129602B68E8
:10B330009E4505D27246BD214FF21710FDF766FA01
:10B340001D483D68002603F025F91B4F2369B342D1
:10B3500027D8656103B9E36000241A4B07211A4816
:10B360001C701AF033F82146BDE8F84317481AF06C
:10B370002DB8013B08FB0343DA68023002F10409EF
:10B38000BCFBF9F610F8012CB24228BF32461E6908
:10B3900016441E6109FB02F301221944ACEB030CB5
:10B3A000C1E72946384603F005F9E368013604335E
:10B3B0001D44CBE7D41E0020E01E0020DC1E002030
:10B3C00058560308D01E0020F81E0020001F002041
:10B3D000D81E002038B5134B051F1B68AB4206D999
:10B3E00072464FF480714FF21710FDF70FFA0E48B6
:10B3F00043699D4207D372464FF217104FF486718E
:10B40000FDF704FA002072B6084C29462368013380
:10B41000236003F0F8F82368013B2360236803B935
:10B4200062B638BDD41E0020E01E0020341B002070
:10B430000949CB6883420CD372B6084B88681A68F6
:10B4400001321A601A68013A1A601B6813B962B6B1
:10B4500070470020704700BFE01E0020341B002012
:10B46000034BDA6882422CBF18690020704700BF86
:10B47000E01E002038B5284D04462B6833B97246CB
:10B480004FF49C714FF21710FDF7C0F9042C1ED831
:10B49000DFE804F0260A030F08002048BDE8384022
:10B4A00019F0B0BF1E48F9E71C48BDE838401AF053
:10B4B00027B872B61B4B1A6801321A601A4A107804
:10B4C0001A68013A1A601B6823BB62B622E0724612
:10B4D0004FF217104FF4B071FDF798F9002019E002
:10B4E00072B6104B11491A688C6801321A601A68DA
:10B4F000013A1A601B6803B962B6C8682B68043049
:10B5000060431B090001B0FBF3F0FF2828BFFF20B8
:10B51000C043C0B238BD00BFDC1E0020F81E0020B2
:10B52000001F0020341B0020D01E0020E01E002041
:10B5300003280DD172B60021064B1A6801321A6039
:10B54000054A11701A68013A1A601B6803B962B69D
:10B55000704700BF341B0020D01E0020014819F0A6
:10B56000CCBF00BFF81E002007B50020FFF782FF08
:10B5700001460190044819F053FF0199034803B0B4
:10B580005DF804EB19F04CBFF81E0020001F0020EE
:10B5900072B60B4B0B491A6801321A600A78FF2AFF
:10B5A0001CBF01320A701A68013A1A601B6803B99D
:10B5B00062B60B78012B01D1FDF776B8704700BF5A
:10B5C000341B0020D01E0020D82838B5044605D9E9
:10B5D0007246DE214FF21710FDF718F91148C368C3
:10B5E000A34203D2FFF7D4FF00201AE072B60E4D3B
:10B5F0002B6801332B6003F03BF82B680446013BBA
:10B600002B602B6803B962B6002CEBD0074B1B688C
:10B61000A34205D97246EC214FF21710FDF7F6F858
:10B62000201D38BDE01E0020341B0020D41E002049
:10B630000B234FF6FE71034A013B918102F1100288
:10B64000FAD17047081F0020152870B5064605D9A5
:10B6500072462E2140F6E820FDF7D8F872B6144D58
:10B66000144A2B68144601332B604FF6FE710023F9
:10B670009089884214D104EB0314204602F08AFF1B
:10B68000A6812B68013B2B602B6803B962B62CB9ED
:10B690007246402140F6E820FDF7B8F8204670BD1C
:10B6A00001330B2B02F11002E2D10024E9E700BFC5
:10B6B000341B0020081F002038B5054628B9724603
:10B6C000462140F6E820FDF7A1F872B6094C236840
:10B6D00028460133236002F0CBFF2368013B23603F
:10B6E000236803B962B600B938BDFFF773FE72B6BE
:10B6F000EDE700BF341B002038B5044628B90846E2
:10B7000011B1FFF767FE204638BD61B172B60A4D30
:10B710002B6801332B6002F04DFF2B68013B2B603F
:10B720002B6803B962B6A089FFF7FCFC002000F08B
:10B7300007F90120E8E700BF341B002038B50546B3
:10B7400028B97246792140F6E820FDF75FF872B615
:10B75000064C284623680133236002F089FF2368E2
:10B76000013B2360236803B962B638BD341B002057
:10B7700010B5044628B97246842140F6E820FDF74A
:10B7800045F872B6054BA0681A6801321A601A684B
:10B79000013A1A601B6803B962B610BD341B002061
:10B7A000084B10B51B780C462BB17246972140F61A
:10B7B000E820FDF72BF8044B2146BDE8104018683F
:10B7C00000F068BB081C0020C41F00200022084BAA
:10B7D00010B51C681A600122064B07481A7000F069
:10B7E00015FC1CB12346BDE81040184710BD00BF32
:10B7F000C01F0020B81F0020BC1F002008B5002378
:10B80000054A06481370064A136000F0FFFBBDE8C6
:10B8100008400448FCF7C8BCB81F0020BC1F00202B
:10B82000C01F0020CDB7000870B5064608480D4679
:10B8300000F0D8FB044648B1064B28461E60FCF7D2
:10B84000B9FC044610B9024800F0E0FB204670BD88
:10B85000BC1F0020C01F002013B5064C01942378A4
:10B860001BB10023237002B010BD012101A8FEF717
:10B87000ABFEF4E7B81F002072B60021064B1A6831
:10B8800001321A60054A11701A68013A1A601B6881
:10B8900003B962B6704700BF341B0020B81F0020F8
:10B8A000014B1878704700BFB81F002010B572B662
:10B8B000094C236801332360FCF782FC074800F041
:10B8C000A5FB0022064B1A602368013B2360236816
:10B8D00003B962B610BD00BF341B0020BC1F00209E
:10B8E000C01F00200A4B10B51C68FCF74BFCD4E9C4
:10B8F00004310B44191A074BA1F196029A4288BFF2
:10B900000021054B186800F0C5FA4FF0FF3010BD5C
:10B91000041C002069FFFF7FC41F002008B500F051
:10B920009FFA064B186038B97246BDE808403821C6
:10B9300043F22420FCF76ABF08BD00BFC41F0020EB
:10B94000034B1B68834202D0184600F0EDBA7047E3
:10B95000C41F00202DE9F84FFCF714FC0025074612
:10B960002C46A946DFF814A1DFF814B1DFF81481E2
:10B97000DBF800304B4523D8E888FFF77DFC012831
:10B9800009D0D8F80030A34205D17246BC2143F259
:10B990002420FCF73BFFFCF7F5FBD8F800303649D4
:10B9A00018615961002C5DD11C465A698A4294BFC6
:10B9B0005A615961E088FFF7F3FB2046BDE8F88F34
:10B9C0005AF8045BD8F80030AB4246D0E888FFF75D
:10B9D00053FC012841D02846FFF730FB002837D020
:10B9E000E888FFF7C5FB18B92B69DB1B002B00DAD1
:10B9F0002F61002C34D022792B799A428ABF2646B7
:10BA00002E462C46D6E90432134422699B1A002B99
:10BA10001CDB327923799A421FD17279637902F063
:10BA20003F0203F03F039A4217D9637903F03F03C3
:10BA30003F2B05D17246C82143F22420FCF7E6FED5
:10BA400062796379013262F305036371344604E07D
:10BA5000E888FFF78DFB0028C2D109F1010987E7CB
:10BA60002C46FAE72269121A02D500225A61A1E790
:10BA7000952A5A6198D89DE710552200A81B0020EE
:10BA80000C1C0020041C0020F8B51C4C23782BB1A2
:10BA900072464B2143F22420FCF7B8FE184B1B687A
:10BAA0002BB972464C2143F22420FCF7AFFE012350
:10BAB000144E2370144D154CFCF700FE306800F056
:10BAC0004FFAFFF747FF2060FCF75CFB2368286014
:10BAD000988BFDF7B1F82768FB68984723683861B1
:10BAE0001B79FE2BE8D0FCF74DFB2B68C01A2368AE
:10BAF0009A698242E0D29861DEE700BF081C00200C
:10BB0000041C0020C41F0020C81F0020001C0020AF
:10BB10007FB51422002101A829F037FB074B6846A6
:10BB20000093FE238DF80430054B0293FFF7A8F92C
:10BB3000FFF776FA07B05DF804FB00BF5C56030818
:10BB4000E5B80008014B1868704700BFC81F002007
:10BB50004FF6FE710022034B5A6019801981DA609A
:10BB6000704700BFCC1F00204FF6FE72094B014604
:10BB7000188890420AD01889904209D1012203EB1B
:10BB8000C20023F832100023436070470022F6E71A
:10BB900000207047CC1F002038B50D46044628B958
:10BBA0007246382145F26C20FCF730FE72B60A4B23
:10BBB0001A6801321A6062682A4362601A68013AA0
:10BBC0001A601B6803B962B62088FFF7ABFABDE8BC
:10BBD00038400020FFF7B4BE341B002010B50446E7
:10BBE00028B97246472145F26C20FCF70FFE72B669
:10BBF000064B1A6801321A600022606862601A6897
:10BC0000013A1A601B6803B962B610BD341B0020EC
:10BC1000154938B50C464FF6FE7234F8143B134DF7
:10BC20009BB2934208BF00240B8B9BB2934205D07A
:10BC30004CB120462C31FCF7DBFA04462CB9FCF75A
:10BC4000CBFA2C600EE001F12C04296829B92046BA
:10BC50002C60BDE83840FCF7B9BA2046FCF7CEFAB4
:10BC60000028F4D038BD00BFE01F0020DC1F0020FA
:10BC70002DE9F04F074689B072B64FF000094FF634
:10BC8000FE784E464FF0180A214D224C2B680133A6
:10BC90002B6034F8142C42451AD039462046FCF764
:10BCA000ADFAA8B108AB03EB0913A3F1200C14E91A
:10BCB0000F008CE80F00184B10220AFB0630002101
:10BCC00009F1010B24F8148C043029F05EFAD946EE
:10BCD00018349EB10021114A1160FFF799FF2A68BC
:10BCE000013A2A602A6802B962B66C4600254D45C1
:10BCF00004F1100404D109B0BDE8F08F0126C8E7B3
:10BD000054F8102C54E9030190470135EFE700BFC8
:10BD1000341B0020F41F0020E01F0020DC1F002047
:10BD200038B50C4C4FF6FE7520461022002120F845
:10BD3000045B29F02AFA102204F11C00002125835B
:10BD400029F023FA0022044B04481A60BDE8384069
:10BD5000FCF75ABAE01F0020DC1F002071BC00086D
:10BD6000F8B50F46044628B972463B2140F6D2602A
:10BD7000FCF74CFD23682BB972463C2140F6D2609B
:10BD8000FCF744FD72B64FF6FE71144D144A2B6851
:10BD900001332B6013889BB28B421BD0138B9BB259
:10BDA0008B4219D1012318214B43D618D752371D86
:10BDB00094E80F0087E80F00E068FCF713FA706161
:10BDC000FFF726FF2B68013B2B602B6803B962B697
:10BDD0003046F8BD0023E6E70026F3E7341B0020D9
:10BDE000E01F002070B50E46044628B97246512166
:10BDF00040F6D260FCF70AFD72B60C4D2B68013399
:10BE00002B602388B3420AD14FF6FE7320461022DE
:10BE1000002120F8043B29F0B8F9FFF7F9FE2B6860
:10BE2000013B2B602B6803B962B670BD341B002048
:10BE30000123037088B2FFF713B90000002310B587
:10BE400018464FF6FE74054A22F8234002EB8301A0
:10BE500001330A2B8870F7D110BD00BF10200020DD
:10BE600070B54FF6FE730024094E36F824209A422E
:10BE700009D1FFF7E5F8002306EB840526F8240036
:10BE8000AB70284670BD01340A2CEED10025F8E7CE
:10BE900010200020F0B50F46044689B028B972463C
:10BEA0004F2141F27110FCF7B1FCFFF7C9F80023F4
:10BEB00006468DF80730FFF7F9F8A31CA278029325
:10BEC0000DF10703039302F0FF05D2B9CFB17A1C3D
:10BED00010D0144A314604A8CDE90423CDE9066701
:10BEE000FFF73EFF054628B97246692141F27110FD
:10BEF000FCF78CFCA3784BB11DB131462846FFF707
:10BF000071FF0023A078A37009B0F0BD3046FFF7A1
:10BF1000F3F808B17B1CF4D1022102A8FEF754FB10
:10BF2000E8E700BF31BE000838B5054628B97246BB
:10BF3000822141F27110FCF769FC72B6074C284669
:10BF40002368013323600123AB70FFF7F9FC2368FA
:10BF5000013B2360236803B962B638BD341B00205F
:10BF600010B5044628B972468D2141F27110FCF7D4
:10BF70004DFC72B6064B1A6801321A600022A2709C
:10BF80001A68013A1A601B6803B962B610BD00BF97
:10BF9000341B0020F8B500240D4802F0FBFA2746B8
:10BFA0000C4D0B4E294630460334AF6002F02BFB9C
:10BFB0000C2C05F10C05F5D1074802F0EBFA074807
:10BFC00002F0E8FABDE8F840054800F01FB800BFED
:10BFD00080200020382000206820002074200020CD
:10BFE0008C20002072B6084B1A6801321A600122B8
:10BFF000016802601A68013A1A601B6803B962B6E8
:10C00000B1FA81F040097047341B002072B6064B2C
:10C010001A6801321A60002202601A68013A1A6036
:10C020001B6803B962B67047341B00204FF40070E0
:10C03000704708B5002019F0ABFC08BD0346264A3E
:10C040000846934245D017D8244A934233D00BD8A0
:10C05000234A93422BD0234A93422AD049F24322C7
:10C06000934232D0002070471F4A93422BD01F4A80
:10C070009342F7D100F0E2BB1D4A93421DD00AD88B
:10C080001C4A93421BD01C4A934220D01B4A934225
:10C09000E8D101F075BB1A4A934212D002F547026B
:10C0A00002F58A4226329342DCD102F0A9B800F0B0
:10C0B00017BB00F0AFBD02F045BA01F001B801F0C6
:10C0C00043BE01F06BBE02F011B902F04DB900F0B1
:10C0D000C7BE00F03FBE00BF493BFD0138230F0043
:10C0E00061F1030036230A004DC2130015FF4E0113
:10C0F00076D6CE7465C1F902B70B086E1808F20245
:10C10000AFD6137710B5102204460949303029F014
:10C1100005F858B11022064904F1200028F0FEFF6E
:10C12000002814BF4FF0FF30202010BD3020FCE766
:10C130006156030870B51E4C9AB0236802219B69B2
:10C1400001A8984701981B4D421C03D1002028608C
:10C150001AB070BD23680BA91B6998470028F5D158
:10C16000DDE90C46144B02A81B6834445B69984710
:10C170009DF820300BB9A4F580542B6801330CD105
:10C180003046FFF7BFFF431C05D01030335832183C
:10C19000B3F5007F03D000232B602868D8E75168EF
:10C1A0008E42F8D19268A41BA242F4D8F4E700BFF3
:10C1B000281B0020F41700202C1B002010B50F4C6A
:10C1C00090B0236802219B69684698470098431CF9
:10C1D00002D1002010B010BD236801A91B69984747
:10C1E0000028F6D1039CFFF7A5FFB0F5007FF0D340
:10C1F0002046FFF787FF10302044EBE7281B002084
:10C2000008B5FFF7DBFF00B1806808BD08B5FFF790
:10C21000D5FF0346054843B1DB6833B1834204D3FD
:10C22000034A934298BF23F00F0008BD00C00020CE
:10C23000F8FF002030B593B028F064FF002841D00B
:10C24000FFF778FF044600283CD04FF0804027F0ED
:10C2500057F8002836D001F089FF02F083F801F08A
:10C2600055FD00F02BFF00F035FA02F069F901F0FE
:10C2700093FD00F0E1FA02F038F800F0A3FC01F0C1
:10C280008DFA00F0EBFD00F063FD0F4BB4F5007F7D
:10C29000019317D30D4C0221236802A89B6998478C
:10C2A0000298431C0ED0236803A91B6998470446D3
:10C2B00040B903A825F0EEFE224605462146044873
:10C2C00001ABA84713B030BDF8FF0020281B0020A9
:10C2D0007456030808B528F015FF30B1FFF72AFFA0
:10C2E00018B1BDE8084001F09DBF08BD014B1860C2
:10C2F0000020704794200020014B186000207047F8
:10C300009020002006207047014B186000207047E5
:10C3100098200020014B186000207047A0200020CA
:10C320005020704702207047022070470B6803605E
:10C330004B6843604B6983600B690362DB08C36031
:10C3400091F82C3003F1FF3CDCF1000343EB0C03CC
:10C35000037491F82D30437491F82E308374CB68B8
:10C36000B3F5807F28BF0023C374CB69436191F884
:10C370003030037791F82F3043774B6A836191F81F
:10C3800031305BB1436A8A8E5A8091F83620901E14
:10C39000424242411A714A8E1A8070474362704786
:10C3A00010B558B1012807D1002420460DF06EFACF
:10C3B0000DF076FAA04203D0032010BD0124F4E76B
:10C3C0000020FAE710B598B00DF1070204A9044661
:10C3D0000DF1060026F098FB02A826F0A7FB9DF8B9
:10C3E000073020460133DBB2FF2B08BF00238DF856
:10C3F00007309DF8072002AB04A926F003FC0628AD
:10C400008EBF0220014B185C18B010BD8056030887
:10C4100080F0010027F090BF13B5044601A826F074
:10C420006BFE18B9019B236002B010BD0720FBE72B
:10C4300026F01DBE38B5044626F016FE054626F049
:10C4400011FEC4E90050204638BD26F00BBE0000A6
:10C4500010B50B4C96B023687BB10EF0BDF801907F
:10C460000EF052F902F07CF8009002A80EF05AF992
:10C47000DDE90021236802A8984716B010BD00BF6F
:10C48000A020002008B5134650B149B142B10A4678
:10C490000146184626F074FB002818BF022008BD8C
:10C4A0000520FCE738B5044678B105780FF0E8FEC2
:10C4B00085420CD8247820461CB90DF08FFF204609
:10C4C00038BD0DF08BFF0024F9E70424F7E70324BF
:10C4D000F5E70000484B2DE9F0431A6840F20623C7
:10C4E0009A42044685688DB009D8444B9D426BD171
:10C4F000434A6B4692E80300054683E80300E37B6A
:10C5000003F001069A0748BF46F00206DF0648BF5F
:10C5100046F0100618070FD5A91C0DD002AF3846FB
:10C5200026F002F997E80C0028460199009528F0BA
:10C53000D6FD08B946F00806A77B012F55D8D4F8D8
:10C540000480B8F5803F52D200211C2205A8B4F81F
:10C550000C9028F01AFE284623680199049306AB34
:10C5600083E80300237CADF814808DF82130637CD0
:10C5700000958DF82230E37B8DF8207013F0140FB6
:10C580008DF82360ADF8249004D0DA0622D501227C
:10C590008DF826209B060DD5A38A46F02006ADF81F
:10C5A0002830E38A8DF82360CBB901228DF82C2046
:10C5B000ADF82A3004A827F045FC0E2819D8114BF5
:10C5C000185C0DB0BDE8F0836FF07F439D4296D1BB
:10C5D0000D4A8EE7A27C002ADAD10B20F1E7227EF9
:10C5E0000AB10222E2E70322E0E70220E9E706209F
:10C5F000E7E70120E5E700BF9C200020FEFFFF00E9
:10C6000054A40308875603085CA4030800B5036814
:10C6100089B001934368026902938368049203938B
:10C62000828A837DD0E90601069001A8ADF8142026
:10C630008DF81630ADF81C10FFF74CFF09B05DF80F
:10C6400004FB000073B50E461546044670B16846FB
:10C6500026F06CFA6B4632462146284626F0D2FA7E
:10C66000062805D8034B185C02B070BD0520FBE717
:10C670000220F9E78056030810B5044698B010B3BD
:10C680000DF1070204A90DF1060026F03DFA02A8FB
:10C6900026F04CFA9DF807309DF806000133DBB216
:10C6A000FF2B08BF00238DF8073001F059FF21460A
:10C6B0009DF8072002AB26F0A5FA062805D8044B02
:10C6C000185C18B010BD0520FBE70220F9E700BF99
:10C6D0008056030801480EF0D3B900BF51C40008CA
:10C6E000A0F500730E2B0ED8094B186040F20A23F8
:10C6F00098420AD940F20B21064B074A884218BFDC
:10C700001346184670470023FBE7044BF9E700BFC8
:10C710009C2000201857030898560308D056030899
:10C7200010B5084B01461C688CB044B102A8CDF886
:10C730002CD0FFF7FBFD02A8A0470CB010BD0120D4
:10C74000FBE700BF942000200C4B10B51A6840F2A4
:10C750000A239A4201468AB004D90AB0BDE81040C3
:10C76000FFF7DEBF064B1C6834B16846FFF7DEFDFD
:10C770006846A0470AB010BD0120FBE79C200020BE
:10C780009020002030B50C4C85B024688CB1089DF9
:10C79000ADF80800CDE900539DF8283068468DF8C3
:10C7A0000A108DF80B208DF80C30A047012005B041
:10C7B00030BD2046FBE700BF9820002000207047D6
:10C7C000002070470020704738B50D4604461146DA
:10C7D00090B9287025F05CFC013805280ED8DFE8F8
:10C7E00000F008040D060D030324204638BD05247F
:10C7F000FBE701232B70F8E700232B700624F4E7F6
:10C80000014608B538B925F041FC18B1042814BF19
:10C810000620052008BD0620FCE708B540B9012127
:10C8200025F034FC18B1052814BF0620002008BDEF
:10C830000620FCE70020704770470000B0F5017F3C
:10C84000024607D240F20321034B04488A4208BF44
:10C85000184670470020704758570308645703086C
:10C860000A4A10B513685BB100211160084A094CEF
:10C870001078094A126832B1216898470023236072
:10C880004FF0FF3010BD1146F7E700BFAC2000208D
:10C89000C4200020A8200020BC20002008B503F000
:10C8A000A7FD08B103F04EFE002008BD08B5054BFA
:10C8B0001B6823B10122044B1A7003F0C9FE00204B
:10C8C00008BD00BFAC200020C420002008B503F044
:10C8D000D9FE002008BD08B526F044FD002008BDA3
:10C8E00008B526F039FD002008BD00002DE9F84309
:10C8F0002C492D4B2D4F1A6806463B680868D41802
:10C9000000B104604FF0000942F803902023751D28
:10C91000636028460C600EF0B0FDA06028460EF063
:10C920009DFDA06128460EF0A1FD207733682846C2
:10C930006361337904F1200863770FF0E3FAA0779D
:10C9400028460EF0A1FD402828BF4020494640223D
:10C9500020610646404628F018FC28460EF0A4FD4B
:10C96000014618B13246404628F0E8FB3B681049C2
:10C9700003F160023A600A68C4F80C8001320A6070
:10C980000C4909688A4207D00B4AC03312689342A7
:10C9900005D30322094B1A700020BDE8F88301205B
:10C9A000FBE700BFB8200020A8200020C020002006
:10C9B000BC200020B0200020B4200020C420002093
:10C9C00020B9054B1A780AB902221A70034B0021CC
:10C9D0001868FEF791BE00BFC4200020A4200020EC
:10C9E0002DE9F84380460E4617461D469DF82090D7
:10C9F00026F046FB0446E8B9B9F1000F04D0B8F1BF
:10CA0000000F07D1042412E025F0AEFE0428F6D171
:10CA100005240CE0B6F1807F08D228462E6026F06F
:10CA200007FC18B1384626F0FDFB00B90324204668
:10CA3000BDE8F8830724FAE730B51D4B05461B68AF
:10CA400089B09BBB03F0D4FC08B103F07BFD01234C
:10CA5000284600932A7A696803ABFFF7C1FF0446B2
:10CA6000F8B941F6DC622B68A3F1640191421BD84E
:10CA7000D5E9041211B91AB1042412E0402A13D8DE
:10CA80004FF47A70434302932B8902A8ADF810301B
:10CA9000EB680792CDE9053103F060FD002808BF7F
:10CAA0000624204609B030BD0324FAE70624F8E73F
:10CAB000AC200020F0B585B0054603F099FC0028B5
:10CAC00041D1254E3368002B3DD1009328462A7B67
:10CAD000A96803ABFFF784FF0446002836D12F680E
:10CAE000002F32D0AA69002A2FD042F20F73696852
:10CAF00099422ED842F2AC632869A0F164019942B0
:10CB000027D8696929B3EB695F2B22D93760134FA6
:10CB10003960134F13493A60134A0C601460134A8A
:10CB200003A91360124B1C60124B1C70124B009334
:10CB30002A7B4FF47A75114B684303F067FD28B9DF
:10CB4000002333603B60062400E00424204605B047
:10CB5000F0BD0324FAE700BFAC200020B020002085
:10CB6000A8200020BC200020B8200020B4200020F5
:10CB7000C0200020C4200020C1C90008EDC8000862
:10CB800030B585B004460D4603F032FCB0B90C4B0D
:10CB90001B689BB92146039300932A4602AB03A866
:10CBA000FFF71EFF044630B9294602A803F05AFDDC
:10CBB000002808BF0324204605B030BD0524FAE74D
:10CBC000AC2000207FB500210D4B142219600D4BC5
:10CBD00001A8196028F0D9FA0B4B684600931A2374
:10CBE0008DF80430094B029342F210730493FEF760
:10CBF00047F9FEF729FD064B186007B05DF804FB06
:10CC0000AC200020A82000208057030861C800083D
:10CC1000A4200020B0F5007F014888BF00207047A5
:10CC20009C57030810B5044C24682468A0470628C4
:10CC300028BF012010BD00BF281B002010B5044CE8
:10CC400024686468A047062828BF012010BD00BFE3
:10CC5000281B002008B5044B1B689B6898470628D2
:10CC600028BF012008BD00BF281B0020014B1B6806
:10CC7000DB681847281B002010B51B4B90B01B68C1
:10CC80000C461B6901A998479DF83E30022B04D041
:10CC9000052B23D0052010B010BD002384F83130BF
:10CCA000F0B9019B2360029B63609DF83C3084F8DF
:10CCB0003030059BA360069BE360079B2361089BC4
:10CCC0006361099BA3610A9BE3610B9B23620C9B3D
:10CCD00063620D9BA3620E9BE362DCE70123DDE749
:10CCE000062828BF0120D6E7281B002008232DE9AD
:10CCF000F0430026DFF8549099B08DF80330D9F84E
:10CD0000003080460F465B690DF1030101A898478A
:10CD1000354601AC9DF80330B34203D83D7019B0DD
:10CD2000BDE8F083D9F8003020681B6909A998474D
:10CD300048B99DF85E30022B01D0052B03D1236842
:10CD400048F82530013501360434E3E7281B00207C
:10CD500070470000B0F5007F014888BF0020704791
:10CD6000BC57030810B5044626F08AF928B134B13F
:10CD7000204601F019FE002010BD0720FCE704202A
:10CD8000FAE770B5A2B0044626F07AF9002840D040
:10CD9000002C40D0E5786B1E092B36D82688731EF0
:10CDA000B3F57A7F2ED2002204F10A0131F8323035
:10CDB000013B9BB2B3F57A7F24D20132AA42F5D36C
:10CDC0008022002102A828F0E0F9A37800228DF843
:10CDD000063001AB1846ADF804608DF80750617A53
:10CDE00001325972618908335980217A08341970E7
:10CDF00054F8041C43F8041CD1B28D42EFD801F062
:10CE00005BFD20B9032022B070BD0520FBE70020A8
:10CE1000F9E70720F7E70420F5E710B586B00446E8
:10CE200026F02EF9B0B1BCB1236868460093636860
:10CE30000193A3680293E368039323690493237D1A
:10CE40008DF8143001F09CFC002814BF0020032052
:10CE500006B010BD0720FBE70420F9E7704700008B
:10CE6000B0F5007F014888BF00207047D457030801
:10CE70000220704702207047014B18600020704765
:10CE8000C820002012280FD812281CD8DFE800F094
:10CE90001D13171B201B1B1B1B1B1B1B1B1B1B1BE7
:10CEA0000A15190011207047422810D0522814BFCB
:10CEB0000020932070470220704712207047032003
:10CEC000704713207047002070470120704783206F
:10CED000704708B5FFF7D6FFBDE8084025F0E6BC6F
:10CEE00082B0009002AB13E9030002B025F0F4BB5E
:10CEF00026F098B907B5B0F1807F019005D201A85E
:10CF000026F096F903B05DF804FB0020FAE7F0B5CF
:10CF1000064685B000284FD0CC000D22214618F0DF
:10CF200092F8002802DB032005B0F0BD00250C2C90
:10CF30000DF1070028BF0C24ADF80850ADF80C50D7
:10CF400026F058F92A469DF8070011460132824220
:10CF500009D08C422DD3CB08F35C01F007010B41C3
:10CF600013F0010326D00C2AEFD1DCE7DA08B05C1D
:10CF700003F007052841103210F0010F6A4414BF76
:10CF800012F8040C12F8080C07FA05F149B215BFA3
:10CF90000143014302F8041C02F8081C0133A342B8
:10CFA000E4D102A808F07CFA03A808F051FA0020A6
:10CFB000BAE700230127F2E70420B5E72DE9F341A2
:10CFC0000A46054640B300244FF0010801910021B4
:10CFD00028F0DBF8019AD700661CF0B2019208F045
:10CFE00087FA10F0800F019A09D0A7420CD9E30804
:10CFF000E95C04F0070408FA04F40C43EC540C2E2A
:10D000003446E9D1002004E00021284628F0BDF88C
:10D01000032002B0BDE8F0810420FAE730B585B006
:10D020000446684625F042FF042814D00C4B1A68C9
:10D0300040F205239A420CD984B16A46234604ADD6
:10D04000144603CCAC4218605960224603F1080331
:10D05000F6D1002000E0052005B030BD2046FBE7FA
:10D06000F817002030B585B00446684625F050FF1B
:10D07000042814D00C4B1A6840F205239A420CD9AC
:10D0800084B16A46234604AD144603CCAC42186012
:10D090005960224603F10803F6D1002000E0052084
:10D0A00005B030BD2046FBE7F817002008B525F095
:10D0B000CDFE01280CBF0720002008BD70470000EE
:10D0C000A0F50073082B09D8054B064A1860064BDB
:10D0D000B0F5027F18BF1346184670470023FBE7E0
:10D0E000F817002060580308E857030806289ABF7D
:10D0F000014B185C01207047E057030837B50C4618
:10D10000054698B191B101A825F046FF034640B904
:10D11000BDF804202A80BDF806202280184603B0FE
:10D1200030BD03B0BDE83040FFF7E0BF0423F5E7B2
:10D1300037B50C46054698B191B101A825F002FF1C
:10D14000034640B99DF804202A809DF805202280DE
:10D15000184603B030BD03B0BDE83040FFF7C6BF8E
:10D160000423F5E708B525F085FCBDE80840FFF786
:10D17000BDBF08B528B125F05BFCBDE80840FFF74E
:10D18000B5BF042008BD07B5ADF8040001A8ADF88F
:10D19000061025F047FF03B05DF804EBFFF7A6BFCC
:10D1A00037B50C460546A8B1A1B101A825F0D0FEBF
:10D1B0000428034610D020B103B0BDE83040FFF78B
:10D1C00095BFBDF804202A80BDF8062022801846AD
:10D1D00003B030BD0423FAE70523F8E708B528B10A
:10D1E00025F04CFEBDE80840FFF780BF042008BDD5
:10D1F00008B528B125F074FEBDE80840FFF776BFFA
:10D20000042008BD08B5FFF73DFE28B125F0FEFA61
:10D21000BDE80840FFF76ABF032008BD13B5044608
:10D22000B0B30DF1070025F01FFB0428034631D0F1
:10D2300020B102B0BDE81040FFF758BF9DF80710BD
:10D24000080601F0100205D512B1522222700FE03B
:10D250004222FBE701F00F01013903291CD8DFE866
:10D2600001F0020A10150AB11022EFE722701346EE
:10D27000184602B010BD0AB11122E7E7012323705E
:10D28000F5E70AB11222E1E70223F8E70422DDE71D
:10D290000423EDE70523EBE70123E9E708B525F0D3
:10D2A00093FFBDE80840FFF721BF13B5044690B1D6
:10D2B0000DF1070025F09EFF042803460DD020B194
:10D2C00002B0BDE81040FFF711BF9DF807202270A3
:10D2D000184602B010BD0423FAE70523F8E7B0F1C1
:10D2E000807F07B508D2019001A825F033FF03B075
:10D2F0005DF804EBFFF7FABE032003B05DF804FB12
:10D3000013B5044680B101A825F03EFF042803466A
:10D310000CD020B102B0BDE81040FFF7E7BE019A83
:10D320002260184602B010BD0423FAE70523F8E78F
:10D3300008B525F031FABDE80840FFF7D7BE13B5B0
:10D34000044690B1002301A8019325F045FA042872
:10D3500003460CD020B102B0BDE81040FFF7C6BEB6
:10D36000019A2260184602B010BD0423FAE7052393
:10D37000F8E708B528B125F089FFBDE80840FFF7B8
:10D38000B5BE042008BD08B525F0B0FF042805D0BF
:10D39000052805D0BDE80840FFF7A8BE052008BD58
:10D3A0000020FCE708B525F057FFBDE80840FFF76F
:10D3B0009DBE08B528B125F061FFBDE80840FFF724
:10D3C00095BE042008BD000082B002AB03E9030053
:10D3D000074B1B6843B1074A1268B2F5017F38BF9B
:10D3E00020F07F4002B01847184602B0704700BFD7
:10D3F000C8200020F8170020014B1860704700BFBC
:10D40000E8200020014B1868704700BFCC200020A6
:10D41000014B1860704700BFD820002008B50A4BA8
:10D420001B787BB1013B022B05D8084B1868BDE87F
:10D43000084017F0B6BD724640F2571148F2EE7040
:10D44000FBF7E4F9002008BDD4200020E4200020F0
:10D4500008B5084B1B78032B02D8074AD05C08BDDF
:10D46000724648F2EE7040F23111FBF7CFF901201D
:10D47000F5E700BFD4200020FD58030808B5FFF7EA
:10D48000E7FF022806D1044B1A6840F201239A42B2
:10D4900098BF012008BD00BFFC17002013B525F080
:10D4A000EFFD002401288DF8074025D1174B1848BF
:10D4B0001C70184B1C70FDF7FEFE1748FDF7FBFEB5
:10D4C0001648FDF7F8FE03F0ABFD01F083F910B14B
:10D4D000204601F0A5F90DF1070025F0C5F900205F
:10D4E0001CF0B5F925F018FE0D4B186810B11B683B
:10D4F0009847002002B010BDFFF7AAFF022803D111
:10D500000122044B1A70F4E70720F3E7D42000202F
:10D5100083550308EC200020F3580308F85803084B
:10D52000E820002008B508F0E7FC012003F088FFA0
:10D5300010F092FC08B110F097FC1CF0DEF91048D6
:10D54000FDF7B0FE0F48FDF7ADFE0F48FDF7AAFE50
:10D5500002220E4B1A700E4B1A680AB11B689847CC
:10D56000FAF704FE0B4B1B68C01A0B4B18600B4BF1
:10D570001B781BB1BDE80840FFF790BF08BD00BF96
:10D58000F8580308F358030883550308D4200020F3
:10D59000D8200020D0200020CC200020EC2000202B
:10D5A000012238B5124B00201A7004F061F80025F2
:10D5B0000446BCB14DB101200BF028F9BDE838405C
:10D5C000C0F130010B4817F0FBBC204604F0AAFB69
:10D5D0000546204604F09FFB2046002104F038F861
:10D5E0000446E6E7002DE6D1BDE83840FFF79ABFD4
:10D5F000D4200020E02000200023F7B504460D468B
:10D600008DF80730FAF7B2FD224B21461860224808
:10D6100017F0D6FC0DF1070025F026F99DF807302C
:10D62000033B012B32D825F02BFD1C4B621E9A4286
:10D6300006462DD840F252236A1F9A4200D93DBBBC
:10D64000174F2946384617F0BBFC1EB10724204669
:10D6500003B0F0BD20460AF0A5FB25F011FD0446FD
:10D660000028F3D10F4B10491888FDF7C3FC0CF0CC
:10D67000ABFF10B1FFF794FFE9E7386817F085FCBE
:10D680000028F7D10322094B1A70E0E70524DEE7F2
:10D690000324DCE7D0200020E42000207F3A0900AA
:10D6A000DC2000200018002040420F00D420002081
:10D6B00038B52D4D2B78032B2FD8DFE803F0090266
:10D6C00025182A4B186817F060FC58B1FFF72AFF9D
:10D6D000FAF758FD2B780446032B3AD8DFE803F01D
:10D6E00040252A2504F0F6FB0028F1D1EEE70CF0E6
:10D6F0006BFF10B1FFF754FFEAE71D4B186817F0F6
:10D7000044FC0028F6D1E3E71A4B186817F03DFCFB
:10D710000028DDD0FFF7C2FEDAE772464FF4D5717C
:10D7200048F2EE70FBF772F8D2E700F5742000F5CE
:10D73000107038BDFFF772FE012838BF0120B0F528
:10D74000E16F034628BF4FF4E1630B4800FB034041
:10D75000EFE7724640F21A2148F2EE70FBF756F8F6
:10D7600006482044E5E700BFD4200020E020002048
:10D77000DC200020E420002040420F0000D2496B52
:10D78000A0F50073032B9DBF024B186002480020D8
:10D79000704700BFFC1700200459030830B587B05C
:10D7A0006C46124D0FCD0FC495E8030084E80300CA
:10D7B0006846FDF765FB0E4B40F2032118800023FD
:10D7C0000C4A0D4813700D4A13600D4A13600D4A40
:10D7D00011600D4A137017F0D4FB0C4817F0D1FB01
:10D7E0000B4807B0BDE8304017F0CBBBB0A403082E
:10D7F00000180020D4200020E4200020CC200020AD
:10D80000D0200020FC170020EC200020DC2000208D
:10D81000E020002001299FBF034B1970034B1860C3
:10D8200094BF002003207047F8200020F42000203F
:10D83000014B186000207047FC200020014B18604D
:10D840000020704700210020014B18600020704725
:10D85000F02000200220704702207047022070470D
:10D86000014B1860002070470421002007B5124AC0
:10D870008DF80510137883F001038DF80430002330
:10D8800013700E4B1B68B3F5037F08D90C4B1B6854
:10D8900013B1032001A9984703B05DF804FB094BBD
:10D8A0001B68002BF8D0084A1278012A01D1012800
:10D8B000F2D19847F0E700BFED20002008210020BA
:10D8C00000210020F4200020F820002007B5B0FA45
:10D8D00080F00C4B40091B688DF80400B3F5037F02
:10D8E00008D9094B1B6813B1022001A9984703B05E
:10D8F0005DF804FB054B1B68002BF8D001A8984786
:10D90000F5E700BF0821002000210020FC200020B6
:10D91000054B01461B682BB110B1002104201847AC
:10D920000520FCE7704700BF0021002008B526F065
:10D9300041F818B90122024B1A7008BD0720FCE714
:10D94000ED20002010B5044624F0B7FF38B1204682
:10D9500010F040FB002814BF0020032010BD24F06D
:10D96000F5FE0128F3D00520F8E708B525F088FB7F
:10D97000034600F001005A0748BF40F00200990733
:10D9800048BF40F004001A0748BF40F00800D9061D
:10D9900048BF40F010009A0648BF40F020001B0628
:10D9A00048BF40F0800008BD10B524F086FF30B1BC
:10D9B00025F066FB044640B10724204610BD24F044
:10D9C000C5FE0128F4D00524F7E7012003F0C4FDCB
:10D9D000F3E710B5044688B008B301A826F012FE9C
:10D9E0009DF80430022B0FD12370029B012163604C
:10D9F000049B0798A3609DF81830237307F0DEFBA3
:10DA00006073002008B010BD5A1E534253410020DD
:10DA100023704FF47F43C4E90100A381F2E704209F
:10DA2000F0E708B525F062F9002818BF052008BD09
:10DA300008B528B125F078F9002818BF052008BDE1
:10DA40000420FCE72DE9F04F85B00546FAF78EFB80
:10DA500000266C6887B225F033FEB04603464FF0CF
:10DA600002094FF0010A13B12A68B24204D800201B
:10DA70002E6005B0BDE8F08F5A68CDE902880092AB
:10DA80005A8ABA1AADF804209A89ADF80620DA89C4
:10DA9000ADF808201A7C8DF80B205A7C8DF80C20EC
:10DAA0009A7D12F0030205D0032A14BF4A4652465B
:10DAB0008DF80A209A7DC2F38102012A05D0022A3C
:10DAC00014BF4A4652468DF80D20EC4604F1100B67
:10DAD0000DF1100E624603CA7245206061609446E3
:10DAE00004F10804F6D1184625F0F0FD5C46034623
:10DAF0000136B8E713B504460DF1060025F05EFACD
:10DB0000022806D03CB10020BDF80630238002B0C8
:10DB100010BD0720FBE70420F9E7000008B59721B6
:10DB20004DF6AE40024A1BF0F1FE002008BD00BFDA
:10DB30002059030810B525F0EFFA044618B900F093
:10DB4000B9FB204610BD0524FBE715F06FBF13B5E8
:10DB5000044601A825F0ECFA20B92CB1019B236002
:10DB600002B010BD0720FBE70420F9E71FB50C4BFE
:10DB70001B68B3F5037F0BD90A4C236833B16846A1
:10DB8000FFF727FF694606202368984704B010BDB9
:10DB9000054B1B68002BF9D004B0BDE810401847B6
:10DBA0000821002000210020042100207FB5274DFE
:10DBB00004462B6853B3264B8669196840F2062346
:10DBC000994290F9490094F94A20019604F13003F2
:10DBD00004F118011CD88DF80A00ADF8082003C91B
:10DBE0000CCB27F07CFA94F84E308DF80B008DF8B2
:10DBF0000C3094F839308DF80D302378023B18BF83
:10DC000001238DF80E302B6801A8984704B070BD31
:10DC10008DF809008DF8082003C90CCB27F05FFAB6
:10DC200094F84E308DF80A008DF80B3094F83930A6
:10DC30008DF80C3094F852308DF80E302378023B7A
:10DC400018BF01238DF80D30DDE700BFF020002064
:10DC50000821002007B524F0AAFE20B101A800F099
:10DC6000E9FF9DF8040003B05DF804FB0B4B13B50E
:10DC70001B680446B3F5017F04D902B0BDE810402B
:10DC8000FFF7E0BE08230093031D68460193FFF7EA
:10DC9000D9FE009B236002B010BD00BF0821002008
:10DCA00013B50446E0B125F08BFBC0F30723C2B2E5
:10DCB0008107237000F0010348BF43F002035007BF
:10DCC0004FF0000048BF43F00403110748BF43F082
:10DCD0000803D20648BF43F01003637002B010BDC2
:10DCE0000420FBE7034B1B6813B1002101201847F8
:10DCF000704700BF00210020034B1B6813B10021B7
:10DD000008461847704700BF0021002008B50321CE
:10DD1000084805F0E3FE084826F080FC012107488A
:10DD200010F0F8F8064810F031F9BDE80840054851
:10DD300017F03CBFADDB00086DDB00086DD80008B4
:10DD4000CDD8000811D90008074BB0F5007F186046
:10DD500007D9064B064AB0F5037F88BF134618461D
:10DD600070470023FBE700BF082100206459030827
:10DD70002C59030808B524F041FE00280CBF0320ED
:10DD8000002008BD08B524F02BFE00280CBF03209E
:10DD9000002008BD24F04ABE70470000B0F5007FA7
:10DDA000014888BF00207047B8590308014B18602C
:10DDB00000207047F022002072B6024A1368013337
:10DDC00013607047341B0020034B1A68013A1A6035
:10DDD0001B6803B962B67047341B002010B520B130
:10DDE0000E4B9A4203D9032016E00246014672B652
:10DDF0000B4B1C6801341C600A4CA2601A68C4E911
:10DE00000001013A1A601B6803B962B6064B002193
:10DE10001868FDF771FC002010BD00BFA08601004E
:10DE2000341B0020DC2200200C21002008B572B633
:10DE3000094B1A6801321A60084A10601A68013AE0
:10DE40001A601B6803B962B6054B00211868FDF71C
:10DE500053FC002008BD00BF341B0020F42200202A
:10DE60000C21002070B572B6174C184D2368013391
:10DE70002360AB68013306D12368013B236023682C
:10DE800003B962B670BD2968114B124E1960308813
:10DE9000B9B10121FDF780F869683088FDF7AAF86B
:10DEA000A9683088FDF796F80B4B1B782BB9FAF769
:10DEB00069F96B681844094B18604FF0FF33AB6089
:10DEC000DAE7FDF769F8F8E7341B0020DC220020D0
:10DED000E822002008180020EC220020041800206E
:10DEE00017F0DEBF08B520B18020FCF743FB00200F
:10DEF00008BD8020FCF752FBF9E700004B280ED844
:10DF0000094B1B5C6BB10122430900F01F0002FAB0
:10DF100000F0064A603342F82300002070470320D7
:10DF200070470620704700BF1021002000E100E08C
:10DF300038B5094D2B689847431C044607D100218A
:10DF4000064B29601888FDF727F8204638BDFAF7F8
:10DF500019F90444F9E700BFE8220020081800205E
:10DF600037B50D46044678B108290FD8FAF75CF9A1
:10DF700000900AF0F3FB2A4601906946204627F0FC
:10DF8000DDF8002003B030BD0420FBE70320F9E7F3
:10DF90004B2810B521D8134A135C2BB9124B53F8F8
:10DFA0002010124B99421AD1012100F01F04A14008
:10DFB00043090F4C203344F82310BFF34F8FBFF3B6
:10DFC0006F8F135C3BB1084B084943F820100023C6
:10DFD0001354184610BD074AFAE70320FAE7062053
:10DFE000F8E700BF1021002040160020F9DF0008EC
:10DFF00000E100E0902200206846184B20F0070165
:10E000001A884FF6FF738D469A4201B506D17246C3
:10E010004FF41C714BF69740FAF7F8FB0121104BB7
:10E02000104A5B68103BDBB2D1545AB2002A0CDBB9
:10E0300003F01F0301FA03F352090B49203241F8A0
:10E040002230BFF34F8FBFF36F8F084B002118684A
:10E05000FDF752FBBDE801408546704702180020DD
:10E0600000ED00E09022002000E100E00C21002003
:10E070009C46F0B5AAB3012A39D10622204C0028CB
:10E08000256808BF062295B34B2934D81D4E0CB223
:10E090001D4F56F82430BB422FD1BCF1000F22D0C7
:10E0A00045F824C028B3012055F8243046F8243020
:10E0B000164B5854012001F01F0398404B099B0058
:10E0C00003F16043120101F1604103F56143D2B2F3
:10E0D00001F56141C3F8800181F800231860002038
:10E0E000F0BD0522CAE755F82430002BDAD105200F
:10E0F000F6E7074BDDE70320F2E70620F0E700BF75
:10E100008C22002040160020F9DF0008102100209A
:10E110009022002070B50024FFF7A4FE0F4B196871
:10E120000F4B1A5DE5B2AAB151F8242092B1002636
:10E130001E55904701230B4A05F01F05AB406409AB
:10E1400042F82430084B31461868FDF7D5FA4FF0F5
:10E15000FF3070BD01344C2CE3D1F8E78C22002055
:10E160009022002000E100E00C2100207FB54FF05C
:10E17000FF32194B00219A6001A8142227F005F8FC
:10E18000164B684600931A238DF80430144B029303
:10E19000144B0493FCF774FE134B142200211880D7
:10E1A00001A826F0F2FF114B6846009318238DF862
:10E1B00004300F4B02934FF47A730493FCF760FE24
:10E1C0000C4B1880FDF740FA00220B4B18600B4BEC
:10E1D0001A7007B05DF804FBDC220020C459030864
:10E1E00031DF0008A086010008180020D859030874
:10E1F00015E10008021800200C210020EC2200206C
:10E2000040F20123984201BF034B044A04481A60BC
:10E2100018BF0020704700BF8C2200205C21002026
:10E22000F059030870B5FFF71DFE184D184C24F087
:10E2300027FF18B90122174B1A7070BD2B680BB35A
:10E24000F9F7A0FF2168081A20EAE0701249134B81
:10E25000814228BF01461868FDF7A2FAFFF75AFF6E
:10E260000F4B1B6803B198472B68002BDFD0084E7B
:10E270003468F9F787FF201A0028D7DAFFF758FE2D
:10E280003060D3E74FF0FF30E0E700BFE822002026
:10E2900004180020EC220020008793030C210020AA
:10E2A000F4220020024B1B6803B11847704700BFDF
:10E2B000F0220020024B00211868FDF71DBA00BFB4
:10E2C0000C21002008447047401AC00F7047401AC4
:10E2D0000028B8BF404270476FF000407047F9F720
:10E2E00051BFF9F755BFF9F741BF7047B0F5007F4F
:10E2F000014888BF002070471C5A030808B140F845
:10E30000101C704708B140F80C1C704708B140E978
:10E3100002127047704770477047012012F0D6BE56
:10E32000002012F0D3BE00F0C9BB10B504460AF0BD
:10E3300019FA20700AF018FA60700AF024FA80F0D6
:10E340000100A070F9F788FF80F00100E0700AF08A
:10E350001EFA80F00100207110BD40B200F0C0BF75
:10E360007047704770470000A0F50070062802480B
:10E3700028BF0020704700BF1C18002006207047EF
:10E38000062070470620704717F06EBD17F0A2BD3B
:10E3900008B517F008FC08BD17F0ACBD17F0BCBD00
:10E3A00008B517F003FE012802D0022818BF00208C
:10E3B00008BD17F0C3BD002017F008BB002017F000
:10E3C0001ABB002017F00CBB002017F01FBB17F082
:10E3D0006DBD17F0C3BD17F0D5BD08B524F050FED4
:10E3E00018B117F00FFE002008BD0720FCE708B5A4
:10E3F00017F02AFE082828BF032008BD08B517F02B
:10E4000037FE00280CBF0620002008BD70B514465A
:10E410009AB0064604A80D468DF8073024F086FB16
:10E42000032C09D19DF81400032805D19DF815206F
:10E430009DF807309A4228D09DF807300DF10F0261
:10E4400006A90DF10E008DF815308DF81060ADF8AD
:10E4500012508DF8144024F057FB9DF80F309DF8B2
:10E460000E000133DBB2FF2B08BF00238DF80F3005
:10E4700000F076F804AB9DF80F2006A924F0C2FB4B
:10E4800006288EBF0120024B185C1AB070BD00BF79
:10E49000385A0308F8B50E461746044617F01AFD19
:10E4A000054617F080FBB04201D20320F8BD17F0FB
:10E4B000FDFC80B1A542F8D92D1BB542F5D317F06C
:10E4C00009FD8442F1D247B120463A46314617F061
:10E4D00079FD0020EAE70620E8E70420E6E713B527
:10E4E0000446019124F0CCFD48B12046019917F073
:10E4F0009DFD002814BF0020032002B010BD07209E
:10E50000FBE7F7B50E4615461C460746B0B1A9B164
:10E51000A2B19BB1684624F057FB68B99DF8003062
:10E520003B70BDF8023033809DF804302B709DF8AD
:10E530000530237003B0F0BD0620FBE70420F9E7A7
:10E5400070470000B0F5007F02D303D00248704747
:10E550000020704701487047405A0308945A030846
:10E56000431E0D2B9ABF024B33F81000002070475A
:10E57000EC5A03080023064A32F8021B814201D1FB
:10E58000D8B2704701330F2BF6D1FF20704700BF80
:10E59000EC5A030810B5044628B97246102142F21D
:10E5A0008A30FAF733F90023C4E90033A36010BDC1
:10E5B0000068704738B50D46044600B129B9724667
:10E5C0001F2142F28A30FAF721F923683BB925600E
:10E5D000002365602B60A3680133A36038BD6368C6
:10E5E0002BB972462C2142F28A30FAF70FF9636890
:10E5F0001B682BB172462D2142F28A30FAF706F9D8
:10E6000063681D60E4E738B50D46044600B129B9DA
:10E6100072463A2142F28A30FAF7F8F823682B6002
:10E620006368256003B96560A3680133A36038BDE2
:10E63000F8B50E461546044608B101B12AB972462E
:10E640004D2142F28A30FAF7E1F827463B68B3429F
:10E6500005D1A3682E6001333D60A360F8BD2BB9DE
:10E660007246532142F28A30FAF7D0F83F68EDE75C
:10E6700038B5044628B972468A2142F28A30FAF740
:10E68000C5F825687DB1A3682A68013BA3602260B4
:10E690003AB962602BB17246992142F28A30FAF798
:10E6A000B5F800232B60284638BD70B50D460446EA
:10E6B00000B129B97246AD2142F28A30FAF7A6F8C4
:10E6C00023461E461B6833B97246D22142F28A3075
:10E6D000FAF79CF813E0AB42F3D1A3682A68013B38
:10E6E0003260A3606368AB4209D12AB17246BC2193
:10E6F00042F28A30FAF78AF8A64202D066602846CB
:10E7000070BDA3682BB17246C42142F28A30FAF779
:10E710007DF800236360F2E708B5FFF7C6FF00222B
:10E72000026008BD006800B101B970470068013996
:10E73000F9E7006800B970478842FAD101207047B4
:10E74000024B1B6803B11847704700BF0823002025
:10E75000084B10B51B6804461BB1984714B1012C37
:10E7600006D010BD044B1888BDE81040F9F752BD23
:10E77000024BF8E7F82200200023002004230020A9
:10E7800002680B4B10B51A6042680A4B0A491A60BE
:10E79000027D0A4C0A4B3AB1C2680A6002692260E3
:10E7A000826801201A6010BD032020600860F8E72D
:10E7B00008230020F822002004230020002300204A
:10E7C000FC220020014B1868704700BFFC2200208B
:10E7D0001CF0E8BC014B5878704700BFB024002003
:10E7E00038B504460A20FAF705FA0546F9F7CAFCD7
:10E7F0001CF036FC094B20461C7500F013F91CF088
:10E80000DFFD204600F0F0F800F0F3F9F9F7BAFC6C
:10E810002846BDE83840FAF7EDB900BFB024002023
:10E8200070B504460B20FAF7E5F9224D0646F9F7D4
:10E83000A9FC3CB31CF00EFC88B9AB782BB1724636
:10E84000392142F6E610F9F7E1FF01201CF0D6FB72
:10E850001CF05AFD012302206B701CF0CFFBAB783B
:10E860000133DBB2022BAB7005D97246402142F670
:10E87000E610F9F7CBFFF9F785FC3046BDE87040AC
:10E88000FAF7B8B9AB782BB97246452142F6E610D3
:10E89000F9F7BCFFAC78013CE4B2AC70002CEAD1D3
:10E8A0001CF0DEFB1CF068FD20466C701CF0A6FB23
:10E8B000E1E700BFB0240020F7B5C478631EDAB2E8
:10E8C0000F2A02D9002003B0F0BD40F26B3C00EBF0
:10E8D000C302528906880CFB02F200927D22564345
:10E8E000009A1E4D3244009204EB440205EB820272
:10E8F000802500EBC4014F78002FE3D091F9007020
:10E90000AF42DFDC02F80C7C51F8045C013B42F8BA
:10E91000085C4D880C3A0CFB05F50195019D083902
:10E9200035440195019DC5EB05250195019DDDF857
:10E9300000E005F5FA75B5FBFEF50195019D157230
:10E940005D1C08D182780120054B9A75054B1C701F
:10E95000054B1870B7E73D46CDE700BF10230020F8
:10E96000B0240020581800200C23002008B5074BC5
:10E970001B7813B90648FFF79FFF064B1B7823B996
:10E98000BDE8084004481CF023BD08BD0C2300204E
:10E990000C5B03080D230020905B0308014B93F9E7
:10E9A00016007047B024002020B10122024B1A70DB
:10E9B0001CF00EBD704700BF0D23002010B5084BA2
:10E9C00004461B78834205D8724681214DF23000FF
:10E9D000F9F71CFF0C204443024B185710BD00BF31
:10E9E000581800201023002010B50B4B04460B4A8A
:10E9F00018780B4900EB4003127801EB8301824247
:10EA000002D8501EC0B210BD11F90C3BA342FADA75
:10EA1000431CD8B2F3E700BFD023002058180020D1
:10EA20001023002010B5FFF7DFFF084B04461B78CA
:10EA3000834205D872467B214DF23000F9F7E6FE9D
:10EA40000C23034803FB0404606810BD5818002021
:10EA50001023002010B5FFF7C7FF084B04461B78B2
:10EA6000834205D872469A214DF23000F9F7CEFE66
:10EA70000C23034803FB0404207A10BD581800201F
:10EA8000102300206FF06100704700000C22034B40
:10EA90001B785343024AD056704700BFD023002052
:10EAA000102300200C22034B1B78013B5343024AE6
:10EAB000D05670475818002010230020002310B5AE
:10EAC000024C2370FFF790FF207010BDD023002070
:10EAD00010B5044628B972461A214FF4A540F9F73B
:10EAE00095FE23684BB9FDF7BBF9206028B9724643
:10EAF0001F214FF4A540F9F789FE2068BDE81040BA
:10EB0000FDF72EBA08B50748FFF7E2FF0648FFF702
:10EB1000DFFF0648FFF7DCFFBDE808400448FFF7C9
:10EB2000D7BF00BFE0230020DC230020D423002037
:10EB3000D8230020014B1868FDF712BAE02300200B
:10EB4000014B1868FDF7F0B9E0230020014B18686D
:10EB5000FDF706BADC230020014B1868FDF7E4B985
:10EB6000DC230020014B1868FDF7FAB9D4230020FC
:10EB7000014B1868FDF7F4B9D8230020014B186841
:10EB8000FDF7D2B9D8230020014B1868FDF7CCB9A6
:10EB9000D4230020024B01461868FDF77BB900BF63
:10EBA000D8230020024B01461868FDF773B900BF57
:10EBB000DC230020024B01461868FDF76BB900BF4B
:10EBC000D4230020024B01461868FDF763B900BF4B
:10EBD000E02300200420FFF7BBBD0320FFF7B8BDF2
:10EBE0000220FFF7B5BD0020FFF7B2BD0120FFF7FF
:10EBF000AFBDFFF7A5BD0000014B9861704700BF96
:10EC0000B0240020084B10B51B685BB9074C207876
:10EC100009F0C1FD28B1064B20781B78C01A18BF37
:10EC2000012010BD0120FCE7102500207C300020D1
:10EC30008030002010B50B4B04461B78037023F086
:10EC4000ACFE58B9084B1B78637023F03CFE38B912
:10EC5000064B1B78A3700C23E37010BD0023F3E771
:10EC60000023F7E780300020182500202025002011
:10EC700070B503780446FF2B09D0154D2B7023F097
:10EC800096FE20B92878134B187002F023FC6078A8
:10EC9000FF2817D0104E114D307009F021FD337848
:10ECA00028602BB17246DD2142F28A70F9F7AEFD81
:10ECB0002A680B4B9A4205D97246DF2142F28A70CC
:10ECC000F9F7A4FDA378FF2B1CBF064A137070BD93
:10ECD000803000207C300020182500201C250020DA
:10ECE00000127A0020250020034B044A1B6812689A
:10ECF0001344181A704700BF142500201025002067
:10ED00000A4B82B01868024603460020D2B262F372
:10ED10000700C3F3072262F30F20C3F3074262F335
:10ED200017401B0E63F31F6002B0704722250020BE
:10ED3000014801F02DBF00BF22250020014B1868BB
:10ED4000704700BF1025002013B523F00DFD0428E7
:10ED50000BD101A8FFF76EFF9DF8040009F01BFD21
:10ED6000044610B100F0B2FB00B90024204602B006
:10ED700010BD0000034B1B6810B1034A1268134416
:10ED8000184670471425002010250020014B1868F4
:10ED9000704700BF0C250020024B1A68024B1A6016
:10EDA000704700BF142500200C25002038B523F043
:10EDB0008AFD60B123F0F1FD80B117F0FBF9044644
:10EDC000084B1D6817F0C6F92044284438BD23F0CD
:10EDD000D9FD0028044C08BF0024F1E744F6206464
:10EDE000EEE700BF1425002030D40500024A136866
:10EDF00018441060704700BF1425002038B5002467
:10EE00000422144B144D1C60144B1C70144B1A70CC
:10EE100023F059FD134B1C70134B1D60134B1C60EA
:10EE2000F9F7AAF9124B18602846FFF7DFFF26F022
:10EE300069F918B100F000FB17F08EFC18F02EFAFB
:10EE400023F041FD20B1BDE838400120FFF7E8BCC8
:10EE500038BD00BF2225002000127A0021250020A5
:10EE600020250020182500201C250020102500202A
:10EE70001425002038B50A4D29680144002002F00D
:10EE8000A1FC044623F07EFD28B12C603020BDE8B3
:10EE9000384008F0FBBE28602046FFF7A7FFF5E7E3
:10EEA000102500202DE9F3416B4E6C4F30783C6803
:10EEB00009F071FC002840F0A280694B1B78337088
:10EEC000FFF7A0FE08B9674B1870307809F063FCB3
:10EED000054658B317F04CFC0120FFF7A1FC307831
:10EEE00017F07DF9032800F09180204603F076FFAB
:10EEF00023F024FC3278019001A9204603F062FD42
:10EF0000030E5FFA80F805D0A8F102035842584179
:10EF100009F044F9B8F1000F78D104F59C40203095
:10EF200017F07EFD45460020FFF77AFCF9F724F93B
:10EF3000044617F00FF90444307809F02CFC18B996
:10EF4000494B1868FFF752FF3868241A27D43078E5
:10EF500002F0C0FAFFF756FE014660B1414B15B111
:10EF60001A78032A5CD93E4A404812780168327008
:10EF7000002202601A703C4B1E6831440846FFF7BD
:10EF800035FF8C424ED3641AB4FBF6F404FB0660E2
:10EF9000611CFFF72BFF15B1481C19F0B5FF0120CC
:10EFA00000F052FD23F08FFC08B918F0A3F923F00C
:10EFB0008AFC002838D010F0A7FE04460420FCF795
:10EFC00059FA01462A4801F0EFFD0025FF2C28BF21
:10EFD000FF242748E1B201F0DDFDFF2D28BFFF250A
:10EFE0002348E9B201F0DAFD12F0E4FE01462048C0
:10EFF00001F0D6FD02B0BDE8F04102F09BBC3078D4
:10F0000017F0EDF803287FF45BAF56E74D2008F0CA
:10F010003DFE18F04BFA134A13780133137082E760
:10F020000021A8E70021B6E7012008F055FFC02421
:10F0300000B2C0EB0020B0FBF4F408F055FF00B2C2
:10F04000C0EB002085090220FCF714FA01460848AD
:10F0500001F0AAFDBAE700BF7C3000201425002093
:10F0600080300020212500201C25002010250020B4
:10F070002225002013B56C46014620460CF0FAFD0F
:10F0800094E8030000F084FA20B102B0BDE810401B
:10F0900000F07EBC02B010BD37B5044610460A46EB
:10F0A00021460EF0CBFC20460BF0CAFF78B16D462E
:10F0B000214628460CF0FAFD95E8030000F068FAB6
:10F0C00028B190F8AA306FF3410380F8AA3003B05A
:10F0D00030BD000030B59DB002A905460DF0B0FA74
:10F0E0009DF81C0009F057FBE0B16C46294620460C
:10F0F0000CF0C0FD94E80300012202F0BFFA88B9C9
:10F1000009F0ACFA044668B1072109F0CDFA2946A6
:10F11000B32204F1080026F011F8034B21461868C9
:10F1200009F08CFA1DB030BDF86000202DE9F041E7
:10F130000746A2B068220D4608A8002126F025F84F
:10F1400038460CF06EFE0024061E08A9384618BF8B
:10F1500001268DF807400CF0B0FA08A810F0B2FABA
:10F1600014222146099003A826F00FF821233946DE
:10F1700004A88DF80C3002950CF07CFD38468DF813
:10F1800018600CF059FE8DF8190019F0FBFCADF871
:10F190001A0002A80CF015FA38460DF0B0FA18B9AA
:10F1A00038460DF0A6FA0446DDE90E0100F0F0F94C
:10F1B00080B390F8AA30C3F3400821460DF107024E
:10F1C00008A800F0ABFC044630B338460CF07FFED4
:10F1D00010B99DF8071019B1204600F0F6FF012183
:10F1E00028460CF079FE3146204618F047F80246D2
:10F1F00094F8AC1028460CF0B5FAB8F1000F05D021
:10F2000094F8AA3043F0020384F8AA30204622B0D2
:10F21000BDE8F0818046D0E7FF220146EAE708B565
:10F2200000F062FCBDE8084018F010B8124A6FF018
:10F230007F0192F900309842A8BF18460F4B10701A
:10F2400093F900206FF05A039842ACBF1218D218FD
:10F2500002EAE2738B42B8BF0B46094991F90000FC
:10F26000984207D01E32A8BF6FF01D0301220B7019
:10F27000044B1A70704700BF292500202725002065
:10F28000262500202825002007B525F03BFFC8B122
:10F290000A220E4B01201A70E2220D4B1A70FFF762
:10F2A000BFFA4FF47A7101201BF036FDADF804006F
:10F2B0000020FFF7B5FA9DF9040003B05DF804EBF8
:10F2C000FFF7B4BF03B05DF804FB00BF27250020A3
:10F2D00026250020014B93F90000704726250020C9
:10F2E000034B1870034B93F90000FFF79FBF00BF5B
:10F2F000272500202925002010B50446FFF796FF9A
:10F30000034B93F90000A042CCBF0020012010BDA8
:10F310002625002082B0ADF8040040B202B0FFF70D
:10F3200085BF0000014B1878704700BF28250020DA
:10F330000022014B1A70704728250020044A1378D8
:10F3400001331370034A137801331370704700BF01
:10F35000292500202625002070B515460646F8B15F
:10F36000164C002908BF01342378DDB1FF2B06D1EC
:10F37000724640F28E5144F28860F9F747FA2378DA
:10F3800001332370CEB10D4A137852781344DBB2A7
:10F39000032B01D811D185B9BDE8704002F098B8AF
:10F3A000074CDEE733B9724640F2945144F288606C
:10F3B000F9F72CFA2378013BE3E770BD44250020E0
:10F3C0004625002070B50546B1B9F8F7DBFE0446C6
:10F3D000D5F89060331B002B0DDA95F8AD0009F0DD
:10F3E0007FF9A41BB4FBF0F404FB0000D5F89040B7
:10F3F0002044C5F8900070BD0C68E9E770B50D4673
:10F40000044630B972464FF4B86144F28860F9F7A7
:10F41000FDF994F89930AB4209D0261D96E8030017
:10F4200009F09AFD96E80C00294609F019FF84F8C6
:10F43000995070BD23F098B938B51A4815F0A1FD60
:10F44000194815F09EFD40F6D8120021174825F006
:10F450009CFE1748FFF79EF81648FFF79BF801241B
:10F46000FFF7E8FF114D85F8AC40294611480134FB
:10F47000FFF7C9F80F2C05F1B405F4D10D4B9B68CB
:10F480000E2B06D072464FF4937144F28860F9F760
:10F49000BDF90022084B09481A60BDE8384002F067
:10F4A0003FB800BF40250020382500204825002017
:10F4B000202F00202C2500204425002039F50008AD
:10F4C000014B187A704700BF202F002038B5094B38
:10F4D0001C7A5CB9084D286815F094FD30B1286895
:10F4E00015F053FD20B1284615F04BFD204638BDE0
:10F4F0000124FBE7202F002040250020024B9878B4
:10F500001B781844C0B270474425002010B504464B
:10F5100008B9002010BD90F8980009F03CF90028C7
:10F52000F7D094F8AA00C0F34010F3E70148FFF7C2
:10F530003FB800BF202F002038B5FFF7F7FF0025A8
:10F5400004463CB90F4B3C211C600F48BDE83840D5
:10F5500015F036BD04F16400022116F015F804F12F
:10F560004C00022116F010F894F8AA30204665F3FA
:10F570000003A4F89A5084F8AA30FFF719F804465B
:10F58000DFE700BF3C25002038250020FFF710B83A
:10F5900073B56E4686E80300FFF74CFF0F48FFF790
:10F5A00007F80E25044614B9204602B070BD96E84F
:10F5B0000C00D4E9010125F092FD0028F4D1204689
:10F5C000FEF7F6FF044635B972464FF4F27144F285
:10F5D0008860F9F71BF9013DEDB2E4E7202F002028
:10F5E000013810B5C4B2FFF725FF0D2C0BD8B4219C
:10F5F000064A01FB042393F8AB3013F0200001D03E
:10F6000004FB012010BD0020FCE700BF48250020BE
:10F610002DE9F0411E4600230F461446054613709F
:10F6200068B300F14C08404616F020F8012824D9B0
:10F6300001234046237016F017F895F8AA300446C7
:10F640001B0709D505F1640016F00EF8C043C1B2DE
:10F65000204615F066FE04464FB1D5E9010109F0D8
:10F660007BFC90F92010204609F077FA0446B5F8A3
:10F670009A3033802046BDE8F081FF24F7E7FF246D
:10F68000F8E700002DE9F3473E4C8046206815F06E
:10F69000B9FC074638B1206815F077FC18B1204650
:10F6A00015F06FFC0027384B1D7A002D67D0FFF74F
:10F6B0003DFF002504462E464FF00109A4B9334B07
:10F6C0001B881D44ADB2002D59D0B6FBF5F6F6B23D
:10F6D00000208DF80660BDF8063065F30F0063F377
:10F6E0001F4002B0BDE8F08704F14C0015F083FF25
:10F6F00004F1640015F07FFF94F8AA30414660F3EE
:10F70000C30384F8AA30204601AB0DF10302FFF7D2
:10F710007FFF82469FB194F8AA306FF3000384F80C
:10F72000AA309DF803302BB1BDF8043003FB0A6604
:10F730001D44ADB22046FEF73BFF0446BEE723F072
:10F74000C2F80028EDD194F8AA30DB07E9D5BAF168
:10F75000BF0F28BF4FF0BF0ABDF804305FFA8AFA26
:10F76000013303EB43035B10ADF8043094F8AA3087
:10F770008DF8039067F3000384F8AA30D1E7FF26E1
:10F78000A6E700BF38250020202F00203C250020C0
:10F7900038B50D460446A0B14942C9B2643015F0EF
:10F7A00000FFD4E9010109F0D7FB044609F05CFF32
:10F7B000002814BF014629462046BDE8384009F01C
:10F7C0004BBF38BD70B50D460446002843D000211C
:10F7D000FFF7F8FDD5E9013213442046D4F89060D4
:10F7E00094F89810C4F89030FFF708FE2B7D84F849
:10F7F000983095F8480008F081FF08B195F8480066
:10F8000084F8AD0094F899202B7D9A4224D094F886
:10F81000AB3094F8AD0043F0010384F8AB30D4F87A
:10F82000906008F05DFF3044C4F8940095F85530BE
:10F830003BB1687D08F0AFFF18B12046697DFFF746
:10F84000DDFD94F8AB3043F0020384F8AB30F8F7F9
:10F850008DFCC4F8A00070BD3046D4F8901001F0C3
:10F86000E5FF0028D3D0E1E738B504460D4631B9AD
:10F87000724640F2094144F28860F8F7C7FFD5E9C3
:10F88000010184E80300204638BD2DE9F0410D4612
:10F890001E4604468AB0002869D0E2B9C3F10008C8
:10F8A0005FFA88F800295ED008460BF02BFB07466C
:10F8B000B4F89A3041460133A4F89A3004F14C0070
:10F8C00015F06FFE0023CDE900333A46D4E901017B
:10F8D000434609F015F9002E47D0002D47D002AE5F
:10F8E00021463046FFF7C0FF029B0BB318220021D0
:10F8F00004A825F04AFC96E8030009F02DFB0590CA
:10F9000096E8030009F042FC07AB069096E8030076
:10F9100083E8030001F0F4FD01238DF8240004A91D
:10F9200028468DF826300BF038FB04A809F042FD7C
:10F9300094F8AA3043F0400384F8AA3094F8473092
:10F940006FF3041384F84730F8F710FCC4F89C00F8
:10F9500028460CF0C7FA50B194F8AA3043F00103DE
:10F9600084F8AA3003E00F46A2E7002DF0D10AB0D8
:10F97000BDE8F08110B5044630B9724640F29D41B1
:10F9800044F28860F8F742FF94F8AA00C00910BD5D
:10F9900038B5044600284DD090F8AB306FF34513CE
:10F9A00080F8AB30244B984203D303F6D813984227
:10F9B00006D972464FF4AE7144F28860F8F726FF1C
:10F9C000E06820B1072103F095FA0023E36004F119
:10F9D000100008F069FD2046FFF7CCFF94F8AA104C
:10F9E0000022C1F34011251DFFF7B6FC95E8030086
:10F9F000012201F043FE024618B995E8030009F020
:10FA000011F90E4D21462846FEF786FE04460146B2
:10FA10000B48FEF7CFFD204619F006F8204612F0FD
:10FA20001BF92B7A33B9BDE838404FF4FA71054819
:10FA300015F0C6BA38BD00BF48250020202F002091
:10FA40002C250020402500202DE9F8430746FFF72C
:10FA50006DFD044608F08EFE0E250646FFF7EAFC13
:10FA6000DFF880900CB9BDE8F883F8F77FFBD4F895
:10FA70009C30C01A864216D22046FEF799FD804679
:10FA800022F021FF50B994F8AA3003F02103212B72
:10FA900002BFB4F89A300133A9F800302046FFF7CE
:10FAA00077FF4446DEE794F8AA305A060BD557B1E3
:10FAB000D4E901016FF3861384F8AA3009F04CFAF7
:10FAC000002109F0C9FD2046FEF772FD044635B954
:10FAD000724640F24D1144F28860F8F797FE013DFE
:10FAE000EDB2BFE73C25002038B5FFF7A3FCFFF7D8
:10FAF0001DFD0E25044604B938BD2046FFF748FF1A
:10FB0000FFF714FD044635B972464FF4CB7144F249
:10FB10008860F8F77BFE013DEDB2ECE72DE9F84F88
:10FB200005460F46914622F02DFF064618B90024DF
:10FB30002046BDE8F88F1FB195F84F30002BF6D165
:10FB400005F1180898E80300FFF722FD044688B184
:10FB500090F8AB30C3F30013BB4208D190F8AA3041
:10FB600095F84EA04FEAD31BBAEBD31F19D020460D
:10FB7000FFF70EFFDFF848A25046FEF779FD002898
:10FB800040F01C8195F84F3043BBDAF80830002B69
:10FB9000CDD0724640F2353144F28860F8F736FE37
:10FBA000C5E795F84F60FFF7E5FE834505D194F86A
:10FBB000AA30C3F34013B3420ED02046FFF7DAFE5B
:10FBC00094F8AA100022C1F34011FFF7C5FB0122EF
:10FBD00031465046FFF7C0FB00267DE0F8F7C6FA35
:10FBE000DAF8083033B1724640F2C94144F2886015
:10FBF000F8F70CFEFFF79AFC0024002840F0CB80B9
:10FC00002CB1482008F042F82046FFF7C1FE6C48AE
:10FC1000FEF72EFD04460028B7D004F1040AB022F6
:10FC20000021504694F8ACB025F0AFFA012284F8D8
:10FC3000ACB0AB6995F84F106360AB8B95F84E0094
:10FC40002381A4F8A820FFF787FB95F84F2094F8AC
:10FC5000AA30204662F3451384F8AA3017F03AFB25
:10FC60000146204617F085FB21465648FEF7A2FCC8
:10FC700098E8030095F84E2008F0BCFFD4F89C30BB
:10FC80000221303BC4F8A43004F1640015F07CFC80
:10FC9000022104F14C0015F077FC002294F8AA3000
:10FCA000A4F89A2062F3000384F8AA309AE80300CB
:10FCB00009F052F9D5F8491009F0FEFA04F1840070
:10FCC00011F092FAFF2384F88030F8F75BFA00F520
:10FCD000742000F51070E06795F84F3094F8AA2072
:10FCE0005B0143F0400303F0600322F06002134322
:10FCF00084F8AA3022F0E7FD28B994F8473043F0A1
:10FD0000400384F84730B4F8AA3094F8AA8023F46A
:10FD1000005323F0020343F40053A4F8AA30F8F789
:10FD200025FA95F84E3094F8AA20C8F3400863F3FA
:10FD3000C71284F8AA2094F8AB20C4F89C0067F39B
:10FD4000041284F8AB2023B1287D05F149010FF09E
:10FD5000F3FD16B9B8F1000F07D02046314611F077
:10FD60009AFF4FF4006006F0CBF829462046FFF7D3
:10FD700029FD95F8502094F8AB3062F3C30384F862
:10FD8000AB3095F8423095F84320134484F8AF30F7
:10FD900089F80060CCE690F8AA309B0609D45CB1E3
:10FDA000D4F89C20D0F89C309B1A34EA230428BF56
:10FDB0000446FEF7FDFB20E70446FAE704462CE77D
:10FDC0002C250020202F002010B5044630B97246A3
:10FDD0004FF47A7144F28860F8F718FD94F8AB306C
:10FDE000D9070FD5F8F7CEF9D4F89430C01A002807
:10FDF00008DB94F8AB306FF3000384F8AB3094F871
:10FE0000980013E094F8AB30DA07F8D594F8AA30EC
:10FE10009B060CD594F8990008F0BDFC20B920464B
:10FE200094F89810FFF7EAFA94F8990010BD20466C
:10FE3000FFF7A0FD0028EDD1E1E7000038B5FFF79E
:10FE4000F9FA1148FEF7B4FB0E2504460CB920461A
:10FE500018E094F8AA30DB060ED42046FEF7A8FB83
:10FE6000044635B9724640F2944144F28860F8F78E
:10FE7000CDFC013DEDB2E9E72046FFF77BFD002810
:10FE8000EBD1012038BD00BF202F002010B5044663
:10FE900030B9724640F2A34144F28860F8F7B6FCEC
:10FEA00094F8AB00C0F3001010BD2DE9FF47E84601
:10FEB0000C4600F10805294640460DF10809924616
:10FEC0001F460CF072F8294648460BF0D3FE204638
:10FED000FFF750FD06462046FFF7D8FF564503D0F2
:10FEE000002004B0BDE8F0870028F9D128460CF0C6
:10FEF00025F9012823D199E80C00271D97E8030074
:10FF000025F0EDF80028EBD198E80C0097E8030005
:10FF100025F0E5F80028E3D128460CF089FA08B16D
:10FF2000002EDDD028460CF05EF994F8AA3008B90E
:10FF30009A06D5D583F00400C0F38000D1E7002EE7
:10FF4000D9D094F8AF000130C0B203F0B9FA00285C
:10FF5000D1D1002FCFD0C3E72DE9F04106460F469F
:10FF6000FFF768FA1348FEF723FB0E2504464FF00F
:10FF7000000814B94046BDE8F08100233A46214606
:10FF80003046FFF792FF30B1804694F8AA3043F034
:10FF9000100384F8AA302046FEF70AFB044635B960
:10FFA000724640F27C4144F28860F8F72FFC013D34
:10FFB000EDB2DEE7202F002010B5044630B97246BE
:10FFC00040F2A94144F28860F8F720FC94F8AA3086
:10FFD000204643F0020384F8AA30BDE8104011F037
:10FFE0007FBE10B5044630B9724640F2B24144F2C9
:10FFF0008860F8F70BFC94F8AA3013F0020307D0DE
:020000040801F1
:1000000094F8980094F899301B1A5842584110BD42
:100010001846FCE708B5FFF789FA00B908BD90F863
:10002000AB306FF3820380F8AB30FEF7C1FAF4E730
:100030002DE9F743F8F7A6F80190FFF7FBF92B48F5
:10004000FEF7B6FA0E2504460026DFF8A480DFF896
:10005000A49014B903B0BDE8F0832046FFF78AFCF2
:1000600050B194F88030FF2B06D1E36F019A9B1AB0
:10007000002BB8BF84F88060204601A9FFF7A2F9E1
:1000800094F8AB30DA070CD5F8F77CF8D4F8943054
:10009000C01A0028A2BF94F8AB306FF3000384F8B5
:1000A000AB3094F8AB309B070DD5D4F8A030A8EB5B
:1000B0000307F8F75BF8C7425EBF94F8AB306FF305
:1000C000410384F8AB302046A4F89A60C9F8006078
:1000D000FEF76EFA044635B9724640F24C5144F2CE
:1000E0008860F8F793FB013DEDB2B2E7202F0020C6
:1000F000F8F8FFFF3C25002090F8AB00C0F3C000EB
:10010000704700002DE9F8430C4B04461E789D789B
:1001100093F8039093F80180094B1F7AFFF78AF94F
:100120000E2325703544204684F80190A67084F88B
:10013000038027716371A571BDE8F8834425002011
:10014000202F002070B5FFF7F1F90E250446002698
:10015000FFF770F90CB9304670BD04F1100008F0DB
:100160009BF906442046FEF723FA044635B9724649
:1001700040F2B75144F28860F8F748FB013DEDB218
:10018000E8E708B5D0E9010108F0E6FEBDE808405F
:1001900009F0C4B808B5D0E9010108F0DDFEBDE8FA
:1001A000084009F0D2B808B5D0E9010108F0D4FE42
:1001B000BDE80840007FFEF701BC08B5D0E90101A9
:1001C00008F0CAFE90F9200008BD90F8473010B53D
:1001D00023F00F0380F847300446FFF7CBFB98B9B4
:1001E000E06888B108300BF0E1FB68B1E0680830E6
:1001F0000CF0FEF840B194F84730C3F381020132AD
:1002000062F3830384F8473010BDC0687047C16053
:100210007047806C7047816470471030704710B52C
:10022000FFF784F9044600B910BD002203231146EC
:1002300004F1100008F080F92046FEF7B9F9F1E763
:100240004C3015F0AEB97C30704784307047D0F830
:100250009000704790F89800704790F899007047A8
:1002600090F8AA3043F0400380F8AA30B0F89A30F2
:100270000133A0F89A30704710B50446F7F776FFBF
:10028000C4F89C0010BDD0F89C00704710B504461F
:10029000F7F76CFFC4F8A40010BDD0F8A4007047B5
:1002A00078B3052926D8DFE801F0030A0F161B20D2
:1002B00090F8AA3062F3410380F8AA30704790F8B2
:1002C000AA3062F38203F7E790F8AB3062F34103A0
:1002D00080F8AB30704790F8AB3062F38203F7E7F9
:1002E00090F8AA3062F34513E6E790F8AA3062F37B
:1002F0000413E1E7724640F29B6144F28860F8F72C
:1003000085BA704708B550B105291ED8DFE801F05D
:1003100003080D10131890F8AA00C0F3400008BDA0
:1003200090F8AA00C0F38000F9E790F8AB00F4E77A
:1003300090F8AB00F6E790F8AA00C0F34010EEE7A3
:1003400090F8AA00C0F30010E9E7724644F2886012
:1003500040F2B761F8F75AFA0020E0E790F8AC00F5
:100360007047A830704790F8AD007047AE307047C6
:1003700090F8AF00704700B1B030704708B5FFF794
:1003800059F80E2008BD903018F052BC403070472C
:1003900008B50DF061FD08B10DF066FDBDE808403F
:1003A0004FF4805005F0ACBD00230121084A1370C2
:1003B000084A1370084A1360084A1360084A11700B
:1003C000084A1360084A1360084A1370704700BF58
:1003D000542F0020302F0020342F0020382F0020F1
:1003E000312F00202C2F0020982F0020952F002047
:1003F000014B1878704700BF542F0020044B1B7826
:1004000013B1044B186870474FF0FF30704700BFBE
:10041000542F00203C2F002030B5174B05461B7889
:1004200087B02BB972464C214AF68830F8F7EEF9BE
:1004300022F084F9114C04900DF10F0022F0DAFE45
:1004400023699DF80F200193636904A900930C4868
:10045000E3680AF03FFF201D1AF08CFC227A211D70
:10046000284602F0AFFA059004A81AF083FC9DF824
:10047000140007B030BD00BF542F00203C2F0020D7
:100480000B660020014B1878704700BF302F00200A
:10049000014B1868704700BF342F0020014B1B68C8
:1004A00003607047382F0020014B1878704700BF59
:1004B000312F002030B51749AFB0054600F044FB9E
:1004C00010B100202FB030BD13480AF0B8FF00284B
:1004D000F7D0F7F75DFE0446F7F754FEA96843F638
:1004E0000952411A00230801090F24F0A7FE6B7B73
:1004F000B3220949241A0DF105008DF80430009447
:1005000024F01CFE054B68461B68984780F00100EC
:10051000C0B2D7E7306500203F6500202C2F0020B7
:1005200008B5034B1B6898470022024B1A7008BDA0
:10053000982F0020302F0020014B1878704700BF03
:10054000952F00200021034B18220348197024F036
:100550001CBE00BF542F00203C2F0020264B2DE94D
:10056000F0411B7804461BB100252846BDE8F08108
:10057000224F3B780BB1FFF7E5FF22F081FD002809
:10058000F2D1002CF0D0201D22F052FE0028EBD03A
:10059000207A22F047FE05460028E5D02368184A55
:1005A000A3F5C333A03B9342DED8D4E9042302BBB6
:1005B000002BD9D1134A2346904604F1180C164655
:1005C00018685968083303C663453246F7D1D4E941
:1005D00004120D4E304624F0B1FD60690021C0F1D7
:1005E0004002304424F0D1FD0123C8F810603B7074
:1005F000BBE7402BB8D8DDE7302F0020542F002078
:10060000608B78003C2F0020552F002038B50A4C15
:1006100025787DB9094D28600868094908600949AD
:100620000A70094A1360049A084B1A600DF0F2FB35
:10063000207038BD0020FCE7302F0020342F002030
:10064000382F0020312F00202C2F0020982F002041
:1006500008B50DF0FBFB032803D1BDE808400DF001
:1006600003BC08BD10B522F089FE30B90124044B4B
:100670001C70FFF78DFE204610BD0020FCE700BF78
:10068000952F002038B5064D2C783CB10021084646
:1006900022F074FE00232B70FFF77AFE204638BD4F
:1006A000952F00202DE9F041184F0C46B0B0394687
:1006B00005460CF091F801AE3146A08228460CF0B8
:1006C00017F92085207F19F0B5F8218DA58A06EB52
:1006D0000108294401448DB2294601201AF064FB27
:1006E000E9B2C2B240460CF05FFC238DA0EB0800DB
:1006F00018442085C4E90867204618F083FBA08AC7
:10070000238D184480B230B0BDE8F081AB2F0020BB
:1007100037B50A46044603460C3053F8045B83425F
:1007200042F8045BF9D1188810809B7801F10F0022
:10073000937094F90D1001900BF0F4FFA1680198EB
:100740000BF0F6FFA17B01980BF0F8FF217B0198DD
:1007500003B0BDE830400BF0F7BF00002DE9F041D9
:10076000044600688CB00F30019118F0E5FC019947
:10077000E0B906238DF811008DF810308DF81200C5
:100780008DF8130000209DF8103063F307009DF8EA
:10079000113063F30F209DF8123063F317409DF87A
:1007A000133063F31F600CB0BDE8F0816569206809
:1007B0002F1E00F10F0018BF0127FFF773FF01463E
:1007C000804601201AF0E8FA0646206831460F30CC
:1007D0000CF0D0F820680DF10F010F300CF0C6F8C6
:1007E00018B102881B4BA3F8C820182200210DEB7A
:1007F000020024F0CAFC23699DF80F200493164BD5
:100800008DF818200593B93B0793F5B163690893F8
:1008100015B1FEF75FFD0546237EFF2E8DF82450AF
:10082000ADF82A808DF82C3011D004A81AF026F9E2
:100830009DF925209DF926308DF810008DF81120A6
:100840008DF812308DF813709CE72B46DFE70720F8
:10085000EEE700BF9C2F00206430002030B5044636
:1008600091B03822002102A824F08FFC216802A850
:100870000F310BF0FFF9216804A80F310BF016FAC5
:10088000A368069318F054FB089020680F300AF014
:10089000A7FD002814BF0423032320688DF824300B
:1008A0000F300BF039FF8DF83C00F7F76BFC02A915
:1008B00005462046FFF752FF0090C0B2013818BF2E
:1008C0000120294615F006FC0020009BDAB262F3F5
:1008D0000700C3F3072262F30F20C3F3074262F35A
:1008E00017401B0E63F31F6011B030BD10B50446F6
:1008F00090B03822002102A824F047FC216802A809
:100900000F310BF0B7F9216804A80F310BF0CEF9C5
:10091000A3686068069320B3143063680890002BC6
:1009200014BF0223012320688DF824300F300BF010
:10093000F3FE02A98DF83C002046FFF70FFF0022CE
:10094000C3B263F30702C0F3072363F30F22C0F3BC
:10095000074363F31742030E63F31F62104610B0A0
:1009600010BD18F0E5FAD8E710B5044690B038226B
:10097000002102A824F009FC216802A80F310BF025
:1009800079F9216804A80F310BF090F9A368069358
:1009900018F0CEFA0323089020688DF824300F3029
:1009A0000BF0BAFE02A98DF83C002046FFF7D6FEF8
:1009B0000022C3B263F30702C0F3072363F30F22DD
:1009C000C0F3074363F31742030E63F31F6210463D
:1009D00010B010BD08B5034608469A7B03F10F011D
:1009E0000BF034FF003818BF012008BD70B501F1CD
:1009F0000F04BCB00021054620460BF096FA2046B5
:100A00000AF0B0FA01462846FFF7E4FF002847D075
:100A1000204695F8C91005F1C8020BF0AAFF302254
:100A2000002101A824F0B1FB214601A80BF022F916
:100A300003A821460BF03AF96B680DAE059305F15A
:100A40000F030693AB7B01A8CDE90764ADF828300E
:100A500018F000FA30B331462046BDF828200BF0DC
:100A600068FF20460AF00AF9F0B118F0C5F99DF8C0
:100A7000313080F00100C1B283B19DF83020B2FA6C
:100A800082F2520920460BF02AFE204618F0A6FA00
:100A9000002814BF002004203CB070BD0122F1E703
:100AA0000120F9E70220F7E70320F5E730B5836876
:100AB00087B00193C368857C0293224B044603935D
:100AC000437C8DF81450ADF81030037C8DF8123053
:100AD0007F238DF813306DB9F7F754FB019A131A81
:100AE00008D501218DF814100299801A814219D974
:100AF0000B44029301A81AF055F860B9019B2168D4
:100B00001048A360FFF704FE21680398FFF76EFF0B
:100B1000002818BF05209DF813308DF800008DF8CF
:100B2000013004E004238DF801508DF800300020DE
:100B30009DF8003063F307009DF8013063F30F2048
:100B400007B030BD9C2F002038B504460D46FFF796
:100B5000DFFD29462046BDE83840FFF747BF0000CB
:100B600030B504468FB038220D466846002124F087
:100B70000CFB20460BF0D0FD69468DF83400204672
:100B8000FFF790FD288001480FB030BDAB2F00204B
:100B90000078704701707047407870474170704727
:100BA0008170704780787047C170704710B50446F7
:100BB000406A70B108300AF020FFA8B1606A01F005
:100BC0001BFD38B1D4E92201626A01F01DFD00234A
:100BD000636210BD606A032107F066FD044B616A21
:100BE000186807F02BFDF2E7606AFAF7F3FBEEE70F
:100BF0006C51002038B50C4605468968D0F8900045
:100C000002F012FAD4E9013213441B1AAB6094F8D3
:100C100056304BB1E168D5F8900002F005FA6368F0
:100C2000E2689B1A1B1A6B6094F8483085F8A43070
:100C300095F898306FF3041385F8983038BD2DE996
:100C4000F041044690F8985090F8A47001F096F89E
:100C500006462046C5F3001501F064F850B921F0AE
:100C600032FE3246294600F001033846BDE8F04125
:100C700007F048BD0120F4E72DE9F041044690F863
:100C8000985090F8A47001F079F806462046C5F314
:100C9000001501F047F850B921F015FE32462946FB
:100CA00000F001033846BDE8F04107F041BD0120E6
:100CB000F4E70B2910B5044612D0062101F0B0F973
:100CC000014620B1BDE81040022005F019B92046C8
:100CD00001F0A6F920B1204601F024F80028F1D156
:100CE00010BD00007FB5D0F8883001920293B0F8B3
:100CF0008C300446ADF80C300E4601F013F804F1C8
:100D00008805019900902046FFF7D3FF95E803007E
:100D1000FEF73EFC009A18B995E8030007F082FF41
:100D200094F89630DB0602D4204622F051FE0025CE
:100D300020462946A4F8585001F09BF82946204641
:100D400001F09DF82946204601F09FF82A460A2125
:100D5000204601F0F8F82A460721204601F0F3F872
:100D60002046FFF723FF04F1280007F09DFB0C4B02
:100D70001A68A24208BF1D6016B1204600F040FC70
:100D800002AC94E8030001F07BFC024618B194E841
:100D9000030001F039FC04B0BDE8704022F0B6BC9D
:100DA00068300020F7B507466C4607F11805204665
:100DB0000E4601F0AFF894E80C0095E8030024F02B
:100DC0008EF920B3304600F07FFC0446C8B995E8A0
:100DD0000300324600F096FC0446002858D100F08B
:100DE00047FC044668B1002100F032FC0546A0B97A
:100DF000014602222046FFF775FF3946204600F0E3
:100E000060FF00222046234B1A6003B0F0BD012290
:100E100095E8030000F032FCD7E7204600F0A6FC7E
:100E2000D0B9204600F0A2FF18BBD4E9220103F09C
:100E300081F80646284606F0010600F097FFD0B973
:100E4000D5E9220103F076F800F001039E4214D0A8
:100E5000002E18BF2C4609E094F89630DB06E0D44B
:100E6000284600F083FC0028DBD12C4600212846D0
:100E7000BAE70126DEE70120E6E7204603F0D6FBCD
:100E80000646284603F0D2FB864298BF2C46EDE783
:100E90003946B4E768300020B0B5054691F8A400A3
:100EA0000C4607F01DFC01460746D4F8900002F0FE
:100EB000BBF8A3685A1B002A45DA013DED1A94F8E5
:100EC00098303F1A6FF3041384F8983094F89630F2
:100ED0003D44D906B5FBF7F524D42046E9B200F02D
:100EE00058FF204600F04AFF03281BD921F0E5FCFB
:100EF00028B17246742140F25A30F7F787FC204639
:100F000000F034FF38B194F898305A074CBF2920CC
:100F1000282006F0BBFE204600220121FFF7E2FE5A
:100F20000220B0BDA168013D07FB051594F896307D
:100F30006560DB063D44A56003D404F1140017F09E
:100F4000F5FF0120EDE70020EBE72DE9F041074632
:100F500015F000F9002500F5BA2606F58666012091
:100F600000F086FB044610B92846BDE8F081214612
:100F70003846FFF791FF0228F1D021F0A2FC01468C
:100F800010B17DB9254608E0204601F049F820B9A6
:100F9000204600F08EFD0028F3D10121204600F00C
:100FA00057FBDFE72146284600F03AFCA268AB6811
:100FB000A0B39119C91A0029E4DB33449B1A002B12
:100FC000EBDB95F898305A0703D494F898305B0718
:100FD000D8D4284600F0D2FE8046204600F0CEFE4F
:100FE000B8F1000F09D10028CCD1A368AA689B1AD8
:100FF00035EA230528BF2546CFE70028CDD094F851
:10100000993095F89920C3F34200C2F34201884217
:10101000B8D3534013F00E0FBFD1E6E7D31AE7E77A
:1010200008B5012000F024FB00B908BD052201210C
:10103000FFF758FEF5E70000F8B51D46002304460B
:10104000C0F8903090F89630816043F0100380F83B
:10105000A42080F89630F7F795F82146FFF71CFF9B
:1010600002283FD01222294620460DF071FC30B1F3
:10107000204609220121FFF735FE0220F8BD204657
:1010800001F03CF80646012000F0F2FA0546164F42
:1010900085B994F8983065F3041384F89830F7F71D
:1010A00065F8C4F88000204600F06CFE284684F8FD
:1010B0005950E3E7A5420FD0284601F01FF8331A34
:1010C000002BB8BF5B42BB4206DC20460D2201214B
:1010D000FFF708FE0320D1E72846012100F0B8FA07
:1010E0000546D5E70120C9E78FD00300002008B5E9
:1010F00000F0BEFA18B90122054B1A7008BD90F82D
:10110000981011F00201F9D100F0A2FAF2E700BF45
:10111000883000202DE9F84FDFF81C9214F0CAFF48
:1011200099F80030002B40F0F7807F4B1868FAF7F1
:1011300055FD83B263B1C1071C4601D50CF094FE86
:10114000A20701D502F038FB630701D50CF0A2FE1F
:10115000F7F718F811F0DEF914F0FCFF8046734F32
:10116000DFF8D8A199F8003043B172464FF4C87146
:101170004BF6DB50F7F74AFB002483E0F7F79EFAC3
:10118000F7F700F8054615F015F805440CF068FB74
:1011900000287ED10CF060FE78BB3B681BB19B68D9
:1011A0005B1B002B03DA2846FFF7CFFE38603E6852
:1011B0009EB1B46814F0CEFF04F5BA2303F586633C
:1011C0001E183868FFF73BFD241A0CF03FFE032879
:1011D00021D8DFE800F0270417043446F5E70CF0C7
:1011E0007BFE68B93A682146003A18BF01222846BA
:1011F0000DF014F800F00100A0B12C46042637E0F1
:101200000020F7E73A682146003A18BF0122284635
:101210000DF004F8F0E7724640F2F7114BF6DB50A0
:10122000F7F7F4FA0020FDF7A5FD8346FDF7BEFDB4
:101230003B6853B3001B002827DBA6EB0B06002EF0
:1012400025DB21F09FFB10B30020FDF793FD044642
:10125000012621F0ACFB58B102F00AFC834602F0F3
:101260000DFC0BEB00031B1B002BBCBF5C460226D6
:1012700045442D1B14F078FF002D0DDAA4EB080473
:1012800011F008F92046BDE8F88F5C46E0E7032638
:10129000DFE72C460626EBE7013E052E0BD8DFE8FC
:1012A00006F0031A1D2E0A38FDF776FD21F075FBB6
:1012B00020B111F047F814F089FF53E79AF8003095
:1012C00023B11B4B1B780BB9FFF710FFFDF7EAFDAD
:1012D0000EF0AAFBEFE702F03BFBECE73B6833B90B
:1012E00072464FF4D7714BF6DB50F7F78FFA386838
:1012F00000F05CFF0EF098FB00233B60DBE700236F
:101300003B600CF0BDFE0028D5D0BDE8F84F0CF0D6
:10131000F5BD0CF081F8CEE7012389F80030F6F72F
:101320002BFF044C0444ADE78430002068300020DB
:101330008830002080C3C9018A3000208930002015
:1013400070B50024324B88B01C70324B6E461C7056
:1013500007F058FFFDF798FFFDF750FD00F024FF60
:101360000DF004F802F0C0FAFFF71EF80CF036F8A2
:1013700001F0F2FE02F078F914F086FE0EF0A6FA03
:1013800007F03AFA14F02AFF234B1C60234B1C7021
:10139000234B1C70234B1C70234B1C7021F0CEF987
:1013A0000546304621F0C0F996E80600284619F0B7
:1013B000F5FC23F0A7FE1D4DD8B11422214603A849
:1013C00023F0E3FE1A4B02A8029302238DF80C309F
:1013D000184B049301238DF81C30F9F751FD288038
:1013E000FAF732F9144B18602888FAF7BDFB134B53
:1013F00018602888F9F796FE0EF087FB23F082FE2E
:1014000020B108B0BDE8704000F0D4B808B070BD9D
:10141000803000207C300020683000208A3000209E
:101420008830002089300020663000207E30002087
:10143000965B0308151101088C30002084300020D1
:10144000014B1870704700BF8A30002010B521F0A2
:101450003AFA60B9022000F097F9044621F092FAB6
:1014600010B1FEF72DF80444201E18BF012010BD56
:101470000122014B1A70704789300020014B187807
:10148000704700BF883000200023024A1370024AD0
:10149000137070478830002089300020024B1B7881
:1014A0000BB9FFF723BE70478830002021F07FBAC8
:1014B00010B5044621F001FA10B194F8520030B191
:1014C00004F149000021BDE8104008F096B810BDB5
:1014D00070470000F8B5084E04463378834208D0C0
:1014E0000025064F57F8043B1BB101359847042DE2
:1014F000F8D13470F8BD00BF7D3000206C30002082
:1015000010B5054C207807F046F908B1207810BDD9
:10151000024B1878FBE700BF7D30002080300020B0
:101520000C4A10B40023144652F8041B21B944F8A5
:1015300023005DF8044B70478142FAD00133042B3D
:10154000F2D1724640F2CE214BF6DB505DF8044BEF
:10155000F7F75CB96C300020034B0146186808B1FE
:10156000FAF71ABB704700BF8430002010B5A822DC
:1015700004460021043023F008FE3F2384F8A53000
:10158000FF2304F1280084F8773006F073FF01236D
:101590002046A4F8A0300EF0CDFB04F1140017F0A3
:1015A000CBFC04F1AA000FF0C3FDF6F7DFFD013814
:1015B000E06710BDF8B5002540F6142200210D4863
:1015C00023F0E3FD0C48FCF7E5FF0C48FCF7E2FFD5
:1015D0002E46084C094F04F668113846013584F848
:1015E000C16984F8C069FDF70EF80F2DA4F1AC04B1
:1015F000F1D1F8BD90300020A43A0020B03A00208C
:1016000010B5014604460F48FDF793F828B9724615
:10161000DB2149F6F510F7F7F9F821460948FDF7FF
:101620007BF8094B984209D303F61423984205D25C
:10163000BDE8104001460548FCF7BCBFBDE81040BE
:10164000F9F7C8BEA43A002090300020B03A00203C
:1016500010B50C46FCF7ACFF40B1012C06D090F859
:101660009630DA09DB06F5D4002AF3D110BD00006C
:1016700001460148FFF7ECBFA43A002073B56D4660
:1016800085E803000F4B164695E803000CCB23F0CA
:1016900026FD18B10024204602B070BD3046FFF789
:1016A000E7FF04460028F5D095E80C00D4E92201B4
:1016B00023F015FD0028EED131462046FFF7C8FF84
:1016C000EFE700BF64A4030870B505460B48FCF7BC
:1016D0006FFF04460A4E0CB9204670BD96E80C0018
:1016E000D4E9220123F0FBFC18B194F8A630AB42F8
:1016F000F2D02046FCF75CFF0446ECE7A43A002059
:1017000064A4030837B56C4684E80300144B1546FF
:1017100094E803000CCB23F0E2FCD8B12846FFF795
:10172000D3FF044698B90F48FCF7A2FF044670B1F6
:10173000FFF71CFF009B2146C4F88830BDF8043039
:101740000948A4F88C3084F8A650FCF75CFF2046CA
:1017500003B030BD012294E80300FFF78FFFE0E7FC
:1017600064A40308B03A0020A43A002008B5D0E9E8
:101770002201044B0CCB23F0B2FC80F00100C0B27C
:1017800008BD00BF64A4030838B5054618B90C4B62
:101790001C7A204638BD0A48FCF70AFF00240028BE
:1017A000F7D0012D03D190F89630DA0603D590F8E2
:1017B00098301B0701D50134E4B2FCF7F9FEEEE7DF
:1017C000A43A0020074B0A1A59BFB2FBF3F003FBFF
:1017D0001020401AB0FBF3F144BF03FB1100181AAC
:1017E000704700BF00127A000B1A002BBEBF0346E1
:1017F00008461946094B091AB1FBF3F003FB101117
:1018000002F5BA2202F58662914205D3981A8842FF
:101810002CBF0020012070470120704700127A0081
:1018200041F2883289688068FFF7DEBF08B5FFF7AC
:10183000C9FF074B984244F2943384BFC0F5F400CB
:1018400000F5905098428CBF0020012008BD00BFD9
:1018500000093D0090F8683013F0200314BF5C309D
:101860001846704710B504465C3001F069FF18B1A6
:1018700094F86800C0F3401010BD10B4044690F80E
:10188000680010F0200007D0D4E92223D4E9170122
:101890005DF8044B23F023BC5DF8044B704710B592
:1018A0000446FFF7EAFF20B124B194F89600C0F394
:1018B000C00010BD2046FCE718B190F89600C0F3B8
:1018C000C00080F00100704790F8A5303F2B1CBF8E
:1018D0003F2380F8A530704729B13F2903D080F815
:1018E000A51000F00DBF704790F8963043F0040348
:1018F00080F89630704790F8963010B504466FF334
:10190000820380F89630F6F731FC94F89730C4F8EB
:1019100084006FF3820384F8973010BD90F89830FC
:1019200013F004031ABF90F89600C0F38000184625
:101930007047000010B50020FFF79AFE084C00B970
:1019400010BD90F8973000215B0741BFB0F896308A
:10195000234043F00403A0F89630FFF779FEEEE74A
:10196000FBFBFFFF70B50E46044680B190F8965021
:10197000C5F3C005F6F7FAFBA46F041B4EB1284669
:1019800006F0FAFEA0422CBF0020012070BD0546E3
:10199000F0E706F0EFFEF5E7002008B5FFF768FE78
:1019A00000B908BD90F89630002143F0040380F898
:1019B0009630FFF74DFEF3E7002008B5FFF758FE1D
:1019C00000B908BD90F8963000216FF3000380F84D
:1019D0009630FFF73DFEF3E72DE9F84320F0E7FFEF
:1019E00048B1F6F7C3FB06460020FFF741FE44F27C
:1019F000943704460CB9BDE8F88394F898305B0737
:101A000024D5D4F89090D4F8843089EAE97501207F
:101A1000A6EB0308A5EBE97506F0F8FEB9F1000F97
:101A20001AD0B7FBF5F3984298BF1B1A3C2B38BF6E
:101A30003C23B3F5966F28BF4FF49663984582BF59
:101A400094F8963043F0040384F896302046002141
:101A5000FFF7FEFD0446CDE74FF49663EEE738B599
:101A6000F6F790FB04460020FFF702FE002500B9C0
:101A700038BD037CFF2B04D1C3681B1B002BB8BFF0
:101A800005740021FFF7E4FDF1E728B190F89830E4
:101A900043F0080380F8983090F899306FF3000312
:101AA00080F89930704790F85900704790F85800C6
:101AB0007047436A10B504460BB1012010BD2830B1
:101AC00006F0EAFC0028F8D1D4E9220100F0D8FDA4
:101AD000003818BF0120F1E708B5D0E9220107F06E
:101AE0003BFABDE80840002107F0D2BD08B5034627
:101AF00090F8980010F0040007D0D3E9220107F015
:101B00002BFABDE8084007F0CBBD08BD90F8A33024
:101B100051B113F0180F06D0C3F3C102033262F3C0
:101B2000C40380F8A330704743F01803F9E790F836
:101B3000A33013F0180F14BF01200020704790F855
:101B4000A30000F01800A0F1180358425841704754
:101B500038B50020FFF78CFD002504460CB9284657
:101B600038BD04F1280006F097FC0021054420460A
:101B7000FFF76EFD0446F1E770B590F85930044662
:101B80008B420D460AD000F1880696E8030007F064
:101B9000E3F996E80C00294607F062FB84F85950F7
:101BA00070BD08B5D0E9220107F0D6F9BDE80840BC
:101BB00007F0B4BB08B5D0E9220107F0CDF9BDE8C4
:101BC000084007F0C2BB08B5D0E9220107F0C4F90C
:101BD000BDE80840007FFCF7F1BE08B5D0E922015E
:101BE00007F0BAF9BDE8084007F095BC38B50446DF
:101BF0006C30FEF7CDFF054664B194F896301B07B4
:101C000008D52046FFF739FE01462846BDE8384092
:101C10000EF080B8284638BD10B50020FFF728FD2B
:101C2000002400B910BD0021A0F8A840FFF710FD66
:101C3000F7E708B5FFF70EFE08B1407A08BDFF20B0
:101C4000FCE70B46097D024680F858109969C0F8F8
:101C50008810998BA0F88C1093F8531009B1D96BA8
:101C6000C16693F8641019B193F8471082F87710A1
:101C700093F8481082F8A41093F84E1093F850008F
:101C8000C90041EA801193F8520041EA0021B2F8FC
:101C9000960001F4A47120F4A4700143A2F89610F8
:101CA00093F8541039B1D3E91001A2F87410090C5B
:101CB000106782F8761003F14D0102F1940023F0D1
:101CC0001BBA13B504460191FFF750FC2046019959
:101CD000FFF7B7FF002384F8AB3002B010BD10B59A
:101CE00090F8724090F873301C44E4B2FFF7C5FDE1
:101CF00008B90134E4B2204610BD28B190F89830FC
:101D000043F0010380F8983090F8983043F00403D2
:101D100080F89830704790F898306FF3820380F81D
:101D20009830704790F8983013F0040305D090F87D
:101D3000A5003F3818BF012070471846704710B5FE
:101D4000044618B9002000F0010010BD90F8A23040
:101D5000DA07F7D520F0B7FD0028F3D194F89630D4
:101D60001B07EFD52046FFF7DDFFECE790F8980062
:101D7000430754BF00F001000120704790F898001D
:101D80004009704790F898306FF3471380F8983007
:101D9000704710B5044690F89800400913F0D0FA47
:101DA000072828BF072094F8983060F3471384F879
:101DB000983010BD38B505460C4641B1FFF74AFDD5
:101DC00038B11022002105F15C0023F0DEF9204635
:101DD00038BD0446FBE70023F0B587B08DF814301A
:101DE0006B4605460C46D1E9000183E8030005F186
:101DF0005C060CCB96E8030023F071F990BB2846F3
:101E0000FFF728FD034678B102AF03F1100C3A4604
:101E100018685968083303C263451746F7D1102282
:101E20000021304623F0B1F9204601F089FC58B179
:101E30002368EB6563687360A368B36095F86830E6
:101E400043F0200385F868309DF814309B060BD5CD
:101E50000C22214602A823F061F9003818BF0120A6
:101E600007B0F0BD3346CFE70120F9E7B0F89A009C
:101E70007047A0F89A107047B0F89C007047A0F81F
:101E80009C107047B0F89E007047A0F89E107047F5
:101E9000002390F8A22010B563F34102A0F89A3015
:101EA000C0F89C3080F8A2200446FFF705FD80B101
:101EB000606A70B1083009F079FD50B1606A08308D
:101EC0000AF096FA28B1B4F89A0009F0FCFFA4F8D9
:101ED0009A0010BD002008B5FFF7CAFB024608B9FA
:101EE000104608BD1046FFF71DFF01460028F7D138
:101EF0001046FFF7ADFBF1E708B5FFF7EBFF10B1B8
:101F000090F8640008BDFF20FCE76C30704770302B
:101F1000704700000346034A92E8030083E8030089
:101F20001846704764A40308D0F880007047034641
:101F3000D1E9220183E803001846704790F8960023
:101F4000C0F300107047002869D00E2960D8DFE880
:101F500001F0080F141920252A2F363D44494E530D
:101F60005A0090F8963062F3C30380F896307047B9
:101F700090F8963062F38613F7E790F8963062F3A4
:101F80004513F2E790F8983062F3000380F8983038
:101F9000704790F8963062F30003E6E790F89630C9
:101FA00062F34103E1E790F8983062F3C303EDE791
:101FB00090F8A23062F3410380F8A230704790F8A5
:101FC000963082F0010262F3C713CEE790F89730A3
:101FD00062F3000380F89730704790F8A23062F304
:101FE0000003E9E790F8973062F34103F2E790F8D5
:101FF000983062F38203C9E790F8A33062F382035A
:1020000080F8A330704790F8A33062F34513F7E7E8
:1020100072464FF4946149F6F510F6F7F7BB704736
:1020200008B5A0B10E2945D8DFE801F0080D121758
:102030001C1F24272A303336393E410090F8960081
:10204000C0F3C00003E090F89600C0F3801008BD14
:1020500090F89600C0F34010F9E790F8980000F06F
:102060000100F4E790F89600F9E790F89600C0F3C5
:102070004000ECE790F89800E2E790F8A200F6E75D
:1020800090F89600C043C0F3C010E0E790F89700C6
:10209000E5E790F8A200E2E790F89700E7E790F80C
:1020A0009800C0F38000D2E790F8A300F9E790F819
:1020B000A300CFE7724649F6F51040F2CE41F6F79D
:1020C000A5FB0020C3E790F89500C0F3C10070475E
:1020D00090F8A400704790F8A40006F001BB90F8B7
:1020E000A5007047A030704790F8A700704780F8AF
:1020F000A7107047AA3070474068704780687047E3
:102100000C307047406A7047416270472830704712
:10211000002010B5FFF7ACFA044600B910BD00224C
:102120000223114604F1280006F006FA0021204699
:10213000FFF78EFAF0E790F87700704780F8771095
:10214000704710B50446F6F711F8A06710BD10B53A
:102150000446F6F70BF8E06710BDC06F704790F8C3
:10216000A900704790F8A8007047AB307047143052
:102170007047943022F0C1BFD0F89000704794307F
:10218000704710B500210446FFF74AFF20B1012235
:1021900002212046FFF7D7FE94F8A930FF2B1CBF81
:1021A000013384F8A93010BD15F08ABEF0B50021C6
:1021B00087B00446FFF734FF002837D00023666A53
:1021C000636294F8993003F00E020E2A1FBFC3F326
:1021D0004202013262F3430384F8993094F8A83044
:1021E000FF2B1CBF013384F8A830F5F7C5FF21464B
:1021F000FEF752FE02280BD0A3686360C0B12046F0
:10220000FFF7BFFF00212046FFF70AFF00B166621B
:1022100020F053FB40B194F89730DB0704D406223A
:1022200001212046FEF75EFD07B0F0BD0646C8E777
:1022300015F054FE0120FCF7F3FAF5F7A3FF02A90D
:1022400007460DF10702204600F000FC0546043861
:1022500018BF0120394613F03DFFEDB92046FFF7C6
:1022600014FC2A4602212046FFF76DFE2046FFF7A8
:1022700089FD012294F8993065F3430384F899307D
:10228000D4E9220106F0C1FD204616F061FBADB194
:102290000020FCF7C5FAB2E7AB1E042B0CD801A254
:1022A00052F823F089220108B92201088922010885
:1022B000B9220108892201080022E1E72046FFF740
:1022C000D1FA029B03A804939DF8073003948DF87C
:1022D000143015F0BDFF2846FCF7A2FAD4E922011C
:1022E00094F89620C2F3C00206F084FC8AE700BF8F
:1022F00070B5A4B004460D461646002168220AA80F
:1023000022F043FF142200210DEB020022F03DFFDA
:10231000D4E9220111238DF8143006AB83E80300C1
:10232000204604958DF82060FFF7A0FD8DF8210070
:102330002046FFF7A7FDADF8220004A809F041F9F7
:1023400000212046FFF70EFB10B12046FFF7BCFA34
:102350000023ADF83C308DF8703020F028FBE0B160
:1023600003A8FCF767FC20460DF0AAF9204B0646AF
:102370001B788DF83C30FCF7B7FC9DF80D300C90C5
:102380008DF87030FFF7BCF88DF83D00FCF7FEFCCF
:10239000801B0D9006F0EAF90E9000212046FFF711
:1023A0003FFEB0B120F08FFA98B120F0DDF902289D
:1023B0000FD16846FDF7A6FE9DF8063000988DF80F
:1023C0006E300123BDF804201A90ADF86C208DF812
:1023D0007C300AA9284609F03EF92046FFF7A2FC06
:1023E00080F00100C1B2284609F076FD24B070BD2E
:1023F0008030002073B5054608460C46FFF792FC76
:102400000DF107020DF106010646284609F0ADF967
:1024100094F8A3309DF806106FF3820384F8A3307C
:102420002046FFF759FA2046FFF765FA2046FFF7E6
:1024300053FB00212046FFF7F3FD50B9062120464B
:10244000FFF7EEFD28B92046FFF71FFB2046FFF7F8
:1024500099FC9DF80630ABB994F8A330204643F0C0
:10246000040384F8A33015F03BFD2046FFF72CFA57
:102470004FF4004094F8753084F8763003F040FD56
:1024800002B070BD214628469DF8072015F032FDA8
:10249000002EF5D14FF48040F0E72DE9F0430646D9
:1024A00085B008460C469046FFF73CFC20B9002555
:1024B000284605B0BDE8F08306212046FFF7B0FDB1
:1024C0000028F4D094F8580006F065F90546002875
:1024D000EDD06F4608363846314609F0CBFB97E819
:1024E0000C0004F1880797E8030022F0F8FD0028AB
:1024F000DDD10DF108093146484609F056FD99E84D
:102500000C0097E8030022F0EAFD0028CFD197E8FD
:102510000300FDF73DF801460028C8D12046FFF72B
:102520007FFDC0B9304609F009FE0128BFD094F8FC
:10253000A31011F02001BAD1B8F1000F15D1204637
:10254000FFF7BAF90028B3D0304609F071FF80F0E8
:102550000100C5B2ACE720F0B6F90028A7D130469B
:1025600009F0C4FD0028DDD0A1E72046FFF758FDA3
:102570000028E4D020F0A7F90028E0D02046FFF79B
:10258000AEFB00F09DFF0028D9D190E7F8B50121FE
:10259000002000F007FE0646164F36B10020FFF778
:1025A00067F80024054615B9D4B13046F8BD0F2CA4
:1025B000FBD8002229463046FFF76FFF50B1D5F80F
:1025C0008830B5F88C2047F8343007EBC403013469
:1025D0009A80E4B228460021FFF73AF80546E2E780
:1025E0003046214600F006FE0121204600F0DAFDCB
:1025F0000646D2E7BC3A0020024B1B681B1A584221
:10260000584170473C3B00202DE9F7436E46DFF808
:102610006C901546D9F8003086E80300934205D047
:10262000724648214EF27400F6F7F0F80024124F7B
:1026300007EBC40898E80C0096E8030022F04FFD71
:10264000A8B1002347F83430A8F80430002357F825
:10265000331049B90133102BF9D1284600F0CAFDD7
:10266000FFF794FFC9F8000003B0BDE8F083013420
:10267000102CDDD1EAE700BFBC3A00203C3B002033
:10268000F7B56D460B4E85E8030033687BB1002437
:10269000094F07EBC40195E80C0003C922F01FFDA8
:1026A00010B1306803B0F0BD0134102CF1D100201E
:1026B000F8E700BF3C3B0020BC3A002038B5054697
:1026C0000020FEF7D5FF044628B901462846BDE89C
:1026D000384000F08FBD214601222846FFF7DDFE7D
:1026E000014630B1054C236813B9FFF74FFF206056
:1026F00038BD2046FEF7ACFFE5E700BF3C3B0020BD
:1027000010B5034C236813B9FFF740FF206010BDDC
:102710003C3B0020F8B500220546D0E90601FEF753
:10272000ADFF0446287D06F036F810B9C4B920463E
:10273000F8BDFDF701FF18B195F85130002BF5D029
:102740002846FEF7B5FE90B19CB921462846FEF713
:1027500029FB0446002848D1284601F0F0F904E09E
:10276000042201212046FEF7BDFA0024DFE7002CF9
:10277000F2D094F858202B7D9A4203D0D4E922015C
:1027800006F065FB29462046FFF75BFA29462046FE
:10279000FEF730FA95F85530C3B3697D2046FFF750
:1027A000EBF9F5F7E3FC95F84D2094F8983004F137
:1027B000880662F3410384F89830C4F8800096E8F4
:1027C000030006F0C9FB074606F058FD384606F040
:1027D00051FF3846D5F8491006F06EFD96E8030023
:1027E00006F0D4FC13F039F8A1E701220521FFF728
:1027F000AAFBD4E92201002395F84E20C4F89030BA
:1028000006F0F8F9012003F07BFBBBE72046FFF759
:102810004AF905F0C0FF0028C3D1297DBEE72DE9A4
:10282000F041002186B0682204464FF0010822F0F2
:10283000ACFCFEF765FE84F855806075FEF71EFE61
:1028400084F84D00FCF75CFA84F85380E06313F0E1
:1028500021F984F8648084F84700FDF7C9FD00255C
:1028600084F8510084F852506846FDF74BFCBDF8DF
:1028700004209DF806300098A4F8442084F84630DF
:10288000206484F8548005F071FF206120F01BF86B
:1028900084F84E0020F017F884F8500002F0F0F9A8
:1028A00004F1300758B9384600F056FF94F8390063
:1028B00000F0ECFE84F8390006B0BDE8F08104A811
:1028C00002F04AFA049B02A8236302F045FABDF81D
:1028D0000C302A46A38697E8030001F0EAFA424644
:1028E000064697E8030001F0E4FA864217D229462B
:1028F000801B02F063FC00F0C9FE0021054684F84D
:102900003900304602F05AFC0146284602F073FCBA
:1029100084F8390007F060FE84F83800CCE72846D8
:10292000E9E7000038B50C460546084605F088FE84
:102930002046022105F0B8FE2946B32204F1080022
:1029400022F0FCFB204621F051FC034B2146186885
:10295000BDE8384005F072BE6C51002010B5044649
:1029600009F024F830B1204609F05CF866288CBFE5
:102970000020012010BD37B5054609F0DFFB012816
:10298000044602D0002003B030BD1FF0EDFE042845
:1029900015D002F0D9F90028F4D0284609F02DF816
:1029A0000028EFD06C462946204609F0FEFA94E84C
:1029B000030002F06DF980F00100C0B2E3E72046A9
:1029C000E1E70000F0B506468BB0104615460F460D
:1029D0001D4C17F08BFFFCF765F8FBF701FFFCF7C8
:1029E00061F801A906F02AFE01A9204608F0BDFA07
:1029F000FDF7FEFC0146204609F087FE1822002163
:102A000004A822F0C2FB3B680F3C059303948DF8A9
:102A10001850FCF747F88DF8190003A80796FDF742
:102A20001DFF0022C3B263F30702C0F3072363F361
:102A30000F22C0F3074363F31742030E63F31F62D1
:102A400010460BB0F0BD00BF0B6600202DE9F04F23
:102A50002DED028B044690F8587090F85930A5B0CF
:102A600088463946914601938568FFF785F83846D0
:102A700017F03CFF2046FEF7E2F883462046FEF7BB
:102A8000FBF84FF42042ADF824200022B04BA5EB18
:102A90000B0B04F18805CDE907B0824695E80300E9
:102AA000CDE905348DF8262006F070FB12F0D7FE34
:102AB00005A8FDF7FBFFC6B2A54BADF80800002E38
:102AC00040F0A9800AA903F10F0008F064FD18BBCB
:102AD000052694F898306FF3041384F89830002397
:102AE000C8F8003089F8003095E8030006F034FAA1
:102AF000019A03ABBA42044695E8030083E8030059
:102B000004D00CCB3946204606F0AAFB304625B04F
:102B1000BDEC028BBDE8F08F0DF1400A9AE80C0085
:102B200095E8030022F0DBFA00286ED09DF84C30C7
:102B300023B92046FEF7C0FE0028C9D194F8A4307E
:102B40009DF8752008EE103A94F8983062F341032E
:102B500084F8983094F858209DF83C309A4203D07D
:102B60009AE8030006F073F920460AA9FFF769F80E
:102B700094F896301A0705D594F858000DF17101B4
:102B80000CF0DAFE1FF09FFE00284CD094F899302C
:102B9000DB0748D59DF8700005F0A2FD0B9A129B4B
:102BA0006260134400220344A36094F89830C4F890
:102BB000902062F3041384F89830F5F7D7FA9DF863
:102BC0004C30C4F880000AA989F8003061480CF044
:102BD000F5FB95E8030006F0BFF9019A03ABBA4292
:102BE000044695E8030083E8030004D00CCB394683
:102BF000204606F035FB0AA814F042FE0AA800F0B1
:102C00009BFF0B9BC8F8003080E72046FEF7AEFD27
:102C100000288BD05CE7062E7FF45BAF0BEB0A003D
:102C2000F8F7D9F855E794F8963013F0100B42D125
:102C3000A2680B9918EE100AA2EB010A05F050FDEC
:102C4000454902465B468AFB010122F0A7FA00F1E2
:102C50001302262A8CBF0022012294F89810824683
:102C600062F30411129A84F898103AB1CAB26BF365
:102C70000412802084F8982003F042F9D4F89000E0
:102C80008244C4F890A09DF8700005F029FD1299C7
:102C90000B9B00EB010CACFB0A014FEAEA7E0CEB4C
:102CA000030B0CFB0E1100232B4A22F077FAABEB3F
:102CB0000000A06081E79DF8700005F011FD4FF065
:102CC000000A0B9A129B05211344184494F898307B
:102CD00062606AF304130122A060C4F890A0204649
:102CE00084F89830FFF72FF994F896300AA86AF321
:102CF000041384F89630FEF7DBFB94F8963080F0EE
:102D0000010060F3C71384F89630012003F0F8F84F
:102D100095E803000122FEF7B1FC8246BAF1000FEC
:102D20003FF44BAF00215046FEF792FC95E80C00B3
:102D30008346DAE9220122F0D2F930B1544504D0B9
:102D40000B2201215046FDF7CDFFDA46E6E700BF32
:102D5000306500203F65002040420F0030B59BB039
:102D60006946054608F001FC044688B16846FFF74D
:102D7000D1FC044628B11FF0A0FD10B12046FFF79A
:102D800001F8284669460CF019FB684600F0D4FEAD
:102D900020461BB030BD10B59AB0694609F050FC12
:102DA0006846FFF7B7FC0446A8B190F8993043F0A5
:102DB000010380F89930684600F0BEFE00212046ED
:102DC000FFF72EF938B1204600220221FFF7BBF8A9
:102DD0002046FEF7D7FF20461AB010BD30B59DB093
:102DE00005461FF0DAFD0446F8B901A8FBF722FFFB
:102DF00002A8FFF714FD0E4B1B788DF81C309DF8D0
:102E000005308DF85030FBF799FF9DF806300A9099
:102E100002A88DF82C3014F03DFD02A9054808F0F9
:102E20002CFA2A4621460CF033FB1DB030BD00BF02
:102E3000803000200B66002070B59CB006460C4622
:102E400015461FF0AAFD30BB01A8FBF7F3FE02A850
:102E5000FFF7E5FCCDE90464012426460F4B1B78FF
:102E60008DF81C309DF805308DF85030E0B203F03D
:102E700037FA28B102AB234483F856608DF86B60B3
:102E800001340D2CF2D102A9054808F0BDF92A46FB
:102E900001210CF0FDFA1CB070BD00BF7C30002099
:102EA0000B66002030B59DB0054601A80C46FBF727
:102EB000C1FE1FF072FD10B100238DF8043002A88E
:102EC000FFF7ADFC0020FBF755FF001B0490FBF75C
:102ED0005DFF9DF80430241A8DF81C309DF80530F4
:102EE000284602A905948DF8503009F05BFB1DB00F
:102EF00030BD000038B500F108050446284608F04A
:102F000055FDF8B1204605F0D9FBD8B11FF0D5FC2E
:102F1000C0B994F8C23013F0600F13D1204605F009
:102F2000E3FA50B92046032105F0BEFB0D4B2146C4
:102F30001868BDE8384005F081BB284609F0E4F97F
:102F400004F0B8FF284608F031FD28B12046BDE85E
:102F50003840002121F05AB92046BDE83840F8F742
:102F600039BA00BF6C510020F8B50646FFF7F6FCF1
:102F700020B33046FFF7FFFC054608BB304605F09E
:102F800077FB0746F5F7FEF80446304609F0D3FB19
:102F900004F50074B7B1211A43F609520023080161
:102FA000090F22F04BF9D7F8BC303946181AC7F888
:102FB000BC003046FFF7B6FC2846F8BD0120FCE710
:102FC0000320FAE70220F8E72DE9E84180460F46A2
:102FD000FFF7C4FC20B34046FFF7CDFC064608BB14
:102FE000F5F7DCF8C7F8BC00F5F7CCF80546404625
:102FF00009F0A1FB05F50075291A43F609520023D3
:103000000801090F22F01AF9D7F8BC303946181A0E
:10301000C7F8BC004046FFF785FC3046BDE8E881B4
:103020000120FBE70320F9E738B5C517A1FB000431
:10303000002301FB0541024A22F0B0F838BD00BF71
:1030400040420F0008B100230370704720B103789D
:103050000E2B9CBF01330370704718B903298CBF36
:10306000002001207047024610B54C0000EB910192
:1030700091F8C33004F0060002EBD402034103F0E0
:103080000100611C92F8C33001F007021341DB0715
:1030900048BF40F0020010BD70B5164605460C460C
:1030A000FFF7E1FFB0422CD0012E0AD0022E29D02A
:1030B0006EBB022805D11A4A32F81430013322F8C7
:1030C00014300122600000F0060105EB940494F92D
:1030D000C3308A4052B2F1074CBF13439343421CA2
:1030E00002F00701012284F8C33005EBD00090F90B
:1030F000C3308A4052B2B1074CBF1343934380F8A8
:10310000C33070BD064A32F81430013BD7E772462F
:103110004FF40A714AF27470F5F778FBD1E700BFFB
:10312000623B002038B5054600242846E1B2FFF78F
:103130009AFF01280DD00134112CF6D10024E1B200
:10314000022228460134FFF7A7FF112CF7D10120F6
:1031500038BD0020FCE7000008B50D4805F08AF9ED
:1031600013F040F800F0E0F922220021094822F093
:103170000CF822220021084822F007F80022074B11
:1031800003201A8005F0DAF8054B4008188008BDC6
:10319000883B0020623B0020403B0020843B002015
:1031A000B83B0020F8B5114B054633F810300E46F9
:1031B00013B900242046F8BD0D4805F0FFF9044678
:1031C0000B4F002CF5D029462046FFF74CFF38B9AD
:1031D000002EEFD0012229462046FFF75DFFE9E7E8
:1031E0002146384605F0F6F90446EAE7623B00203E
:1031F000883B002038B50D46044630B972464FF47E
:1032000083714AF27470F5F701FB294602222046C9
:10321000FFF742FF00252046E9B2FFF724FF02280E
:1032200022D10135112DF6D12146104805F0E8F8DC
:1032300004F1080008F082FF01280CD10C4D2B8806
:1032400033B9724640F221114AF27470F5F7DEFA92
:103250002B88013B2B80204600F078F92046BDE802
:103260003840012120F0D2BF38BD00BF883B00208C
:10327000843B0020F8B52949294E044605F090F812
:10328000002337461125C4F8C33084F8C7303B8883
:1032900001339BB227F8023B2BB97246BC214AF29C
:1032A0007470F5F7B3FA013DF1D104F1080008F0AC
:1032B00045FF012801BF1B4A13880133138005F025
:1032C00051FA18B902212046FFF794FF94F8C23052
:1032D000DB0618D5022DE9B202D02046FFF78AFF9F
:1032E0000135112DF6D120460FF0E8FD11230E4ACD
:1032F00036F8021B1088814238BF0146013B22F894
:10330000021BF5D1F8BD2046FFF7D8F9204615F08D
:1033100063FC20460EF05DFCE5E700BF883B002023
:10332000623B0020843B0020403B00202DE9F04719
:10333000012300221C491D4805F0FEF800261C4D03
:103340001A4FDFF87090384605F0A6F8B9F800304B
:10335000984207D92A889A4208D80136112E05F1D9
:103360000205F0D1BDE8F04700F020B9384605F07D
:1033700025F904465FFA86FA002CEED0214638463D
:1033800005F028F9514680462046FFF76CFE18B933
:1033900051462046FFF72EFF2A88B9F800309A429E
:1033A000DBD94446E8E700BF25310108883B00200F
:1033B000623B0020B83B0020014B33F810007047FF
:1033C000623B0020014B1888704700BF843B0020FF
:1033D0000146034809B105F0FDB805F0EFB800BF9C
:1033E000883B002038B50C46054630B972464FF48C
:1033F000BD714AF27470F5F709FA00222146284699
:10340000FFF74AFE054A064B32F8141033F8143021
:103410008B4238BF0B4622F8143038BD403B0020A9
:10342000623B002038B50D46044630B972464FF471
:10343000C2714AF27470F5F7E9F929462046FFF7A0
:1034400012FE012806D0724640F287114AF27470CB
:10345000F5F7DCF929462046BDE838400022FFF7A1
:103460001BBE000038B504461422002121F08DFE59
:1034700000F0F4F8104B11491A88206122600A8884
:1034800000201A805A88063362604A8823F8042C88
:1034900033F8022CE2608A8823F8022C03221D886C
:1034A000A84238BF284631F812500132112A23F8B9
:1034B000025BF4D1A06038BD403B0020623B00209D
:1034C0000020704710B50446083008F037FE012888
:1034D00009D0204604F0AFFF40F67133984294BF04
:1034E0000020012010BD0020FCE7000070B5FFF7B0
:1034F00069FF04460A4D0B4E05F094F8132807D9CE
:10350000284604F0C9FF32782318934200D870BDD2
:10351000284604F054FF0028F9D0F7F75BFFEBE7EB
:10352000BC3B0020EC3B002008B5064804F0A2FF9D
:103530001FF0C9F9002814BF05220122024B1A709E
:1035400008BD00BFBC3B0020EC3B002038B500F1BB
:1035500008050446284608F04BFF58B10CF0CEFB96
:103560003E2807D805F015F928B1204605F08CF85B
:10357000044630B938BD284608F0E0FD0128F9D1ED
:10358000F3E74FF6FF7105F093F894F8C230204648
:1035900043F0200384F8C230034904F001FFBDE882
:1035A0003840FFF7A3BF00BFBC3B002010B50CF0B4
:1035B000A5FB3F280BD90B4804F001FF094C00B9CB
:1035C00010BDF7F707FF204604F0F9FEF7E7FFF715
:1035D0008DFFBDE810400023034A1946014804F05E
:1035E000ABBF00BFBC3B0020C53401082DE9F04152
:1035F0000546FFF77BFF174804F0E0FF0446154F30
:10360000DFF854800CB9BDE8F0812146384604F05B
:10361000E1FF06462846FCF7ADF90123024629469C
:103620002046FCF742FC90B1204605F02DF80446F8
:1036300068B1012105F038F8D5E9011204F108005C
:1036400008F056FB2146D8F8000004F0F7FF344696
:10365000D8E700BFBC3B0020F8600020014804F020
:103660001BBF00BFBC3B002008B5054811F089FC1A
:10367000FF22044B1A700022034B1A7008BD00BFD2
:10368000F03B0020ED3B0020F43B0020F8B5284C37
:1036900005462278274E824222D0337810D9013B4A
:1036A0005BB2591CA8BF4FF0FF336FF063018B4230
:1036B000B8BF0B46FF2D33700BD125702078F8BDB5
:1036C00001335BB2012BB8BF0123642BA8BF642375
:1036D000F0E7FF2A07D125701421174811F070FC7C
:1036E00000233370EAE7144B186811F04EFC0028F1
:1036F000E4D00221284601F07EFD07460221207811
:1037000001F079FD2378BB4204D296F9002012F132
:10371000630F04DA002BD1D0013B2370DCE7854234
:1037200001D2632ACADDFD2BC8D80133F5E700BFFB
:10373000ED3B0020F43B0020F03B002014207047BC
:1037400003683BB1437AFF2B04D0007AFF3818BFDF
:1037500001207047002070470023036083804FF6EC
:10376000FF7303817047000037B505F02CF8F8B1FE
:103770000125104C23780133DBB20C2B94BF23704E
:103780002570207801F0B4FE8028F3D024780DF065
:10379000E8FC0146204617F0BFFA40F30720FBF78C
:1037A000ABFD0146204603B0BDE8304004F078BCD4
:1037B00003B030BDF53B002010B50C24013CFFF7F1
:1037C000D3FF14F0FF04F9D110BD00002DE9F84F2C
:1037D000F4F7D8FC3C4CDFF804912268DFF8008154
:1037E000801A56BFD9F800300020B0FBF3F0D9F8AA
:1037F0000030364E00FB03331344236011F0D8FC35
:10380000B0FBF8F303FB18002368314F1844306015
:10381000F4F7B8FC0446FCF7EBFD2E4DD8B9D9F807
:103820000020336803EB52033B602B6042F2107BB5
:10383000D6F800A012F08EFC0AEB0B072C680744A8
:103840003B1B002B8146DFF89C801CDA002388F8A4
:103850000030336824E03B68E31A002BE6DBFCF71A
:10386000CDFD3B68E41AB4FBF0F404FB00001844FF
:10387000386011F09DFCB0FBF8F303FB18003B68C7
:1038800018442860D2E7FCF7B3FD68B15C44A4EBB0
:103890000A0414EB090F07D5012388F800302B68C0
:1038A0000D4A1360BDE8F88F002388F8003012F04D
:1038B00051FC00F59C50083098F8003007EB4000B0
:1038C0002860002BEBD1C4E7003C0020103C002016
:1038D000FC3B00200C3C0020F83B0020043C002076
:1038E00030570500083C002038B504F03FFF134C6A
:1038F000206011F05DFC4FF47A72B0FBF2F101FB35
:1039000012002368A3F5FA7303442360F4F73AFC2A
:10391000054611F04DFC03462068B3FBF0F202FBB4
:1039200010331D44064B1D60064B1D60064B1D6089
:10393000FFF74CFF0022054B1A7038BD043C0020F5
:10394000F83B0020003C0020103C0020083C0020F8
:103950002DE9FF411FF021F8404ED8B13468FDF742
:10396000A5FD28B9FBF706FA306004B0BDE8F08188
:10397000F4F708FC001B002809DB0020FBF7FAF92C
:10398000374B186004B0BDE8F041FFF71FBFFFF7E9
:10399000EBFEF7E7334C356823788BBB324B187856
:1039A00004F0F9FE07460028ECD00120FAF738FFB2
:1039B000247854B32846FCF72FFDB0FA80F464094C
:1039C0000020FAF72DFF002CDCD112F0C3FB274BAF
:1039D0004400B3EB400F05D27246972142F22460B7
:1039E000F4F714FF11F0E4FBC4F5C335A035B0FBC8
:1039F000F5F303FB1505F4F7C5FB20442844B3E7B2
:103A0000FCF7F6FC0028C9D1BCE72046FBF7B2F969
:103A1000A0EB0508FBF7BAF92A46291A4046FFF73A
:103A20000BFA1EF08BFE02900DF107001FF0E2FB77
:103A300004F0DCFE28B19DF8070012F0D0FB03284B
:103A4000BED028469DF8072002A9FEF7BBFFC0B2F2
:103A50000028B5D1FFF788FE3C46B1E7F83B0020CF
:103A6000003C0020083C00207C3000209F860100A4
:103A7000014B1868704700BFF83B002038B51EF0B6
:103A800081FF80B112F096FB00F51C5410341EF03B
:103A90001AFF50B120F059FE05460DF06DFB284489
:103AA0000444204638BD0446F1E71EF05DFE0428BC
:103AB000F0D0F6E7F8B507460E460025064C6368D9
:103AC00023B12278164201D0384698470135082D97
:103AD00004F10804F3D1F8BD143C002038B50D46BC
:103AE000044610B14B1E0F2B05D972462B214CF604
:103AF0008220F4F78BFE00230E4A02EBC3014968D3
:103B0000A1420AD00133082BF7D1002302EBC301F5
:103B1000486818B94C6002F8335038BD0133082B9F
:103B2000F4D17246BDE8384041214CF68220F4F7CA
:103B30006DBE00BF143C00200178FFF7BBBF102111
:103B4000FFF7B8BF884294BF002001207047884229
:103B500034BF002001207047002110B52022044608
:103B600001608180816081810174143021F00DFB3E
:103B70004FF0FF33C4E90D33E36310BD2DE9F0438B
:103B80008DB0044602A81EF0CFFD002204A9104605
:103B9000DDF80890BDF80C8000F0CCFD694604A863
:103BA00001F0D2FADDE900761EF0DEFD04281CD11A
:103BB0001FF0CAF801F013FB3946054601F02BFB54
:103BC00031460746284601F026FB06462046C4E952
:103BD0000D76C4F80090A4F80480C4F80890A4F806
:103BE0000C80E5630DB0BDE8F0830025EEE770B50D
:103BF000A0B0064610A8FFF7AFFF01F065F8002857
:103C00004CD002AC204601F0BFF894E8030000223B
:103C1000FDF734FD0446002840D0FDF71BFE0546A5
:103C200000283BD0FFF78CFD002837D02B682146B9
:103C30001093AB8804A8ADF84430FEF778F9049BE4
:103C4000214606A81293FEF772F9BDF81C30002138
:103C50002046ADF84C30FEF7E3F98DF85000687A55
:103C600001F0BDFA08AD00221F9008A9204615AC4E
:103C700000F060FD0FCD0FC495E80F0084E80F0041
:103C8000694608A801F060FA01991F9801F0C3FA8B
:103C900000991E901F9801F0BEFA1D90354610AC99
:103CA0000FCC0FC50FCC0FC50FCC0FC594E80F007C
:103CB00085E80F00304620B070BD00002DE9F041CE
:103CC0008AB003AC204601F05FF894E803000022BC
:103CD000FDF7D4FC0446A0B10DF096F907A8FAF759
:103CE00059FC2046FEF712FA054604F068FB04462C
:103CF000DFF8688001AE05AF34B907A8FAF7B8FC61
:103D000040BB0AB0BDE8F081304604F1080108F07C
:103D100077F9019B02330DD10321204604F0C4FC46
:103D20002146D8F8000004F089FC284604F047FB3F
:103D30000446E1E7384601F00FF897E80C0096E8F2
:103D4000030021F0CCF90028E6D1214607A8FAF7B4
:103D500031FCEAE7294604F023FBCEE76C51002052
:103D60007FB56D46044602AE284600F0F5FF3046AA
:103D700001F00AF894E80C0095E8030021F0AFF98F
:103D800040B9009B13B1382003F080FF94E8030092
:103D900000F0ECFF96E8030004F1080595E80C003C
:103DA00021F09DF960B9029B1BB1FFF787FF04F07A
:103DB00045F995E8030000F0F1FFE06B00F0FCFF2F
:103DC000A06B01F049F8E06B04B0BDE8704001F071
:103DD00037B837B5856B04466B1C13D16C4620464B
:103DE00000F0D2FF94E803000022FDF747FC38B151
:103DF000402000F021FFFFF761FF002003B030BD3D
:103E0000E020F6E701F022F8854206D9C02000F054
:103E100013FF2046FFF7A4FFEFE701F03BF8C0B126
:103E20006D46284600F0B0FF009B43B195E80C00BA
:103E3000D4E9020121F053F908B901F021F801F0A9
:103E400047F8054601F05AFA854202D9002001F0F0
:103E500017F82046FFF784FF0120CFE708B500F0F0
:103E6000BFFF01F00DFA01F055F9BDE8084006F07A
:103E700081B830B585B06C4602AD84E803002846B1
:103E80001EF052FC94E8030095E80C0021F027F99D
:103E9000044650B91EF068FC042808D10098831C21
:103EA00014BF0020012005B030BD0120FBE72046F3
:103EB000F9E7F0B585B06B4683E8030093E80300AB
:103EC000164600F0E5FEA0B100F0FEFE02AD07468A
:103ED000284600F059FF95E803000022FDF7CEFBCD
:103EE00017F0BF0F044604D0E02F05D1BEB1012E5C
:103EF0001AD04FF0FF301BE095E80300FFF7B9FF41
:103F00000028F3D1002CF4D02046FEF7E8F83F2833
:103F1000ECD12046FEF7D7F80128E7D9E9E705B04C
:103F2000BDE8F04000F086BF00F090FF831CE0D0B9
:103F300005B0F0BD30B585B06C4684E8030000F0F4
:103F40009FFE60B102AD284600F01EFF94E80C0011
:103F500095E8030005B0BDE8304021F0C0B805B0D9
:103F600030BD30B585B06C4684E8030000F088FEB3
:103F700010B9002005B030BD02AD284600F004FFA6
:103F800094E80C0095E8030021F0A9F80028F0D08F
:103F900000F09AFEA0F1E00358425841EAE7000021
:103FA0002DE9F04FD9B001F0BFF91EF088FC0028D0
:103FB00000F035830020FDF75BFB0446002840F04D
:103FC000A88001F019F81AAD28A8FFF7C5FD28460A
:103FD00000F0C2FE95E80300FFF74BFF002800F059
:103FE000A28006A8FFF7CAFD28AD06AC0FCC0FC50E
:103FF0000FCC0FC50FCC0FC594E80F0085E80F005C
:10400000359B01334FD02AAF002297E80300FDF71C
:1040100035FB0646002846D001220421FDF793FF18
:104020003046FDF77FFE00283DD130460DF59078F3
:10403000FDF763FE31464046FDF779FF28AD06A83F
:1040400006ACFFF7D4FD0FCC0FC50FCC0FC50FCCBE
:104050000FC594E80F0085E80F000B46013300F010
:10406000958298E80C0097E8030021F038F80246A2
:10407000002840F08B8297E80300FDF7FFFA18B1A3
:1040800001220421FDF75FFF00F004FF10B10120C1
:1040900000F008FF3046FEF71BF804F025FB013066
:1040A000C0B201F047F900F00FFE802800F07D82D9
:1040B00000F27782002800F09B82402800F089827D
:1040C000DDE9360100F00AFF01F03CF90020FDF7C0
:1040D000CFFA0446002840F0918200F0D1FD00287C
:1040E00000F09D8200F0F0FD002840F0988248AC7E
:1040F000204600F031FE94E80300FFF7BAFE0028E6
:1041000040F08D8294E8030059B0BDE8F04F00F014
:1041100073BD204600220421FDF715FF0021204633
:10412000FDF796FA49E700F0CFFD05461EF02AFCA0
:10413000002800F09B80C02D00F08F8009D8402D12
:1041400000F08B80802D00F08A802746DFF8D49421
:104150008FE0E02DF9D11EA800F016FE1CA81E9FCE
:1041600000F012FEBDF8744000F07CFE0646DFF859
:10417000B4942497ADF894401EF0F6FA04287BD14D
:1041800006A828AD06ACFFF7F9FC0FCC0FC50FCC85
:104190000FC50FCC0FC594E80F0085E80F0038A8B5
:1041A000FFF725FD459F00F00FFD20AE054618A83E
:1041B000FBF7A8FF0DF1880830469DF8669000F0E7
:1041C000CBFD404600F0E0FDFCF7B6F948AC002816
:1041D00000F0E08005F500251EF0DFFB20B100F0C7
:1041E00089FD08B105F5803500F024FE064600F093
:1041F000A3FD60B1304601F02DF840B10E20B6FBB2
:10420000F0F6B6F5403F94BFAD1905F5403598E896
:104210000300002284E80300FDF730FA0646A8B147
:10422000FAF786FD81461EF04EFB002800F0218142
:104230001EF09AFA04384142414148460BF06AFDAB
:1042400081463046494601F0A2F8C6B2FF23354404
:10425000C5EB0525B5FBF3F5F0E0274684E700F054
:10426000F5FD27460646DFF8C09382E72746DFF8CC
:10427000B8934FF0FF367CE728A8FFF76DFC0020CD
:10428000FDF7F6F905460DF1E00A002D87D0284626
:10429000FDF7E0FA8346002876D0D0E90001FFF769
:1042A000E8FD039000286FD19BF8090000F097FF0C
:1042B00022AB80469BE8030083E80300BBF8043090
:1042C00004460293039B28461946FDF7A9FE29469A
:1042D00003905046FDF72BFE389B22A90593BDF8AD
:1042E000E43003C904939AE80C0020F0F8FE60B9AA
:1042F0009AE803000DF5907C18F1030F8CE8030099
:1043000042D8002F32D1731C39D10122284648A946
:1043100000F010FA20A948A800F016FF41462098A6
:1043200000F079FF41468346219800F074FF359BE9
:1043300086469B4528D2029B2894ADF8A430059B65
:104340000DF1B40C2A93049B48ACADF8AC300FCC03
:10435000ACE80F0094E80F008CE80F00039BCDE958
:1043600036E8CDF8D4B08DF8B0300DE0DDE9242387
:104370009CE8030020F0B3FE0028C6D1C3E7314615
:104380004046C8470028C0D028460021FDF760F904
:1043900005467AE798E80C0096E8030020F09FFEB7
:1043A00008B3B9F1000F1ED096E803000DF15F02CB
:1043B00084E8030004F0BCFD9DF85F306FF0470116
:1043C000FF2B1DBFFF221B04B3FBF2F34FF480331E
:1043D000002200906FF04C0010F0C1FF294600F061
:1043E0001AFF0546F8E6DDE92A2396E8030020F0E7
:1043F00076FE00283FF4F0AEB9F1000F3FF4ECAECA
:1044000096E803000DF15F0284E8030004F090FDDC
:104410009DF85F308BB10023FF226FF047010090C1
:104420006FF04C0010F09BFF9DF85F200346009258
:10443000FF220020114610F092FF00257A1C00F0A8
:104440008780359B013330D100F012FD002839D12F
:1044500000F016FD254638AE0FCE0FC50FCE0FC5A6
:104460000FCE0FC596E80F0085E80F00559728ADD1
:10447000BCE5304600F054FE00283FF4E2AE304682
:10448000FDF745FD03798246002B3FF4DAAE304656
:10449000FDF7ACFB9AF80430B0FBF3F0C0B28145F5
:1044A00038BF81465FFA89F9CBE60DF1A80999E892
:1044B0000C00DDE93A0120F012FE064680B1002032
:1044C00000F0DEFC254628AE0FCE0FC50FCE0FC57F
:1044D0000FCE0FC596E80F000F4685E80F00C5E721
:1044E000404600F039FC99E80C0098E8030020F001
:1044F000F6FD48B1304600F0C3FC2946359800F07F
:104500008AFEB842DED3A5E700F0DEFB0646294668
:10451000359806F0BF0600F07EFE802EEDD1B84241
:10452000EBD200F0B7FC064630B9012000F0A8FC41
:10453000304600F0B7FC8DE700F0C2FC0028DCD16B
:1045400000F0C6FC064600F0D9FE8642D5D281E7CF
:1045500000F0C0FB0028B5D0369E00F083FC054675
:1045600000F032FB0146284600F055FE8642A9D9EC
:104570002646459738AD0FCD0FC60FCD0FC60FCDD0
:104580000FC695E80F0086E80F006FE70D21304653
:10459000FDF746FD00287FF477AD012000F01CFDFB
:1045A00072E5C02805D0E02888E528A8FFF711FCAF
:1045B00086E528A8FFF70DFC00283FF481AD369C66
:1045C00000F050FC84423FF67BAD802000F034FBCD
:1045D00076E5369C631C3FF473AD00F037FC8442F3
:1045E0000AD9C02000F028FB28A8FFF7B9FB67E52F
:1045F000369B01333FF464AD8020F3E7042120466D
:10460000FDF70EFD30B90C212046FDF709FD2046CF
:10461000FDF781FB00212046FDF71AF859E559B056
:10462000BDE8F08F4F3B0108453B010870B50546DA
:104630008CB002AC01462046FDF779FC2846FDF718
:1046400071FB18B1002420460CB070BD94E8030043
:10465000FFF770FC04460028F4D12846FDF7E9FA7C
:1046600000F0BDFD06462246284604A900F062F887
:10467000694604A800F068FD3146009800F0CBFDC3
:10468000062104462846FDF7CBFC30B920464FF4FE
:10469000803100F0C0FD0446D5E705212846FDF72E
:1046A000BFFC0028F2D1CEE77FB502A806F012FACF
:1046B0009DF80E4054B31EF006F950B30220F6F7F1
:1046C000D9FE00224FF48023FF210090192010F022
:1046D00046FE0646FAF72CFB05461EF0F4F8009558
:1046E0000246C0B100224FF44033FF21104610F0C3
:1046F00036FE0146304600F08EFD214600F09DFD5D
:10470000B0F5803F044601D909F0A6FB204604B06D
:1047100070BD0420D3E7D22D9DBF4FF42033D321A9
:1047200014204FF4203282BFFF21D320004BDEE75C
:10473000CCCC03002DE9F04F0E462DED028B054643
:10474000144693B020220021304620F01EFD002D9B
:1047500000F0F4812846FDF749FA214608EE100AD8
:10476000284604F007FC07460AA806F0B3F99DF8AE
:104770002B40002C00F085804FF0000CFF43634677
:10478000E046DFF840E4FFB29EF8001040468F425A
:104790001A468846DEF8043006D90CF1010CBCF14B
:1047A000040F0EF1080EEFD1009710F0D8FD0DF1B7
:1047B0003008294607464046FDF7B9FB98E8030054
:1047C000FAF7E6FE28B138464FF0FF3100F023FD3E
:1047D00007460DF1380948462946FDF7A8FB99E838
:1047E000030004F0B9FB81462846FDF758F801465E
:1047F000484605F01DF811F034F800234FF4C802C4
:1048000003210090184610F0AAFD0146384600F03A
:1048100002FD07462846FDF730F840B398E803004C
:1048200010AB83E8030008AA04F082FB9DF8201077
:10483000C9B110F1480F7EDA00904C306ADB0023DA
:104840004FF480326FF047016FF04C0010F087FD9D
:104850009DF82020034600924FF48032FF21002073
:1048600010F07DFD0146384600F0D5FC0746214694
:10487000384600F0E2FCB0F5803F044601D909F06B
:10488000EBFA08A8F46006F025F928469DF8247094
:1048900000F046FC014600284FD00024346106A8F1
:1048A00006F018F99DF81D701EF009F8002800F0B8
:1048B0006B81002F00F0F0802846FDF728FB83462F
:1048C000284600F02DFC80461EF067F8002800F016
:1048D00099802846FDF71BFB90F805A090F80490FE
:1048E0002846FCF7CAFF002853D04FF400310020BF
:1048F00000F091FC044609F0AFFAB8F1000F4AD07D
:10490000CA4500F292804FF48011204600F083FCEB
:10491000044671E04FF480334FF460326FF04C0185
:104920006FF0600010F01BFD9DF820200346009200
:104930004FF4603292E7002195E72846FDF770FBBF
:104940000028AAD0002FA8D02846FDF7AFF801F024
:10495000B7FE04462846FCF790FF98B9002C9CD07F
:1049600000224FF40023FF211046009410F0F7FCC2
:10497000394600F062FCB0F5803F04468ED909F05C
:104980006BFA8BE72846FDF7C2FA0379002B84D037
:10499000E4E70446B1E709F101039A452FD3B220B9
:1049A0004FF0FF0C1AFB00F0009342464FF48013C7
:1049B0005146B0FBFCF010F0D2FC81462846FCF7D3
:1049C0007BFF88B12846FDF7A0FAFCF7E5F8002246
:1049D0004FF48013FF210090104610F0C0FC0146F8
:1049E000484600F018FC81462046494600F013FC7A
:1049F000B9F5803F044618D909F02EFA15E04FF0BA
:104A0000FF39DBE710A8FBF77DFB2846FDF77FFAAF
:104A100041798379B8F1000F40F09D80994200F20E
:104A2000988009F019FA4FF0FF342846FDF74BFB48
:104A3000B8F1000F07D130B18104204600F0EBFB44
:104A4000044609F009FA1DF03EFF58B12846FCF76C
:104A500033FF38B120464FF49C0100F0DCFB0446E4
:104A600009F0FAF900229BF8043010469BF8051073
:104A70000093402310F073FC0146204600F0CBFB6E
:104A8000002100F0C8FB394600F0D7FBB0F5803FAD
:104A9000074601D909F0E0F9776104A806F01AF891
:104AA0009DF812408CB12846FCF7D4FE074600F072
:104AB000E7F800286AD10020214600F0BEFBB0F5DF
:104AC000803F044601D909F0C7F918EE101AB46006
:104AD000284600F05CFC706002A805F0FBFF9DF822
:104AE000084054B30CAF38462946FDF720FA97E842
:104AF000030004F031FA04F00EFDF9F7ABFF0021DA
:104B00000746284604F036FA262858D94FF47F0283
:104B1000B2FBF0F3B3F5A02F28BF4FF4A02340F26F
:104B2000FB407B432146B3FBF0F000F086FBB0F581
:104B3000803F044601D909F08FF93460FFF7B4FDD6
:104B40004FF48033B061F36113B0BDEC028BBDE86C
:104B5000F08F0133DBB29DF8460088B9994211D835
:104B60009DF84430B8F1000F009318BF4FF4802235
:104B70004FF4803308BF4FF0FF3210F0F0FBC7E670
:104B8000002452E7044650E7074685E7002F92D0FD
:104B90000DF14008404600F0DFF897E80C0098E877
:104BA000030020F09CFA002885D12846FCF765FE1A
:104BB000002880D14FF4803100F02DFB7CE74FF4CA
:104BC000A023ACE79C5B030813B5FFF76DFD04461B
:104BD0001DF079FE0028074949F699134FF4C032B9
:104BE00018BF4FF4E0210094002010F0B8FB02B091
:104BF00010BD00BFCCCC070013B56B4683E80300A3
:104C0000084C0CCB94E8030020F069FA38B1342248
:104C10000021204602B0BDE8104020F0B6BA02B034
:104C200010BD00BF543C002034220021014820F078
:104C3000ACBA00BF543C002070B50F4D044695F847
:104C4000316085F83100E02E01D140280DD00021DF
:104C50000A4810F0B5F9802C05D007D854B1402C83
:104C600003D1802E01D1AB69EB6170BD04F0DF048C
:104C7000C02CF5E7EC61F8E7543C0020643C0020D0
:104C8000024B1868003818BF01207047543C0020C0
:104C900082B06B4683E8030050B1023002D102B00B
:104CA000FFF7EEBF03490CCB03C902B020F017BADF
:104CB00002B07047543C0020024B93F8320000F0E1
:104CC00001007047543C0020014B93F831007047BD
:104CD000543C0020064B93F83100E02806D000F049
:104CE000BF00A0F18003584258417047012070472F
:104CF000543C002010B5FFF7EDFF08B9002010BDAF
:104D00000C4C236A0333F9D8A3690333F6D808346B
:104D100094E80300FFF7ADF80028F0D1024694E8CC
:104D20000300FCF7ABFC0028E8D0BDE81040FCF71E
:104D3000F9BF00BF543C0020024B186808B1FFF7D0
:104D4000D9BF7047543C0020024B186808B1FFF7E8
:104D5000C1BF7047543C00200346034A92E8030059
:104D600083E8030018467047543C002082B06B462D
:104D700083E80300034A93E8030082E8030002B0DB
:104D8000704700BF543C00200346034A92E80300EA
:104D900083E80300184670475C3C002082B06B46F5
:104DA00083E80300034A93E8030082E8030002B0AB
:104DB000704700BF5C3C002038B5084C054694F8AD
:104DC00032306FF3C30384F83230002384F830307C
:104DD000F3F7D8F9C4E90955E06238BD543C002026
:104DE0001FB5134C34220021204620F0CEF91DF0CF
:104DF000BBFC042819D168461DF096FC009B02A854
:104E000023601DF091FCBDF80C308020A380FFF7DB
:104E100013FF1DF099FF00F0E2F92062A06100206D
:104E200004B0BDE81040FFF7C7BF04B010BD00BF1D
:104E3000543C0020014B186A704700BF543C0020CE
:104E4000014B1862704700BF543C0020014B986929
:104E5000704700BF543C0020014B9861704700BF71
:104E6000543C0020014BD869704700BF543C0020DF
:104E7000024B93F83200C0F3C0007047543C00204E
:104E8000034B93F8322060F3410283F832207047DD
:104E9000543C0020024B93F83200C0F340007047AE
:104EA000543C0020054B002193F8322060F382022D
:104EB00003F1140083F8322010F082B8543C002033
:104EC000024B93F83200C0F380007047543C00203E
:104ED000014B586910F099B8543C00202DE9F0417D
:104EE0000D468046F3F74EF9384C064694E8030029
:104EF000FEF7BFFF0746002841D11DF035FC022810
:104F00003DD1D4E902013A46FCF7B8FB002836D07F
:104F1000636A013333D0B8F1FF3F30D0A36A9D42BA
:104F20002DD3E76AFEF70AFC294A2A4BF71B02FB3E
:104F30000030874223D26FF41072A3F57423134418
:104F40009F421FD9636A6562EB1A002B1ADD94F841
:104F50003000E6620130C0B2092884F8300011D96F
:104F60001F280CD8A16A6D1A00F039F9854204DBBC
:104F700094F8313013F0BF0F09D1BDE8F081284615
:104F8000FFF71AFF94F832301B07F6D5F0E7402000
:104F9000FFF752FE4FF48031084600F03CF994F8D8
:104FA0003230C4E9070043F0080384F8323000F0DF
:104FB00085F90546206910F028F8281A00F0BAF99A
:104FC000BDE8F041402002F061BE00BF543C00202B
:104FD00080841E0020B38100034B93F8322060F3DD
:104FE000000283F832207047543C0020014B1869BE
:104FF00010F00BB8543C00207FB52D4C94F83230A3
:105000006FF3000384F8323094F83130C02B13D1A1
:10501000FFF7ECFF054600F045F985420CD302ADE1
:105020002846FFF799FE95E80300FEF722FF0646A3
:1050300008B38020FFF700FE94F83130E02B09D14F
:10504000FFF7D4FF054600F049F9854202D340201E
:10505000FFF7F2FD94F83130402B27D1FFF7C6FF60
:10506000044600F02BF9844220D3002004B0BDE8B0
:105070007040FFF7E1BD6D462846FFF785FE95E8D5
:1050800003003246FCF7FAFA054668B1FCF776FEF3
:105090000028CED031462846FCF7C2FF20B1284672
:1050A000FCF745FD0028C4D0C020C3E704B070BDA4
:1050B000543C0020F8B500F1300705463846FEF7AD
:1050C0003FFB00220446D5E90601FCF7D7FA064665
:1050D000F8B184F00104E4B22146FCF76BFE05460A
:1050E00054B939463046FCF776FE002818BF05460D
:1050F0001DF03AFB04280CD05DB11DF035FB0428EF
:1051000007D024B10820BDE8F84000F0F9BE042023
:10511000F9E7F8BD03210148FEF7E0BCB5500108EE
:105120001FB50190FCF7FEFD019958B902AC20466D
:10513000FCF7FDFE94E80300FEF713FF00F001000A
:1051400004B010BD0120F9E773B504460D460169AE
:10515000806900F060F8E16900F05DF8216800F016
:105160005AF8616800F057F86169686000F053F818
:10517000E16800F050F8A16800F04DF8616928601E
:105180004908686800F047F8E4680646FF237F2274
:105190004FF4001100944FF4002010F0E0F8FF21CC
:1051A0006043B0FBF1F1304600F035F8B0F5001F78
:1051B00028BF4FF40010686002B070BD821C0AD096
:1051C000431C0AD009B100F50040000CFE2828BF9E
:1051D000FE20C0B27047FE207047FF207047FE28B7
:1051E00003D0FF2804D0000470476FF0010070471F
:1051F0004FF0FF307047FF2808B5034607D0FF295E
:1052000007D010F09DF8FE2828BFFE20C3B2184634
:1052100008BD0B46FBE7B0F1FF3F08B5034608D0D9
:105220004B1C08D010F094F86FF00103834228BFA4
:105230000346184608BD0B46FBE70346084641B146
:105240005A1C05D05843834288BF6FF00100704755
:10525000184670470138C31C8CBF002001207047DE
:1052600038B50546012003F0DFFA0446022003F0BA
:10527000CDFA044403F0A3FA08342044684338BD4F
:1052800008B5002105480FF09BFE022003F0BEFA8E
:105290000FF0A6FF024B186008BD00BF883C00203D
:1052A0008C3C002008B5022003F0B0FA024B1B68CA
:1052B0000133184408BD00BF8C3C002010B502200B
:1052C00003F0A4FA04460320FFF7CAFF024B1A6852
:1052D0003C322244104410BD8C3C002010B501200B
:1052E00003F094FA04460220FFF7BAFF024B1A6853
:1052F00001322244104410BD8C3C002010B5022025
:1053000003F084FA0446012003F080FA024B1A6885
:1053100001322244104410BD8C3C0020014B18681F
:105320000FF03FBE883C00203C2101480FF048BEF2
:10533000883C00200146002201480FF04BBE00BF10
:10534000883C002010B5FFF751FE0446FFF7BCFC77
:10535000C02818D0E02804D0402807D1FFF7AEFFBE
:1053600001E0FFF7BBFF001BFFF7E4FFFFF792FD33
:1053700060B1FFF7C3FF0446FFF7AAFD201ABDE89E
:105380001040FFF7D7BFFFF78DFFECE710BD30B53A
:1053900085B002A80D4605F09DFB9DF8094084B13B
:1053A0004FF480330022ED21112000950FF0D7FF3C
:1053B0002146FFF742FFB0F5803F044601D908F0CF
:1053C0004BFD204605B030BD0220FCF7C5B80C28C7
:1053D00010B5044610D97246C52140F20250F3F7C9
:1053E00015FA013C0B2C05D97246C82140F2025037
:1053F000F3F70CFA204610BD0028F2D17246C62100
:10540000EBE7000073B5FFF7DFFF0DF107001DF0BC
:10541000F1FE9DF80700FFF7DAFF042301240026C0
:105420000A4D2B549DF80730A34206D02046FFF7C3
:10543000CEFF2B5C802B18BF2E540134E4B20D2C10
:10544000F0D100F0CBFE02B070BD00BF903C002058
:1054500070B5054628B972464F2140F20250F3F765
:10546000D5F901240D4E2046FFF7B1FFC308EB5CD0
:1054700000F007021341DB0748BF335C04F101046D
:1054800048BF63F07F03E4B248BF33540D2CEAD128
:105490004FF48060BDE8704000F032BD903C0020C9
:1054A00070B5054628B97246642140F20250F3F700
:1054B000ADF901240D4E2046FFF789FFC308EB5CD0
:1054C00000F007021341DB0748BF335C04F101041D
:1054D00048BF03F07F03E4B248BF33540D2CEAD138
:1054E0004FF48060BDE8704000F00ABD903C0020A1
:1054F00008B5FFF76CFF014B185C08BD903C00201D
:1055000038B5094D2C78204603F045F950B1074BCA
:1055100018782B78834208BF2046FFF7E9FF003850
:1055200018BF012038BD00BF7C3000208030002033
:1055300038B5012400252046FFF7DAFF08B9013508
:10554000EDB20134E4B20D2CF5D1284638BD08B5D2
:1055500000F0AAFEBDE8084002F054BD0022024857
:1055600011460FF037BD00BF9C3C002070B51DF008
:10557000A8F9054688B30120FCF77AF8002604460E
:105580000CB9304670BD08212046FCF749FD50B9E2
:10559000204603220121FBF7A5FB0120FCF768F858
:1055A0002E460446ECE703212046FCF739FD70B98E
:1055B0000C212046FCF734FD48B905212046FCF7B4
:1055C0002FFD20B9204602F0A1F90028E0D12046A5
:1055D0000121FCF73DF80446D2E70646D1E700007A
:1055E00008B5FEF7DDFC04F0CFFFFFF7BFFF034A6D
:1055F000137843F00403137008BD00BF5A1800204D
:1056000008B5012009F0DEFB012001F085FAFFF763
:10561000E7FFBDE80840FFF7A1BF0000044B1B787F
:10562000012B01D0062B01D1FFF7EABF704700BF65
:10563000A03C002073B5F9F787FB019002F0A8F9B0
:10564000019801F069FAFFF7CBFFFFF78FFF1DF01C
:10565000AEF940B3002008F097FF054608F0CAFEF7
:105660000446002000F0E4FD45EA0003DBB20646F4
:1056700013B934F0200327D008F0E6FF98B12107D2
:1056800016D425436A07EBB214D4DD0714D4A1075E
:1056900014D4E20614D4012E14D0022E14BF3720E5
:1056A0003A2002F0F3FAFF220A4B1A7002B070BDE2
:1056B0003520F6E73220F4E73320F2E73420F0E734
:1056C0003120EEE73620ECE7A306ECD508F096FF94
:1056D000E9E700BF5A18002070B51B4D04462E782C
:1056E000022E01D102F06CF8A31E042B12D8DFE8C1
:1056F00003F00316161C2300012009F063FBFFF7DB
:1057000035FF01F057FFE0B102F010F901460F48F4
:105710000FF056FCFF220E4B2C701A7070BD0D4B13
:10572000187809F04FFB2D21F1E7FBF7A1FE0220CD
:1057300003F06CF8411CEAE7012003F067F8811CD4
:10574000E5E73446E6E700BFA03C0020A83C002087
:105750005A180020A13C0020A0F11403022B10B520
:1057600005D9094B1B78033B012B0AD810BD042433
:1057700008F024FB0028F9D02046BDE81040FFF7D0
:10578000ABBF0324F4E700BFA03C002037B51CF0FA
:10579000EBFF042803D10024204603B030BDFFF7FF
:1057A0006FFA0028F7D06D462846FFF7EDFA009C07
:1057B000002CF1D0FFF78EFA04460028EBD095E8D4
:1057C00003000022FBF75AFF0028E4D1E4E70000C1
:1057D00070B500262F4C304D23782E70033B012BE3
:1057E00056D808F041FB2378042B0ED100241DF07D
:1057F00064F8D0BB022C34D0032C34D0012C34D12B
:105800001620BDE87040FFF7A7BF08F0EDFD044685
:10581000304609F05DF908F0E7FD01462046FCF747
:1058200005F860B11CF092FF044601F0B7FC262891
:1058300011D8FFF7ABFF0028D8D00324D7E7012306
:105840002B701DF09FF808B10224D0E71CF07EFFFA
:105850000306E7D5F8E7012CEBD0082CE9D00124AA
:10586000C5E71520CDE71420CBE71DF08BF848B134
:10587000FBF714FEFBF702FE20B90520BDE87040DF
:10588000FFF72ABFFFF7D6FEFBF7FEFD0120F5E785
:1058900070BD00BFA03C0020A13C00202DE9F843D2
:1058A00080461DF00EF8044648B100273C46002013
:1058B000FBF7DEFE054628B90FB1FFF791FE204643
:1058C000BDE8F88300212846FBF7C2FE06460146E4
:1058D000284616B9FBF7BCFEECE7FBF7A1FF70B159
:1058E0000C212846FCF79CFB81460C213046FCF736
:1058F00097FBB9F1000F20D0B0B144F001040021B2
:105900003046E1E718B101222846114612E0012095
:1059100001F002F91CF028FF071F18BF0127FFF74D
:1059200025FE0028EBD0C2E7B8F1000F08D0012215
:1059300030461146FBF7D6F9B9E7B8F1000FE1D1CF
:1059400044F00204DBE700002DE9F04106460120A7
:1059500009F038FA1CF0B5FF674F804618B9FF23ED
:105960003B70BDE8F081FF2E0CD0644B18680FF03F
:105970000CFB38B1F31E022B04D8012001F0CCF847
:10598000FFF72EFE1CF0FEFF044628B308F032FDA0
:105990000546002008F0F8FD04461CF0E5FE04284A
:1059A00002D01CF08AFF80464046FFF777FF2B07A6
:1059B0001FD4690729D4EA0729D4630729D454BB23
:1059C00058BBA9072BD4FF23EA063B7006D503205A
:1059D000BDE8F041FFF7C0BE0546DEE7AB0601D5E6
:1059E00008F00CFEFF2EBCD0BDE8F0410120FFF70F
:1059F00073BE00239E423B7052D0013B052B10D852
:105A0000DFE803F011136D312B390123F2E7022394
:105A1000F0E70323EEE70423ECE70523EAE7062398
:105A2000E8E70420D4E71920D2E70620FFF754FE68
:105A3000012002F0EBFE05460FF0CAFB04460220EF
:105A400002F0E4FE431CB4FBF3F103FB11412944D3
:105A50002A48BDE8F0410FF0B3BA0120FFF71EFF5E
:105A600000283FF47EAF0620FFF736FE012002F04B
:105A7000CDFE811CECE70620FFF72EFE0C2002F085
:105A8000C5FE05460FF0A4FB0446052002F0BEFE4D
:105A90000130B4FBF0F100FB1144691D2144D7E74C
:105AA000164B18680FF071FA00283FF45AAF701EB9
:105AB00005283FF656AF01A353F820F0275A0108F6
:105AC000275A0108DF5A0108D55A0108E35A01088C
:105AD000F35A0108012008F057FD002884D01B204C
:105AE00076E70120FFF7DAFE00283FF47DAF1C20A7
:105AF0006EE71A206CE700BF59180020A83C002070
:105B0000F7B5A64D2B788BB91CF0DBFE50B1012008
:105B1000FFF722FEF2F736FB00F5742000F5107057
:105B200003B0F0BD0120FFF7D7FDF3E708F094F9CB
:105B300007460028EED12B78072BEBD008F026FC87
:105B4000974B984E1868F6F749F80446002872D02B
:105B500010F4805200F084800120FFF7BDFDFBF7B8
:105B60005FFA09F045F9FFF75FF81EF071FD1D209F
:105B7000FFF7F2FD3C46210501D504F005FDA20426
:105B800001D509F0D5FDE30502D51720FFF7E4FDA7
:105B9000A70509D501F064FA1DF0B8FD337843F08C
:105BA00002033370FFF714FEA00711D50120FBF7A5
:105BB000EBFD38B92B7803F0FB03022B02D1012057
:105BC000FFF78AFDFFF7E2FD00285AD0FFF718FD26
:105BD000A10601D5FFF722FD14F00C0F01D0FFF74D
:105BE0001DFD14F4404F06D02B78012B01D0062B5D
:105BF00051D1FFF705FD220604D52B78012B01D1E9
:105C0000FFF7ACFCE30603D501F040F8FBF7C4FE58
:105C1000670508D5FFF774FC28B11CF0C8FE10B169
:105C20000220FFF799FD600605D501F039FA3378B7
:105C300043F0020333705C4C20680FF0A6F9002893
:105C400035D03C2120460FF0BBF9FF2333702B7871
:105C5000013B052B2BD8DFE803F06D6D2323B3C583
:105C6000E007019287D54FF40070FBF775FC2B78A5
:105C7000019A022B7FF47FAF11464B480FF0AAF92F
:105C800079E72B78012BA3D101F01CFA337843F08C
:105C9000020333709CE7022BADD1FFF7A1FCAAE70A
:105CA000424B18680FF071F908B1FFF791FD13F03E
:105CB00011F82B78012B17D03C4F38680FF071F991
:105CC000044638680FF061F900280CBF2146012115
:105CD000002235480FF07EF92B78052B04D10022E5
:105CE000012131480FF076F92B78012B01D0062BDA
:105CF0001DD13378D90706D508F0A8FD002201464A
:105D000029480FF067F933789A0706D501F082F930
:105D10000022014624480FF05DF933785B0706D571
:105D2000FFF7FCFA002201461F480FF053F9002349
:105D30003370EFE601F0C8F80128044629D11D2090
:105D4000FFF70AFD2B78022B0CD101F0A7FD48B11B
:105D5000012000F0E1FEFFF743FCFFF7FFFB01200D
:105D6000FFF7BAFC2B78012BA1D1FF20FFF7ECFD48
:105D70002B78012B9BD1032C1AD0FFF7CFFA0028E8
:105D800095D1012000F0C8FEFFF72AFCFFF7E6FBE3
:105D90008DE70228D6D11E20D2E700BFA03C00200C
:105DA000A43C00205A1800209C3C0020A83C002065
:105DB0000220FFF791FC2B78012B7FF478AFDCE712
:105DC000FBF75CFB38B1FFF735FCFBF75DFB01200F
:105DD000FFF782FC6BE7064B18680FF0D6F8002837
:105DE000F1D164E7034B1878FFF7AEFD5FE700BF22
:105DF000A83C00205918002010B5012086B002F000
:105E000013FD044602F0CEFC30490234B0FBF1F140
:105E10002F4821440FF0D4F800212E480FF0D0F87D
:105E200012F046FF01F018F800F048FFFFF7EAFA19
:105E300001F058F901F098FD01F02CFB02F02CFE66
:105E4000FF220024244B1A70244B1C701FF05AF9B7
:105E5000F0B11422214601A81FF097F9204B0093BE
:105E600012238DF804301F4B029348F6B8030493B5
:105E700001238DF814301CF077FC042814D1002382
:105E800003936846F4F7FCFFF5F76EFE164B1860B7
:105E90000020FFF721FC154804F0F2FD144806B07D
:105EA000BDE81040FBF73CBB1CF08CFD0028E6D0A1
:105EB0000FF07EF90F4BB0FBF3F202FB130000F57D
:105EC000F42000F590700390DBE700BF40420F0024
:105ED000A83C00209C3C002059180020A13C002038
:105EE000F3580308015B0108A43C0020155F01087A
:105EF0004F55010860F590000720FFF7EDBB00004B
:105F0000034B0146186808B1F5F746BE704700BF5D
:105F1000A43C00204020FFF7F3BF08B51CF047FD6C
:105F2000A8B100F0FBF9012000F082F978B11CF073
:105F300034FD38B108F088FB48B1BDE80840362090
:105F400001F0A4BE0520BDE80840FFF705BC08BD70
:105F50002DE9F8430F4C0025A0464FF00C09FF2710
:105F6000D82620460FF00DF8022109FB05831A8977
:105F7000013502F4705223F8082FE772A6725A789E
:105F80000C2D61F383025A7004F10C04E9D1BDE8D1
:105F9000F88300BFC43C0020F7B5FFF7C9FABF2360
:105FA00000908222272113200FF0D9F91F4C207076
:105FB0001CF089FC002836D000231D481A461946DB
:105FC00006460C2505FB03677F7A01337F0642BF37
:105FD000C77A0132C9190C2B00F10C00F2D102B3BF
:105FE000B1FBF2F11348C9B20FF01AFA11480FF0E1
:105FF00009FACC2838BFCC20F223FF224343B3FB5D
:10600000F2F30D490B70D8234343B3FBF2F30B4972
:106010000B7023785843B0FBF2F0094B187003B0B3
:10602000F0BDFF21DEE7FF20E6E700BFB53C002022
:10603000C43C0020B83C0020B63C0020C03C0020FE
:10604000B43C002007B5FFF7C2F90C220B4B02FB52
:1060500000300089C0F3090060B10122084B1988A3
:10606000009080294FF0FF0338BF802110460FF0C9
:1060700076F9C0B203B05DF804FB00BFC43C002059
:10608000583D002037B5174B04461B789B0722D09C
:10609000857A1CF018FC002814BF1423802340F2DA
:1060A000FF32BF21822000950FF059F92389C3F3F5
:1060B0000902104440F2FF32904228BF104660F3BC
:1060C00009032381F2F752F8637A60606FF3830368
:1060D000637203B030BD1CF0F6FB002814BF14201F
:1060E0008020E3E7C13C0020437A70B5C3F301137D
:1060F0008B4204460D4602D000210EF061FF022DB6
:1061000029D0032D40D0012D07D02046FFF7BAFF3C
:10611000637A65F30513637270BD637AC3F381021A
:10612000012A03D965F383036372F1E720680EF057
:106130006CFF06461CF0C7FB002814BF78234FF401
:1061400096739E42E4D32046FFF79CFF0021204631
:106150000EF036FFDCE7637A03F00C020C2AE1D084
:10616000042AD5D120680EF050FF06461CF0ABFB88
:10617000002814BF78234FF496739E42C8D3637AE5
:1061800065F383036372E1E720680EF03EFF064685
:106190001CF099FB002814BF78234FF496739E429D
:1061A000B6D3002120460EF00BFF1CF08CFB00281C
:1061B00014BF1421802123894808C3F30902B2EBDC
:1061C000510F82BF121A62F309032381637A03F02D
:1061D0000C02082A9CD143F00C03A5E710B500245B
:1061E00001F00CF80C4B90221C8021460B481EF04D
:1061F000CCFF0B480EF0C5FE03210A480FF0E6F86D
:10620000022109480FF0E2F8084B1C80FFF7A0FEBE
:10621000BDE81040FFF7C0BE5A3D0020C43C00203E
:10622000543D0020AC3C0020B83C0020583D0020EC
:106230002DE9F341194FDFF86C803C780546204684
:1062400098F8006002F0A7FA18B9002002B0BDE883
:10625000F08101A8F8F7EEFC98F801309DF80420D1
:10626000A34218BF00263B789A42EED19EB9002D7A
:10627000EBD101F00FF80028E7D02046FFF7A7F890
:106280000C22074B02FB00300122437A62F38303A6
:1062900043720220DAE70120D8E700BF7C300020FB
:1062A000C43C00205A3D002008B505480FF0B0F866
:1062B0000022044B1A80BDE8084001F01FB800BF5F
:1062C000AC3C00205A3D002008B54FF4167103483D
:1062D0000EF076FEBDE80840FFF73ABE543D0020C0
:1062E00038B5054602F07CFA044670B92846FFF737
:1062F0006EF80C22084B02FB0030437A13F08C0F2F
:106300000CBF01240024204638BD28460FF067FF4B
:106310000328EBD1F7E700BFC43C00202DE9F04F84
:10632000DFF8F4920024C8460C260127DFF8F8B203
:10633000A1B09BF800300293B34B1C8006FB048194
:106340000B89C3F3090393B10B8901F1080503F22B
:10635000FF32C2F3090262F309030B813AB901214A
:106360004846FFF7C1FE6B7867F383036B70013417
:106370000C2C09F10C09E1D1A44C00F053FF20686A
:106380000EF003FE10B120460EF0FBFD20680EF06B
:1063900039FE002840F08D810125DFF89092DFF86A
:1063A00090A2A9F800002846FFF711F80C2303FB80
:1063B00000835A7A06466FF386125A72029BAB42EA
:1063C00040F0D080924C204601F0A0FD2378014699
:1063D0005BB101908F480FF023F89AF800300199D3
:1063E0008B4202D98B480FF01BF88A480EF0F6FF5B
:1063F0000146002860D10C2000FB06800EF0E0FD75
:106400000135EDB20D2DCED10027814B05A81F70AF
:106410009BF800303D4601933C46F8F7BBF8012657
:106420004FF00C0A3046FEF7D2FF5FFA80F90AFB04
:10643000098999F8092002906FF3C712304689F84C
:106440000920FFF755F8002840F0F680B9F8082039
:106450000134C2F30902002A00F0EE8008AB03EB1E
:10646000C50220AB05F1010903EBC505029B05F848
:106470005C3C019BB34200F0DD80029205A8F8F776
:1064800097F8029A002800F00F81634915F85C3CE8
:106490000AFB0313B3F808C003790AFB03131B8933
:1064A000CCF30901C3F30903994200F2AB80014622
:1064B00005A8F8F7BDF8BEE056480EF0A3FF074662
:1064C0001CF060FA98B1002208A88DF8202000F096
:1064D00031FF9DF8202052B19AF80020904238BF39
:1064E0001046C0B2B842034628BF3B46DFB200F0B8
:1064F0006FFFA8BB1CF0E7F908B1FEF71DFC00F028
:1065000001042846FEF763FF01900C20019B9AF8D6
:10651000001000FB03803AB2B942C2EB022200F144
:1065200008012ED93D4C4B78247843F04003B2FB50
:10653000F4F2FF2A28BFFF224B700021C27287723B
:10654000FFF7D2FD0C2000FB06863389B9F8002046
:10655000C3F30903934238BF1346A9F800304FE74D
:106560000120CCE7284608A901F0EAFD9DF820208B
:106570000746002A3FF444AF0421254A0024117045
:10658000BFE7274B93F800C0BC450DD9D824B2FB18
:10659000F4F2FF2A28BFFF224B78C27243F0400377
:1065A0004B7087720121CBE74FF0F20CB2FBFCF28B
:1065B000FF2A28BFFF221B4BD2B293F800C04B78B2
:1065C000BC4543F04003C27287724B7001D902216F
:1065D000B6E703210390FFF787FD0398002CB1D1A4
:1065E000437A03F00C030C2B02D10221FFF77CFD50
:1065F0000C20019B00FB0387BB7AE52B28BFE5231A
:10660000BB729FE702923AE75A3D0020543D0020BA
:10661000C13C0020AC3C0020C43C0020B53C002024
:10662000C03C0020B63C00207C300020583D0020BB
:10663000B43C002017464D460136F6B20D2E7FF4CD
:10664000F1AE032C81BF0A2304EBC4040534B4FB70
:10665000F3F498BF00241FB1394605A8F7F7D3FF1C
:106660000C26154D09E005A8F8F702F8037906FB9A
:1066700003535A7A42F080025A72079BA342F2D81F
:106680009BF8000002F087F848B19BF800402046D4
:10669000FFF726FE18B10123084A1370547021B089
:1066A000BDE8F04FFFF778BC114605A8F7F782FF69
:1066B000C1E721B0BDE8F08FC43C00205A3D002066
:1066C000431E0B2B10B5044607D8FFF709FE28B16F
:1066D0002046BDE81040FFF7B5BCFF2010BD00000C
:1066E00008B5FEF774FE0C22054B02FB0030407A21
:1066F000C0F38100012894BF0020012008BD00BF25
:10670000C43C00202DE9F3470E460C250746FEF752
:106710005EFEDFF8508205FB0080447A3046FEF7CB
:1067200056FE05FB0080407AC4F38104C0F381006B
:10673000201A07D13046FFF785FC04463846FFF79C
:1067400081FC201A0828A8BF082004466FF0070023
:106750008442B8BF0446384602F098F800B1023CC3
:10676000304602F093F800B102343846FEF72FFEAF
:106770004FF00C0909FB0080457A3046FEF727FEF2
:1067800009FB0080437AC5F38105C3F38103AB4263
:1067900036D000231C441CF096F8002800F0C2807C
:1067A0001CF0FBF8002851D00020FAF761FF0546E5
:1067B00000283AD02846FBF7B5FA014628460029BA
:1067C00053D0FBF773F987422DD14FF002090DF139
:1067D0000601384601F0B4FC0DF1070105463046CC
:1067E00001F0AEFC9DF8062082469DF80730002A95
:1067F00049D0002B71D0A5EB0A05002D44D084E0D0
:106800001CF061F828B9544B1B789F4206D1042331
:10681000C0E71CF0B7F80028F5D1BAE79E42B8D11E
:106820006FF00303B6E7864224D03946022008F011
:106830002BFD31460546022008F026FD2B1E18BF11
:106840000123003818BF0120834211D139460120AD
:1068500008F01AFD31460546012008F015FD854275
:106860000BD00DD34FF0FF39B1E7FAF7F1FE9EE7F9
:10687000002DAAD16FF00109A9E74FF00009A6E7A2
:106880004FF00109A3E7ABBB002399443846FEF75C
:106890009EFD0C2505FB00804C44D0F8049030464A
:1068A000FEF795FD05FB008043684B454ED38CBF3A
:1068B0004FF001094FF00009384600F0FBFD054696
:1068C000304600F0F7FD85424C4442D834BF0120E9
:1068D0000020204402B0BDE8F087204B1B78AB427B
:1068E00001D80123D1E71E4B1B78AB4212D34FF0E6
:1068F000FF33CAE7194B1B78834209D9184B1B7821
:1069000083420BD34FF0FF356D42002DE9DAEEE7FD
:106910000125F9E701F052FC82466CE701F04EFCDC
:10692000054668E73946022008F0AEFC31460546C8
:10693000022008F0A9FC854205DBCCBF4FF0FF39EF
:106940004FF00009A2E74FF001099FE74FF0FF3930
:10695000B2E74FF0FF30BCE77C300020B63C0020AF
:10696000C03C0020C43C002038B50124002520464E
:10697000FFF7B6FC08B10135EDB20134E4B20D2CDD
:10698000F5D1284638BD2DE9F0479A420446154610
:10699000984688B052D04B78DB074AD42846FDF79A
:1069A00045FE261DCDE9015096E80F00B2460025B0
:1069B00004AF87E80F000DF10409DAF80000B8F120
:1069C000000F3ED080453CD108AB03EBC505103D20
:1069D00099E8030085E803006068049B00284FD015
:1069E000002B4FD0A368059A9A424BD20022032174
:1069F000FBF7A9FAE06818B100220321FBF7A3FA1C
:106A000097E80F0086E80F0000236068237030B11C
:106A100001220321FBF797FA237801332370E06802
:106A200060B101220321FBF78EFA23780133237032
:106A300004E01046FAF716FF0028AFD108B0BDE811
:106A4000F087D9F800308342C6D00028BCD004219A
:106A5000FBF7E6FA70B9D9F80420DAF804309A4264
:106A600008D299E80300D14603AB03EBC503043316
:106A700083E803000AF1080A002DADD101259CE747
:106A8000002BB7D1E268069B22B9002BD6D0002894
:106A9000ACD1AFE7002BD1D02369079A9A42CDD26F
:106AA000F5E72DE9F8438046002017460E46994643
:106AB000FAF7DEFD3D4604460CB9BDE8F883042133
:106AC0002046FBF7ADFAC0B903212046FBF7A8FA30
:106AD00098B1A54211D0BC420FD0B9F1000F12D12C
:106AE0002A46234631464046FFF74DFF0321204604
:106AF000FBF796FA002808BF254620460021FAF742
:106B0000A7FD0446D8E721462846327807F0A0FEC4
:106B10000028E5D1F1E700002DE9F04389B0804677
:106B200000F09CF806460120FAF72EFE044600F01D
:106B3000CDF80546C4B300206FF001038DF80C00BA
:106B4000CDE90403CDE90603FAF792FD78BB022EE6
:106B500028BF0226AC4228BF2C463F4FF6B2E5B212
:106B600007F108093B880020ADF80830FAF780FDEE
:106B7000044658BBB8F1000F05D09DF8083043F02B
:106B800010038DF808300020FAF772FD044660BB50
:106B90009DF80C30AB4202D202374F45E2D10020C3
:106BA000FAF766FD002847D109B0BDE8F08300225E
:106BB00003210190FBF7C7F9019800220421FBF79C
:106BC000C2F900210198FAF743FDBFE703212046EF
:106BD000FBF726FA20B1012204212046FBF7B3F986
:106BE00000212046FAF734FDC2E7204607F026FFD1
:106BF000034628B1224602A903A8FFF7C4FE0EE00F
:106C0000014601909DF80820204607F021FE019BD7
:106C100050B90123224602A903A8FFF742FF002131
:106C20002046FAF715FDB1E79DF80C2002A9B24203
:106C300003A82246E1D3F0E7002205210190FBF7EB
:106C400082F9019800220421FBF77DF900210198C7
:106C5000FAF7FEFCA6E700BFBC5B030810B51BF00B
:106C600030FE80B101F0ADFD04461BF08BFE08B193
:106C7000601EC4B2044B1878A04228BF2046C0B2A0
:106C8000012838BF012010BD5C3D002010B5FFF782
:106C9000E5FF04461BF068FD04280BD0022C2346B8
:106CA00028BF0223DBB2044A20461370BDE810401F
:106CB00000F0A4BD0123F6E75D3D00200522024B54
:106CC0001A70FFF7E3BF00BF5C3D0020014B18784E
:106CD000704700BF5D3D002010B5044C20680EF0E9
:106CE00091F92046BDE810400EF04BB9743D0020EC
:106CF000642270B5114D06462C68C4EB0413B3FB37
:106D0000F2F00F4BA4EB50041B78012B9EBF3223F3
:106D10006343B3FBF2F00EF063FA211809480EF05A
:106D20004FF92B681EB1084A934298BF5B00074A8F
:106D3000934294BF2B602A6070BD00BF643D002069
:106D40005E3D00206C3D00207F510100805101001C
:106D500073B50C4606460DF106001BF069FE184D92
:106D60004CB300242C705EB1022001F04FFD2B7853
:106D7000BDF8062008309840824284BF01332B7052
:106D8000022001F043FD2D780830A840BDF80650E0
:106D9000854228BF05461BF0E7FC0428A5EB9506B5
:106DA0000BD068080EF01CFA8119224605480EF037
:106DB00011F902B070BD0124D5E70020F4E700BF4F
:106DC0005F3D00206C3D0020F8B51E4E054633782F
:106DD000834218D01C4F60B1012820D00020FFF75B
:106DE00087FFFFF779FF0023184A1370184A1370C2
:106DF00006E0012B08D13B7833B90146FFF7A8FF25
:106E0000337835703B70F8BD022001F0FFFC08308C
:106E10000EF0E6F901460F480EF0D2F8F0E71BF04D
:106E200052FD48B1284601F0F1FC044601F0C7FCD0
:106E3000013404EB4001EEE7032001F0E7FC00F130
:106E40000A01E8E75E3D0020683D00205F3D00202C
:106E5000703D00206C3D002010B51BF032FD124C3F
:106E6000F0B10021217011480EF0AAF81BF07CFC53
:106E700004280F4B18BF4FF416730E4A1360FFF728
:106E80002BFF22780C4B1A7001220C4B1A70002336
:106E90000B4A13700B4ABDE81040137000F0CCBCD5
:106EA00002233C212370DEE75E3D00206C3D002084
:106EB00080510100643D0020683D0020603D0020BD
:106EC0005F3D0020703D00202DE9F8431BF0F9FCE8
:106ED0004B4F044640B902233C214A483B700EF018
:106EE0006FF82046BDE8F8831BF03EFC464D044693
:106EF00028680EF087F840BBFFF7EEFE28680EF01A
:106F000081F88046FDF7BCFE064620BB231F5C428D
:106F10005C410220FAF738FC05461BF025FC0428EA
:106F200006D100F0B5FC18B1F8F7D0FA2844C5B284
:106F3000DFF8DC9099F80030AB4233D9B8F1000F9C
:106F400016D10020FFF740FF19E028680EF01DF869
:106F50000028D1D1D2E7042C08D0FDF7CBFE04469F
:106F6000FDF7AAFE04F001040646D2E70124F7E784
:106F70000120FAF709FC99F800308342E1D83C7807
:106F8000012C09D11F4B18680DF0FFFF20B11F4BDA
:106F900000201C70FFF718FF3C788CB1022C1BD02E
:106FA00000249EE754B91BF08AFC38B1002EC8D0EB
:106FB000164B1B78002BC4D10120C3E70220C1E788
:106FC000104B18680DF0E1FF0028E9D021460120A0
:106FD000FFF7BEFE012484E70A4B18680DF0D5FFC9
:106FE00028B900F07BFC0028DAD0032479E70120DF
:106FF000FFF77EFE1BF063FC0028F2D071E700BFB4
:107000005E3D00206C3D0020743D0020703D00205E
:10701000603D002038B50F4B0F4D18680DF0C1FFD3
:10702000044628680DF0EEFF28B128680DF0B9FF7E
:10703000844228BF0446094B1B78022B07D100F07D
:1070400027FC20B100F080FC844228BF0446204683
:1070500038BD00BF6C3D0020743D00205E3D002027
:1070600008B50C4B1B78022B0FD10020FFF740FE18
:10707000022001F0CBFB411D07480DF0A1FF00F0FD
:1070800081FA0022054B1A7008BD00210846FFF75F
:107090005FFEEDE75E3D0020743D0020703D002066
:1070A00008B51BF010FC48B1054B1B78022B05D02E
:1070B000BDE8084001210020FFF74ABE08BD00BF1F
:1070C0005E3D002000F060BA0023034A1380034AAB
:1070D0001380034A137070477E3D00207C3D0020E2
:1070E0007A3D002008B5FFF7EFFF0023034A137035
:1070F000034A1370034A137008BD00BF783D002097
:10710000793D00207B3D00200A4B0B4A1B881288EA
:107110000A491A44072AC5BFC3EB0323B3FBF2F3A2
:107120000023012208700649C5BF0B70054B0B7088
:107130001A7070477E3D00207C3D00207B3D002082
:10714000783D0020793D002020B1034A13880133A7
:1071500013807047014AF9E77C3D00207E3D002006
:1071600068B50C4B06461D7801F000FB454301F065
:1071700019FB094AB5FBF0F31278FF2132B15A0826
:107180000A4406FB02F3B3FBF1F068BD03F1FF0212
:10719000F7E700BF783D00207B3D0020014B1878C9
:1071A000704700BF783D0020014B1878704700BF42
:1071B000793D00200022014B1A707047793D002074
:1071C000034A1378FF2B1CBF01331370704700BFB5
:1071D0007A3D002020B5074B1D7801F0C7FA4543E2
:1071E00001F0E0FA044BB5FBF0F01B7803B1400866
:1071F000C0B220BD7A3D00207B3D0020002208B5B2
:10720000064B1A605A609A601BF05DFB002814BFA1
:1072100002220322024B1A8008BD00BF803D0020DD
:107220008C3D00204FF6FF7210B5194C2388934215
:107230001CBF01332380FDF787FD78B10023E38075
:107240001BF0A0FB88B900236380A388E3B92388DF
:107250000A2B82BF00232381638110BD4FF6FF728A
:10726000E3889342ECD00133E9E7F8F729F90028E5
:10727000E9D14FF6FF7263889342E8D0E288002A92
:10728000E5D101336380E2E7013BA380DFE700BF84
:10729000803D002070B500F0F3FC06461BF072FB49
:1072A000044610B90024204670BD1BF00CFB0028DA
:1072B000F8D1114DEB88012BF4D8002EF2D01BF041
:1072C00053FA042801D0312EECD81BF04DFA0428D3
:1072D0004FF005000ED0AB8800FA03F60DF080FFEA
:1072E00083196A889A42DDD3AB88032B9CBF013394
:1072F000AB80D8E70346F4E7803D002038B5002393
:107300000B4CA57A2380638065B9F8F7D9F86072D1
:10731000F8F7F4F8637A2072003B18BF0123E57296
:10732000A37238BDE37A022B9CBF0133E372F8E706
:10733000803D0020F8B5244B05461C8800230370CF
:107340001BF0C1FA214E10B9F37A03FB04443388D1
:10735000A34237D3F37A022B34D8F388012B31D8E8
:10736000F8F7AEF80446F8F7C9F80346F77A307A2A
:107370000C22717A7F26834212FB07621CD2C31A49
:10738000C3EB0323B3FBF0F39A4201D8012028702A
:10739000287898B98C4213D20C1BC4EB0424B4FB9C
:1073A000F1F4A24201D801222A701819FF2828BF3F
:1073B000FF20C043C0B2F8BD0023E9E70024F4E792
:1073C0000446F2E7FF20F6E78C3D0020803D0020D8
:1073D000064B074A19881288914205D3588802281B
:1073E0008CBF00200120704700207047803D0020A6
:1073F0008C3D0020F8B590F863300546002B45D051
:107400000021493002F0F9F800283FD00024204E36
:10741000573536F814301B050FD506EB44035B785F
:1074200067001B0905D172463E2145F2D140F1F7B4
:10743000EDF9F3195A78F0325A7036F8143015F81D
:10744000011BC3F30B02520092B262F30B0326F846
:107450001430C1B142F0010262F30B0326F814307C
:1074600006EB44014A78C2F30313013303F00F0320
:1074700063F307120C2B4A7005D97246492145F275
:10748000D140F1F7C3F901340C2CC2D1F8BD00BFD3
:107490008E3D002008B50021182204481DF075FE1D
:1074A000BDE8084002210248FCF718BB8E3D0020D1
:1074B000F5730108064B03EB40000C2310F8010C98
:1074C0000009C0EB0020B0FBF3F0C0B2704700BF72
:1074D0008E3D002008B51BF047F9042803D0084B67
:1074E0001B78012B06D9074B07481968BDE80840EF
:1074F0000DF066BD0448BDE808400DF042BD00BF78
:10750000A63D0020AC3D0020B03D002010B5044653
:107510009AB00020FAF738F90E282ED800216822F8
:1075200068461DF032FE236868460293637C217C26
:107530008DF8483023798DF815308DF81430A37C00
:107540008DF84E30A3680693E3680793F9F72AFC99
:1075500098B10423627C2168F9F76EFD032803D8F3
:10756000074B185C1AB010BD724645F2CB0040F2D2
:107570002121F1F74BF90320F4E70120F2E700BFE6
:10758000C45B0308FFF7A6BF10B507F05FFD68B145
:107590000220FAF7F9F80446FFF798FB844205D277
:1075A000BDE81040002102480DF00ABD10BD00BF2B
:1075B000B03D0020F0B589B01BF07FF9E8B1FFF7CE
:1075C00085FB06460020FAF753F8002504464CB325
:1075D000AE421CD8784B1E78012E28BF0126774872
:1075E0000DF0CFFCFFF776FF07F030FD002800F02C
:1075F000AA8007F0E7FC044626E01BF064F918B9FE
:107600001BF0CBF90028DAD16B4B1E78E7E7204658
:10761000FAF7ACFB00B1013520460021FAF718F863
:107620000446D4E7AE42EFD8D4E7012294E8030041
:10763000FAF724F8002840D0204607F0D7FC05468A
:10764000204607F0B9FC2C46002CEED107F0BAFC1E
:1076500000270546002D67D0B44236D31BF084F8CE
:10766000042809D1F7F74AFF30B1F7F75FFF054665
:1076700001AF0DB1B44268D3E4B14FF48070F9F7B3
:107680006BFF012001F0C2F805460F20B4FBF0F0BB
:1076900001F0BCF82844451D042001F0B7F805307E
:1076A000854203D3042001F0B1F8451D2946434823
:1076B0000DF086FC204609B0F0BDA37C204623F0E7
:1076C0000403A37407F092FC95E7AB7C590724D41C
:1076D0009A0727D48DF81C402A6843F004030592CA
:1076E000AA8803A8ADF81820AA6803922A7C8DF80E
:1076F00010206A7C8DF81D20EA7CC2F300028DF810
:107700001E20AB74FFF702FF0128A7D008B901348F
:10771000E4B2AB7C43F00203AB74284607F066FC8E
:10772000054697E70127F8E7002F97D0B44295D296
:1077300007F048FC002889D0837C23F0020383747F
:1077400007F054FCF6E7044688E729463846F8F780
:107750008BF897E803000122F9F790FF38BB284621
:10776000F7F7D4FE18B3019B28460593BDF80830FF
:107770008DF81C40ADF81830F8F769FD03902846E5
:10778000F8F768FD8DF810002846F8F7ECFD8DF845
:107790001D002846F8F7EEF88DF81E0003A8FFF745
:1077A000B5FE01283FF468AF08B90134E4B22846B9
:1077B000F7F7ECFE05465CE7A63D0020A83D00205B
:1077C00038B50120F9F754FF044624B9BDE8384024
:1077D00009480DF0D6BB01212046F9F739FF0546CF
:1077E0002046FAF7ABFB20B10A2201212046F9F727
:1077F00079FA2C46E9E700BFA83D002038B50446D9
:107800001AF0B2FF042802D00CB1013CE4B2A4008B
:10781000E4B23C2C28BF3C24064D2C701BF051F8E0
:1078200020B12B78012B38BF01232B70BDE83840E5
:10783000FFF750BEA63D002010B50020FFF7DEFF89
:1078400010480DF09EFB10480DF09BFB0C2000F043
:10785000DDFF0E4B013040081860042000F0D6FF19
:1078600004460C2000F0D2FF05340130B4EB500F79
:1078700007D37246BDE81040A02145F2CB00F0F7D7
:10788000C5BF10BDA83D0020B03D0020AC3D00208C
:10789000014B18680DF0B6BBB03D0020012010B5BB
:1078A000F9F7E6FE044618B9012000F0010010BD0A
:1078B0002046FAF743FB20B901212046F9F7C8FE1C
:1078C000F0E7054C20680DF09DFB0028ECD0206807
:1078D0000DF05BFBE9E700BFA83D002010B51AF0F2
:1078E00043FF042809D1FFF7F1F904460220F9F714
:1078F0004BFFA04201D3FFF7EDFDBDE81040024B66
:1079000018680DF042BB00BFB03D002008B5FAF783
:1079100015FB30B1044B18680DF037FB00F0010087
:1079200008BD0120FAE700BFA83D002010B5054CB6
:1079300020680DF067FB20B12068BDE810400DF015
:1079400030BB10BDA83D002010B5064C20680DF0DE
:1079500059FB20B12068BDE810400DF022BB3C204F
:1079600010BD00BFB03D0020002208B5054B064801
:1079700002211A700DF02AFDBDE8084003480DF001
:1079800000BB00BFC03D0020B43D0020BC3D002036
:10799000F0B58BB01AF097FF002800F09780142202
:1079A00000210DEB02001DF0F0FB00F00AFF044681
:1079B000FDF7BEFD0026074601252846FDF798FD88
:1079C00058B9F7F77DFD002870D0069B2946013392
:1079D0000020069307F058FC06440135EDB20D2D4A
:1079E000EBD13046FFF7BCFB754E0546337805906A
:1079F000012B0DD800934FF49F72FF23022100202A
:107A00000DF0ADFC05FB00F3FF20B3FBF0F3059395
:107A10003378FF2B1CBF013333701AF0B3FF10B162
:107A2000059B01330593069D6C43F7F749FD00283C
:107A300044D09923F220FF2163434443B3FBF1F286
:107A4000B4FBF1F402F10A018C4294BF089408914E
:107A500040F6F4218B4237D90A3AAA422CBF07924A
:107A60000795069C00F0ADFE604309901AF07CFE7D
:107A7000042800F09380534C20680DF0C3FA0028CE
:107A800040F08680059C1AF088FF002840F088802E
:107A90001AF06AFE022840F08180089B9C427DD942
:107AA00001200BB0BDE8F0401AF014BF0C2F8CD9A8
:107AB0002846FEF715FC002887D08EE71AF06DFFE8
:107AC0000028B6D16623B5E70795CAE7FDF730FD74
:107AD0000446069000F075FE14FB00F42CB97246C3
:107AE000D12149F26A20F0F791FEF8F747FC0390A4
:107AF000F7F7E6FC6622FF256243C4EBC413B3FB31
:107B0000F5F30090B2FBF5F2002003990DF027FC8D
:107B10000023CDE90734002834D10130089000213A
:107B2000084607F08FFBFFF71BFB0446059026482D
:107B30000DF068FC64B158B15423221A10FB03F312
:107B4000FF20B3FBF0F359428A4201DB9A4203DD86
:107B500002211D480DF03AFC1AF006FE022804BF6F
:107B600001340594FFF736FB05990144FF2928BF2E
:107B7000FF211548C9B20DF053FC13480DF042FC2B
:107B800005906EE7013C431EA0420793C7D8C4E7A7
:107B900020680DF0FAF900287FF474AF0BB0F0BD47
:107BA000079B01349C42F9D802201AF093FE4FF44F
:107BB000E16104480BB0BDE8F0400DF001BA00BF30
:107BC000C03D0020BC3D0020B43D002038B500245D
:107BD0000A4D2422002128461DF0D7FA0F22002149
:107BE00007481DF0D2FA074B022107481C700DF020
:107BF000EDFB064B2C831C7038BD00BFE43D00201C
:107C0000C23D0020C13D0020D43D0020DC3D0020CD
:107C1000012805D8034AD37FFF2B1CBF0133D3773C
:107C2000704700BFE43D0020014601480DF0F8BB5D
:107C3000E43D002001480DF0E5BB00BFE43D00201D
:107C400008B51AF09FFE28B9BDE808400321024894
:107C50000DF0BCBB08BD00BFE43D0020024A937F8D
:107C600001339377704700BFE43D0020014603488D
:107C700009B90DF0CDBB0DF0D3BB00BFD43D002042
:107C800001480DF0BFBB00BFD43D0020044A13786B
:107C90000E2B9FBF591C1170024AD054704700BF71
:107CA000C13D0020C23D002091B10A4B42B918B13C
:107CB0005A8901325A8170471A8901321A817047F4
:107CC00018B11A8A01321A8270475A8A01325A82CE
:107CD000704700BFE43D0020024AD3890133D381BD
:107CE000704700BFE43D0020024AD38A0133D382AB
:107CF000704700BFE43D0020024A938A013393821B
:107D0000704700BFE43D0020024A9389013393810C
:107D1000704700BFE43D002000487047E43D00206C
:107D200000487047D43D0020014B185C704700BFED
:107D3000C23D0020014B1878704700BFC13D0020B4
:107D40000F2208B5002103481DF01FFA0022024B44
:107D50001A7008BDC23D0020C13D0020024A538B6D
:107D600001335383704700BFE43D00200022014BE4
:107D7000DA777047E43D0020034A1378FF2B1CBFDD
:107D800001331370704700BFDC3D0020014B1878B1
:107D9000704700BFDC3D00200022014B1A70704785
:107DA000DC3D0020014B1860704700BFE03D002023
:107DB000014B1868704700BFE03D0020014B93F86D
:107DC00020007047E43D0020044A92F82030FF2B49
:107DD0001CBF013382F82030704700BFE43D002013
:107DE0000022024B83F82020704700BFE43D0020B2
:107DF00010B5044C012194F821000DF0A1FA84F88B
:107E0000210010BDE43D0020014B93F82100704794
:107E1000E43D00200022024B83F82120704700BF80
:107E2000E43D00204FF6FF71034A138B8B421CBFC9
:107E300001331383704700BFE43D0020014B188BD2
:107E4000704700BFE43D00200022014B1A837047B9
:107E5000E43D0020024A938B01339383704700BFB7
:107E6000E43D00200022014B9A837047E43D00204E
:107E7000014B988B704700BFE43D002010B50B4CC0
:107E8000022104F108000DF0A1FA204604210DF0B2
:107E90009DFA0022064B5A70FF221A70FFF796FED9
:107EA00000F0EEF8BDE8104000F0CAB90C3E00202A
:107EB000083E0020FFF7ACBE09B9FFF7B5BE01468A
:107EC00001480DF0ADBA00BF0C3E0020014601484C
:107ED0000DF0A6BA143E002008B9FFF7ABBE01486A
:107EE0000DF090BA0C3E002001480DF08BBA00BF97
:107EF000143E0020014601480DF092BA1C3E0020BD
:107F000001480DF07FBA00BF1C3E00202DE9F04370
:107F100085B00646F7F7D4FA0023074633700028E9
:107F200058D00120F7F7AEFB84B20390002C4FD05D
:107F300032249DF80E50337815FB04F543F001030D
:107F4000337003A90DF10B0007F0C8FF9DF80B304B
:107F50008046002B41D0BDF80C20002A3DD00022E5
:107F60000093FF21322310460DF0F9F94FF0190963
:107F7000337800FB085543F00203044433700DF1DD
:107F80000A0000F013F99DF80A308046ABB11AF0F0
:107F9000EBFB042800D11FBBF8F7F0F90023C0F376
:107FA00047014A46184600970DF0D9F9337800FB8F
:107FB000085543F004030444337000F055F90C4BAA
:107FC00084B9FF225C701A70187805B0BDE8F083A0
:107FD0002546B6E704460546B3E74FF03209CEE73B
:107FE0000020E3E70122B5FBF4F45A701C70EBE7C4
:107FF000083E0020024B5A7802701878704700BF84
:10800000083E0020FF22024B1A7000225A7070476F
:10801000083E002008B51AF0B5FC48B9042105480F
:108020000DF0D4F9BDE80840032103480DF0CEB9A6
:1080300008BD00BF0C3E0020143E002008B51020F3
:10804000FFF724FE1AF0B3FC28B107F06FFFBDE87C
:10805000084008F0A3B808BD004870470C3E002057
:108060001C2310B5054C013803FB004402212046B7
:108070000DF08AFAF0F77AF8A06110BD283E0020D2
:1080800010B5012420460134E4B2FFF7E9FF0D2CBE
:10809000F8D1DD22014B1A7010BD00BF243E002034
:1080A000F8B50746461E002945D01AF00CFC70B9F9
:1080B00000240C2E0AD81C22204BE1B202FB06360B
:1080C00030460DF06EFAF0F751F8B061F8BD0021BE
:1080D000384607F01FFC0028EAD007F00FFE002109
:1080E00007F018FE04460020F9F7C2FA054668B901
:1080F0003946022007F0C8F8052104EB8404A408DF
:1081000011FB0044FF2C28BFFF24D2E72846F9F7D3
:10811000CAFC87420AD100212846F9F781FF28B11D
:108120002846F9F763FD844238BF044600212846FB
:10813000F9F78EFADAE7FF24BBE700BF283E0020FC
:10814000F8B5471EFBB20B2B06460C4620D8012380
:108150000B70F0F70BF81C230F4D03FB07539B69C3
:10816000C01A782804D9002330462370FFF778FF1F
:108170001C2303FB075528460DF078FA022898BF08
:108180000023284698BF2370BDE8F8400DF06CBA74
:1081900000200870F8BD00BF283E0020024B0146B9
:1081A0001878FFF77DBF00BF7C300020024B0146EE
:1081B0001878FFF7C5BF00BF7C300020014B18784E
:1081C000704700BF243E00202DE9F3410026DD2347
:1081D00001243546DFF840800E4F88F800303846DD
:1081E0000DF009FA20460DF10701FFF7A9FF9DF8F0
:1081F00007300BB1054401360134E4B20D2C07F110
:108200001C07ECD11EB1B5FBF6F588F8005002B0A2
:10821000BDE8F081283E0020243E002008B5002162
:1082200004480DF0D3F80023034A1380034A138057
:1082300008BD00BF7C3F0020783F00207A3F00202F
:108240000148F9F76DB900BF1D82010818B1044A51
:10825000138801331380034B1A8811441980704727
:108260007A3F0020783F002038B50A4C0A4D21881B
:108270002B880B449BB2092B0AD9C1EB0121B1FB1E
:10828000F3F10648C9B20DF0CBF800232B80238010
:1082900038BD00BF783F00207A3F00207C3F00209F
:1082A00008B50820F3F7DCF8054B186038B97246BA
:1082B000BDE808404B214CF23C60F0F7A7BA08BD7E
:1082C000843F002038B5054608460C46F3F7B0F861
:1082D000032D0AD8DFE805F00F14160203238342AA
:1082E00009D9F3F755F9002038BD72466C214CF2DC
:1082F0003C60F0F78BFA2046BDE83840F3F764B9EC
:108300000523ECE71123EAE738B505460820F3F723
:108310008FF8032D044606D8074B585DA0422CBFAA
:108320000020201A38BD72464CF23C609321F0F7D1
:108330006DFA0020F2E700BFC85B03080B4B10B5D5
:108340001C6803280AD8DFE800F003020705043C94
:10835000204610BD023CFBE7103CF9E77246B32112
:108360004CF23C60F0F752FAF2E700BF843F002085
:108370000220704710B500F10804204603F0C4FF46
:1083800002F0BAFB012808D0022807D0204603F0EB
:1083900082FB002814BF0320022010BD0020FCE750
:1083A00038B50C460546FFF7E5FF03B203EB430380
:1083B000294604EB8300BDE83840F6F7FBB838B532
:1083C000044628B972462F214DF65620F0F71EFAC2
:1083D00004F130052046F6F74BF910B90C34A542EC
:1083E000F8D138BD10B5044628B9724627214DF69C
:1083F0005620F0F70BFA2046BDE81040FFF7DFBF2C
:1084000070B50D46044628B972463E214DF65620F9
:10841000F0F7FCF904F1300629462046F6F789F911
:1084200028B129462046BDE87040F6F73EB90C3425
:10843000A642F1D170BD10B50446EFF7AFFED4F8F7
:10844000BC30C01A10BD08B5FFF7F5FFC0F38F2090
:1084500008BD38B50546FFF7EEFF044605F10800F4
:1084600004F04BF8204438BD08B5FFF7F2FFC0F325
:108470008F2008BD10B50446F6F78CF804F10C0007
:10848000F6F788F804F11800F6F784F804F12400F0
:10849000BDE81040F6F77EB8426983681344026A6B
:1084A000C06A13441844704770B50546FFF787FF4C
:1084B00004460C4E04B970BD04F1080003F09DFAA7
:1084C00060B10321204600F0EFF82146306800F04B
:1084D000B5F82846FFF773FF0446EBE72046F2F7AE
:1084E00079FFF6E76C51002070B5044628B9724652
:1084F000D3214DF65620F0F789F904F108063046ED
:1085000003F07BFA58B1204600F0E0F8054630460B
:1085100003F014FE012803D9022809D0002070BD01
:108520002046FFF790FFA84294BF00200120F6E705
:108530002046FFF799FFF6E72DE9F84F0E4617465C
:1085400005464FF0000800F130092846F6F730F8EC
:10855000044626E037B92046FFF7C6FF4EBB30B9C8
:108560002046F3E72046B8470028F4D01EBB04F1AC
:10857000080003F0C9FE214683462846F6F795F821
:10858000F6F716F894F8C23082469B0602D4584695
:10859000FFF790FC204600211BF038FE544608F1FE
:1085A0000108002CD6D10C354D45CED14046BDE852
:1085B000F88F0028D4D02046B047D0E738B504461D
:1085C00000F130052046F5F7F3FF10B90C34AC424A
:1085D000F8D138BD70B5054608460C46F5F7E8FFFA
:1085E000064650B92046FFF7C5FE431CDCB204EB3B
:1085F000440305EB8305032C01D9304670BD2846A2
:10860000F5F7D6FF0C3510B90134E4B2F3E70646AE
:10861000F3E708B51CF076FD18B1BDE80840FFF798
:108620003FBE08BD0320FFF76FBE0320FFF786BEE5
:108630008180704780887047F3F75EB8FFF7FCBF12
:1086400038B50025056045600446EFF7A7FDC4F87E
:10865000C050C4F8BC00C4F8C45038BD10B5C8211F
:10866000FFF730FE044608B1FFF7EAFF204610BDD1
:1086700008B503F049FE02F03FFABDE808400238B1
:1086800018BF0120FFF7EABF38B5044650B10830E3
:10869000FFF7EEFF054618B1C82221461CF04EFD3B
:1086A000284638BD0546FBE7FFF7C2BFFFF7C2BF4C
:1086B000A0F8C0107047B0F8C000704708B5083087
:1086C00003F022FEBDE8084002F050BA90F8C23034
:1086D0009B0602D4083002F04FBB3C2070470000DC
:1086E0000048704700127A0008207047024BC31AF6
:1086F00058425841704700BF00127A00B0FA80F02B
:108700004009704759B9032A114628BF0321022A9C
:1087100000D93BB90C234B43044AD05870474FF45F
:10872000AF70704748F6A040704700BFCC5B0308AD
:1087300059B9032A114628BF0321022A00D93BB99F
:108740000C234B43034AD058704740F23C507047CB
:1087500001487047FC5B030840190100082070477E
:108760000020704701207047012070470048704783
:10877000A02526003020704700280CBF20200A20AA
:108780007047EFF769BD0120704701207047012055
:1087900070470020704701380B288CBF0020012053
:1087A0007047000000487047604D2F00012070475F
:1087B00082B002AB03E90300012002B0704703203E
:1087C00070471020704708B51AF07DF828B919F0E5
:1087D000CBFF031F5842584108BD0120FCE70000B1
:1087E000014B1878704700BF883F0020014B187874
:1087F000704700BF893F00200023024A1370024ADD
:1088000013707047883F0020893F0020044B584375
:10881000044B00F5F42000F59070B0FBF3F07047C6
:1088200000127A0040420F00044B5843044B00F5FD
:10883000F42000F59070B0FBF3F0704700127A005E
:1088400040420F00034A044B02FB00300133B0FBEF
:10885000F3F0704740420F00FF117A0090B10068BA
:1088600080B16FF07F4398420BD00323C2B2AA2A93
:1088700007D0552A05D0013B4FEA1020F6D1012040
:108880007047002070476FF0070070470020704766
:108890002DE9F04F89B002AD834685E8030028B981
:1088A0004FF00009484609B0BDE8F08FBDF80C3024
:1088B00004AC20460193F9F72DFB94E80C0095E8F1
:1088C00003001CF00CFC04460028E9D195E80300E5
:1088D000FF253F4E2F46B0460DF1180A8AE80300E7
:1088E0009AE80C00D6E90C01B1461CF0F8FB002810
:1088F000D8D1FF2D44D1336B002B41D1E5B20134E7
:108900001D2C06F16806EBD1FF2D02D1FF2FFDB221
:10891000C6D0682615FB06F408EB04093246002190
:1089200048461CF032FC48460CF0B4FC06FB0585BA
:1089300004F10800404402210CF026FE019B04F1E2
:108940002000AB86C5F830B0404405210CF03EFD58
:1089500004F1400504F128000521454440440CF091
:1089600035FD284600F08AFC6434284600F082FE7B
:1089700008EB04000CF071FF284600F0C2FC91E700
:1089800096F83830DA07BAD4FF2F1ED0682202FBDF
:10899000078191F8382003F00200C2F34002C3F3CC
:1089A0004003934203D0002808BF2746A7E791F869
:1089B0003A3091F8392096F83A101A4496F839303E
:1089C0000B449A4238BF274699E7274697E700BFEE
:1089D000903F002037B500F1200420460D460CF0F2
:1089E00013FD00220090FF23042110460CF0B7FC79
:1089F000C0B2287050B120460CF004FD6FF07F0328
:108A0000404200B29842B8BF184640B203B030BDF1
:108A1000F8B50C7805469C420E4617461DD2013427
:108A2000E4B29C420C7004D1BDE8F84000210CF087
:108A3000CDBC19F0C7FF337858B1BB420DD12846E1
:108A40000CF0E2FCC0F34F012846BDE8F8400CF002
:108A500044BDBB4201D90121F6E7F8BD73B50D460F
:108A6000044619F0AFFF002814BF78260A26B54245
:108A700003D82046C0B202B070BD19F0A3FF002891
:108A80004FF0D603224614BFFF211E213046009529
:108A90000CF065FCEEE7000010B540F6C83200218E
:108AA00015481CF072FB1C22002114481CF06DFBC1
:108AB00000F0B0FD0446F5F7E5FF4FF41E43011B3F
:108AC00093FBF1F14843D0F52A430C4A48BFFF33EA
:108AD0001B12C2E90431C3EB03431B0493FBF1F304
:108AE00003F5A063936100234FF420611370C2E982
:108AF0000231536010BD00BF903F0020584B002052
:108B0000F7B56A4682E8030092E803001D46089F15
:108B10009DF82460FFF7BCFE044688B12946083062
:108B200086B10CF03EFD3FB1397804F128000CF01D
:108B300077FC002384F83C3015B1002384F83A30E8
:108B400003B0F0BD0CF02DFDE94304F12800C9B2DB
:108B50000CF066FC84F83C60EEE773B50E46044604
:108B6000F5F794FF0546F5F79DFF1923014600220E
:108B7000284600960CF0F3FBC1B2204602B0BDE8D7
:108B800070400CF0DDBB30B58FB002AB83E8030062
:108B900093E803000192FFF77BFE0446C8B1019DF4
:108BA0002422002105A81CF0F0FA294605A800F0AF
:108BB00083FB05A800F0DCFB414209B27F29A8BF76
:108BC0007F2104F12000C9B20CF02AFC002384F8B4
:108BD0003B300FB030BD0000054B1B78A3F1800285
:108BE0008242DABFC01A40B26FF07F00704700BF08
:108BF000584B002013B56B4683E8030093E803004D
:108C00001446FFF745FE58B190F8383043F00103A1
:108C100080F8383090F83D3064F3000380F83D3040
:108C200002B010BD13B56B4683E8030093E8030060
:108C30001446FFF72DFE30B190F8383003F0FE03F4
:108C40001CB980F8383002B010BD43F00203F8E7D9
:108C50002DE9F04F85B019F0B5FE002814BFFF27AD
:108C60001E2719F0AFFE514E002814BF4FF07808B0
:108C70004FF00A0835461D242B6BABB305F10809EC
:108C800048460CF0B8FC95F83A309F4215D90133AC
:108C900085F83A3019F096FE95F83A30002800F041
:108CA0008180984501D09F4207D148460CF0DEFCF8
:108CB000C0F34F0148460CF0DDFC95F839304246D0
:108CC000BB423CBF013385F8393005F13B013B46DF
:108CD00005F12000FFF79CFE3B46424605F13C01B2
:108CE00005F12800FFF794FE013C05F16805C3D1AA
:108CF00027466FF07F0BDFF8BC80D8F81030D8F82B
:108D000004500093D8F814300193D8F81830029327
:108D1000326B62B306F1280A50460CF02DFC30B3DA
:108D200006F1200948460CF027FC00B350460CF031
:108D300069FB0390D8B148460CF064FB009B039A92
:108D4000414209B25945A2EB0302019BB8BF594603
:108D5000120492FBF3F2029B09028B42D4BFC2EBD6
:108D60000302C2EB0102002AA4BFA4180137104B72
:108D70006836B342CCD16FB1B4FBF7F42544D8F8D0
:108D800008406D08A54238BF2546D8F80C2095420A
:108D900028BF1546C8F804502D0A88F8005005B0C1
:108DA000BDE8F08F434588D9012183E7903F00203B
:108DB000584B0020584B0020F7B56C4684E8030060
:108DC00094E8030015461F46FFF762FD0446D0B144
:108DD00000F10806002130460CF0E3FB3FB13046BD
:108DE0000CF042FCC0F3470130460CF041FC3DB1B1
:108DF000297804F128000CF013FB002384F83C30A0
:108E0000002384F83A3003B0F0BD37B56B4683E8F1
:108E1000030093E803001546FFF73AFD0446A0B1AE
:108E200029460CF03BFA15B1002384F8393020466E
:108E30000CF068FA1BF080FFC043C1B204F12800B7
:108E40000CF0EEFA002384F83C3003B030BD73B56B
:108E50006D4685E8030095E80300FFF719FD044619
:108E600018B300F1080630460CF000FCC0F34F01C7
:108E7000304604F120060CF0FDFB30460CF0C4FA3D
:108E80002834C0F34F0130460CF027FB20460CF08D
:108E9000BBFAC0F34F0120460CF01FFB95E803001E
:108EA00002B0BDE8704006F04BBF02B070BD73B5B4
:108EB0006B4683E8030093E803001546FFF7E8FCE0
:108EC000044688B100F1080630460CF0D5FB58B1D5
:108ED000012330462B700CF0C7FB94F83A1002B017
:108EE000BDE87040FFF7BABD0023FF202B7002B031
:108EF00070BD37B56B4683E8030093E80300154661
:108F0000FFF7C6FC044670B10CF0F9F958B1012323
:108F100020462B700CF0F6F994F8391003B0BDE838
:108F20003040FFF79BBD0023FF202B7003B030BD06
:108F300013B56B4683E8030093E803001446FFF77C
:108F4000A7FC0023237028B1214602B0BDE81040E1
:108F5000FFF740BD02B010BD07B56B4683E80300C4
:108F600093E80300FFF794FC00B1403003B05DF8D4
:108F700004FB000070B596B0044619F0A4FC0BAEDB
:108F80002C220546002130461CF0FFF821463046D1
:108F9000F8F7CDFFD623002D8DF8383014BF01230C
:108FA00019238DF84B3014BF312319238DF850301D
:108FB00032238DF8543019F0D7FB042809D096E8F5
:108FC0000300FFF765FC0D9088B99DF8380016B0D6
:108FD00070BD03AD284619F0A7FB95E80C0096E894
:108FE00003001CF07CF80028E9D0FF20EFE70CF02C
:108FF00086F9119020B30D980CF084F90D9B8DF833
:10900000480093F83910FFF729FD8DF849001BF04F
:1090100093FE0022119B8DF84A00009310469DF8A4
:109020004B3004210CF09BF90F9B9DF84A208DF8E2
:109030004B00C0B200FB02330F93109B18441090FA
:109040000D9808300CF012FBADF84E00002845D00A
:109050000D9808300CF008FB0022BDF84E308DF85A
:109060004C00009310469DF8503004210CF077F925
:109070000F9B9DF84C208DF85000C0B200FB0233CE
:109080000F93109B18441090002296E803000D9B4C
:1090900005AD85E803008DF853203BBBFFF7F8FBD7
:1090A000034618BB3CB995E803002246F8F7E6FAF8
:1090B0000446002853D02046F8F773FD8DF853007E
:1090C00000284CD009AD21462846F8F730FF95E836
:1090D0000300FFF741FF00F04BF910E09DF854301A
:1090E0009DF8502013448DF85430CDE718460DF10B
:1090F0005301FFF76FFC9DF85330002BD2D09DF841
:1091000053108DF8510001B3FFF766FD1E4C6269E4
:109110002369504348BFFF3003EB202383F3080348
:109120000022DB4310468DF8523000919DF85430F8
:10913000FF210CF014F90F9B9DF85220C0B200FBE8
:1091400002330F93109B18441090109A002A3FF49A
:109150003CAF0F9BB3FBF2F38DF8383035E795E861
:109160000300F6F715FA044608B90020C7E7F7F739
:1091700008F88DF853000028F7D007AD214628469F
:10918000F6F772FBA3E700BF584B002007B56B460C
:1091900083E8030093E80300FFF77AFB00B1643033
:1091A00003B05DF804FB38B500F108050446284615
:1091B0000CF0E2F920B12846BDE838400CF022B9A5
:1091C00004F11000F8E7000038B50D46044680B100
:1091D000FFF7E9FF094B94F9032093F90030284485
:1091E0009A42ACBF8018C018BDE8384040B2F5F7CD
:1091F000FBBB034B18780138C0B238BD774B002059
:109200005818002010B5F5F74DFC0E4C2070F5F7FE
:1092100039FC0D4B03211870C0B20C4B00F1120247
:109220001A700B4B00F10F021A702378094A143B95
:109230001370094BC0F19F001870BDE8104007483B
:10924000FAF74CBC794B0020764B0020774B00207E
:10925000744B0020784B0020754B0020C994010806
:1092600037B50D4602A9044601E90C0018B10830D3
:109270000CF0CEF8257603B030BD000010B50446E2
:10928000B8B10C4B03211B780830013BDBB20375EE
:1092900000F8083C002343740CF098F8032104F113
:1092A00010000CF093F8E38B23F4FF7323F0010319
:1092B000E38310BD5818002013B504460191F0B1A6
:1092C0009DF905309DF904101030C91A21EAE171A9
:1092D000C9B20CF0F1F804F108000CF099F89DF80F
:1092E0000630143363709DF80730C3F19F02C3F159
:1092F000B103E370C12323710123A270637602B02E
:1093000010BD10B5044640B108300CF081F804F1EE
:109310001000BDE810400CF07BB810BD13B580B153
:1093200000F1080420460CF027F960B120460CF04B
:109330006BF800220090FF23042110460CF00FF878
:10934000C0B202B010BD1F20FBE710B560B190F9AC
:109350000140FFF728FF201A6FF07F0400B2A042FF
:10936000B8BF204640B210BD6FF07F00FBE70000A1
:1093700038B5C0B10D4A0E4C90F9021092F9002098
:1093800094F9004090F901308D1A521A641B9A1A10
:109390009442A8BF1446FFF706FF201A00B200F35C
:1093A000070040B238BD6FF07F00FBE7764B00202E
:1093B000794B00202DE9F0434468054687B0002C26
:1093C0007CD0637E1BB901682046FFF775FFD5E9A5
:1093D000030104AF87E80300296895F901000391B0
:1093E00095F90010AA7D091A21EAE171267F2B7DEB
:1093F00004F10808C9B26AB3404600910CF008F8BD
:10940000009904F1100948460CF00AF897E80300A7
:10941000039AFFF7B8FB404627780CF0ADF808B385
:109420000020FFF7D9FB404241B25FFA80F82046A6
:10943000FFF7CAFE87420BD9032140460BF080FF9D
:1094400041B22046FFF7C0FEB84228BF3846C0B23E
:1094500020700CE0227E9A42D3D1404600910BF05E
:10946000DFFFCDE748460CF087F80028D8D120462A
:10947000AF686578FFF797FE281A387094F90310E3
:1094800094F904202046257801910092FFF78BFE85
:10949000DDE9002143B2284600F0E4F9094B1B78CE
:1094A000984238BF1846C0B2B04218BF94F8213075
:1094B00020771CBF43F0010384F8213007B0BDE8DA
:1094C000F08300BFD023002030B5054687B01422BA
:1094D000002101A81BF059FED5F8490005F1180438
:1094E000009094E80300FFF737FD019094E8030033
:1094F000FFF74CFE03AB029094E8030083E80300FF
:10950000AB7D68468DF8143001238DF81530FFF7D8
:1095100051FF07B030BD08B50021FFF755FEBDE88B
:109520000840F5F74BBA000030B5022904460D4655
:109530008BB006D972464FF4DA714EF2EF00EFF7B6
:1095400065F92422002101A81BF01FFE01A8216853
:10955000FFF7B2FE94F9012094F900309B1A094AF2
:10956000002B92F90000084AA8BFC01A32F9152052
:109570009DF906309B1A9842D4BF002001200BB001
:1095800030BD00BF794B00202C5C0308022938B5A0
:1095900004460D4606D9724640F2DD114EF2EF0048
:1095A000EFF734F9204684B1FFF7FDFD94F901305F
:1095B000181A064B00B293F90040054B33F91530E9
:1095C000E41AA042D4BF0020012038BD764B002011
:1095D0002C5C030830B505460C468BB024220021D4
:1095E00001A81BF0D2FD296801A8FFF765FE2146FE
:1095F00001A8FFF7CBFF0BB030BD38B504460D46D0
:10960000FFF792FF18B129462046FFF7E3FF00F06D
:10961000010038BD014B93F900007047774B0020E3
:109620007F2807D0044B93F900308342B4BF002059
:109630000120704700207047744B002000234B70BE
:10964000034B08701B788B70024B1B78CB707047F4
:10965000784B0020754B002028B190F8213061F341
:10966000410380F82130704718B190F82100C0F311
:109670004000704728B10023C361024B1B78013BB7
:10968000037770475818002008B10023837770478C
:1096900028B190F8213061F3000380F82130704741
:1096A00018B190F8210000F0010070472DE9F8434F
:1096B00005460F469046F5F797F90446F5F77EF90B
:1096C000A84213DD94B12046F5F778F904F1FF398B
:1096D0005FFA89F906464846F5F770F9EDB2761B50
:1096E0002D1A76B26DB2AE42A8BF4C462046F5F7B1
:1096F00065F94744B84202DD0CB1013CE4B22046B2
:10970000BDE8F8837F2938B50C4615460DD0F5F72E
:1097100055F963195BB29842A8BF18462A462146FC
:10972000BDE8384040B2FFF7C1BF38BD2DE9F7436F
:1097300098462C4B1D78034605F1FF395FFA89F6F0
:10974000002842D0284F047F3F78FFF78DFF002983
:1097500043D04C4541D0002A3DD10235AD08012D02
:1097600038BF012501FB0544E4B24C45A8BF34468F
:10977000D97F5A7FC90705D5974203D2944207D2B1
:10978000541EE4B2944203D2997F032998BF144631
:1097900093F9041018464C45A8BF34460191FFF7D1
:1097A00002FD019942B22046FFF7ACFF0646B8F130
:1097B000000F06D0FFF767F87F2802D0F5F714F9FD
:1097C0000746BE4238BF3E46F6B2304603B0BDE85B
:1097D000F043F5F7F3B80125C4E70028C8D00134F9
:1097E000E4B2C5E758180020D023002038B515464C
:1097F00004461A4678B19DF81030FFF797FFF5F749
:10980000F3F845B1E27F12F0010305D101231A43B9
:10981000A3776077E27738BD627F824205D8A37F65
:10982000032B28BF03230133DBB2A3776077F2E772
:1098300070B50E4680B1FFF7B6FC094B05461878A7
:10984000F5F7BCF8044626B1FFF71DF87F2818BFCE
:109850000446601B40B270BD6FF07F00FBE700BFA5
:10986000D023002070477047004870477C4B002091
:1098700008B500F099F8034B1B780BB9024A137036
:1098800008BD00BF7A4B00207B4B00200122024B19
:109890001A70024B187070477A4B00207B4B0020E7
:1098A00008B518F061FF042816BF024B0120187894
:1098B00008BD00BF7B4B00202DE9F3416D461F46DC
:1098C00085E8060006469DF820800E48F4F770FEF5
:1098D000044618B9204602B0BDE8F08195E80C00B6
:1098E000D4E906011BF0FBFB50B1238CB34207D136
:1098F00094F82630BB4203D194F827304345E9D091
:109900002046E3E75C510020F8B5061D05463046C9
:10991000F4F74EFE0446124F4CB9FDB129461148EA
:10992000F4F7FAFE2846BDE8F840F1F753BD2146AA
:109930003046F4F7F1FE2046F1F74CFD3B782BB9A9
:10994000724692214DF24B20EEF760FF3B78304695
:10995000013B3B70F4F72CFE0446DDE7F8BD00BF89
:10996000585100205C51002010B50D4B1B784F2B37
:1099700014D90C48F4F71CFE044628B974B12046EB
:10998000BDE81040FFF7C0BF226903699B1A34EAA3
:10999000230428BF0446F4F70BFEEEE710BD00BF1A
:1099A000585100205C5100200148F4F7F3BD00BF7E
:1099B0005C5100202DE9F04387B0054602F090F895
:1099C000002800F0AA80284602F008F904AE2946D3
:1099D0000746304602F0E9FA284602F069FD039096
:1099E000284602F06FFD0090039B384696E806007B
:1099F000FFF762FF044688BBFFF7B6FF2C21022069
:109A0000FEF760FC044628B9FEF70CFA032007B005
:109A1000BDE8F0834FF000082C2200211BF0B5FBBD
:109A2000201DF4F7B7FD84F82880EEF7B1FB21463E
:109A30002061A4F822803F48F4F7E5FD96E8030092
:109A400004F11803278483E80300284601F094F901
:109A5000C0010ABF4FF4E13360616361284602F040
:109A6000A6F804F1040906464846F4F7A1FD0746A6
:109A700058B9FFF779FF70210220FEF723FC064654
:109A800040B92046FFF740FFBEE7BB88B34246D04F
:109A90003846EAE7284601F0C5FF7022804639467D
:109AA00030461BF072FB284602F081F8A6F80680CB
:109AB000B080284601F0CBFF4246014606F108007F
:109AC0001BF03CFB31464846F4F79DFDA38C28462D
:109AD0004344A38402F0ECFC84F82600284602F0FC
:109AE000F1FC84F82700284602F064F8022806D129
:109AF0000123B08884F828308044A4F822800E4ADC
:109B000013780133137040F2DC53B2889A4206D9BD
:109B10002046FFF7F9FEFEF785F9022077E794F873
:109B200028302BB1608CA38CC01A18BF01206EE7BF
:109B300001206CE75C51002058510020F0B585B041
:109B40000646084602A981E80C009DF82C300093D7
:109B500006C99DF82830FFF7AFFE0446C0B190F863
:109B6000280058B1628CA38C9A4211D1201DF4F7C1
:109B70001FFD40F2DC57054615B9608C05B0F0BDFD
:109B8000A888B84206D92046FFF7BEFEFEF74AF97C
:109B90000020F3E7EA8805F1080130441BF0CEFA13
:109BA0002846F4F705FD0546E6E71FB502AC84E854
:109BB00006009DF81820009294E80600FFF77CFE4E
:109BC00020B104B0BDE81040FFF79EBE04B010BD48
:109BD00070B50C48F4F7ECFC0446EEF7D9FA0546EC
:109BE00004B970BD2046F4F7E3FC23696269EB1AFF
:109BF0009342064604D92046FFF786FEFEF712F987
:109C00003446EDE75C51002000232DE9F04100F1DE
:109C100008068AB0054631466846089302F0F0F916
:109C2000DDF80080BDF80430CDF81C80ADF82030A0
:109C3000B8F1000F06D1002128460AB0BDE8F04176
:109C40001AF0E4BA304602F0CEFA07AC30B14F4B0E
:109C50001A689B880792ADF8203067E094E803000B
:109C6000FAF707F90746002840F0898018F1020F3B
:109C70002BD10146304602F0C9FB94E80300FBF704
:109C800007F8E0B118F01BFE024678B1FBF722F8A6
:109C9000A8B104A8FBF778F8049B02A80793FBF788
:109CA00073F83A46BDF80C30ADF8203094E8030064
:109CB000F7F7E4FCB0FA80F04009002836D02846D7
:109CC0000AB0BDE8F04100F071BC95F8C230DA0787
:109CD00007D51B07AFD42D4B1A689B880792ADF8A8
:109CE0002030002294E80300F7F7C8FCC0B994E8DC
:109CF0000300F5F74DFCC8B9304601F057FE0028C7
:109D000099D0304602F081FA012894D0304602F012
:109D100015FA01289BD0F7F799FB0028CFD096E7DA
:109D2000F7F7C4FEFEF737FD0028E0D094E8060000
:109D3000304601F0DDFF304601F038FE70B90020FA
:109D4000294695F8C23060F3C30385F8C230104B42
:109D500018680AB0BDE8F041FEF770BC304601F06B
:109D6000DEFF0028EBD1304600F074FF0028E6D17A
:109D7000304602F0E3F9003818BF0120E0E7022185
:109D80002846FEF791FC2946024BE1E75CA4030854
:109D9000F86000206C5100202DE9F041734F92B023
:109DA0003868F1F7CBFC044600283ED0FEF77EFC75
:109DB000C0B20138032878D8DFE800F0023C27D38E
:109DC00004F10805284601F0F1FD88B1284602F0AB
:109DD00051FB38B1664E2846317802F045FB3378A6
:109DE00001333370284602F0A9F908B1FEF732F8C2
:109DF00004AE304618F098FC96E80600284601F0BC
:109E00004BFF2046FFF700FF07E018F056FD002843
:109E1000F7D0002120461AF0F9F93868F1F7A8FCCC
:109E200018B100213868F1F767FC4FF0FF3012B02D
:109E3000BDE8F08120460DF10F0100F0E0F8044686
:109E40000028EAD000F10805284601F0D6FD0028D8
:109E500040D010AE2946304602F0D2F896E8030012
:109E6000DDF84080FAF705F898B118F07DFC042879
:109E70000BD118F1020F08D106AE304618F054FC91
:109E800096E80600284602F0F0F820461AF0FEFA9E
:109E9000C3E7B8F1FF3F0CD120461AF0F7FA18F0EB
:109EA00086FD10B19DF80F307BB92046F1F792FA8C
:109EB000B3E7284602F084F90028F0D096E80300C2
:109EC000F3F782FA0028E7D1E9E703212046FEF7FD
:109ED000EBFB96E7284601F080FD002838D02946A4
:109EE00010A803F0F1F8109B29460EA8049303F084
:109EF000EBF8BDF83C3029460CA8ADF8143002F060
:109F000054F80C9B29460AA8069302F04EF8BDF8B7
:109F10002C302046ADF81C30059BDDE9061200937D
:109F2000049B00F011FC2046FEF78AFB08AE0121DD
:109F30002046FEF7B9FB304618F0F6FB96E806001F
:109F4000284601F0A9FEEEF729F9C4F8BC0058E74D
:109F5000284601F032FD0028A7D0204600F010FD71
:109F6000A3E7204600F0D4FC9FE700BF6C5100201F
:109F7000685100207FB500F085F800F09DFC00F0EE
:109F800049FA1BF0BFF8C8B11422002101A81BF048
:109F9000FCF80C4B6846009316238DF804300A4BEE
:109FA00002934FF448730493F0F76AFFF1F74CFB08
:109FB000064B186000F0B4F900F058FA07B05DF8ED
:109FC00004FB00BF3A5C0308999D01086C51002016
:109FD000024B01461868FEF731BB00BF6C510020F0
:109FE00008B5F8F795F8F6F71AF9F9F79FF90DF0B3
:109FF0003DF900F0E1FABDE808401AF0B1B9F8B552
:10A00000012300F1080704460B7038460D4601F0A5
:10A01000CDFC38B12046FEF767FA28B12046F1F7AB
:10A02000D9F900242046F8BD384602F0DCF878B1B2
:10A03000204600F02FF801280FD002281AD000285F
:10A04000ECD0724631214CF65F10EEF7DFFB04E0F6
:10A05000384602F073F80028EAD12B78002BE1D0C3
:10A06000384602F06BF8022807D1204600F078F954
:10A070002870D7E700232B70EFE7384602F024F969
:10A08000F6E700004FF49662002101481BF07DB80E
:10A09000705100202DE9F04F00F1080A95B05146AB
:10A0A00004460CA801F081FF0C9B51460EA810AD90
:10A0B000019301F07AFFBDF83C302846029318F076
:10A0C00033FB019B0A93029BADF82C30DDE90A01BA
:10A0D00095E80C001BF003F8054618B1002015B0F8
:10A0E000BDE8F08F2046FEF7B4F90690504602F026
:10A0F0000BF90790504602F021F8461E7342734157
:10A1000003900993EEF732F8B0F5803F06464AD344
:10A11000EEF744F84FF0000B019B069A1293029B56
:10A12000FF270490861AADF84C30EEF737F8D84682
:10A13000DFF86C910890059712AB0CCBD9E90301BD
:10A140004C461AF0CCFF50B11822554B02FB083395
:10A150005B7D079A03F07F03934200F09D80D9F85E
:10A160000C303BB318224E4B02FB083393F91530E9
:10A17000002B0BDBFF2FD9F804301ED0089AD11A20
:10A18000A2EB0B02914284BF47469B4608F10108AF
:10A19000B8F1320F09F11809CED1059B404CFF2BC5
:10A1A0000ED01F4617E02046FEF75EF9B6B2B04269
:10A1B000AED393E7CDF81480E8E747469B46E5E742
:10A1C000039B012B28D0182303FB07439B68F31A3A
:10A1D000332B83D401251823A846012503FB07440C
:10A1E000019BE360029B2382049B099A6360637D69
:10A1F000504662F3C713637502F037F907466DB135
:10A20000C8F10003079A2360637D207562F306039B
:10A21000A6606375012062E7039DDCE7227D121AC8
:10A220001006D3B21BD5A368F31A13F5806F03D5BC
:10A23000EDF7B4FFA0F58066237D2268FB1ADBB240
:10A24000202B8FBF0023520003F1FF3342F00102A5
:10A2500098BF02FA03F32775A6602360DAE7013B93
:10A26000DAB21F2A04D8226822FA03F1C9070DD5F1
:10A27000069B03F58060049BC01AA368D8427FF553
:10A280002DAF002327752360A660C3E7012000FAE5
:10A2900003F31343236022E74FF00008A4E700BF55
:10A2A000705100202DE9F047EDF778FF00250E4CA6
:10A2B0000646A2464FF01809A84663681834F71AF4
:10A2C00009FB05A3587D013500F07F0000F024FC58
:10A2D000B7EB802F84BF44F80C8C24F8088C322D07
:10A2E000EBD1BDE8F08700BF7051002038B50B4DB1
:10A2F0002868F1F723FA044628B105F0C1FC10B92B
:10A300002046F1F767F82868F1F732FA18B1002112
:10A310002868F1F7F1F94FF0FF3038BD20560020E2
:10A320007FB51422002101A81AF02FFF094B6846BF
:10A3300000931A238DF80430074B02934FF42F73C8
:10A340000493F0F79DFDF1F77FF9044B186007B017
:10A350005DF804FB325C0308EDA2010820560020E2
:10A36000F7B51D4F00F108043B788BB1204601F092
:10A3700027FF68B16D462146284601F041FE95E869
:10A380000300F3F721F848B10021204601F082FFD5
:10A39000204603B0BDE8F04001F096BF204601F032
:10A3A00093FF0646204601F030FF88B9204601F0B1
:10A3B00054FF39780D18204601F064FFA84203D8F5
:10A3C000204601F05FFF05462046E9B201F062FF3A
:10A3D000304603B0F0BD00BF24560020014B18707A
:10A3E000704700BF2456002008B5FFF7F9FD18F0AC
:10A3F0006AFA38B1EDF7C6FE00F5742303F5107361
:10A40000184608BDEDF7BEFE014B0344F8E700BF58
:10A41000C0E1E4007FB51AF075FEE0B1142200211E
:10A4200001A81AF0B2FE0D4B00931E238DF80430E4
:10A430000B4B02934FF4FA63049301238DF814300D
:10A4400018F041FA074B084A002808BF134668462F
:10A450000393F0F715FD07B05DF804FB835503087F
:10A46000E9A3010840420F00C0E1E40000B5134831
:10A4700089B0FDF7FFFF0BF001F9114B01211860C6
:10A480000A2300934FF47A731A460BF013F914223F
:10A49000002103A81AF079FE0A4B02A802931E239A
:10A4A0008DF80C30084B04934FF47A730693F0F751
:10A4B000E7FC064B188009B05DF804FB2856002025
:10A4C00058560020385C0308DDA401085C560020C3
:10A4D0000148FDF7E1BF00BF285600202DE9F341F8
:10A4E0002548FDF76CFF044638B10321FEF7DCF880
:10A4F000224B21461868FEF7A1F8FFF7E9FF204E2E
:10A50000014698B301213088F0F746FDF7F7E2FCE9
:10A510000546EDF737FE04461DB300212846F7F740
:10A520007FFDF0B104F5433404F5A074154FD7F85E
:10A530000080EDF727FE0546F1F704FB291A404697
:10A540000BF0C2F848B10DF1070138680BF0F5F8CF
:10A5500000F132013088F0F73DFD204602B0BDE841
:10A56000F08104F5F41404F59064DFE73088F0F727
:10A5700013FD4FF0FF34D9E7285600206C5100201E
:10A580005C5600205856002010B5FFF7A1FF48B1D7
:10A59000054C2088F0F710FD20B92088BDE8104058
:10A5A000F0F7C0BD10BD00BF5C5600200149FDF7AB
:10A5B000F7BE00BF285600200022042311460148A0
:10A5C000FDF7BABF28560020024B187A00F00100B0
:10A5D000704700BF6056002000B597B00DF106002F
:10A5E0000DF1070202A918F08FFA9DF8070017B0C5
:10A5F0005DF804FB2DE9F0418CB018F0B5F80428A3
:10A600007AD0FAF767FB002876D0F7F775FCFF28B9
:10A61000054671D008AF3846FAF79EFBFFF7DCFF1E
:10A62000374B064693E803001A7A0AACD30784E84E
:10A63000030008D594E80C0097E803001AF04FFDDA
:10A6400008B1B54258D02046FAF79EFB94E80300C3
:10A650000022F7F713F8054600284DD0F5F76CFFF8
:10A66000002849D10320FDF7F9FF0646002843D012
:10A6700002AC29462046F7F75AFC06AD3846FAF7F1
:10A680006BFB94E8030085E8030097E8030004AB44
:10A6900083E8030006F108080091034695E80600E8
:10A6A000404602F0EEFC30460121FDF7FDFF94E844
:10A6B0000600404601F01CFB284618F035F895E8E6
:10A6C0000600404601F0E8FA94E80C00F421084640
:10A6D00000F058FA0146404601F006FF94E80C00ED
:10A6E000F421084600F074FA3146064B18680CB0A5
:10A6F000BDE8F041FDF7A2BF0CB0BDE8F08100BF9E
:10A7000060560020F860002000B597B00DF10600FB
:10A710000DF1070202A918F0F7F99DF8060017B02D
:10A720005DF804FB07B501460DF107020DF10600C7
:10A7300018F0EAF903B05DF804FB08B5FFF7E4FF91
:10A74000BDE80840F3F70CBF82B02DE9F047A2B096
:10A750000BAD2AAF804604AE284686E8060047F8CF
:10A76000043FF8F7F9FFFFF737FF97E80C00DFF831
:10A7700070A081469AE8030009AC84E803001AF04F
:10A78000AEFC88B19AF80830DB070DD594E80300D9
:10A79000012285E803008DF83490F9F78AFB002147
:10A7A000FAF70CFD8DF8350007AF38460EAC18F0FF
:10A7B000BDF92046FFF7B6FFFFF7A6FFCDE901750B
:10A7C0000094034696E8060008F1080002F0EDFB4D
:10A7D0002846F8F7B5FF22B0BDE8F04702B0704751
:10A7E00060560020F0B500242F4D8BB055F8043B87
:10A7F0001BB101349847062CF8D12C4A02AB92E8E1
:10A80000030004AA83E8030082E8030018F0BAF802
:10A81000002846D00320FDF721FF0546002840D040
:10A82000234C059B94E806000093049BFFF78CFFE4
:10A8300005F1080628460121FDF736FF08AF012182
:10A84000304601F09FFC384617F06EFF97E806008F
:10A85000304601F0C2FB94E80600304606AF01F036
:10A8600047FA384617F060FF97E80600304601F0D7
:10A8700013FA94E80C00F321084600F083F901462E
:10A88000304601F031FE94E80C00F321084600F058
:10A890009FF92946074B18680BB0BDE8F040FDF75B
:10A8A000CDBE0BB0F0BD00BF6C560020605600203E
:10A8B0005CA403086C5100207FB50023124CC4E94E
:10A8C0000033A3601AF01EFCA0B117F04DFF04285E
:10A8D00010D16D46284617F027FF95E8030002AB1C
:10A8E00083E80300237AC4E9000143F001032372E3
:10A8F000FFF778FF054819F091FE237A43F0020331
:10A90000237204B070BD00BF60560020F5A5010899
:10A910007FB5054617F028FF04282CD15DB395F8C4
:10A920006030FF2B27D06E46304617F0FDFE96E8CC
:10A930000300124B02AC1A7A84E8030083E8030098
:10A9400042F0010220461A7217F0EEFE94E803006E
:10A95000FAF79EF930B9724640F2151149F6BD700A
:10A96000EDF754FF95F8600018F004F904B0BDE865
:10A970007040FFF737BF04B070BD00BF60560020C5
:10A980002DE9F041A0B000F1080509AE3146284696
:10A9900002F055FB17F0E8FE04286CD03046F8F7BB
:10A9A000CFFE002867D001AC2946204601F062F9AD
:10A9B00094E803000022F6F761FE00285BD03146E0
:10A9C000F7F709FAF7F786FA0146002853D003AFE4
:10A9D0003846F7F7ACFA97E80C0094E803001AF051
:10A9E0007EFB002847D096E80C00244F05AC97E882
:10A9F000030084E803001AF072FBB846A8BB28469F
:10AA000002F039FB4F2836D90CAA0DF10301284674
:10AA100002F023FB9DF8030018F09CF807AC0CA88B
:10AA200018F09EF896E8030084E8030088E8030025
:10AA30009DF82C0018F09EF83B7A284643F001035D
:10AA400021463B7202F0F1FA054640B9204618F063
:10AA50006DF8FFF7C1FDFF2808BF8DF82050204694
:10AA600018F03CF8FFF7BEFE05E0FFF7B5FD9DF8D6
:10AA70002C308342C3D120B0BDE8F0816056002065
:10AA8000124A10B500230446104652F8041B69B957
:10AA900040F8234017F068FE042815D10C4B1B7AB0
:10AAA0009B0711D52346BDE810401847A1420BD0A3
:10AAB0000133062BE9D17246BDE8104040F20D216A
:10AAC00049F6BD70EDF7A2BE10BD00BF6C56002068
:10AAD0006056002010B5044617F0F5FE054AC0EB9D
:10AAE000C00013181258204622609A889B79A280D1
:10AAF000A37110BD405C0308032808D088BF002064
:10AB0000044B03EB80008078C0F380107047022074
:10AB1000704700BF4E5C0308032810B5044605D9F2
:10AB20007246B9214BF25370EDF770FE014B33F8CA
:10AB3000240010BD4E5C0308042928BF00210A4AE6
:10AB400010B502EB8102D37803F00703C3F10803C9
:10AB500000FB03F40846FFF7DFFFE408A04228BF2C
:10AB6000204680B210BD00BF4E5C0308042828BFF9
:10AB70000020034B03EB80008078C0F34010704747
:10AB80004E5C030882B002A901E90C00014B187861
:10AB900002B070478656002082B002A901E90C007D
:10ABA000014B187802B070478656002082B002A987
:10ABB00001E90C00014B188802B070478456002050
:10ABC00082B0BDF8080002A901E90C0002B070478C
:10ABD00082B002A901E90C00024A13780133137014
:10ABE00002B0704786560020024A13780133137072
:10ABF000704700BF8656002082B002A901E90C0010
:10AC0000024A13780133137002B070478656002051
:10AC100010B5034C208800F005F8208010BD00BF5F
:10AC2000845600200130C0F30B00704730B585B06A
:10AC30006C46014602AD204601F038F8284617F070
:10AC400073FD95E80C0094E8030005B0BDE83040C2
:10AC50001AF045BA30B585B06C46014602AD2046C3
:10AC600001F008F8284617F05FFD95E80C0094E81D
:10AC7000030005B0BDE830401AF031BA70B50446A3
:10AC80009EB088B16D46014602AE284600F0F2FF44
:10AC9000304617F049FD96E80C0095E803001AF0DD
:10ACA0001EFA20B1FDF7A4F800201EB070BDBDF85B
:10ACB0000420BDF80C309A4203D14FF48030FBF7EA
:10ACC0001FF9204600F0A8FF0428EDD801A353F88F
:10ACD00020F000BFE9AC01083BAD010851AD01080F
:10ACE000A9AC01083BAD01086822002104A81AF0B4
:10ACF0004CFA204600F02BFB0B2824D00C2806D061
:10AD00000A28D1D1204604A900F03DFB09E02046E5
:10AD100000F0BAFB4028C7D8204600F0A7FB8DF80A
:10AD200024009DF82400FDF736FD0028BCD09DF8D6
:10AD30005800FDF7E3FC0028B6D020461EB0BDE861
:10AD4000704001F0F9B8204604A900F058FBE8E78C
:10AD5000204600F067FE6628A6D8204601F0E1F8FC
:10AD600000F028F801289FD1204601F0DCF800F01F
:10AD700021F8022898D1E0E7002313B50DF1060170
:10AD80000446ADF8063000F06BF930B9204601F00A
:10AD9000BBFAFFF7C1FEADF80600BDF8060002B031
:10ADA00010BD0622C0210AF088B90B460622C02138
:10ADB0000AF06DB900223F210AF07FB90B4600224C
:10ADC0003F210AF064B938B504460D460121FFF76A
:10ADD000ECFF657038BD08B502F0D0F810B10089FD
:10ADE000033080B208BD70B5044616460D4601B169
:10ADF0002AB97246142144F28A50EDF707FD204625
:10AE0000C4E90055A66070BD67B5064628B972460C
:10AE1000202144F28A50EDF7F9FC35682846FFF707
:10AE2000C9FF88B1306800F02DF8019001A8FFF744
:10AE3000D2FF33680544AB4206D0B368AB4203D9B6
:10AE40002846FFF7B7FF00B90025284603B060BDCC
:10AE50007FB50D4619B90024204604B070BD01AE7F
:10AE600007C886E80700019C002CF4D02046FFF7B5
:10AE7000A1FF0028EFD08542EED03046FFF7C4FF97
:10AE80000190F0E77047704710B504460068FFF77F
:10AE900088FF032816D8DFE800F002070B112046D0
:10AEA00001F0D2FF013007E023685878023010BD6E
:10AEB0002368B3F80100033080B2F8E7204601F0C0
:10AEC000C0FFEFE70020F2E710B504460068FFF787
:10AED00068FF032814D8DFE800F002070A0E2046B6
:10AEE000BDE8104001F0B0BF2368587810BD23685A
:10AEF000B3F80100FAE7204601F0A3FF80B2F5E7BE
:10AF00000020F3E710B5044628B97246072140F641
:10AF1000FB30EDF77BFC204600F07EFE032814D8C2
:10AF2000DFE800F01504020CB92010BD204601F046
:10AF3000F9FA002814BFB9203020F6E704F1130015
:10AF400001F008FC1330C0B2EFE70020EDE7A020CD
:10AF5000EBE710B5044601F1AB021331FFF743FFF5
:10AF6000204610BD70471330704738B505460C4673
:10AF700091F9011001F0D6FB284694F9001000F079
:10AF8000C4FF284694F9021000F0C4FF284694F943
:10AF90000310BDE8384000F0C2BF38B50C46054686
:10AFA00001F0C3FB6070284600F0ACFF207028461B
:10AFB00000F0ADFFA070284600F0AEFFE07038BD95
:10AFC00070B588B06C46064684E8060003A81422D3
:10AFD00000211D461AF0D9F894E8030016238DF8D5
:10AFE0000C3004AB83E80300BDF8303002A80296B1
:10AFF0008DF81950ADF81A3000F0E3FA08B070BDC2
:10B0000010B5044600F008FE012807D1204600F0E4
:10B0100014FBA0F110035842584110BD0020FCE77A
:10B0200010B5044600F0F8FD012807D1204600F0D5
:10B0300004FBA0F111035842584110BD0020FCE769
:10B0400010B5044600F0E8FD012807D1204600F0C5
:10B05000F4FAA0F121035842584110BD0020FCE74A
:10B06000F8B507460E4600F0A1FC054610B90025CC
:10B070002846F8BD384601F01BFA0446384601F070
:10B0800021FAEF2CF3D9EF28F1D9FF2C03D1F028C6
:10B09000EDD1002310E0F02C03D1FF28E7D10123EC
:10B0A0000AE0F12C03D1F128E1D1022304E0F52CD0
:10B0B000DDD1F628DBD10323024A02EB83035B8850
:10B0C0003380D5E75E5C030870B505460C4691F801
:10B0D00051300022012109F0DAFF284694F84D3062
:10B0E0000122BDE87040022109F0D1BF38B5044605
:10B0F0000D4617F0E8FB0146204601F059FC17F019
:10B10000E2FB0146204601F061FC204695F848101C
:10B1100001F040FC204695F85210BDE8384001F09F
:10B1200076BC73B50C4605466E4601F004FB294615
:10B130006060304600F09EFD96E8030004F11803BD
:10B1400083E80300284604F14901FFF726FF28465B
:10B1500001F0FDFAA07502B070BD38B500220C46B2
:10B160000121054609F0A9FF003818BF012001227E
:10B1700084F851000221284609F09FFF003818BFCB
:10B18000012084F84D0038BD38B50C46054601F065
:10B19000FDFB84F84800284601F001FC84F84E00CD
:10B1A000284601F00AFC84F85000284601F021FCF2
:10B1B00084F8520038BD000037B504460D46B3226E
:10B1C000002119F0E2FF2046002100F036FD29465B
:10B1D0006D4604F11300FFF7F1FD284617F0A4FABD
:10B1E00095E80600204600F057FD064B204693E800
:10B1F000060000F07DFD204603B0BDE8304001F0C0
:10B200006ABA00BF5CA4030870B50C4605460A2163
:10B21000FFF7D2FF214605F11600FFF755FF214643
:10B2200005F11700FFF762FF237D04F140062B763E
:10B23000A3683246C5F81930E36804F13C01C5F84B
:10B240001E30637D05F122006B7701F0BDFC04F137
:10B25000470101F009FD04F1300101F04CFC00222E
:10B26000314601F06FFD94F863302BB104F15701C2
:10B27000BDE8704001F0CEBD70BD70B50C4605460E
:10B280000B21FFF799FF214605F11600FFF71CFF80
:10B29000214605F11700FFF729FF237D04F1400641
:10B2A00032462B7604F13C0105F1190001F08CFCCB
:10B2B00004F1470101F0D8FC04F1200101F0AEFBDC
:10B2C00004F1300101F017FC3146BDE87040002266
:10B2D00001F038BD2DE9F0439DB0DDE92459402D42
:10B2E0000446884617461E4606D9724640F20511A6
:10B2F00046F24C70EDF78AFA0C212046FFF75CFF0E
:10B300006822002102A819F040FF02A904F11600EA
:10B31000FFF7ECFED8F80030E776C4F81730E661A6
:10B3200095B104F120000D210190FFF747FD019830
:10B33000E9B2FFF748FD2A46494604F123001DB053
:10B34000BDE8F04319F0FABE1DB0BDE8F08310B5BA
:10B35000044600F061FC28B904F11300BDE8104078
:10B36000FFF728BD002010BD10B5044600F054FCC6
:10B3700038B92046FFF7EBFFA0F10A0358425841C5
:10B3800010BD0020FCE770B505460C46FFF7ECFF4A
:10B39000064618B368220021204619F0F6FE022363
:10B3A000214623702846FFF7BCFE214605F1160012
:10B3B000FFF7D3FE214605F11700FFF7E5FE2B7ED0
:10B3C00023756B7F6375012384F8553084F85630FC
:10B3D000D5F81930A360D5F81E30E360304670BD53
:10B3E00010B5044600F018FC38B92046FFF7AFFF4F
:10B3F000A0F10B035842584110BD0020FCE770B586
:10B4000005460C46FFF7ECFF0646B0B16822002166
:10B41000204619F0BAFE0123214623702846FFF783
:10B4200080FE214605F11600FFF797FE214605F143
:10B430001700FFF7A9FE2B7E2375304670BD10B5AF
:10B44000044600F0E9FB38B92046FFF780FFA0F181
:10B450000C035842584110BD0020FCE710B50446CB
:10B46000FFF7EDFF08B1D4F8170010BD10B5044682
:10B47000FFF7E5FF00B1E07E10BD10B50446FFF711
:10B48000DEFF00B1E06910BD13B50446FFF7D7FF3A
:10B4900040B104F12000FFF7F6FC019001A8FFF78E
:10B4A00013FDC0B202B010BD10B50446FFF7C7FFD0
:10B4B00008B104F1230010BD7FB50C4600F1AB02CA
:10B4C00000F1130101A8FFF78EFC04F13C0604F122
:10B4D0004005019894F8543058B943B1D4E9062393
:10B4E000D4E90C0119F0FBFD0E2384F8453004B0BB
:10B4F00070BD002B0CBF2A460022314601F00DFB27
:10B5000028B1012384F8533084F8543008E00198BE
:10B5100004F1470101F09AFB38B1012384F864304B
:10B5200001A8FFF771FC0190D3E7019804F1200115
:10B5300001F0A2FA0028F3D1019804F1300101F0E2
:10B54000C5FA0028ECD12946019801F09BFB08B10F
:10B550000123D9E7019804F1570101F037FC0028D5
:10B56000DED0012384F86330DAE770B506460D4675
:10B57000FFF709FF044660B129463046FFF79CFFFC
:10B5800096F8AB30012B04D12846BDE870400DF091
:10B590004FBE204670BD70B506460D46FFF72FFF23
:10B5A000044660B129463046FFF786FF96F8AB3077
:10B5B000012B04D12846BDE870400DF03EBE204668
:10B5C00070BD30B504460068217D8BB000F11305D5
:10B5D00079B30023C0F81330AB802422002101A8E6
:10B5E00019F0D3FD234653F8082B0092012293E86B
:10B5F00003008DF8042002AA82E8030004A817F0D3
:10B6000093F8637C8DF81830638AADF81A30237C88
:10B610008DF81C3017F092F80890684600F025FC71
:10B6200028462179FFF7CAFB206801F054F80BB0D7
:10B6300030BDB32219F0A9FDCFE710B5044600F0E4
:10B64000EBFA012805D104F11300BDE81040FFF723
:10B65000B1BB002010BD70B50B7D00F11606C3759F
:10B660008B680C4683614B7D05460377CB68C0F839
:10B670001D3091F84810304601F08CF917F023F98D
:10B680000146304601F094F917F01DF901463046A5
:10B6900001F09CF917F076F90146304601F0A4F963
:10B6A00094F8543043B104F1400105F12100012226
:10B6B000BDE8704001F046BB70BD2DE9F04186B099
:10B6C0000C4605466E4601F036F829466060304665
:10B6D00000F0D0FA96E8030004F1180383E80300B1
:10B6E000082301272370EB7D05F116062375AB694E
:10B6F0003046A3602B7F84F85570637584F85670CC
:10B70000D5F81D3005F11308E36001F03FF984F826
:10B710004800304601F043F984F84E00304601F00D
:10B720004CF984F85000304601F055F904F1490114
:10B7300084F84F002846FFF730FC414603A805F186
:10B74000AB02FFF750FB372103A8FFF781FB30B1B5
:10B7500004F1400101F096FA08B184F8547006B083
:10B76000BDE8F0810176C2757047037E0B70C37D22
:10B770001370704708B5FFF743FC88B9094800F01B
:10B780004BFA012801D0002008BD0648FFF755FFFD
:10B790002028F8D1044B93F82500C0F38000F3E78C
:10B7A0000120F1E70B660020FC65002010B504467F
:10B7B00000F032FA012807D12046FFF73EFFA0F142
:10B7C00013035842584110BD0020FCE710B5044651
:10B7D00000F022FA012807D12046FFF72EFFA0F142
:10B7E00023035842584110BD0020FCE701230022EA
:10B7F0001946163009F04BBC0022012108B516305D
:10B8000009F05BFC003818BF012008BDFFF7EEBF50
:10B81000FFF7F2BF0B4603220821163009F037BCB0
:10B820000322082108B5163009F047FC003818BF7C
:10B83000012008BD0B4605222021163009F027BC47
:10B840000522202108B5163009F037FC003818BF52
:10B85000012008BD0B4606224021163009F017BC16
:10B860000622402108B5163009F027FC003818BF21
:10B87000012008BD0B4604221021163009F007BC38
:10B880000422102108B5163009F017FC003818BF43
:10B89000012008BD0B4601220221163009F0F7BB3A
:10B8A0000122022108B5163009F007FC003818BF44
:10B8B000012008BD012302220421163009F0E7BB54
:10B8C0000222042108B5163009F0F7FB003818BF32
:10B8D000012008BDC1757047C07D7047C1757047B4
:10B8E000C07D70470B7883754B78C3754B68836157
:10B8F0007047837D0B70C37D4B7083694B607047CD
:10B900000B78C3754B7803764B68C0F819307047D5
:10B91000C37D0B70037E4B70D0F819304B607047BD
:10B92000F0B585B0BDF8287002AD662F04461E46FE
:10B9300085E8060005D97246242147F27950ECF7D4
:10B9400065FF2046022100F078F90097204695E82F
:10B950000600334600F0FBFC204605B0BDE8F04091
:10B9600000F08ABD70B5044686B0BDF8286004AD0D
:10B9700085E80600B3220021039319F006FC009627
:10B9800095E80600039B2046FFF7CAFF04F12A0052
:10B9900003210390FFF712FA0398F1B2FFF713FAAD
:10B9A000204606B0BDE8704000F095BE08B500F036
:10B9B00033F9831E5842584108BD10B5044600F0C3
:10B9C0002BF9022807D1204600F07CFDA0F1F303FB
:10B9D0005842584110BD0020FCE710B5044600F065
:10B9E0001BF9022807D1204600F06CFDA0F1F403FA
:10B9F0005842584110BD0020FCE710B50446FFF73F
:10BA0000D5FF18B9002000F0010010BD2046FFF757
:10BA1000D4FF0028F6D12046FFF7DFFF80F00100B9
:10BA2000C0B2F0E713B5044600F05AF828B120463A
:10BA300002B0BDE8104000F043B804F12A00FFF75F
:10BA400022FA019001A8FFF73FFA02B010BD10B52D
:10BA50000446FFF7ABFF28B1204600F041F810B1D3
:10BA600004F1310010BD04F12D00FBE7EF2894BF75
:10BA700000200120704710B5044600F019FDF5289C
:10BA800007D1204600F01EFDA0F1F50358425841B1
:10BA900010BD0020FCE710B5044600F009FDF728B2
:10BAA00007D1204600F00EFDA0F1FF035842584197
:10BAB00010BD0020FCE70431C9B22A30FFF783B97A
:10BAC00007B52A30FFF7DFF9019001A8FFF7FCF96D
:10BAD000032892BF0020043880B203B05DF804FB55
:10BAE00008B52A30FFF766F9031F5842584108BDD0
:10BAF00013B50B4690F82D2090F82E10044642EA1C
:10BB00000122ADF806204FF440410E220DF106004F
:10BB100009F0E4FABDF80630A4F82D3002B010BDEB
:10BB200013B50B4690F82D2090F82E10044642EAEB
:10BB30000122ADF8062040F6FF7100220DF106004B
:10BB400009F0CCFABDF80630A4F82D3002B010BDD3
:10BB500070B5044686B00A9D04AE86E80600B3229E
:10BB60000021039319F011FBAA88039B009296E829
:10BB700006002046FFF7D4FE2E7904F12A000421A6
:10BB8000FFF71CF931462046FFF795FF2046A979BB
:10BB9000FFF7AEFF20462988FFF7C2FF20466B88DB
:10BBA000A4F82F3006B0BDE8704000F094BDB0F8A6
:10BBB0002F00704707B590F82E2090F82D304FF4E5
:10BBC000404143EA02230DF106000E22ADF8063093
:10BBD00009F09AFAC0B203B05DF804FB07B590F81B
:10BBE0002E2090F82D3040F6FF7143EA02230DF12C
:10BBF00006000022ADF8063009F086FA03B05DF8C1
:10BC000004FB0B7C18B9B3FA83F040097047008835
:10BC1000C31A58425841704710B50622C021044645
:10BC200009F04BFA022806D100220721204609F02C
:10BC300044FA042800D9FF2010BD042970B5044639
:10BC40000D4605D972466C214DF2FA50ECF7DEFD37
:10BC5000204602230622C02109F019FA2B4620466D
:10BC6000BDE870400022072109F011BA4078704702
:10BC70004170704737B56D46044600232846D1F819
:10BC8000061000936B6000F07DFE95E8030084E8E9
:10BC90000300204603B030BD82B06B4683E8060047
:10BCA000063093E8060002B000F065BE73B50023CD
:10BCB0006E46044608460D4600937360FFF7ACFFDE
:10BCC00048B94FF0FF33009396E8030084E803007F
:10BCD000204602B070BD03220821284609F0EDF984
:10BCE0000028EED13046D5F8021000F04BFEEBE70D
:10BCF00013B56B46044683E80600023093E806005D
:10BD000000F039FE009B032201330CBF0123002306
:10BD10000821204602B0BDE8104009F0B8B907B5C7
:10BD200001466846FFF7C2FF0098431C584258413D
:10BD300003B05DF804FB01230422102109F0A7B928
:10BD40000422102108B509F0B8F9003818BF012005
:10BD500008BD807C7047817470470022012108B5BE
:10BD60000F3009F0AAF9003818BF012008BD13B53B
:10BD700014460B460F3000220121019009F087F98B
:10BD8000234601220621019802B0BDE8104009F0C7
:10BD90007EB9012206210F3009F08FB9FFF7F9BFF4
:10BDA000007C70470174704710B50446C8B100228A
:10BDB0007F2109F0A9F9013083B200227F212046BA
:10BDC00009F08CF900227F21204609F09DF9012815
:10BDD00007D82046BDE81040022300227F2109F049
:10BDE0007DB910BD0B460722802109F077B90022EA
:10BDF0007F2109F089B9407C70470000002310B50D
:10BE0000034C427CD8B2215C01339142FAD810BD78
:10BE10006E5C030810B50446084609F069FD6074BD
:10BE200010BD042210210E3009F047B90B46042240
:10BE300010210E3009F02BB9002203210E3009F039
:10BE40003CB90B46002203210E3009F020B9022232
:10BE50000C2108B50E3009F030F980B208BDCBB224
:10BE600002220C210E3009F012B937B504462546DE
:10BE700013220021006819F088F955F8080B217980
:10BE8000FFF7DBFE95E806002068FFF731FF22464A
:10BE90006B4652F8105B92E8030083E80300A81D8C
:10BEA00093E8060000F067FD217E2068FFF7C9FFD8
:10BEB000618B2068FFF7D3FF217F206803B0BDE8C6
:10BEC0003040FFF7B3BF013000F003007047052298
:10BED00020210E3009F0F1B80B46052220210E304A
:10BEE00009F0D5B80622402108B50E3009F0E5F872
:10BEF000003818BF012008BD0B46062240210E3035
:10BF000009F0C5B890F90B007047C172704790F9FD
:10BF10000C0070470173704790F90D007047417332
:10BF20007047133070472030704719B1B322002199
:10BF300019F02BB9AB22FBE77FB50146019002A8AF
:10BF4000FFF798FE029838B104A80199FFF7AEFEFA
:10BF50000498003818BF012007B05DF804FB0020EA
:10BF6000704713B504460191FFF720FD019B40B1D6
:10BF70000122022104F1160002B0BDE8104009F0D0
:10BF800086B802B010BD13B504460191FFF70EFD4F
:10BF9000019B40B10022012104F1160002B0BDE86E
:10BFA000104009F074B802B010BD73B500236D469F
:10BFB000044608460E4600936B60FFF72DFE0228EC
:10BFC00004D12846D6F8171000F0DCFC95E80300F1
:10BFD00084E80300204602B070BD37B56C460546C4
:10BFE00084E80600FFF7E2FC40B194E8060005F1A2
:10BFF000170003B0BDE8304000F0BDBC03B030BD59
:10C0000073B500236E46054608460C4600937360E0
:10C01000FFF702FE02280DD12046FFF7C7FC80B1D2
:10C020000322082104F1160009F047F848B14FF047
:10C03000FF33009396E8030085E80300284602B02A
:10C0400070BD2046FFF7B2FC48B10422102104F174
:10C05000160009F032F810B16FF00103E9E730463D
:10C06000D4F81B1000F08EFCE4E773B56D4604466F
:10C070000E4685E80600FFF799FCA8B395E8060090
:10C0800004F11B0000F077FC2046FFF78FFC30B175
:10C0900000230322082104F1160008F0F8FF2046CF
:10C0A000FFF784FC30B100230422102104F11600B4
:10C0B00008F0EDFF731C0DD12046FFF777FC98B117
:10C0C00001230322082104F1160002B0BDE87040EC
:10C0D00008F0DDBF023607D12046FFF767FC18B134
:10C0E000012304221021EEE702B070BD30B585B007
:10C0F0006C46014602AD2046FFF757FF284616F072
:10C1000013FB95E80C0094E8030005B0BDE830404F
:10C1100018F0E5BF30B585B06C46014602AD20464B
:10C12000FFF76EFF284616F0FFFA95E80C0094E83A
:10C13000030005B0BDE8304018F0D1BF10B504468B
:10C14000FFF734FCE0B12046FFF730FC60B9204631
:10C15000FFF72CFC90B10022012104F1160008F039
:10C16000ACFF58B102200AE00122022104F11600BE
:10C1700008F0A3FF0028EAD0012000E0002010BD55
:10C180000320FCE7012938B505460C4602D00229F8
:10C1900008D061B9FFF7E5FE21462846BDE83840E2
:10C1A000FFF7F1BE0021FFF7DCFE0121F5E7724643
:10C1B0004FF4A071BDE8384048F27560ECF726BB3B
:10C1C0001FB50190FFF7F2FB019948B102A8FFF7F4
:10C1D00017FF029800F07F4000F100435842584199
:10C1E00005B05DF804FB13B5014604466846FFF749
:10C1F00007FF009B013306D02046FFF7E1FF00F068
:10C20000010002B010BD0120F9E710B50446FFF7A8
:10C21000CDFB58B12046FFF791FF40B104F11F005C
:10C220000422BDE81040F02108F047BF012010BDF6
:10C2300070B504460D46FFF7B9FB20B12046FFF765
:10C240007DFF08B9E57770BD2B4604F11F00002281
:10C25000BDE870400F2108F01ABF10B50446FFF783
:10C26000A5FB20B12046FFF769FF08B9E07F10BDAC
:10C2700004F11F000022BDE810400F2108F01DBF8F
:10C280000F20704708B5FFF759FF00280CBFFF20AB
:10C290000F2008BD70B504460D46FFF787FB90B12F
:10C2A0002046FFF74BFF70B12046FFF7EBFF04225B
:10C2B000854294BF2B460023F02104F11F00BDE806
:10C2C000704008F0E4BE70BDF8B50446FFF76EFBA1
:10C2D0000546B8B12046FFF798FF07462046FFF70E
:10C2E000BCFF06462046FFF7CDFF0136864228BF39
:10C2F00006462046F1B2FFF79BFF1FB1B74294BF3D
:10C30000002501252846F8BD10B50446FFF775FB4A
:10C3100048B10522602104F1160008F0CEFE042881
:10C3200028BF002010BD0320FCE713B5044601918F
:10C33000FFF73CFB019B40B10522602104F1160090
:10C3400002B0BDE8104008F0A2BE02B010BDF0B5CA
:10C3500087B06D4604461E4600F11303184685E873
:10C3600006000D22002118F010FF0121FEF726FD26
:10C3700095E80600204602AFFFF777FE384616F034
:10C38000D3F997E806002046FFF727FE31462046FE
:10C39000FFF7CBFF009B023315D100212046FFF7AA
:10C3A000F1FE20460021FFF775FF2046FFF7FEFA59
:10C3B000E0B101230722802104F1160007B0BDE897
:10C3C000F04008F064BE04AE304616F0ADF996E8D1
:10C3D0000C0095E8030018F082FE0028DDD116F06D
:10C3E000C3F904280CBF01210221D7E707B0F0BD33
:10C3F00010B50446FFF7DAFA30B12046FFF784FFA4
:10C40000BDE81040FEF7B2BB012010BD13B50446D5
:10C410000191FFF7CBFA019B40B10222042104F104
:10C42000160002B0BDE8104008F031BE02B010BDE9
:10C4300038B50446FFF7BAFA98B104F1160502229E
:10C440000421284608F039FE58B12046FFF7AEFA1D
:10C4500040B107228021284608F02FFE003818BF7F
:10C46000012038BD0120FCE7704708B500F034F822
:10C47000C0B208BDFFF79ABA002300F120020362A0
:10C480004362038502211046FEF798BC38B5044686
:10C490000D46FFF78BFA08B184F8235038BD38B544
:10C4A00004460D46FFF782FA08B184F8245038BDDF
:10C4B00010B50446FFF77AFA10B194F8230010BDC6
:10C4C000FA20FCE710B50446FFF770FA10B194F8B3
:10C4D000240010BDFA20FCE710B50446FFF766FA09
:10C4E00008B194F8250010BD38B504460D46FFF795
:10C4F0005DFA08B184F8255038BD10B50446FFF741
:10C5000055FA08B1D4F8260010BD38B504460D46DA
:10C51000FFF74CFA28B12046FFF7EFFF2844C4F894
:10C52000260038BD10B50446FFF776FB012807D179
:10C530002046FFF782F8A0F116035842584110BD7B
:10C540000020FCE710B50446FFF766FB012807D181
:10C550002046FFF772F8A0F114035842584110BD6D
:10C560000020FCE7F0B589B06C4614271D4606464E
:10C5700084E8060003A83A46002118F006FE94E875
:10C58000030004AB83E80300BDF8383002A802962C
:10C590008DF80C708DF81950ADF81A30FFF711F8BE
:10C5A00009B0F0BD70B505460C46FFF7BBFF064667
:10C5B00090B316F088F905F117060146304600F0F1
:10C5C000F7F916F080F90146304600F0FFF994F8CB
:10C5D0004810304600F0DEF9237D04F130012B765F
:10C5E000A36805F12100C5F81930E368C5F81D30CE
:10C5F00004F1400500F07FFA04F13C012A4600F006
:10C60000E3FA044616F05FF9C8B129462046BDE8B2
:10C610007040002200F096BB16F055F90146042048
:10C6200000F0C6F916F04FF90146042000F0CEF9EB
:10C63000042094F8481000F0ADF97671FFDE70BD6B
:10C64000F7B506460C46FFF76DFF054608B106F143
:10C65000130568220021204618F097FDBDB304237E
:10C660003046237000F067F86F4631466060384608
:10C67000FFF700FB97E8030004F1180383E80300C9
:10C680002F1D04F149013046FEF787FC384600F0C3
:10C690007DF984F84800384600F081F984F84E00AE
:10C6A000384600F08AF984F850006B7921462375EA
:10C6B000D5F806303046A360D5F80A30E360012390
:10C6C00084F8563003B0BDE8F040FEF7F5BE03B085
:10C6D000F0BD98207047022380F8AB30704719B145
:10C6E000002380F8AB3070470AB10123F9E7022339
:10C6F000F7E790F8AB00023818BF0120704790F8B8
:10C70000AB00B0FA80F040097047002914BF012344
:10C71000022380F8AB30704790F8AB00431E5842BC
:10C720005841704780F8AC10704790F9AC007047E2
:10C73000C0F8AF107047D0F8AF00704780F8AE1067
:10C74000704790F8AE00704780F8AD10704790F8D1
:10C75000AD0070470378013BDBB2032B9ABF024A5E
:10C76000D05C0120704700BF7B5C030870B50546B4
:10C770000C460421A0472846082100F09CFD2846CD
:10C780002346BDE870400521184770B504460E46A3
:10C790000421154690470921204600F08CFD042114
:10C7A00020461EB1BDE8704000F085BD2B46BDE8B7
:10C7B0007040184770B504460E460D21154600F02E
:10C7C0007AFD042120461EB1BDE8704000F073BD23
:10C7D0002B46BDE870401847F0B5054685B00A46BF
:10C7E00013230E460146684600F036FD2846FFF743
:10C7F00013FA04462846FFF792FA07462846FFF741
:10C800009FFA02210546684600F055FD64B1013CDF
:10C81000E4B2012C0DD930469DF80810FFF728FA34
:10C82000BDF8080005B0F0BD68460749FFF79EFF58
:10C83000F1E729466846044A17B1FFF7A6FFEAE781
:10C84000FFF7B8FFE7E700BF9DD201082DE9F041EF
:10C850008AB0132305AA804601A80F4600F0FCFC0D
:10C86000022101A800F027FD9DF810301BB1002027
:10C870000AB0BDE8F08105A8FFF7CEF9044605A887
:10C88000FFF74DFA064605A8FFF75AFA054605A830
:10C89000FFF7ECF9FF2CEAD0032CE8D00928E6D901
:10C8A00083B24246394601A800F0D6FC01A8022115
:10C8B00000F001FD01A800F016FD0028D7D034B12A
:10C8C000013CE4B2012C07D9BDF80C00D0E70749C0
:10C8D00001A8FFF74BFFF7E72946044A01A816B164
:10C8E000FFF753FFF0E7FFF765FFEDE767D20108B9
:10C8F00010B586B001910446FFF7EBFE009020468C
:10C90000FEF731FBDDE90032014602A800F0A4FC8D
:10C9100002A800F0E8FC18B9BDF8100006B010BD80
:10C9200002A800F0E0FC0228F6D902A800F0EBFB18
:10C93000EEE77FB501910092FEF715FBDDE90031CE
:10C94000024602A800F088FC02A800F0CCFC20B946
:10C95000BDF8100007B05DF804FB02A800F0C3FCAE
:10C960000028F5D002A800F01DFCEDE700200870BB
:10C9700070477047704782B002AB03E90600016060
:10C9800002B0704782B0016002B0704700220721F8
:10C9900008F093BB0B460022072108F078BB032266
:10C9A000082108B508F089FB003818BF012008BD30
:10C9B0000B460322082108F06ABB0422102108B5A7
:10C9C00008F07BFB003818BF012008BD0B4604228D
:10C9D000102108F05CBB0522202108B508F06DFB92
:10C9E000003818BF012008BD0B460522202108F0A1
:10C9F0004EBB10B50446FFF7D2FF38B106224021E6
:10CA0000204608F05AFBB0FA80F0400910BDB1FA98
:10CA100081F3062240215B0908F039BBF8B50546D1
:10CA20000C46EE1C3321FEF7C9F9002207213046DF
:10CA3000237908F02CFB276837B101230322082152
:10CA4000304608F024FB6F606379082B05D97246E5
:10CA50008B2142F6D650EBF7D9FE3046637904229B
:10CA6000F02108F014FB6279A11D05F1080018F00F
:10CA700065FB05F11000F8BD70B50C46054608B918
:10CA8000002070BDFEF796F93328F9D1EE1C002284
:10CA90000721304608F011FB03222071082130469F
:10CAA00008F00BFB00B168680422F02120603046DA
:10CAB00008F003FB082828BF0820C2B2627105F104
:10CAC0000801A01D18F03AFB0120DAE738B50D4641
:10CAD000044608B9002038BDFEF76CF93228F9D1B8
:10CAE0002846D4F80310FFF74DFFE37901202B729D
:10CAF000237A6B72EFE738B504460D463221FEF714
:10CB00005DF995E80600E01CFFF735FF2B7A04F18C
:10CB10000900E3716B7A237238BDF7B50D461446F0
:10CB2000074610B9002003B0F0BDFEF743F93028E6
:10CB3000F8D100262E60D7F8033014224FF470018C
:10CB400001A8019308F005FB00011A224FF0806153
:10CB5000687001A808F0FDFA801B18BF012032465A
:10CB6000A870FF2101A808F0F4FAC0B22870E8709C
:10CB700024B308224FF47C51266001A8C4F8036056
:10CB800008F0E7FA0E224FF47C21207101A808F08A
:10CB9000E0FA1822A0714FF0807101A808F0D9FACC
:10CBA0002379A2799B1A58B1637019224FF0007152
:10CBB00001A808F0CEFAA37920B123700120B2E7D2
:10CBC000E370F2E7A370F9E773B50C463021154620
:10CBD0000646FEF7F3F800230193637814224FF41E
:10CBE00070011B0901A808F0A0FAAB790E224FF4DE
:10CBF0007C2101A808F099FA2B781BB1019B43F026
:10CC0000007301936B781BB1019B43F08073019318
:10CC1000A37801A81A224FF0806108F086FA2B79D8
:10CC200001A808224FF47C5108F07FFAE2782378BB
:10CC300001A8934238BF1346FF21002208F075FA7D
:10CC4000019BF01DC6F8033002B070BD38B50D462B
:10CC5000044608B9002038BDFEF7ACF83428F9D1F5
:10CC6000E37801202B70F6E738B50B7804460D46C3
:10CC700033B13421FEF7A2F82B78043404F8013CD8
:10CC8000204638BD2DE9F74F0C46054618B900205F
:10CC900003B0BDE8F08FFEF78DF83728F7D10023F9
:10CCA0002360C4F80330EB7828466371FEF7EBF895
:10CCB000019001A8FEF708F96FF0030901381FFA87
:10CCC00080F82F1DA9EB050909EB070398450BD840
:10CCD000A2782378E17813446278DBB20A44A37126
:10CCE000134401202371D3E707228021384608F03E
:10CCF000E4F90646062240213846BB4608F0DDF935
:10CD0000D6B1B0B104F1020A9BF8003000223F21F5
:10CD10000DF10300EE788DF8033008F0CEF93F23D3
:10CD200016FB00F63E36B6FBF3F601378AF80060D4
:10CD3000CAE704F1030AE7E708B1A246E4E704F111
:10CD4000010AE1E770B54B7805460E460BB1CB788A
:10CD500023B933780BB1B37803B9AAB33721284686
:10CD6000FEF72CF87179E97034783CB1C4EB841487
:10CD7000B4FBF1F444F040042C710124737833B116
:10CD8000C3EB8313B3FBF1F32A1913710134B278A7
:10CD900042B1C2EB8212B2FBF1F22B1962F03F02F8
:10CDA0001A710134F37843B1C3EB8313B3FBF1F38E
:10CDB0002A1963F07F0313710134611C2846C9B23C
:10CDC000FEF701F804342544284670BD38B50C46FA
:10CDD0000546D8B1FDF7EEFF382817D100232246CB
:10CDE00001212360EB7833B1D80702D45B0801320C
:10CDF000F9E71170FAE701222B79083443B1D9071A
:10CE000002D45B080134F9E72270FAE7002038BD4C
:10CE10000120FCE7F8B504460E463821FDF7CEFFA9
:10CE20000025E71C735D1BB12946384608F0F5F86C
:10CE300001350C2DF6D120460221FDF7C4FF601DFF
:10CE4000F8BD01207047000008B50068FDF7B2FF8B
:10CE5000014B33F8100008BD805C030873B503680C
:10CE600004461B7804220D460DF10700F0218DF8D1
:10CE7000073008F022F901210646204600F01BFA8F
:10CE80009DF8073004211B07204610D500F013FA47
:10CE900008222046B1B200F069F90D2D05D9A5F19F
:10CEA0000D01204689B200F0F9F902B070BD00F022
:10CEB000DAF9EDE737B5036804461B780422F02160
:10CEC0000DF107008DF8073008F0F7F8012105464D
:10CED000204600F0F0F99DF8073004211B0720469A
:10CEE0000ED500F0E8F9ADB22946204600F0E3F98E
:10CEF000C5F10801204689B200F0D0F903B030BD79
:10CF000000F0CCF9EFE770B5044603680D461E78D3
:10CF1000052100F0D0F916F0180F4FF0040120465B
:10CF20000FD000F0A0F90121204600F0C4F90A2D2D
:10CF30000AD9A5F10A012046BDE8704089B200F087
:10CF4000ADB900F0B8F9EEE770BD38B50446036836
:10CF500005211D7800F0AFF915F0180F4FF004010E
:10CF6000204607D000F09AF92046BDE8384001215C
:10CF700000F0A1B900F09FF9F6E7000008B50068DD
:10CF8000FDF718FF431EDBB23E2B08D80C22054BE1
:10CF900002FB0030837A002B08BF002008BD002070
:10CFA000FCE700BF005D030870472DE9F0431F4612
:10CFB0005723044685B002AE86E80600DDE90C98EA
:10CFC000009396E8060003230E9DFEF7CBFC204657
:10CFD000F321FFF75BFA2046F321FFF760FA2046C2
:10CFE000FEF735FD04462846F6F7AAFBB8B195E8EA
:10CFF00006002046FFF7BFFC6B7A494623712B7A67
:10D0000050226371A771E01D18F098F8204600F0D7
:10D010006CF8414605B0BDE8F04300F081B9FF234C
:10D020002371637105B0BDE8F08307B5019100F08D
:10D030005EF8019903B05DF804EB00F05AB938B519
:10D040000C46FEF704FD054601682046FFF79AFCF2
:10D050002B7963726B79237238BD38B50D4614464F
:10D06000FEF7F5FC8379C11D2B702046BDE83840E2
:10D07000502218F063B808B5FEF7D4FC0738C0B2E8
:10D0800008BD82B07FB508AD45F8043F04230446CF
:10D0900002AE86E80600009396E806000323FEF73A
:10D0A00061FC2046F421FFF7F1F9F4212046FFF757
:10D0B000F6F92046FEF7CBFC95E8060004B0BDE883
:10D0C000704002B0FFF757BC37B504460846FEF77C
:10D0D000BEFC6D4601682846FFF754FC95E8030046
:10D0E00084E80300204603B030BD663070471FB5AA
:10D0F000014601A8FDF72DFF362101A8FDF7A8FE86
:10D1000005B05DF804FBF7B504460068FDF7BAFE0C
:10D11000019001A8FDF7D8FEC71C054601A8FFF73E
:10D120002DFF0646BFB220461EB900F0A2F803B09C
:10D13000F0BD00F0D8F8B84205D2724624214CF672
:10D14000BD40EBF763FB204600F002F9336813B1F2
:10D1500020469847EBE72946204600F0ACF8318995
:10D160002046491B89B200F099F8E0E770B50D46FA
:10D170001446AA42114628BF2946064600F09BF8ED
:10D18000291B002905DD3046BDE8704089B200F05A
:10D1900085B806D0611B3046BDE8704089B200F00A
:10D1A00062B870BD73B504460068FDF76BFE009071
:10D1B00068466668FFF7E2FE0546A8B1204600F023
:10D1C000D5F83046FDF75EFE00906846FDF77CFE20
:10D1D0006B6801461BB12046984702B070BD2046DF
:10D1E0002A89FFF7C3FFF8E70098FDF7DAFD18B9C1
:10D1F000204600F03EF8F0E72068FDF743FE01907E
:10D2000001A8FDF741FE05460028F1D0204600F0B8
:10D210006AF88542ECD82946204600F03FF8DCE762
:10D2200070B506680D460121044600F044F830460A
:10D23000FDF7B7FD03280BD8DFE800F00C02080C5F
:10D240002046012100F037F8012070BD2046A84794
:10D250000020FAE70220F8E7C0E90012002243812B
:10D26000028182817047037B13B943680B4443609A
:10D27000704700234381037B43F00203037370472D
:10D2800008B543898B4202D35B1A438108BDFFF77F
:10D29000F0FF037B43F001030373F7E7027B10B455
:10D2A00032B902685DF8044B0A440260FFF7E8BF38
:10D2B0005DF8044B704738B5FFF7E2FF037B024689
:10D2C0000C4623B90B461BB911890C44148138BD97
:10D2D0001068013B411C116051689BB24D1C5560A8
:10D2E00000780870EFE7037B0BB940897047002096
:10D2F000704738B50D46044608B9002038BDFDF723
:10D3000059FD3628F9D1E37801202B702379627911
:10D3100043EA02236B80A3792B71E3796B71EDE70C
:10D3200038B504460D463621FDF748FD2046082154
:10D33000FDF749FD2B7804F10800E3706B88A380AA
:10D340002B79A3716B79E37138BD0221FFF7B3BF6D
:10D3500010B505490446FFF763FF01462046BDE8C6
:10D360001040FFF79BBF00BF4BD3010810B5054924
:10D370000446FFF755FF01462046BDE81040FFF781
:10D3800072BF00BF4BD3010808B5054B00211846FA
:10D39000B32217F0FAFEBDE808400321FEF74DBCAA
:10D3A0000B66002010B5044688B01C22002101A89D
:10D3B00017F0EBFE0094084C0394F1F78BFF8DF807
:10D3C00014002046FDF79EFDADF81A0068460DF0EA
:10D3D00055FB08B010BD00BF0B6600200022014BBA
:10D3E0001A7070478956002030B5074C03462578DF
:10D3F00085F001003DB901252570044C2370044BD4
:10D400001960044B1A7030BD8956002087560020E1
:10D410008C560020885600202DE9F04FBD4B89B076
:10D420001B782BB97246A4214FF67F20EBF7EEF95B
:10D43000012008F0D7FBF3F7F3FDF2F755FBB64BED
:10D44000B64A1C78B64DB74BB74F002C40F0DC8085
:10D4500092F800801E682C6008F03CFD38600120C6
:10D46000F1F7DEF940460DF041FAF1F71BFBF1F759
:10D47000B7F9EBF75DF9A6F5FA50EDF7ACFCB2465B
:10D48000EBF722F94FF0010BDFF8AC82DFF8AC923A
:10D49000EBF714F9BBF1000F18D03CB1022C6BD0A4
:10D4A000FFF772FF032388F822300FE0FFF76CFFCD
:10D4B000012388F822303B68C8F8243008F0EAFAE3
:10D4C00088F8230008F04AFD88F828003046FFF766
:10D4D00069FF8346002840F08C80752017F044F9DE
:10D4E00006F513532033184440F65613CDE904399A
:10D4F000B923039003A8CDE906BBADF818300DF0B1
:10D5000051FB002872D18948FEF786FB0328834629
:10D510006CD199F82210042968D1022C99F82320A3
:10D520003AD0032C60D0002C44D1002A5ED12C606C
:10D5300002244FF0010BD9F808A0752017F014F958
:10D540000190062017F010F9019B042C1E4406F5EB
:10D55000725606F1200606449AD10020F1F760F9D0
:10D56000FAF70AFC00206B4B187008F03BFB09B07F
:10D57000BDE8F04F02F022BEFFF706FF28683968C9
:10D580006B4A091A702928BF702188F82240C8F810
:10D59000230008F017FD99E7012A27D1D9F8243094
:10D5A0002868396883421AD38B4218D283422B6091
:10D5B000BFD19346EAF7E6FD0AF5742202F5107230
:10D5C000101A0028C9DBBBF1010F05D0BBF1020F17
:10D5D000C3D1EAF7D1FD06464FF0000BADE78B4211
:10D5E00004D103242B60A4E7022A0BD04FF0020BD6
:10D5F000E0E7831EDBB2012B8CBF4FF0020B4FF034
:10D60000010BD7E70C4694E792F800A0D3F80090FE
:10D61000002417F09AF82C60A9EB00083C6008F091
:10D62000F1FC0120F1F7FCF850460DF05FF9F1F73D
:10D6300039FAF1F7D5F8EBF77BF8A8F50C50283854
:10D64000EDF7C9FBEBF740F8A8F57A76DFF8EC8048
:10D65000EBF734F80023CDE90633364B03A8CDE9C8
:10D660000438B9230396ADF818300DF09BFA8246C2
:10D67000002840F0DE802D48FEF7CEFA032806464B
:10D6800040F0D78098F822B0BBF1020F00F0818003
:10D69000BBF1030F00F0BA80BBF1010F40F0C9806D
:10D6A000002C4DD1D8F8240098F82310386008F0E9
:10D6B000BDFC4FF0040A48B3FFF766FE1E4B83F82B
:10D6C000234083F8244083F8254083F8264083F8DC
:10D6D00027405C4683F822A07520D8F8089017F000
:10D6E00043F809F5165328331844FFF75BFE7520FD
:10D6F00017F03AF88246062017F036F809F553532A
:10D70000103353441E18042CA2D135E008F09CF9C4
:10D71000544628E08956002088560020875600206D
:10D72000945600208C560020905600203F65002023
:10D7300023660020A0860100FC65002030650020E3
:10D74000012C76D1FFF720FE04222646424B83F8B7
:10D75000222083F823A083F824A083F825A083F84F
:10D7600026A083F827A0EAF70DFD09F5742303F539
:10D770001073181A00285EDA2A683B689A4268D14A
:10D7800008F094FB002864D008F0FAFA0DF03CF899
:10D79000E3E6631E022B4BD8D8F823A02A689245F3
:10D7A00025D13C685046A4EB0A04702C28BF702495
:10D7B0002A4A214608F048FCA244C5F800A098B1C6
:10D7C00001280ABF032404240026FFF7DDFD0422FC
:10D7D000214B83F822200122C3F824A083F82320C0
:10D7E000002E3FF479AFBEE706465C46EDE74FF00A
:10D7F000040A01928CD20126FFF7C6FD164B019A4E
:10D8000083F822A083F823605A62ACE7FFF7BCFDDF
:10D8100004240222104B83F8224083F8232083F84B
:10D8200024A083F825A083F826A083F827A053E737
:10D830005446022697E7012E3FF44EAF022E9BD1AD
:10D84000EAF79AFC064616F080FF304400F57A7637
:10D8500059E708F0D7FB80E6FC65002057650020FB
:10D86000014B1878704700BF8956002010B508F0AA
:10D8700009FB044608F006FB034B04EB50009842FA
:10D8800028BF184610BD00BF0087930330B589B08C
:10D8900014220C460546002103A817F076FC13233A
:10D8A000214604A88DF80C300295F4F740FB204681
:10D8B000F4F7DCFA8DF819002046F4F7E3FAADF836
:10D8C0001A0002A8FDF77DFE08F0E4F88DF80000CC
:10D8D0006CB12046F4F7EAF88DF80100FFF7C6FFB7
:10D8E000694601902846FDF7FDFF09B030BD014BA8
:10D8F0001878F1E77C30002010B50446F2F71CFEE2
:10D9000008B1002010BDFFF7ABFF0028F9D1204679
:10D9100008F002F90228F4D0F8F7D6FC0120F1E76C
:10D920002DE9F0438DB080460F461646E946002AA1
:10D930003FD01046F4F7A0FAC5B23046F4F7A2FA89
:10D94000314604464846F4F7F2FA1422002107A8AB
:10D9500017F01BFC99E8030023238DF81C3008AB5B
:10D9600083E8030006A806978DF82950ADF82A40F1
:10D97000FDF727FE0023404604A9ADF808300393C5
:10D98000FDF7B7FF9DF81000FFF7B6FF50B108F0A4
:10D9900081F88DF80800FFF769FF9DF811300390BA
:10D9A0008DF80930384602A9FDF7AAFF0DB0BDE891
:10D9B000F083FEF741FA05460BF0E4F841460446D1
:10D9C0004846FEF757F9C0E72DE9FF41694604468E
:10D9D000FDF79EFF9DF8000008F09EF802AF054697
:10D9E000214638469DF80060FEF744F99DF8000096
:10D9F000FFF782FFF0B1022D1CD00F48FEF79BFE0F
:10DA00009DF8018004468DB9019901442A4640469B
:10DA1000FFF7EAFC97E803000022F3F72FFE10B1AE
:10DA20003146F4F78BFB04B0BDE8F081FFF71EFF31
:10DA30002118EBE70026EDE73F65002073B50646A9
:10DA400008460D461446FEF7E7F8012824D128467B
:10DA5000FDF7F3FD23281FD169462846FDF758FF3F
:10DA60009DF80030C3B169463046FDF742FF9DF88E
:10DA7000000008F051F805469DF80000FFF73CFF54
:10DA800050B1022D08D09DF801603DB901992144A3
:10DA90002A463046FFF7A8FC02B070BDFFF7E6FE4D
:10DAA0002118F5E770B506460024054D55F8043BEE
:10DAB0000BB1304698470134062CF7D170BD00BF3A
:10DAC0002C5D002008B5084B1B7833B972464FF423
:10DAD000A5714BF6F260EAF799FEEAF747FB034BB4
:10DAE0001B68C01A08BD00BF445D0020245D0020F3
:10DAF00008B539B10021084601F0A4FBBDE8084093
:10DB0000FAF7B4B808BD000013B50A4C2378DB0758
:10DB10000ED50CF087FF14F011FE019001A80DF056
:10DB200029F90020F0F77CFE23786FF300032370BF
:10DB300002B010BD205D00200D4B10B5984213D3EC
:10DB400003F5CA6398420FD272B60A4C01462368A5
:10DB5000094801332360F0F756FD2368013B236039
:10DB6000236803B962B610BDBDE81040EDF732BCC2
:10DB7000CC560020341B0020985600202DE9F84395
:10DB8000244F05463B78002B37D0234C23789A0747
:10DB900000D490BB23786FF34103237001F08CFB1A
:10DBA0003878431E012B2FD8831E5E425E4135B369
:10DBB0004FF40070F8F7A4F92078C0F30010F9F7DB
:10DBC000A3FA4FF00008DFF85C9059F8043B13B15A
:10DBD00029463046984708F10108B8F1080FF4D1FA
:10DBE00000253D70EAF7C2FA0C4B18600C4807F0AC
:10DBF000C8F9237865F382032370BDE8F88314F035
:10DC00005CFE0028D4D1DCE70328E9D12846F2F7EE
:10DC100087FCE5E7445D0020205D0020A45600203D
:10DC2000285D0020A856002070B5064686B02AB1AF
:10DC30000020F9F789FA012006B070BD01A9F2F7BA
:10DC4000C9FE0028F4D001A8FDF7E6FF20B1304658
:10DC500004F09BFC0120ECE772B6154D15482B68CB
:10DC600001332B60F0F704FD2B680446013B2B6069
:10DC70002B6803B962B624B92046CA21FAF722FB01
:10DC800004460120F9F760FA54B13146CA22204611
:10DC900017F054FA084B21461868EDF72DFDCAE736
:10DCA000064A137843F008031370F9F789FAC2E7BC
:10DCB000341B0020985600208C300020205D00206E
:10DCC0002DE9F043394E3A4FDFF8EC809FB0EAF788
:10DCD000F5FC3068EDF732FD0546002864D03B784E
:10DCE0005A1E012A5AD84146F2F72EFF48B10024A5
:10DCF0002846FFF721FF002CE9D020461FB0BDE8E1
:10DD0000F0832C48FDF730FB0028F0D004A9294807
:10DD1000FDF72BFC2748FEF70EFD06990144019103
:10DD200000F062FB0199F3F74DFD04469DF8249045
:10DD300001469DF85E2048460DF1590301F04CFA6A
:10DD4000224649469DF853000DF1590301F014FB9A
:10DD5000DDE91023DDE90A0117F0C1F920B12246FF
:10DD60004946012001F08AF99DF85E3023B148460A
:10DD70000DF1590101F0E0FD04A902AC0D4801F0DC
:10DD800047FB20460B49FDF775FF94E8030000228E
:10DD9000F3F774FC0748F4F7E1FFA8E7032BA6D1DB
:10DDA000F2F788FB0446A3E70446A6E78C30002080
:10DDB000445D00203F6500203065002010B5124B07
:10DDC00004461A78EAB9172814BF012202221A70F1
:10DDD0000E4AA0F1160359425941137823F0120359
:10DDE00043EA01131370EAF7C1F9094B1860F9F718
:10DDF00035FF2046F9F74AFF1020F3F7ADFB01206D
:10DE000010BD0020FCE700BF445D0020205D002025
:10DE1000245D002008B50A4B197879B903221A70DD
:10DE2000084B1A7861F341021A70EAF79FF9064B22
:10DE300018602020F3F790FB012008BD0020FCE7CC
:10DE4000445D0020205D0020245D0020014B1878F7
:10DE5000704700BF445D0020024B1878C0F34000BB
:10DE6000704700BF205D002010B5094CFFF74CFE45
:10DE7000FFF726FF0020FFF781FE23781B0706D55A
:10DE80004C20F9F703FF23786FF3C303237010BD11
:10DE9000205D002010B50D4B1B7843B90120FAF727
:10DEA000C3FCBDE810400146094807F089B8094C99
:10DEB00023785B0708D4FFF727FE237823F00603B7
:10DEC00043F004032370E9E710BD00BF445D002068
:10DED000285D0020205D002010B5074C206807F069
:10DEE00091F828B1206807F050F880F00100C0B226
:10DEF00000F0010010BD00BF285D0020014B186834
:10DF0000704700BF1C5D0020014B1868704700BFC0
:10DF1000A456002070B50C46054630B9724640F252
:10DF2000D9114BF6F260EAF771FC012C164E08D9B4
:10DF300072464FF4ED714BF6F260EAF767FC072387
:10DF400019E0002CFBD13346214653F8042BAA429A
:10DF500002D012B946F8215070BD01310829F4D120
:10DF60007246BDE870404FF401714BF6F260EAF77B
:10DF70004DBC013BF4D356F82320AA42ECD0002A32
:10DF8000F7D146F82350E7E7A856002010B504461D
:10DF900030B9724640F209214BF6F260EAF736FCDE
:10DFA0000B4A0023104652F8041BA14202D011B9BB
:10DFB00040F8234010BD0133062BF4D17246BDE872
:10DFC000104040F21A214BF6F260EAF71FBC00BF86
:10DFD0002C5D002010B50446FAF7E4FB1CB9074B92
:10DFE0001860012010BD064AA4F5C333A03B93423C
:10DFF00002D8024B1C60F4E70020F3E7C85600206B
:10E00000205BE30073B50024164B1C70164B1C708C
:10E01000164B1C60164B1C6014F090FB0190012005
:10E02000F0F7FEFB01A80CF0A5FE2046F0F7F8FB88
:10E0300021461048FFF76EFF17F064F868B10E48EC
:10E04000F0F7A8FA0D4D0C4E294630460134F0F792
:10E05000DAFA082C05F1CA05F6D10020FFF7BAFF5D
:10E0600002B070BD445D0020205D0020245D0020D2
:10E07000A4560020F1DA010898560020CC56002062
:10E08000F7B55F4C237898077ED45E4D2B7833B973
:10E0900072464FF4A8714BF6F260EAF7B7FB2378AB
:10E0A000990706D5724640F251114BF6F260EAF735
:10E0B000ADFB00222378544F62F3C3038DF8032095
:10E0C00023703868EDF73AFB064610B1FFF734FDD0
:10E0D000F7E72B78022B6AD0032B73D0012B7CD16E
:10E0E000FAF760FB054614F029FB01900DF10300DF
:10E0F00015F080F83046FFF7D5FC9DF8033033B9B2
:10E1000072464FF4BC714BF6F260EAF77FFB3F4A70
:10E11000A5F5C333A03B93429DF8036006D9724630
:10E1200040F243214BF6F260EAF770FB731E0B2BB3
:10E1300006D9724640F246214BF6F260EAF766FBDA
:10E140002378DA071CD40120F0F76AFB01A80CF051
:10E1500011FE30460CF0CAFBEAF714F82C4B2844A9
:10E1600018602378DB0601D4F8F7AEFF07F076FBE2
:10E17000012128480CF0F6FB237843F001032370BB
:10E18000237843F002032370214B1D68E9F7FAFF5F
:10E19000281A00282ADAFFF7B7FC0125FFF790FDBF
:10E1A00030B3FFF7B1FC0120FFF7E8FC22E01A4B87
:10E1B0001D6814F0C3FA01900DF1030015F01AF870
:10E1C000012098E7F2F764F9054601A8F2F766F92D
:10E1D000F2F76AF98DF803008FE772464FF4B971D0
:10E1E0004BF6F260EAF712FB354686E70025D5E7E5
:10E1F000002DD8D12078C0F3400003B0F0BD00BF9F
:10E20000205D0020445D00208C300020205BE30076
:10E210001C5D002029DC0108C85600202DE9F047CC
:10E22000234D07462B788846022B914641F28834CD
:10E230000DD1204B1E68264400202C78F0F79AFD63
:10E2400082469CB3012C06D00120BDE8F087FAF786
:10E25000A9FA0619F0E7BD1914F094FBA0B1164B0A
:10E260001878FAF798FA78B1AAEB050000280BDACB
:10E27000FFF728FC05462046FAF7D6FAB5EB400F23
:10E280002CBF01200020E0E7B9F1000FDCD0A8EBA3
:10E290000505002DD8DAFFF715FC04460120FAF732
:10E2A000C3FA844294BF00200120CEE72046CCE789
:10E2B000445D0020C85600207C3000200A1A0A4B1A
:10E2C00045BF401AB0FBF3F1B2FBF3F003FB1100C2
:10E2D00054BF03FB1020181A044B984284BFA0F5CA
:10E2E000F420A0F59070704720A107008FD00300A4
:10E2F0002DE9F04791460C250746884606F060FF59
:10E30000B0FBF5F303FB1505013505F0FF052C46C1
:10E31000002609F008092046F7F7EAF88246C0B956
:10E32000204607F05CFF032813D0B9F1000F09D194
:10E33000CEB130462146F8F7E5F936EA200628BF87
:10E34000264606E042462146504600F05FFF002880
:10E35000EED00134E4B20D2C28BF0124AC42DAD156
:10E360003E70BDE8F0872646F3E7000008B5E9F700
:10E3700003FF054B1860FFF745FE01F0CDF9BDE83E
:10E38000084000F041BD00BF4C5D0020F8B5E9F742
:10E39000F3FE124C23681A1A002A17DA00251049D6
:10E3A000C31A0A680F4F1A44BB42A2EB03060ED2EF
:10E3B00005B10E600A6800F5F40002F5F40200F5FC
:10E3C000905002F59052C01A0A602060F8BDA3F583
:10E3D000F4030125A3F59053E6E700BF4C5D002050
:10E3E000485D002000127A00014B1868704700BF9A
:10E3F000485D00202DE9F04387B001A8F0F71AFC32
:10E4000014F0D5FAF8B19DF80400FAF7C4F9002821
:10E4100000F0B5809DF80400F7F76AF8064618B1D9
:10E42000402007B0BDE8F08314F0B7FA68B19DF85A
:10E430000410022000F028FF014620B9022000F05D
:10E4400001FF0028ECD10020EBE70120F0F792FC5F
:10E4500007463046F3F70CF9B04604460DF11009B3
:10E46000DCB900F0AFFD054600286DD1454B3846BC
:10E470001968FFF723FF48F69F430028B8BF4042C2
:10E48000984244EA080478DC44F268239842C8BF02
:10E49000202644EA0600C0B2C3E72046F3F766FC34
:10E4A000B8B12046F3F702FB9DF80430834210D147
:10E4B0002046F3F723FE41F2883201463846F3F74F
:10E4C00093F930B10C212046F3F7AAFD38B14FF093
:10E4D000050820460021F3F7BBF80446C0E72046B4
:10E4E000F3F7C0F968B902AD21462846F3F71FFDDE
:10E4F00095E80300F1F74CF80028EAD148F001084C
:10E50000E7E72046F3F7DFFD0228ECD814F02CF9FA
:10E510000546F6F7B5FBA0B1042DE4D0F6F7DAFB1B
:10E520000028D4D04846F6F72FFC99E803000022D3
:10E53000F3F7A4F80028CAD0F3F7C5FD0228D2D912
:10E54000C5E7042DC3D1CEE72A7C9DF804309A425A
:10E550000FD141F288323846A968F3F745F940B146
:10E560000224AB7C43F008032846AB7400F03EFD68
:10E5700079E7AB7C03F0F703F6E7102689E708207C
:10E580004FE700BF485D00202DE9F041074600201D
:10E59000F3F76EF8054614F000FA044660BB01205C
:10E5A000F0F7E8FB064615B92046BDE8F0810021EA
:10E5B0002846F3F74DF880462846F3F7D7FBA0B17D
:10E5C0002846F3F79BFD41F2883201463046F3F7C7
:10E5D0000BF950B10C212846F3F722FD50B937B1A1
:10E5E000012228461146F2F77DFB4546DBE744F061
:10E5F0000104FAE70524F8E70024D5E707B514F08D
:10E60000CCF9D8B901A8F0F715FB0120F0F7B2FB5F
:10E610000C4B1968FFF752FE80EAE073A3EBE0733E
:10E62000FA2B02460ADD1846002ABCBFC3F5F400E7
:10E6300000F59050F0F71EFCF3F7AEF903B05DF86B
:10E6400004FB00BF485D00202DE9F04F89B014F0B5
:10E65000AEF9064620B90126304609B0BDE8F08F74
:10E6600014F0A5F90446D8B114F08CF90546B8B9F0
:10E6700007A8F0F7DFFA2A4629460DF11B00FFF73D
:10E6800037FE9DF81B309DF81C209A4206D007A843
:10E690008DF81C30F0F7ECFAF3F77EF92646DBE74D
:10E6A00007A8F0F7C7FA0120F0F764FB9DF81C30CB
:10E6B000804618460193FAF76EF8002847D05E4B63
:10E6C00041461868F3F77EF85C4CB0FBF4F0C4B236
:10E6D000102C06D9724640F21A5148F24E60EAF701
:10E6E00095F80023DFF860910293544B002703FB59
:10E6F00004F5102319F801AB03930AF00103049306
:10E700001AF0030F28D1294652460DF11B00FFF7DE
:10E71000EFFD9DF81B10002967D10134E4B20F2CE6
:10E7200088BF0025039B98BF05F5F42503F1FF334F
:10E730008CBF2C4605F5907513F0FF030393DFD1D2
:10E74000002F5DD13E4B4B45CFD13E4684E706F0CE
:10E7500037FD00F00F04C4E7374B00201B6805EBC2
:10E76000030BF2F785FF034670B9F0F7DFFE0346AF
:10E770000028C8D018460593F0F7C8FE059B18BBC3
:10E780001846F0F703FFF2E718460593F3F7B6FCD7
:10E7900041F2883201465846F3F726F8059B20B926
:10E7A00000211846F2F754FFDDE7049A002AB4D19D
:10E7B0001AF0020FF4D018460C210593F3F730FC41
:10E7C000059B0028ECD0A8E718460593F1F73FFD1C
:10E7D00041F2883201465846F3F706F8059B0028B7
:10E7E000CED0049A002ACBD097E71FB99DF81B70B2
:10E7F000029592E73846F7F785FF00288DDAF5E7AE
:10E800000D4B40461968029B0B441946F2F7DAFF9C
:10E810000C4AA0F1FB03934209D8F0F72BFB07A8A1
:10E820008DF81C70F0F724FAF3F7B6F814E7019BA3
:10E83000BB42F4D10FE700BF485D002020A10700D4
:10E84000046003080A107A00006003083C20704747
:10E850002DE9F04786B006468846174614F09DF825
:10E86000054600286BD10146102202A816F08DFC47
:10E87000FB0618D40020F2F7FBFE0446DFF8C49034
:10E88000DFF8C4A014BBDFF8C49002AE07F00408A0
:10E8900016F8013B012B41D104F5F42404F59074E2
:10E8A0004C45F5D10EE00120F0F764FA04463046FD
:10E8B000F3F724FC41F2883201462046F2F794FF38
:10E8C0000028D7D0284606B0BDE8F087B44207D16B
:10E8D00044450CD120460021F2F7BAFE0446D1E7A8
:10E8E00003212046F3F79CFB0028F1D1F2E7032136
:10E8F0002046F3F795FB2046F3F700FC00F50C41AA
:10E90000A031D9F80000F2F75DFFB0FBFAF0012268
:10E9100000F118036B4403F8102CDBE70DF107003E
:10E920003A462146FFF7E4FC9DF807000028B3D0E3
:10E93000B8F1000F03D0F7F7D3FE0028ACD00125C3
:10E94000C0E700BF485D002020A1070000127A0048
:10E950002DE9F74F05460F46164614F01EF808B18C
:10E9600006F0EF06B2071BD42846F3F7C7FBF30601
:10E97000044632D448F6A049DFF8B8A004EB0901F8
:10E98000DAF80000F2F71EFFDFF8ACB00026B0FBAB
:10E99000FBF80120F2F76CFE04464CBB204619E060
:10E9A0000020F2F765FE04460028DDD0AC4204D119
:10E9B00000212046F2F74CFEF5E70C212846F3F73C
:10E9C0002FFB0028F4D021462846F2F729FF002823
:10E9D000EED0012003B0BDE8F08F0120F0F7CAF9B6
:10E9E00041F288322146F2F7FFFE0028C2D0F0E75C
:10E9F000AC4219D02046F3F781FB00EB0901DAF8AD
:10EA00000000F2F7DFFEB0FBFBF080450CD10136D1
:10EA1000B742DED92846F3F749F801902046F3F7CC
:10EA200045F8019B8342D4D020460121F2F710FE25
:10EA30000446B2E7485D002020A1070038B505462E
:10EA40000020F2F715FE044608B9204638BDAC4256
:10EA500004D100212046F2F7FBFDF4E72046F3F74E
:10EA600085F90028F5D021462846F2F7D9FE00287E
:10EA7000EFD0EAE7024B01461868FFF71FBC00BF62
:10EA8000485D002073B50446F0F750FD6E4605461C
:10EA900045B900F0DBFA2044C0F38D04001B80B2BE
:10EAA00002B070BD2846F0F731FD58B12946304616
:10EAB000F0F7DAFE96E803000022F2F7DFFD08B96E
:10EAC0000134A4B22846F0F761FD0546E0E70000F6
:10EAD0002DE9F04F2DED028B8FB00590FFF756FC1E
:10EAE00013F05BFF58B3B64B1B68019300230593EB
:10EAF00009A8F0F79FF89DF82430012008EE103A9D
:10EB0000F2F742FE80B2F8B9019AAD4B91461A6015
:10EB1000AB4C494625682846FFF7D0FB48F69F4393
:10EB200080EAE072A2EBE0729A42D8BF05EB0009DE
:10EB3000C4F800900FB0BDEC028BBDE8F08F01204F
:10EB4000F0F718F90190D3E7FFF79CFF069018EE55
:10EB5000100AF9F720FE002800F0C3800020F2F729
:10EB600087FD0025044648F69F47954E002C6FD13F
:10EB7000F0F7DCFC0446924F0CAE002C7ED100F086
:10EB800021FA48F69F4704468D4E3068002C40F02D
:10EB900098808B4B0020D3F80090F2F769FD00239A
:10EBA000074648F69F4ACDE903330293002FAFD0C2
:10EBB0003846F3F7A3FA80460020F2F759FD002605
:10EBC00083463446BBF1000F40F08D80F0F7AEFC79
:10EBD0008346002840F09F8000F0F4F98346002827
:10EBE00040F0BC8018EE100AF9F7D5FD002800F0BF
:10EBF000C880734B40461968FFF760FB0028B8BF18
:10EC000040425045CCBF0023012340460199079361
:10EC1000FFF754FB80EAE072A2EBE0725245079BDB
:10EC200002DC4FF0010B0644029A002A00F0AB8090
:10EC3000039A944200F2A780049A944202D1002BD6
:10EC400040F0AE8038460021F2F702FD0746ADE7FE
:10EC50002046F3F753FA01463068FFF72FFB0028F0
:10EC6000B8BF4042B842D8BF013520464FF000013E
:10EC7000D8BFEDB2F2F7ECFC044677E72046F0F798
:10EC800045FCC8B121463046F0F7EEFD96E803009A
:10EC90000022F2F7F3FC78B92046F1F7D8FA0146E2
:10ECA0003868FFF70BFB48F69F430028B8BF404287
:10ECB0009842DCBF0135EDB22046F0F767FC044610
:10ECC0005BE7A168FFF7FAFA0028B8BF4042B842F4
:10ECD000D8BF01352046D8BFEDB200F087F9044611
:10ECE00053E7054655E75F450FD05846F3F706FA58
:10ECF00001464046FFF7E2FA80EAE073A3EBE073D7
:10ED00005345DEBF01343618E4B258460021F2F70D
:10ED10009FFC834656E75846F0F7F8FBD0B15946BA
:10ED20000AA8F0F7A1FD0AAB002293E80300F2F76E
:10ED3000A5FC78B95846F1F78AFA01464046FFF734
:10ED4000BDFA80EAE072A2EBE0725245DEBF013408
:10ED50003618E4B25846F0F719FC39E74046DBF8BC
:10ED60000810FFF7ABFA80EAE073A3EBE0735345BA
:10ED7000DCBF361801345846D8BFE4B200F036F98B
:10ED80002CE75B4650E7059A52B14BB90DB9012CFF
:10ED900006D8069AA2423FF655AF042C7FF652AF32
:10EDA000A34423441BF0FF09DBB214BF96FBF9FB1D
:10EDB000CB460493012308EB0B090394029341E72C
:10EDC000485D002010B504460120FFF781FE3CB1EC
:10EDD00000F04CF900F096F9BDE8104000F07CBA64
:10EDE00010BD08B500F016F9BDE8084000F0A2BC5F
:10EDF00000231946034A01331D2B917402F11402BA
:10EE0000F9D17047505D002008B5FFF7F1FFBDE86C
:10EE1000084010210148F4F761BE00BF6DEF010802
:10EE20002DE9F04F85B000910546E9F79FF9019073
:10EE300003A8EFF7FFFE0020EFF79CFF009B0446BE
:10EE40009906AE682CD5EB7CDA0702D5287C00F059
:10EE50007FFD0020F2F70CFC0446002839D14FF06A
:10EE6000FF0BDFF804A15F468146D0469AF81210E6
:10EE7000002966D09AF81000297C88423DD09AF883
:10EE800012100B075ED4E9F771F9DAF80C10FF2FB6
:10EE9000A0EB010001D0A04254D904464F4651E0F6
:10EEA0009DF80C202B7C9A42CDD113F06BFD0028ED
:10EEB000C9D031462046F2F7B9FC38B90120EFF746
:10EEC00059FF3146F2F7B2FC0028BCD005B0BDE8CE
:10EED000F08F2046F2F7EAFD2B7C834204D000211C
:10EEE0002046F2F7B5FBB7E72046F3F707F93146BE
:10EEF000F2F79CFC0028F2D0E8E7A968DAF80800ED
:10EF0000F2F794FC0028BAD0142303FB09F929680E
:10EF100008EB090348F80910009F997CAA880F4361
:10EF200047F010079A809F742A7C9E601A746A7C4E
:10EF30005A74019ADA60E97CDA7C61F30002DA74CF
:10EF4000C4E7CB4609F10109B9F11D0F0AF1140A12
:10EF50008CD1BBF1FF0F08BFBB461423002103FB7C
:10EF60000B83D9469974CFE7505D002010B5044655
:10EF700086B01022002102A816F007F9D4E9013268
:10EF800013440393237D94F84E208DF8143094F8A5
:10EF9000483020218DF815304FF0000362F3000354
:10EFA0008DF81730A36901A80193A38BADF8083041
:10EFB000FFF736FF06B010BD10B100230374837451
:10EFC00070470000084A4FF0FF33104601331D2BF5
:10EFD00001D100207047917C1432C906F6D5142265
:10EFE00002FB0300704700BF505D00201421084A57
:10EFF00010B5801AB0FBF1F301331C2B01D90020AE
:10F0000004E001FB0320847CE406F5D510BD00BFBD
:10F01000505D00202DE9F041E9F7A8F81D250646CE
:10F020004FF00008084CA37C43B1E3680C20F71AAA
:10F03000F9F7ECFB874228BF84F81280013D04F108
:10F040001404F0D1BDE8F081505D00200023184683
:10F05000054A917C0133C90648BF01301D2B02F1DE
:10F060001402F6D1704700BF505D002078220021C5
:10F07000014816F08AB800BF945F0020F7B5013947
:10F08000CBB20B2B064637D81C4802F51C4502F5BF
:10F09000BA234035B5FBF0F503F58663B3FBF0F317
:10F0A000EDB2DBB2102D28BF0025102B28BF0023A6
:10F0B000134F05EB011503EB01143846294605F003
:10F0C000ACFF2146384605F0A8FFAEB1182000FB82
:10F0D00006702946019005F0A0FF022E0CD0032EE9
:10F0E0000CBF29462146019808BF07F1300003B044
:10F0F000BDE8F04005F091BF03B0F0BD20A10700CE
:10F10000945F002073B5FFF76FF905460020F2F712
:10F11000AFFA044650B9F0F709FA044668BBFFF7A6
:10F1200051FF0446002845D102B070BD2046F2F7D9
:10F13000E5FF00902046F2F7B9FC00990646284604
:10F14000F2F740FB00902046F2F797FB009A20B1BF
:10F1500031460120FFF792FF009A002120460092DD
:10F16000F2F75EFF3146009A00B10320FFF786FFF9
:10F1700000212046F2F76CFACBE72046F0F7C6F9FB
:10F18000A0B12046F1F763F801462846F2F71AFBD2
:10F1900001902046F1F75EF800902046F0F7EAFB78
:10F1A000DDE9001200B10320FFF768FF2046F0F709
:10F1B000EDF9B2E7A1682846267CF2F703FBE37C71
:10F1C000024613F0010018BF02203146FFF756FF38
:10F1D0002046FFF70BFFA4E7F8B5161E04460D46C0
:10F1E0000A46014614BF022000201F46FFF746FFD3
:10F1F0005EB102213846FAF7EDF930B12A462146D0
:10F20000BDE8F8400320FFF739BFF8BD0139CBB2A4
:10F210000B2B11D802F51C43084A4033B3FBF2F321
:10F22000DBB2102B28BF0023182203EB0111044B83
:10F2300002FB003005F0FBBE0020704720A1070054
:10F24000945F00202DE9F0410025182788462C46C0
:10F2500047430C4EB8F1010F08BF96F84830F05DF7
:10F2600005F1010508BF184005F0E0FF182D044422
:10F27000A4B206F10106EDD1FF2C28BFFF24E0B2B5
:10F28000BDE8F081945F0020F8B5002518272C46D2
:10F29000084B013907FB00370E013846711905F09C
:10F2A000C6FE08B10134E4B20135102DF5D1204677
:10F2B000F8BD00BF945F002070B500250124EEB2B8
:10F2C000214601343046E4B2FFF7DEFF0D2CF7D1C2
:10F2D0000135052DF2D170BD2DE9F7430024254EEF
:10F2E0003480FFF781F807462046F2F7C1F904465B
:10F2F00030B9F0F71BF9044660BB03B0BDE8F083FA
:10F300002046F2F7FBFE01902046F2F7CFFB019971
:10F3100081463846F2F756FA80462046F2F7F7FD66
:10F32000C57813F03AFB40B113F0CDFA28B120466E
:10F33000F2F7F8FC08B105B1013D338849461D4498
:10F34000424604203580FFF799FE00212046F2F75F
:10F350007FF9CCE72046F0F7D9F830B92046F0F72E
:10F3600009FB10B13388013333802046F0F70EF9E2
:10F37000C1E700BF0C600020F8B5044604200D462C
:10F3800016461F46FFF742FF78B902213846FAF7C2
:10F3900021F950B1054B32461888294604441C8097
:10F3A0000420BDE8F840FFF769BEF8BD0C600020FE
:10F3B000014B1888704700BF0C60002010B50C4648
:10F3C0008CB0014604A8FBF7C4FDD4E901341C4409
:10F3D000049808B90CB010BD07A915F018FD90B13C
:10F3E0006846F2F797FD009B02A80793F2F792FD9B
:10F3F000BDF80C300021ADF82030099B07A823444C
:10F400000993FFF70DFD04A8FBF7FEFC0490DFE76E
:10F41000F0B58DB0074603A80C46EFF70BFCFEF7DE
:10F42000E3FFD4E901630546394604A81E44FBF70F
:10F4300090FD049808B90DB0F0BD07A915F0E7FCE0
:10F44000A8B19DF82C709DF80C300999BB4231444D
:10F4500012D09DF82F40284614F0010418BF022452
:10F46000F2F7B0F9394602462046FFF707FE04A836
:10F47000FBF7CAFC0490DCE700200191EFF77AFC6F
:10F480000199F2F7D3F901990028E2D0EFE70000E3
:10F490002DE9F04F0C468DB014220021064607A836
:10F4A00015F073FE0020EFF765FC844B814603F1F5
:10F4B0000808002C18BF98460024B8F80430D8F883
:10F4C00000A0A8F80440C8F80040ADF81030F0F7EC
:10F4D000A1FDF2F771FA022305AF0193F0F726F8C8
:10F4E0000546002849D10020F2F7C2F80546002859
:10F4F00000F0D680012C6ED930460DB0BDE8F08FFB
:10F50000012203212846F0F7CBFE97E8030088E8A4
:10F5100003002846F0F79EFE8DF82C002846F0F7F1
:10F5200022FF8DF82D002846F0F791FE83469DF8C6
:10F530002D00F9F7D5F8ABEB0903002BBFBFA9EB02
:10F540000B03B3FBF0F303FB00008344ABEB0900B8
:10F5500009902846F0F70EFA9DF82F3000F00300CE
:10F5600023F00303034307A930468DF82F3015F02D
:10F570002FFC01340646E4B229E0012CB3D828461A
:10F58000EFF7C4FF18B329463846F0F76DF997E84E
:10F5900003000022F2F772F8C8B902212846F0F7FA
:10F5A000B1FEA0B103212846F0F7ACFE834670B946
:10F5B000BAF1000FA4D097E80C0050460499CDF89A
:10F5C0000CA015F08CFD10B1DA46ADF810B028464D
:10F5D000EFF7DCFF84E729463846F2F7A8FCBAF1DA
:10F5E000000F13D097E80C0050460499CDF80CA0FA
:10F5F00015F075FD28B14FF000034FF0000AADF88B
:10F60000103000212846F2F723F86FE7062128463C
:10F61000F2F706FD0028F4D004212846F2F700FD99
:10F620000028EED1012204212846F2F78CFC97E84D
:10F63000030088E803002846F2F738FA8DF82C001A
:10F640002846F2F745FD8DF82D002846F2F756FDC5
:10F6500083469DF82D00F9F743F8ABEB0903002B27
:10F66000BFBFA9EB0B03B3FBF0F303FB0000834424
:10F67000ABEB0900002109902846F2F7D1FC9DF878
:10F680002F3000F0030023F00303034307A93046A3
:10F690008DF82F3015F09CFB01340646E4B2B0E73C
:10F6A000012C3FF629AF019B012B3FF425AF01232D
:10F6B0008246ADF81000019310E700BF10600020F3
:10F6C000F2F71ABDEFF762BB07B50DF103010DF1BB
:10F6D000020013F057F8002301A88DF802308DF8CE
:10F6E0000330EFF7A7FA9DF802309DF805209DF84A
:10F6F0000310934238BF13468B4228BF0B469342F8
:10F700008DF8053004D001A8EFF7B2FAF2F744F90A
:10F7100003B05DF804FB00000A22034B1A70642258
:10F72000024B1A80FFF7D0BF22600020206000202B
:10F73000FFF7CABFF7B513F030F90446002840F0D0
:10F740009680FFF7C1FF2046F8F7C6FB85B2F8F7B1
:10F75000D7FB2D0184B2ADB2A400ED08A4B201A87C
:10F76000EFF768FAAC4238BF2C469DF80560CCB183
:10F77000534B9A8A197CA21A23F811209C8209B94A
:10F7800008221A741A7C0821013A1A7400224C4883
:10F790005A8230F9025B01392A4411F0FF0112B29A
:10F7A000F7D15A82474F0DF103010DF1020012F01B
:10F7B000E9FF3B78444D002B70D1662C68D9404B53
:10F7C000B3F91230312B58DD9DF802209DF8053039
:10F7D000511C8B424DDD023B8DF805302B88002BF0
:10F7E0005FD1542C08D89DF805309DF803209A422B
:10F7F00002D901338DF805309DF80530B34208D0A9
:10F8000001A8EFF735FAF2F7C7F80A233B70642333
:10F810002B80EFF755FE441C0546F8F765FBE4B274
:10F82000064601A8EFF706FA012C09D0022C3BD0BE
:10F83000032C3BD0033DEDB2052D34BF112414241D
:10F840009DF806209300B3FBF4F18E4230DD0132C7
:10F850008DF806209DF8063001A8022B38BF022340
:10F86000042B28BF04238DF80630EFF701FA03B00C
:10F87000F0BD934209D9013BAEE7BF2C08D99DF8F2
:10F8800005309DF802209A42F5D364232B80A5E72A
:10F890000120F3F791FD0128F1D89FE7013B3B7070
:10F8A0009CE7013B2B80A7E70B24C9E70E24C7E7A1
:10F8B000043B93FBF4F4A642CCDA013AC8E700BF5C
:10F8C000246000202260002020600020704700009B
:10F8D000F7B505466C1E0DF10700E4B20E4613F0B5
:10F8E00089FC0B2C12D89DF80730AB420ED0084F84
:10F8F000A50007EB8403DB7803B13EB101233D444F
:10F90000AB70E8F733FCEE7027F8240003B0F0BDCD
:10F910003A600020431E074ADBB202EB830398786B
:10F9200020B1DB78002B0CBF0846012000F001005D
:10F93000704700BF3A60002010B504460846012118
:10F94000F9F7F2FD01462046BDE81040FFF7C0BFC1
:10F950000021FFF7BDBF00000023044A02EB830132
:10F96000887810B901330C2BF8D170473A60002029
:10F97000F8B5002540F60F662F460B4CA3786BB107
:10F98000E8F7F4FB2388C01A80B2B0428CBF002392
:10F990000123B0F5616FA37028BFE77001350C2D0E
:10F9A00004F10404EAD1F8BD3A60002038B5094DED
:10F9B000441E05EB84039A7842B1DB7833B1E8F753
:10F9C000D5FB35F82430C01A80B238BD4FF46160E1
:10F9D000FBE700BF3A60002008B5E8F7D3FB074B10
:10F9E000074A1B68126813441B1A002B04DA002212
:10F9F000044B1A70044B186008BD00BF70600020F3
:10FA00006C6000206A60002074600020002208B54D
:10FA1000034B1A70E8F7B6FB024B186008BD00BF35
:10FA20006A6000207460002008B5054B1B780BB19C
:10FA3000FFF7D2FFE8F7A6FB024B186008BD00BF36
:10FA40006A600020746000202DE9F7436D4604468B
:10FA5000284605F0FFFE12F036FF78B1234F3B78C1
:10FA6000A3B1FFF7B9FF3B7883B1214B214A1B6853
:10FA700012681344009301238DF8043095E80300C5
:10FA800084E80300204603B0BDE8F083E8F77AFB82
:10FA90000646F1F735FD184B80461A6802F5C33269
:10FAA000A032921B002AE9DA02F084FD0028E5D199
:10FAB0004046F8F770FE0028E0D04FF001094CF204
:10FAC000503887F800900B4FC7F8008005F070FBA6
:10FAD000B0FBF8F202FB18023B688DF80490134467
:10FAE000034A3B60334416600093C7E76A60002016
:10FAF000706000206C6000207460002007B56846CC
:10FB0000FFF7A2FF03B05DF804FB08B502F0C8FCE4
:10FB100003F00CFE01F07EFA00F018FAFFF776FF12
:10FB200002F092FF02F028F9BDE8084000F036BD6F
:10FB300070B532498AB00646F1F706F818B10024CC
:10FB400020460AB070BD2E48FCF7FAF8054600289A
:10FB5000F5D02B48FCF701F904460028EFD12848DE
:10FB6000FCF7C4FA0028EBD112F0ADFE00283AD021
:10FB70002348FCF7EEF8044601A92148FBF70DFAEB
:10FB8000204601A902ACFFF7D7FE20461C49FCF72E
:10FB900071F8142200210DEB020015F0F6FA94E83A
:10FBA0000300019B0493F9F7D7F9059094E803004B
:10FBB000F9F7ECFA07AB069094E8030083E803003A
:10FBC000337B04A88DF82430F9F7F4FB0C48FCF7DC
:10FBD000A6F804460028B3D10948FCF704FB00F05E
:10FBE000E3FA2C46ACE70648FCF70FFB0128A7D147
:10FBF0000348FCF71DFC0028BAD0A1E730650020BF
:10FC00003F65002008B500F013FD02F02FFB12F055
:10FC10005AFE48B100F0B2F803F0ACF903F004FC6E
:10FC2000BDE8084003F086B908BD08B5FFF766FFD8
:10FC3000FFF79EFEBDE8084002F0C8B870B50E465A
:10FC40001446054603F098FB0146207016B9284675
:10FC500000F030FA207860B92846F3F785F90228D9
:10FC6000044603D116B9284603F000FCA01E18BFB5
:10FC7000012070BD08B1F8F73FB8F8F745B80000AB
:10FC800070B504460830FFF753FF0546204615F0CF
:10FC900046F806460DB9002070BD0F4803F06CFB16
:10FCA000052E054603D001460B4800F003FAB31FAA
:10FCB00058425841FFF7DEFF002DECD1064802F014
:10FCC00069F90028E7D121460348F3F77DF9B0FA36
:10FCD00080F04009E0E700BF3F65002060B1427955
:10FCE00042B18379C3EB0323B3FBF2F3FF2B28BFAD
:10FCF000FF23DAB2104670470246FBE7014805F0E1
:10FD000081BB00BFE0600020014805F07BBB00BF65
:10FD10007860002007B50022002900904FF0FF0313
:10FD200014BFF2217221104605F019FBC0B203B0D6
:10FD30005DF804FB08B5F2F7E3F90023037108BD91
:10FD400007B56B4683E80300002293E80300F1F750
:10FD500095FC20B103B05DF804EBFFF7EBBF03B0F7
:10FD60005DF804FB08B5E8F701FA034B1B68C01AFD
:10FD70000A38C00F08BD00BFC46000202DE9F3475A
:10FD8000E8F700FA2D4B1D681860451B72B600217C
:10FD90002B4A2C481368013313602B4B1E681960E3
:10FDA0000368016029480468016029480768016008
:10FDB000116801391160126802B962B6DFF8A080DB
:10FDC0003344D8F8002023443B44134400222946FE
:10FDD00010460093FF2305F0C2FA81461D4805F046
:10FDE0000AFC5FFA89F11C4805F01AFBFFF7BAFF1D
:10FDF000DFF870908246C0B9164805F035FCD8F897
:10FE000000303E441C44D9F800307043E41AFF230C
:10FE1000B0FBF3F00444294652465046009405F0E6
:10FE20009EFAC1B20D4805F0FBFA0023C9F8003074
:10FE3000C8F8003002B0BDE8F08700BFC060002005
:10FE4000341B0020BC600020B8600020B06000209F
:10FE5000B4600020C8600020E060002078600020CE
:10FE6000A8600020AC600020052913D8DFE801F06D
:10FE700003080A0E0C100B4A1368184410607047F0
:10FE8000094AF9E7094AF7E7094AF5E7094AF3E7B2
:10FE9000094AF1E772464FF4D1714DF6DD70E8F78B
:10FEA000B5BC00BFA8600020B8600020BC60002086
:10FEB000B0600020B4600020AC600020014608B5AE
:10FEC000044805F06EFBE8F751F9034A1388013343
:10FED000138008BD8C600020A460002073B50E461E
:10FEE0000446104805F087FB0E4805F0BDFB0E4B9D
:10FEF00005461A88328000261E8012F035FC042840
:10FF000003D12670284602B070BD064805F0AEFB4E
:10FF1000FF23009032460421304605F020FA20707D
:10FF2000F0E700BF8C600020A460002008B5E8F76F
:10FF30001DF90221034805F027FB0022024B1A801D
:10FF400008BD00BF8C600020A460002010B5002414
:10FF50000421154805F03AFA0521144805F036FA4F
:10FF6000FFF7E4FF124801F03FF9124B21461C60F5
:10FF7000114B12481C60124B1C60124B1C60124B40
:10FF80001C60124B1C6005F0FFFA114B11481C60FD
:10FF9000FDF7FCFF10480121FDF7BCFFBDE8104054
:10FFA0000E48F1F7BDBA00BFE06000207860002085
:10FFB00080600020B4600020AC600020C860002099
:10FFC000B0600020BC600020B8600020A860002065
:10FFD000C4600020DF010208DB010208CD01020835
:10FFE0000020FFF76BBF0138C0B2FD2894BF00208E
:10FFF000012070477F2913B54FF0000228BF7F21F1
:020000040802F0
:1000000004460091E823FF21104605F0A8F920449A
:10001000FF2828BFFF20C0B202B010BD2DE9F04379
:10002000054687B0006905F063FC04AF0446D5E9D6
:10003000080187E8030068680830FAF763FF804624
:10004000D5E90409FFF74AFEAE688DF80F00D6B176
:1000500000213046F1F7E4FFA8B13046F1F7C6FDC4
:1000600001462046FFF7C6FF0446012301930DF128
:100070000F030093424697E803002346F8F740FD3C
:1000800007B0BDE8F083B9F1000FEED0FFF736FE00
:10009000C0F38701E5E7000010B50446044805F009
:1000A000B1F901462046BDE81040FFF7A3BF00BFED
:1000B000E06000202DE9F04387B088460446FBF756
:1000C0009AFEFFF7E9FF04AD21468DF80B002846A4
:1000D000FBF7D0FD95E80300EFF75AFA0746FFF764
:1000E00041FE064600284DD1B7B995E803003A46CF
:1000F000F1F7C4FA0C21F1F793FF0646E8B1204668
:100100009DF80B90FBF7FEFE01464846F8F725FDEB
:100110008DF80B00FFF7D2FE2046FBF76FFE01467D
:100120000120F8F793F85FB143460DF10B020093FD
:1001300021464346384602F04EF807B0BDE8F0834A
:10014000002EFAD0204603A9FAF727FF95E803000E
:10015000039AF8F718FD2046FBF720FE18B9414630
:100160000B4801F04FF82046FAF7CCFE002301219E
:10017000CDE90031024695E803009DF80B30F8F711
:10018000BFFCDAE7002FD8D000231A46CFE700BF24
:10019000806000200048704780600020014801F026
:1001A00023B800BF8060002018B10021024805F08C
:1001B000F8B9FF21FAE700BFC860002008B5E7F7EB
:1001C000D5FF014B186008BDC460002008B5FFF7DB
:1001D000F5FFBDE80840FFF7A9BEFFF7EFBFFFF747
:1001E000EDBF0000014B1888EBF722B8F460002047
:1001F000014B1888EAF7F8BFF4600020064B10B5F1
:100200001868EBF79BFA044608B114F0ADFB201E0A
:1002100018BF012010BD00BFF860002008B50548D8
:1002200005F0AEF918B1034805F0A4F908BD43F292
:100230003810FBE7E8600020036973B5DD790446F8
:1002400005F07F0503F00AF828B3002094F8281081
:1002500002F09EFDA3688BB112F02FFB002832D074
:10026000A068F1F78BFD06282DD900220121A06896
:10027000F0F738FD0023C4E902332361606920B13F
:10028000002D40D0204600F04DF80023A3606361AC
:10029000636002B070BD20690028DBD055B9FFF75C
:1002A0001DFD01238DF807000DF10702D4E90801B7
:1002B000F8F782FD002223691A715B79002BC9D1FE
:1002C000EFF73CF8C6E7002DD8D1A068F1F72AFD7A
:1002D00080B1A068F1F72BFC06462946A068F1F72B
:1002E00015FC4B20F7F7D2FC002EC7D12020F5F7E4
:1002F00007FEC3E70C220121A068F0F7F3FCC4E974
:1003000002552561BAE7EFF7A8FF05466069EFF7E8
:10031000A1FF8542B9D16069EFF74EFE4920F7F79A
:10032000B5FCB2E7F0B58BB0044602F097FF28B9F0
:10033000A38D990502D42046FFF770FE2369002B98
:1003400038D00022656820461A605A6002F086FFA5
:1003500080BB05F1080108460391FBF727FB0399D1
:1003600040B306AD2846FBF74BFED4E9082395E8D9
:10037000030014F0B4FEE8B960680830FBF7DEFE55
:1003800088B9A06878B1F1F778FA98B90125FFF734
:1003900045FFFF22236945431A71E7F7F3FE2369FE
:1003A0002844186006E0606988B1EFF7E1FF054670
:1003B000002DECD1237F013B062B2AD8DFE813F078
:1003C000BD00BD00BD002400BD00CC00D300A0686E
:1003D0000028EFD0F1F751FA0546A068F1F797FD34
:1003E000837885F0010553FA85F3C578A0681D442C
:1003F000F1F798FC0028DBD012F065FA0028D7D07E
:10040000002DD7D0013DD3E76268D4E90801F2F7A7
:10041000FBF8A068002853D0237F002B40F0AE806B
:10042000F1F795FE94F82E5085BB08AEA068F1F761
:1004300088FE3046A168F1F77AFD96E80300F8F7E8
:100440008BFD0646A068F1F790FE29460778A06864
:10045000F1F7E6FD0390A068F1F721FA0122394691
:10046000039B00903046F9F7C1F9A068F1F77DFED3
:10047000F2F7E8FDA068F1F72FFB0121A068F1F782
:1004800045FB2A460E21A068F1F75DFDA38DDA0732
:100490000AD560680830FBF7D0F8202804D1002284
:1004A0000A21A068F1F74FFDA38D5B066AD50822EB
:1004B0000121A068F0F716FC0023C4E90233236190
:1004C000606990B30021EFF7A2FE00216069EFF7A9
:1004D000A2FE94F82E5045BB6069EFF7CDFE04AE46
:1004E0006069EFF7D3FE30466169EFF7BDF996E832
:1004F0000300F8F731FD06466069EFF73CFF01782D
:1005000060690391EFF736FA0122034603993046FA
:100510000095F9F76BF96069EFF72DFFF2F792FD9F
:100520002A4601216069EFF7BBFE0023E0686360A3
:100530000BB0BDE8F040FBF737BC94F82E106068B4
:10054000022903D10321F2F7D5FC62E7B1FA81F168
:10055000490913F05BFE5CE7606900283FF459AF7E
:1005600001F053FB55E794F82E3094F82810022B35
:1005700094BF0120002002F00BFC4AE70021F1F7B4
:10058000C3FD4FE712F099F9002899D094F82E3066
:10059000022B95D12046FFF74FFE91E730B5194861
:1005A00089B005F057F914F0ADFD00B305F066F819
:1005B000154B142118600A2300934CF25033134D4D
:1005C0001A4605F077F802AC0421114804F09AFFAE
:1005D0000FCD0FC495E8030084E8030002A8EAF7F2
:1005E0004FFC0C4B1880EBF72FF80B4B18600B48A7
:1005F000FDF7CCFC00210A4809B0BDE83040FDF70A
:1006000089BC00BFFC600020F0600020C8A4030883
:10061000E8600020F4600020F8600020F10102088A
:10062000E5010208014B1868704700BFF060002028
:1006300010B512F044F918B30020F1F719F8044688
:10064000F0B10021F1F7ECFCA8B12046F1F76AFB0C
:1006500088B12046F1F756FD68B92046F1F756FDFE
:10066000F7F71AFF38B901212046F1F77BF910B1ED
:100670002046F1F739F900212046F0F7E9FFDEE7DF
:1006800010BD70B50E46F1F73BFD054604F090FD38
:10069000044605F029F9B4FBF0F101FB10442B7975
:1006A00034441BB9FF232B712C6003E02B681B1B08
:1006B000002BF9DB70BD000037B5044608B3F1F735
:1006C00031FBF0B14A20F7F7E1FAF0F719FF0E4BD2
:1006D0001B78834201D1FFF783FC6D4621462846F3
:1006E000F1F725FC95E8030000231A46F8F764FBB0
:1006F000F7F7FAFA1521002003B0BDE83040F7F70C
:10070000A5BD03B030BD00BF803000202DE9F04F03
:10071000DFB0FFF773FD2CAB1E93E7F733FD0390BB
:10072000E7F730FDDFF86083064698F80430C146ED
:1007300014AC0DAD23B1404605F06CF800287BD019
:10074000204605F087F8E7F71DFD8346FFF766FDB5
:10075000029000F011FDC0F5144A5846FEF78AF9E0
:10076000071E029B0AF1700A69DD574570DA012302
:10077000DA442371AAEB070723794BB104F018FD83
:1007800044F26823B0FBF3F202FB13000744276036
:10079000A38806AF2268A8F804303846C8F80020BD
:1007A000FFF752F997E80300224684E80300384631
:1007B000B54905F010F897E8030089E8030098F8B8
:1007C00004301BB1B04805F025F8A8B31EA801F00D
:1007D000BCF9029080B301F09DFE00238DF8A33098
:1007E0000223ADF8A43003231F988DF8A6300830FB
:1007F000FBF7DCF888B312F060F8074620B101205F
:10080000229905F03FF807469DF8943003F0FD0368
:10081000042B1FD11F98F2F755FE80461F98F7F75B
:1008200063FE40EA0803DBB203B9B7B102231EA896
:100830008DF8A630FFF776FD0023029364E2C3F142
:100840007F4303F57F0303F53943B0339F428EDCCA
:10085000002791E74FF00008E0E71EA801F06FF9CC
:100860001EA801F050F90120EDF7DAFF1EA802F0F2
:10087000F5FC0423ADF8A430032380468DF8A630A0
:1008800012F01BF838B99DF8A2302BBB1F98083026
:10089000FBF758FE10BB01278DF8A770B8F1000FC9
:1008A0002BD12098E0B1F1F725FC394600F04DFC42
:1008B000D0B1229B33B9724640F2635143F2F73014
:1008C000E7F7A4FF384627B1229B9B79002B40F025
:1008D000E38000F0FBFB09E00746DDE70227DBE7EA
:1008E0002398002840F0CD8042F6E060B9232B9099
:1008F00020602046237114F051F8219F07B13F88F2
:10090000DFF888A11F99B3220831504614F016FC75
:100910002422002115A814F038FC5046C4F800A089
:10092000FBF77AF90DF1980916AB207199E80300ED
:1009300083E8030018A811F0F7FE5046FBF77CFA95
:1009400020765046FBF783FA608311F0F7FE2A9B6E
:10095000206203B11B78204684F82430FBF785FA27
:100960009DF8A7303946229A48480093002302F0A8
:1009700067FB11F0E3FE07469DF8A00009F0B6FF03
:100980009DF9A100EDF72CFF9DF9A1000BA9F8F747
:1009900055FE3E480BA9FAF7E8FA3C48FBF7BCFEC7
:1009A000002840F08680EFF7C7FD00F001013748CE
:1009B000FBF7ABFE3548FAF7F9FF30B11F98F7F7B0
:1009C0003AFD01463148FBF7A0FD3048FBF7AAFD90
:1009D00078B1E7F7D1FBDDF890B0824613F0B0FEB6
:1009E0005044834413F0B1FE0BEB00012748F2F7AB
:1009F00059FA1022002110A814F0C7FB244B1EA89E
:100A00002B60209BC5E90137249B6B6101232B766A
:100A100002F024FC80F0010068762846EFF7A4FF7E
:100A2000030E0A90C7B207D09DF829309DF82A001E
:100A300043EA0020EEF76EFC8DF8A370002F40F023
:100A4000C081B8F1000F40F00981102241460EA884
:100A50009DF8A7A014F099FB2B9B4FF0010BEB60C6
:100A6000B9230C4F6B742F6085F812B004F0F8FEB8
:100A70002846F0F71BF8ADF82800C0B2D8B102271D
:100A8000D5E0EFF773FC10E7FC6000200B66002058
:100A9000FC6500203065002000F018FB229B024618
:100AA0009B7915210093002042F6E06304F057FC87
:100AB0001CE7012079E707F10F00FBF741F9002857
:100AC000DDD007F10F00FBF748F9A0B907F10F00DF
:100AD000FBF725F90028D2D007F10F00FAF766FFDF
:100AE0000028CCD02246594607F10F0084F8008038
:100AF000FFF7A4F8C3E7219807F10F01FBF781F88E
:100B00000028BCD00DF12C0B584607F10F01FBF764
:100B1000B1F899E80C009BE8030014F0E0FA002813
:100B2000ADD007F10F00FAF781F80028A7D007F140
:100B30000F00FBF771F8012801D004289FD1AE48BF
:100B4000FBF7F9FD0746AC48D5F80890FBF7F9FD2F
:100B50000AF022F83844A0EB09009DF8A71000F035
:100B60008FFA2098002800F01E81F1F7C3FA514651
:100B700000F0E1FA182217AF0021204614F005FB1F
:100B800038469D49FBF776F89DF8A030237597E825
:100B90000300F8F7E1F9606097E80300F8F7F6FA68
:100BA0002146A0609448FAF7F8F92046F8F702FCCD
:100BB0009148FAF72DFE002820980CBF0127412705
:100BC00070B1F1F7AFF858B18B48FAF729FE08B1C8
:100BD00047F010078848FAF733FE08B147F48077EA
:100BE0008548FAF72DFA08B147F48067239B2BB1AB
:100BF0008148FAF745FE08B147F080077E48FAF7CA
:100C00004FFE08B147F008077B48FAF729FE08B104
:100C100047F400777848FBF7A2F908B147F02007BE
:100C20000022012174480DF1270302F02DFA2A9BBE
:100C3000ADF8A47033B19DF8A7201AB91A7882F0E4
:100C400001021A70022F40F0B580F7F745F8249B97
:100C500023B100219DF8A000F7F722FA40469DF845
:100C6000A3202499F7F720F89DF89430042B03D0A3
:100C70009A1F012A00F2B280BDF8A47087F008071D
:100C8000C7F3C0079DF8A320002A40F0C180BDF83B
:100C9000A420042A03D012F02A0F40F0A1800023E0
:100CA0008DF8A630229B002B00F0C680BDF8A41062
:100CB0005A79022902F101025A7140F0BD809A79F5
:100CC00001329A71BDF8A430180608D5239830B1C6
:100CD000EEF75EFE0023239305238DF8A6309DF8E2
:100CE000A630052B05D0032B00F0D9801EA8FFF7F6
:100CF00019FB0020EDF794FD37B1E7F743FA039BAA
:100D00000521C01AFFF7B0F8204600F07DFE2379D8
:100D10004BB106AF38463949224604F05CFD97E8EE
:100D2000030084E8030094E80300354B85E80300E2
:100D30001868EAF71DFD58B9284604F06BFD38B96C
:100D40002B79002B00F05881284604F071FD0646EF
:100D500001F0A0FB029B13B3EAF7F4FE9DF8A73065
:100D6000074633B9E7F70EFAC11B89B2254804F0EC
:100D7000D1FB254DD5F80080E7F704FAC11B4046AA
:100D800004F0A2FC58B12146286804F0D6FC237870
:100D90002BB11E4B00F164011888EAF71BF93046AD
:100DA0005FB0BDE8F08F239800283FF4E3AEEFF783
:100DB000DDFADCE617F02A0F3FF449AFF6F794FFAF
:100DC00045E7022F7FF44AAF249B002B3FF446AF48
:100DD000B8F1000F7FF442AF01213BE7002751E754
:100DE00003228DF8A620BBB11EA802F037FA002816
:100DF0003FD0042319E000BF3F650020FC600020C5
:100E0000F8600020E8600020F0600020F46000201E
:100E100003228DF8A6203BBB1F980830FAF7C6FCCA
:100E200010B32098F1F78DF901238DF8A6309DF8C5
:100E3000A330002B3FF436AFBDF8A430D90602D55D
:100E40002098F0F741FDBDF8A430DA057FF53AAF00
:100E50002098FFF731FCBDF8A4305B053FF532AFB9
:100E60002098F0F731FD2DE79DF8A330062BDBD05D
:100E7000BAE7BDF8A4301A070FD51F9890F8C23012
:100E80009B06D1D40830FBF713FBF52805D11F983A
:100E90000830FBF717FBF628C6D00323C5E7E7F7B2
:100EA00071F9229B82461A79FF2A04BF00221A7127
:100EB0001F9893F804900830FAF778FD229980463D
:100EC00004F0E0FC229B0490404693F804B004F048
:100ED000CAFC83453FBF229A137901331371BDF8D1
:100EE000A43019071AD52299CB7903F07F027F2A03
:100EF00009D008795A1C02F07F02824228BF0246BC
:100F000062F30603CB71239818B101221146EFF763
:100F1000C7F901220E212098F1F715F8229BDB7901
:100F20005A062CD004F044F98146FFF777F9354B87
:100F3000B9FBF3F803FB189303EB0008BDF8A430EA
:100F40005B0710D4239800284AD0EFF714FAF2F781
:100F50007DF820462399EEF787FC94E80300F7F725
:100F6000FBFFF8F791FB229B0AEB08001860049B3B
:100F7000002B3FF4BEAE1EA8FFF75EF9B9E604F001
:100F800097FC8346FFF74AF9804611F096FC30B192
:100F900004F00EF9B0FBF8F909FB1808CEE75FFA88
:100FA0008BF399450AD304F003F9814604F08EFCD3
:100FB000B9FBF0F303FB10908044BFE704F0F8F8AE
:100FC000834604F091FC059004F07AFCB9FBF0F341
:100FD000059901FA03F9BBFBF9F009FB10B0EBE747
:100FE00020980028BFD0F1F7C0F8F2F72FF820467C
:100FF0002099F0F79CFFB0E706F5742606F5107609
:10100000A6E600BF00093D0008B5FFF7F7F8002885
:10101000FBD108BD13B514F075F8134C10B104F0F2
:101020002DFB2061322342F6E0622069009300210B
:10103000642304F03FFB04210B4804F063FA04210D
:101040000A4804F05FFA4FF4C872094B1A600A228A
:10105000084B1A603C22084B1A604FF47A72074B17
:101060001A6002B010BD00BF046100200C610020B6
:101070001C610020286100202061002024610020E4
:10108000012907D002290ED0A9B90E4B01461869D3
:1010900004F01ABB4FF6FF71814228BF0146094890
:1010A00089B204F037BA4FF6FF71814228BF01467A
:1010B000054889B2F5E77246E8214AF6E700E7F706
:1010C000A5BB00BF046100200C610020012807B50A
:1010D00011D0022817D0E0B9134B0DF107011869A0
:1010E00004F02BFB9DF8073013B90220FFF7EEFF49
:1010F00003B05DF804FB0C4804F042FA18B10A484A
:1011000004F038FAF4E7094804F03AFA40B1074825
:10111000F6E772464FF48C714AF6E700E7F776FB84
:1011200042F6E060E4E700BF046100200C610020AB
:101130000023037070470123CA0801F0070103FA76
:1011400001F1835C194381547047CB08C25C0123D1
:1011500001F0070103FA01F10A4214BF184600200A
:10116000704708B504F024F83C23B0FBF3F202FB0F
:10117000130000F5077008BD4FF4167070470000AB
:10118000014B1868704700BF1C610020134A1449C6
:10119000B0B1002313700B780133DBB2322B0B702C
:1011A0001AD9104B1A68012A84BF02F1FF321A6063
:1011B0001A68012A38BF01221A6000230B70704799
:1011C000137808700133DBB2012B137004D9054981
:1011D00010700B6814330B60704700BF186100205B
:1011E000196100201C6100200023036043608360BC
:1011F000034B1B6803804FF6FF73C380704700BF2B
:10120000206100204FF6FF724388934205D00133DE
:10121000438011B1838801338380704710B54488BF
:101220000388032C44D98188C1EB01218AB2B2FB27
:10123000F4F212F0FF02817A48D1052984BF052219
:101240008272817A21B1C27A002A33D10139817246
:10125000C2884FF6FF749A4284BF0022C380C188BF
:1012600088BF0281A142827A27D132338B4209D8CA
:10127000427A4ABB027AA1F10A03013202EB8202EE
:1012800052004272827A182A41D9FFF7ADFF0388D3
:10129000224A1168224A8B4238BF0B461268934299
:1012A00028BF1346C2880380914228BF8AB2C280F9
:1012B000184610BD013AC272CAE7052A28BF0522A6
:1012C0000A2313FB0213D1E7013ADAE77E2AD9D9C0
:1012D0004FF6FF74C288A2421DD093420CD2037A0B
:1012E000082B01D801330372837A0A21052B28BF0A
:1012F000052311FB0323C5E7FF2901D001318172CA
:1013000002F132018B42EFD86423C372ECE7002272
:1013100042808280BCE73233B4E700BF28610020FE
:101320002461002008B509F0F5FCA0F10B03B3F52A
:10133000777F0DD8074A13680A2B02D0984228BF3E
:101340001846C31A0A2B81BF034B10603230186055
:1013500008BD00BF2861002020610020F7B50D46C0
:101360000C210646F0F75CFE08B33046F0F7B7FEF6
:1013700004463046F0F7CBFD4779BC4204D93946E4
:10138000002003F041FFC4B215487F004443B4FB82
:10139000F7F42C603046F0F7AFFE2C6804442C6064
:1013A000E6F7F0FE201AC00F687103B0F0BD3046BA
:1013B000F0F791FE0446684611F0B6F9FF21009A55
:1013C000B2FBF1F1C1EB0121521A04FB02F34FF41D
:1013D0007F62C3EB0313B3FBF2F32B60DAE700BFCA
:1013E00000127A002DE9F04786B00C468146E6F7F8
:1013F000BDFE07462046F0F7B0FE0DF108083F1A83
:10140000404604F027FAE6F7BDFE4FF0010A0C2132
:101410000290064620468DF80DA0F0F701FE054625
:101420002046F0F788FEFCF767FAA8B15046F7F7B8
:10143000EDF9B84208D95046F7F7E8F9029B18448D
:10144000002302908DF80D3001238DF80C3011F03F
:1014500034FA98BB2FBB33E002212046F0F7E0FDC1
:1014600040B115B911F029FA20B141462046FFF7E5
:1014700075FFE9E711F023FA78B12046CDB1F0F716
:101480002EFE3F28E0D02046F0F748FA0028DBD1B6
:101490002046F0F754FC0028E7D19DF80C30002BD3
:1014A000D5D198E8030089E80300484606B0BDE8B6
:1014B000F087F0F714FE3F28C6D1EEE7072FF0D8EB
:1014C0006C4604A804F0C6F9012306F574264146CB
:1014D000204606F5107604AA8DF81430049604F020
:1014E0007AF994E8030088E80300DAE710B50021F0
:1014F0000446F0F795FD30B12046F0F7D4FABDE888
:101500001040F7F748B910BD2DE9F04FDFF8108310
:10151000044698F8003093B00133DBB2022B88BF49
:10152000002388F8003098F800600DF1200A012EA1
:101530001AD0022E00F0D981002E40F05D82304694
:10154000F0F796F8B346A0600DF12809A0680028CE
:1015500032D10136F6B2032E28BF002698F80030AB
:10156000B342E4D1002723E001F0B9FC0028F0D019
:10157000A84800F00EFB07460028EAD001F0A6FAC2
:10158000A44B6060236101F08DFA072200232277CB
:10159000A14AA36012786361E360013A9F4B84F82B
:1015A000280084F82920203493E8030084E803000D
:1015B000384613B0BDE8F08FFFF798FF002800F021
:1015C0008E81A068F0F79CFD00F0E3FA0746002842
:1015D00000F08581636884F81CB0002B40F0F28035
:1015E0004846A168FFF7FEFE484604F013F90028BC
:1015F0005AD0A068F0F79FFDFCF77EF9C8B90C211E
:10160000A068F0F70DFD02210546A068F0F708FD7F
:1016100080BB002D74D0A068F0F761FD3F2840F03A
:10162000958025680022A06805F10801F0F760FEAA
:1016300038E02568A16805F10800FCF727F9002DBE
:10164000DDD0A06884F81CB0F0F75AFD0B210390A0
:10165000A068F0F7E5FC20B9039B1A790AB1FF22D4
:101660001A712846F6F7ECFF01212846F7F71CF817
:10167000656019E0002D3FD006AA1046A1682568D4
:10168000F0F755FCA068F0F7F1FB0390A068F0F7C5
:10169000F9FB039B009006AADBB205F1080006CA1D
:1016A000FAF760FF002DCCD1D4E90130002B40F0D7
:1016B0008980F0F727FD6060A068F0F715FD63688A
:1016C0002077002B7ED1A068F0F720FDF6F78AFE88
:1016D0006060002800F09380022308302377FAF737
:1016E00065F9002863D060680830FAF727FD002804
:1016F0005DD00323237761E011F0DFF80028BBD130
:10170000A068F0F7ECFC3F28CED025681422002119
:101710000DA813F03AFD05F108030C931523A168F9
:101720000EA88DF83430F0F702FCA068F0F79EFBAD
:101730008DF84100A068F0F7A5FBADF842000CA8B9
:10174000F9F73FFFA068F0F7BFF8ABE7A068F0F744
:10175000E5F800287FF465AF0390A068F0F7EFFA92
:101760000028A1D02568142203990DA813F00DFDBF
:1017700005F108030C932023A1680EA88DF83430DE
:10178000F0F7D5FBA068F0F771FB8DF84100A06879
:10179000F0F778FBADF842000CA8F9F712FF2846E5
:1017A000F6F74EFF01212846F6F77EFF7AE76068DC
:1017B0000830FAF731FA012800D120776368002B4E
:1017C00000F08D80237FA06863B300220B21F0F727
:1017D000BAFB217FA068F0F78AFCD4E90110F0F78A
:1017E00093FCA068F0F77EFC0121E060FAF7FAFABA
:1017F000237F012B6CD1002384F82A3018E0504657
:10180000A168F0F794FB9AE80300F0F739FF04238E
:1018100060606FE72C610020581800205CA403086A
:101820003461002001220B2184F82A30F0F78BFB71
:10183000A068F0F738F9A16884F828000CA8F0F740
:1018400076FB0CAB03CB20626162A068F0F758FC1A
:10185000A16820614846F0F76AFB99E80300F7F7B2
:101860007BFB0546A068F0F780FC00210678A068A5
:10187000F0F7D6FB0390A068F0F711F83146034665
:10188000039A2846F7F752FF236984F8290018794C
:10189000FEF7A9FB20B1A068F0F767FCF1F7D2FBD7
:1018A000A0682569F0F74BF9EB7960F3C713EB718A
:1018B000A068F0F75EFC63692063002B3FF478AE0C
:1018C000724640F287114BF2F570E6F79FFF6FE624
:1018D0000121A068F0F7A4FB84F82A00A8E7002102
:1018E000A068EFF7B5FEA06030E600270122211DB9
:1018F0000AA88DF8287000F0BAFB05466061002840
:101900003FF427AEA760EEF72CFD3946E060FAF70A
:1019100069FA2846EEF797FC0CAE2946206130465E
:10192000EDF7A2FF96E80300F7F716FB06462846F8
:10193000EEF721FD017828460391EEF71BF83B46B0
:10194000024603993046F7F7F1FE84F8290028464D
:10195000EEF73AFA04AE294684F828003046EDF74F
:1019600083FF96E8030004F1200383E80300284680
:10197000EEF7C2FB18B160680830FAF717F800F00C
:10198000010084F82A002846EEF7FDFC2063606819
:1019900000F108062846EEF779FA01463046FAF7D4
:1019A000B4FE23691879FEF71EFB20B12846EEF736
:1019B000E2FCF1F747FB9DF828302BB10623237793
:1019C000A3688BB90127F3E5052360682377083006
:1019D000F9F7ECFF0028F3D060680830FAF728FD2B
:1019E0000028EDD00323EAE7724640F2BB114BF228
:1019F000F570E6F70BFFE5E772464FF498714BF28E
:101A0000F570E6F703FFA4E52DE9F0438BB008ADD0
:101A100002AC0746284601F069FA95E8030084E81D
:101A20000300204603F0F6FE064638B194E80300B2
:101A300087E8030038460BB0BDE8F0830DF11009CC
:101A4000484603F007FF3046EFF712FEE846064629
:101A500046BB6E46049ABDF81430214630460692C5
:101A600006AAADF81C3003F097FE96E8030084E860
:101A70000300204603F0CEFE0028D7D1284600F010
:101A800054FB95E8030006AA82E80300214630468D
:101A900003F082FE96E8030084E80300204603F08A
:101AA000B9FEC3E73046FFF721FD98B13046F0F7A5
:101AB00027FB014606A800F054F83046EFF7F9FF7F
:101AC00070B106AA4946404603F066FE98E8030056
:101AD00089E8030030460021EFF7BAFD0646B7E774
:101AE00031462846FFF77EFC9DF82430002BF1D0CC
:101AF0002A46404606A903F06EFE98E803002A46EF
:101B000085E80300DEE710B5044640680830F9F7C1
:101B100087FA28B161680022A0680831F0F7E8FB75
:101B200023691879FEF75FFA40B1204601F096FB71
:101B30006068BDE810400830FAF76EB810BD10B507
:101B40000446FFF70EFBA06110BD10B50446342219
:101B50000021043013F019FB2046BDE81040FFF7C8
:101B6000D3BC73B56E460D460446304603F072FE94
:101B700001232A798DF8043042B12B68009396E84E
:101B8000030084E80300204602B070BD8DF80530E4
:101B9000F5E71FB50146044602A8FFF7E2FF10F083
:101BA0008CFE88B92379FF2B0ED08DF8070004F046
:101BB000D1FA0446FEF736FD0DF1070103F0BDFD35
:101BC000029B20441B1A029302A803F023FE04B0D8
:101BD00010BDF8B505460124E6B23046EDF700FD2C
:101BE000074670B1EDF7C6FE58B1012339461A46D3
:101BF0002846EEF75AF920B9B11C2846C9B2F1F7C8
:101C0000F9FA01340F2CE7D1F8BD38B5044628B9EC
:101C100072462D2141F66D10E6F7F8FD2046EEF7ED
:101C2000F8FA05462046EEF799FB0230C1B2284685
:101C3000F1F7E0FA2046BDE838400021EEF7EBBAB4
:101C400007B50191EEF78AFB01990230C0B203B0EB
:101C50005DF804EBF1F7A6BA38B50546EDF78AFE54
:101C6000A0B12846EEF77AFB841C2846E4B2EEF7D2
:101C7000D0FA30B12146F1F7BDFA00212846EEF73F
:101C8000CAFA00212046F1F78DFA00B938BD214685
:101C9000F1F7B0FAF5E7F8B505460F46EDF76AFE3D
:101CA00028B9E7B12846BDE8F840F1F79FBC2846BF
:101CB000EEF754FB0230C6B20020F1F789FB044670
:101CC0000028EED0012329461A462046EEF7EDF80B
:101CD00018B131462046F1F785FB2046EDE7F8BD07
:101CE00038B50446EDF746FE88B12046EEF736FBE0
:101CF00005462046EEF78DFA48B1A91CC9B2F1F7A6
:101D000091FB2046BDE838400021EEF784BA38BD8B
:101D100038B571B301210846FDF794FA0121054653
:101D20000020FDF78FFA134C401B80B22081F5F79D
:101D300017FA2081FDF73CFBF5F712FA23891844C6
:101D4000208110F0C0FD30B110F00EFD04281EBF40
:101D500023890133238123891BB9003D18BF012545
:101D600025812189034803F0D5FBBDE8384001F007
:101D700043B938BD3861002010B50024064802215F
:101D8000C0E90044846003F0BDFB2146BDE810407B
:101D90000248FCF7BFB800BF38610020111D0208DF
:101DA00010B9034803F0E6BB014B1889704700BF28
:101DB0003861002008B5044803F0DCFB06288CBF1E
:101DC0000020012008BD00BF386100202DE9F0414E
:101DD000012086B0EFF7D8FC0446EDF771FB394ED1
:101DE00020443389984269DB10F06DFD08B310F090
:101DF000BBFC041F18BF01240020EFF739FC054687
:101E000004AFC5B9EDF792FBE846054602AFA5BBA6
:101E100033892C48A34238BF2346338103F0AAFB01
:101E200084424BD92146274806B0BDE8F04103F073
:101E300071BB0446E0E700212846F0F7F1F8B0B1A5
:101E40002846EFF71AFD90B906212846F0F7E8F882
:101E500068B129463846F0F76AF897E80300F7F7C3
:101E60007BF80221F7F792FB08B10134A4B22846AF
:101E70000021EFF7EDFB0546C3E72846EDF77AFDB5
:101E8000B8B129463846EDF7EFFC97E80300F7F7BD
:101E900063F80221F7F77AFB58B129464046EDF77F
:101EA000E3FC98E803000022EFF7E8FB08B90134EF
:101EB000A4B22846EDF76AFB0546A8E706B0BDE8E0
:101EC000F08100BF38610020F0B5032085B0F6F73F
:101ED000C5FB0446002855D0E6F748F90546FCF74F
:101EE00013F82D1A3C204FF6FF77B5FBF0F5264B83
:101EF000BD421B8928BF3D46ADF80C300423234E5C
:101F0000ADF80E5004F1080596E806002846009347
:101F10000023F9F727FD2846F9F799FD039B0121D6
:101F200003602846FAF772FA02212846FAF72AF9DE
:101F300001212046F6F7B8FB39462046F6F7B8FBF4
:101F4000F5212846FAF7A2FAF5212846FAF7A7FA6A
:101F500001212846FAF79EF996E80C00F52108467B
:101F6000F8F710FE01462846FAF7BEFA96E80C008C
:101F7000F5210846F8F72CFE054B21461868F6F7C0
:101F80005DFB012005B0F0BD386100205CA40308B2
:101F90006C5100202DE9F3410746F9F76CFD054629
:101FA00000283DD03846F9F73DFD032838D938469A
:101FB000F9F74DFD0446394606886846F9F75AFE9A
:101FC0003846B4F80280F9F79DFF04463846FAF720
:101FD000ACFB201A44B2282C22DC3C2303FB08F87B
:101FE000E6F7C4F80746FBF78FFF08F11E08381A1A
:101FF000804515D2282308FB04F45843C4EB04247D
:10200000B4FBF0F4084801896143C4F1FF04FE31D8
:1020100006FB0414FF21B4FBF1F189B203F07AFA54
:10202000284602B0BDE8F0813861002070B5044652
:102030000E46EDF745FA0546B8B174B903F0B8F8A5
:10204000B0FBF5F303FB1505EDF770FAAC4200D1D8
:1020500070BDEDF79BFA0134F8E72046EDF796FAEC
:1020600008B9EDF763FA8642F2D10020F0E72DE9D6
:10207000F8430D460021064608461746FFF7D6FFEF
:1020800000238046044633703CB32046EDF772FCD3
:1020900058B12046EEF7D7F8FFF77BFD28B1204670
:1020A000EEF7D8F8F6F777FB28B920464146FFF758
:1020B000BDFF0446E8E700212046EEF723F900289B
:1020C000F3D12046EEF7A1F881462046EEF7A1F8BD
:1020D000B9F1000F04D0C5F800902046BDE8F883A0
:1020E00018B1286001233370F7E739462046FFF71F
:1020F000A7FD0146286028B1002FF3D02046EEF757
:102100008AF8EFE72046EEF788F88146F6F7C4F93B
:102110000028CAD0002FE0D04846F6F763F9014600
:1021200028602046EEF773F8D7E72DE9F04186B036
:1021300002AD0746284603F08DFBEDF7F7F96E4632
:1021400004460DF110083CB995E8030087E8030048
:10215000384606B0BDE8F0812046EDF70BFC10B321
:1021600000212046EEF7CEF8E8B92046EEF772F8E7
:10217000F6F711FBB8B12046EEF747F8C0B120469C
:10218000EEF761F801463046FFF7EBFC96E80300F6
:10219000424688E803002946304603F0FDFA96E8F7
:1021A000030085E803002046EDF7F0F90446CAE78E
:1021B0002046EEF72EF80028E1D12046EEF72DF864
:1021C000F6F76AF901460028D9D12046FFF738FD15
:1021D0000028E8D0D3E7F0B50E4615461F46044662
:1021E00089B0002840D0EEF747F81DB12046297885
:1021F000EEF726F86D4621462846EDF735FB182206
:10220000002102A812F0C1FF95E80300F6F7A4FE32
:10221000039095E80300F6F7B9FF05AB049095E845
:10222000030083E80300EFF76BF902A98DF81C00A7
:102230003046F8F7B2FE02A8F7F7BCF82046EEF7F2
:102240000FF83046F9F7B2FB20B120469DF8381060
:10225000EDF79EFA3046F9F7A1FD28B92046EDF7D3
:10226000F4FF3946FEF7CEFF09B0F0BDF0B58BB0F4
:10227000FDF744FD3F2859D8F6F7D4F913288CBF51
:102280000026012600210846FFF7D0FE0746044637
:10229000002C49D02046EDF76DFB00284AD020469F
:1022A000EDF7B3FF002845D12046EDF7B2FF002837
:1022B00040D12046EDF7B1FFF6F7EEF8002839D10E
:1022C00001212046EEF71EF890BB9EBBEFF718F9F0
:1022D00005462046EDF7C1FF85422BD0302520462C
:1022E000EDF7DBFF0544E5F741FF2D1A002D21DA5C
:1022F000002101251C2203A88DF8041012F045FFCF
:1023000001AB214604A80293ADF80C50EDF7ACFAEE
:102310000B4B02A806938DF81E508DF8265011F035
:1023200091FD2046EDF7B2FF0BB0F0BD0126A9E705
:102330000525D4E720463946FFF778FE0446A7E78F
:1023400001F5F60237B510F0BEFA194D40B1194C3F
:102350002B782078984226D023782B70ECF7A2FBBC
:10236000E5F70AFF044603F0F5FE044401A8ECF784
:1023700061FC2878EFF7AEF89DF80500F6F7B0F9A4
:102380000546ECF733FD0020ECF7F4FC241A05D4E5
:10239000B4FBF5F404FB0550ECF728FD03B0BDE8F1
:1023A000304006F0A5BDF6F7F6F90028D4D0D5E701
:1023B0007C300020803000200120704773B510F081
:1023C00082FA002849D112F04DFD0446F6F7E3F9F0
:1023D00028B3244B1E7816BB01251D70E5F7D2FEED
:1023E000214B31461B68C01AFDF73EFD2846ECF72D
:1023F00017FA204608F07AFA01F0E4F908B1E9F793
:102400005BF901F005FA00F0DBF810F05CFA014628
:1024100030B303F025FA0021144808F0A3FA144D54
:102420002E68E5F7AFFE0446E9F78CFB211A30462B
:1024300003F04AF968B128680DF1070103F07DF94E
:102440009DF807302BB10B4B00F164011888E8F7B9
:10245000C1FD4FF0FF3002B070BDEFF751F8B4E7A7
:102460000548DAE7466100204C610020C5250208D6
:102470004861002044610020B9230208014B1888FC
:10248000E8F7D6BE44610020014B1888E8F7ACBEDF
:1024900044610020014B1888E8F744BE44610020E5
:1024A00010B588B012F02EFE28B303F0E7F8134BF6
:1024B0000A24186042F2107314211A46009403F0A3
:1024C000F9F80021142203A812F05FFE0C4B02A8B9
:1024D00002930C4B8DF80C40049342F21073069358
:1024E000E8F7CEFC084B18800848FBF74FFD0021A9
:1024F0000748FBF70FFD08B010BD00BF4861002082
:1025000013600308BD2302084461002089240208E7
:102510007D24020838B50A4D2B7883B1E5F732FEE9
:102520000024084B2C70186008F07CFA2046ECF769
:1025300077F900F046F8BDE83840FDF775BA38BDC8
:10254000466100204C6100207FB56D46014602AE19
:1025500004462846F9F7AAFB304610F0E5F896E85D
:102560000C0095E8030012F0BAFD10B9009B01338E
:1025700007D12046F9F7E4FB80F00100C0B204B0B7
:1025800070BD0120FBE7F9F7CABB10B586B001A901
:102590000446EEF71FFA50B101A8FFF7D5FF30B996
:1025A000052012F0AFFB0146204600F05DFE06B0AC
:1025B00010BD0000014B1878704700BF4661002035
:1025C000704770472DE9F04705468AB00F4614461C
:1025D000E5F7D8FDAB68C61A2CB104213046FDF7EB
:1025E00043FC012472E0284605A9EEF7F3F9002820
:1025F000F3D005A8FFF7A8FF08B10321EEE705A86F
:10260000FFF7C1FF40B1052012F07CFB01462846D0
:1026100000F02AFE0221E1E7002F5BD005A8F9F7C0
:10262000B8FB002856D1062012F06CFB014680460C
:10263000284603AD00F018FE05A92846F9F71AFB55
:1026400005A8F9F7ADFB824605A8F9F75BFC8146C2
:1026500095E8030001F09AF901464846F7F703F9B7
:10266000387695E8030001F07FF94FF00109012366
:10267000234A386095E8030000F00AFEB8F1000232
:10268000CDF8009018BF012295E803001C4B00F024
:102690001BFE22464B4651461948009400F0D0FCE0
:1026A00097F9180002A9F6F7C9FF154802A9F8F72B
:1026B0005CFC07F11A011248EEF752FAF86001F0DB
:1026C00079F949463044FDF7CFFB022420460AB091
:1026D000BDE8F08730460121FDF7C6FBCA21002086
:1026E000F5F7F0FD064600283FF47BAF2946CA22E5
:1026F00012F024FD01F066F83146E8F7FDFFE5E74A
:102700000B660020024610B501394C00C1F39C0154
:1027100001440B7B04F0060002EBD402034103F0FA
:102720000100611C137B01F007021341DB0748BF66
:1027300040F0020010BD70B5032A4FF0010428BF1D
:10274000032201394D00C1F39C01014405F0060646
:1027500091F90C30B44064B2D6074CBF2343A34375
:102760000B73691C01F00704012100EBD50090F9FF
:102770000C30A14049B292074CBF0B438B4303730B
:1027800070BD13B504460DF1070010F033FD0122B2
:1027900020469DF80710FFF7CEFFE37B0133E3737C
:1027A00002B010BDF8B505460E4617460124314665
:1027B0002046FDF7AFF860B12046FDF7F7F8B842C4
:1027C00007D8012221462846FFF7B5FFEB7B0133EE
:1027D000EB730134E4B20D2CE9D1F8BD2DE9F843D7
:1027E0000446406800260830F9F780FC8046E5F78B
:1027F000C9FCA368DFF85090C71A31464846EBF78A
:1028000091FF0546D0B1B8F1000F0FD0002F0DDBBE
:10281000238A5BB940680830F9F768FC30B9224672
:102820002946BDE8F8430848EBF702BFA368AA6849
:102830009B1A002BF3DB0136062EDED12146BDE8C4
:10284000F8430148EBF7B6BE6C61002073B5C37B5B
:102850000546022B0E4623D82BB1012B00D0F9B12F
:10286000F2F772FAC0B900230DF10700EB7310F014
:10287000C1FC01241EB99DF80730A34207D00122F4
:1028800021462846FFF757FFEB7B0133EB730134FA
:10289000E4B20D2CEED103E00FF066FF0428E2D085
:1028A00002B070BD022010B5F0F786FD042807D9EC
:1028B00000210448EBF736FF0446E5F763FCA0600F
:1028C00010BD00BF6C6100202DE9F04F0446406848
:1028D00085B00830F9F70AFC0546002866D04FF0AD
:1028E000FF080020FFF75CFA05460DF10F0010F01D
:1028F00081FC606801260830F9F7AFFC012881BF30
:102900000C23F322FF2713FB002098BF012741F27D
:10291000ED2303FB07F74FF0000388BF00FB08F827
:102920006068012DE373A37400F1080088BF6F4352
:10293000F9F7DCFB814631462046FFF7E3FE70B332
:102940009DF80F30B34255D1FDF7D8F914233C223E
:102950007F210090002002F002FD08FB00FA02F047
:1029600027FCB0FBF7F505FB17055544B5FBF7F55C
:102970004D4538BF4D46032DAA4628BF4FF0030AE8
:10298000314620465FFA8AF2FFF7D5FE3DB1A37CBF
:10299000E27B534538BF53460132E273A3740136DC
:1029A000F6B20D2EC7D105B0BDE8F08F0FF08BFF4A
:1029B00010B94FF0000894E70FF0D6FE0428F8D0C5
:1029C0000FF0EBFF00288AD02846EEF751FE0546AF
:1029D0000028EED02846EFF7A5F920B900212846B7
:1029E000EEF736FEF3E72846EFF791FAC378002BAF
:1029F000F4D074E7FDF782F900220090FF2311461E
:102A00004FF4616002F0ABFC0546F2F79DF958B94E
:102A10004FF03C0B4FF08C0A3046FCF7C7FF5B468B
:102A200052462946009095E7F5F7B3FE0028EFD00F
:102A3000FFF7C0F900284FF01E0B14BF4FF0280A13
:102A40004FF03C0AE8E7000070B50024782200212E
:102A50000E4812F09AFB0E48EBF79CFD0D48EBF781
:102A600099FD0D4B094D0B4E1C6029463046013433
:102A7000EBF7A0FD062C05F11405F6D1052107485A
:102A800002F09EFA0222064B1A7070BD7861002097
:102A90006C6100206061002050610020F461002022
:102AA000F061002010B5074C236833B972464FF42B
:102AB000BF7140F68E00E5F7A9FE2368024A1B7C31
:102AC000D05C10BD5061002054610020F8B5234F48
:102AD0003C6814B164682046F8BD214DAB68002BFA
:102AE000F9D02846EBF7C4FD0646E5F74BFBB36883
:102AF000C01A00282DDB01253E6029463046FFF72D
:102B000001FE38B1174A00231146A3421BD3631CB0
:102B10000D55DCB20135EDB20D2DEED1F37BA342A4
:102B200006D0724640F23F2140F68E00E5F76EFE79
:102B3000002221460B4802F083FB00220A4B1A7048
:102B40003B685C68C7E712F8010B8542E2D00133AD
:102B5000DBE731462846EBF756FDBCE75061002025
:102B60006C61002054610020F16100202DE9F041EA
:102B7000054600F108084046F9F7B8FA95F8C23062
:102B80000646DB0603D501242046BDE8F081404619
:102B9000F9F7D4FA07460FF0E7FD05464046F9F786
:102BA00047FC044670B10FF08EFE0028EBD1002CDC
:102BB000E9D166B1FFF7F4F858B9FCF7CDFE00F0A3
:102BC0000104E1E7012F06D0042DECD1DCE730460B
:102BD000F5E70120F3E7042DD6D1ECF771FC0028CE
:102BE000E1D0D1E72DE9F04301275A4EDFF86881A3
:102BF00085B0B36813B905B0BDE8F08301210220A8
:102C0000F0F7D0FA81460028F5D0FFF7AFFF002893
:102C100000F09B803046EBF72BFD044630B972463E
:102C200040F22F3140F68E00E5F7F0FD142200212E
:102C3000204612F0AAFAC4F8049009F10800F9F746
:102C400055FA00285ED0606890F8C25015F0100563
:102C500011D02046FFF795FDA774E7736068083030
:102C6000F9F744FA002862D0E5F78CFAA060204614
:102C7000FFF7B4FDBDE70830F9F7C7FA01281ED108
:102C800020464FF461622946FFF78CFD60680830EA
:102C9000F8F7F1FE10B92046FFF773FD0121204639
:102CA000FFF7D4FDA774E37B002BD7D14846022160
:102CB000F0F7A0FA21463046EBF77CFC99E7FDF7E8
:102CC0001DF82B464FF46162FF210090284602F068
:102CD00046FB294602462046FFF764FD2846FFF7DB
:102CE0005FF8022894BF0121002104D820460391F7
:102CF000FFF747FD03992046FFF7A8FD2046FFF7A1
:102D0000E3FDD0E7D8F8000002F03FF9054618B11E
:102D10000521404602F054F929464FF461622046ED
:102D2000FFF740FD2046FFF72CFD0021E3E702F00E
:102D30003FFA0546E5F726FA4CF25033B5FBF3F2BD
:102D400003FB12550544A56091E702214846F0F7C0
:102D500051FA4EE760610020F461002010B504468E
:102D600002214068F0F746FA21460748EBF722FCBB
:102D7000064B1A68A24208BF0022BDE8104008BFF7
:102D80001A60FFF72FBF00BF606100205061002074
:102D9000F8B5464D04462B680E4633B9724640F2EC
:102DA000D11140F68E00E5F731FD2A68137CFF2B28
:102DB0001CBF0133137474B331460320FCF764FA6B
:102DC000002104463046FCF7A5FD18B1012C38BFA0
:102DD0000124E4B2364B2F68187831460444E4B23B
:102DE00038461C70FFF78EFC024608B10138C2B2AB
:102DF00031463846FFF79FFC0B2C0CD97B7C53B92E
:102E000078680830F9F701FA012804D02868BDE88D
:102E1000F840FFF7A3BF2B68197CDA7B914244D3BB
:102E200000215A7CD973FF2A18BF01321974214935
:102E300018BF5A745A7C09789B7C0B449A422CDC4C
:102E400001242E6821463046FFF75CFC10B1F37B6D
:102E50000133F3730134E4B20D2CF3D1F37B002B77
:102E6000D4D049F64040747C44431348844228BF80
:102E7000044602F09DF9B0FBF4F32E6803FB140442
:102E8000E5F780F92044B0602868FFF7A7FC00232D
:102E90002B60BDE8F840FFF705BD0020FEF780FF7E
:102EA0000228CDD9F4F790FFB0E7F8BD50610020BB
:102EB000F1610020F0610020400D030010B50446D0
:102EC000FFF754FE28B92046BDE810400221F0F774
:102ED00091B9FFF7E7FCBDE81040FFF783BE08B5E6
:102EE000FFF7F4FD003818BF012008BD37B56D4667
:102EF0000446284602F0AEFCFFF7E8FD014650B15B
:102F000040F20113ADF8043095E8030084E80300B3
:102F1000204603B030BD06488368002BF4D0EBF7A1
:102F200001FC8368009301238DF80430ECE700BFB7
:102F30006C61002037B50220F0F73EFA54240546B4
:102F4000F5F773FB44430146FF20B4FBF0F08542E4
:102F50000CD300230122009502F001FAC0B2044B09
:102F60001A78824218BF187003B030BD0220F6E70D
:102F7000F061002073B51C4C2078F5F70CFC00289C
:102F80002FD01A4E227833789A4216D0FEF79CFF43
:102F900038B368460FF0C8FBF02300991448B1FB22
:102FA000F3F203FB121101F6E44102F009F80022EA
:102FB000237833700F4B1A7013E00E4B1B78002BE5
:102FC000E4D10B4B186801F0E0FF50B103202178E9
:102FD000FCF75AF905460FF0D5FC0028D6D1002D94
:102FE000D4D002B070BD00BF80300020FD61002051
:102FF000F8610020FC6100200122014B1A7070472B
:10300000FC61002030B589B06D460C46014628466B
:10301000F8F730FE1422002103A812F0B6F895E864
:10302000030020238DF80C3004AB83E8030002A8D2
:103030000294F8F7C6FA2046F8F7E8FB09B030BD6D
:103040002DE9F04104460F4616461D469DF81880AE
:10305000F8F771FE0FF037FC20B10A4B20461978C3
:10306000F8F779FE39462046F8F79CFE31462046AF
:10307000F8F7D0FE424629462046BDE8F041F8F771
:1030800076BE00BF803000202DE9F0431F46044685
:103090004FF0000989B004AE884601463046154617
:1030A000F8F7E8FD204687F80090F8F7C6FA2028E0
:1030B00061D024D8112832D0152853D02046F9F7F2
:1030C00041FA00287ED096E803000DF1180888E840
:1030D00003000FF057FC00286FD02046F8F7ACFE35
:1030E000039005F04FFD0090039B284698E80600EA
:1030F000F7F766FF01233B7009B0BDE8F083212894
:103100001FD02228DAD196E803004A46EEF7B6FA35
:103110000146204609B0BDE8F04304F013BF012387
:103120003B700FF02FFC294628B1204609B0BDE8BE
:10313000F043EBF7FBBF204609B0BDE8F043FFF7D3
:1031400061BF06AB96E803004A4683E80300EEF74A
:1031500095FA01460028CFD0204609B0BDE8F043DB
:10316000EFF748B9B8F1000FC6D1204609B0BDE865
:10317000F043EBF77FBF06AD28462146F8F77AFD0E
:1031800095E80300ECF704FA05460028B4D0ECF704
:10319000F1FB0028B0D105F03DFD0028ACD0204661
:1031A000F8F755FE044605F0EDFC8442A4D128460C
:1031B00009B0BDE8F04305F037BC29462046FFF7CB
:1031C00021FF97E72046F9F7ADF90646204626B1DC
:1031D00009B0BDE8F043EFF7DEBDF8F7E7FA78B3E2
:1031E000B8F1000F26D006AD21462846F8F742FD7B
:1031F00095E803003246EEF741FA064600283FF410
:103200007BAF0120F5F72AFA054600283FF474AF9A
:10321000324600F108012046FAF782FB28460121D8
:10322000F5F742FA29460C4B186809B0BDE8F0439F
:10323000F5F704BA424629462046FAF771FB59E7EA
:103240002046F8F7C3FA00283FF456AF204609B0ED
:10325000BDE8F043FAF7B8BBF8600020007FC31F59
:10326000584258417047000010B50C4661B1014604
:10327000CA2204F1080011F061FF044B2146BDE8A9
:103280001040186811F04DBD10BD00BF2056002041
:1032900070B588B06C46164684E8030014220021FD
:1032A00003A81D4611F071FF94E8030020238DF858
:1032B0000C3004AB83E8030002A802968DF81C5082
:1032C000F8F77FF908B070BD2DE9F3416C4684E84A
:1032D000030094E803001D4617469DF8208000F087
:1032E00077FA064687F001012846F8F7D3FA86F008
:1032F00001012846C9B2F8F7BDFA94E80300B8F115
:10330000000F22D000F00EFB021E0BBF1646167BEC
:103310000127002706F0010602B1527B02F00104EA
:1033200000F042FB01462846F8F794FA3946284651
:10333000F8F770FA31462846F8F77CFA2146284615
:1033400002B0BDE8F041F9F7E0B9ECF721F9041E4D
:103350000CBF012700270CD0ECF743FE00F001065C
:1033600020460CB1ECF792FD00F00104FCF7FAFCEA
:10337000D8E72046F2E700002DE9F74F0446E8467B
:10338000F8F70EFD214605464046F8F773FC204647
:10339000F8F70CFB10B955B9002005E02046F8F706
:1033A000A5FE0028F7D0012003B0BDE8F08F00276C
:1033B0001C4E3C46B146B34698E803000BEB071A97
:1033C000DAE9012311F08BFE68B1544698E8030056
:1033D000231D83E80300E4F7C9FEA3892060AB4204
:1033E000E1D0A581D8E724B9D9F80430002B08BF73
:1033F0004C460137112F09F11009DDD174B9E4F7FA
:10340000B5FE0123074C56F8101F2268411A821A94
:103410000133914288BF3446112BF4D16B1CA38138
:10342000D4E700BF00620020F8B5E4F79FFE112545
:10343000064600270C4C54F8083C7BB12046F8F7B0
:10344000D6FC01280CBF0A221E2254F80C3CF31AA9
:10345000934284BF44F8087C24F8047C013D04F1C5
:103460001004E8D1F8BD00BF0C620020F7B56E462D
:1034700001463046F8F7FEFB0024094F07EB041520
:10348000D5E9012396E8030011F029FE20B1AB89AC
:10349000013BAB8103B0F0BD0134112CEED1F9E753
:1034A00000620020014B1888E7F7C2BE10630020BD
:1034B000014B1888E7F798BE106300202DE9F04F04
:1034C00091B0FFF727F8934BD3F800904846E8F700
:1034D00035F90746F8B9904DFEF7DCFF2E68E4F7A2
:1034E00051FE0446E8F72EFB211A304602F0ECF8B4
:1034F00060B1286809A902F020F99DF824302BB1A9
:10350000864B00F164011888E7F764FD4FF0FF3047
:1035100011B0BDE8F08FFCF70BFB0546002800F06A
:103520009C80D7F80880E4F72DFE04460220FDF7C2
:10353000CDFD0646B92011F017F906447848F8F792
:103540006BFB464402288046A6EB040406D100210A
:1035500073480DF11602FCF771FB0546002C72DB77
:1035600009AE6F4930469DF81640F8F783FB6C486A
:10357000F8F716FC82466A48F8F710FC002303901F
:10358000674907A88DF81730F8F790FB079B0133C0
:1035900071D1EBF77BFA0446E4F7F4FD05460FF032
:1035A000CDF88246EDF7ACFF83460120EBF738F902
:1035B000584607F09BF92046EBF712F95948F9F7FE
:1035C000ABF8002840F0A380ECF7B6FF00F0010153
:1035D0005448F9F79AF8182200210AA811F0D5FDED
:1035E0000123DFF844B1CDF82CA00BF10F00CDF88A
:1035F00024B08DF83C30F8F795FF70B1E4F7BCFDCE
:103600000446FDF7BDFD044421460BF10F00EFF722
:1036100049FC00230D948DF83C303046EDF7A4F9B9
:103620009DF83C30069033B99DF81800B0FA80F050
:103630004009FDF7ABFD0020EBF7F2F82946384AC8
:103640003848EBF729FD0120FCF714FBB8F1020F15
:1036500003D000213248FCF72DFD3846E7F7BAFECB
:103660004846E8F785F800283FF435AF0021484682
:10367000E8F742F82FE72A48F8F744FC2146F6F726
:10368000F2F804462648F8F74DFF83462448BBF17C
:10369000000F30D0EBF71EFD9DF8173023B996E8E8
:1036A0000300204AFFF7F4FD4FF0000BCDF800B007
:1036B00096E803002A461B4BFFF706FE039B5A467B
:1036C0005146184800930123FFF7BAFC1548F8F754
:1036D000A3FA012806D0724640F2D5114FF20D3000
:1036E000E5F794F8204606A9F5F7A8FF0D4806A9C6
:1036F000F7F73BFC50E7F8F78FFA0128CCD1594691
:10370000084A07480DF11703FFF7BEFCC4E7012084
:103710005CE700BF186300201463002010630020E2
:103720003F6500200B660020FC65002000B589B0D5
:1037300011F0E8FC68B30FF0C6F850B301F09EFF3B
:10374000194B142118600A23009342F210731A4691
:1037500001F0B0FF1422002103A811F016FD134B55
:1037600002A8029304238DF80C30114B049342F20B
:1037700010730693E7F784FB0E4B1880E7F764FF9E
:103780000D4B186028B97246E1214FF20D30E5F774
:103790003DF80A48FAF7FAFB0021094809B05DF83C
:1037A00004EBFAF7B7BB00BF1463002022600308E4
:1037B000BD3402081063002018630020B1340208F1
:1037C000A5340208014B1868704700BF1863002039
:1037D00037B56D460D4C85E80300236813B900200A
:1037E00003B030BD95E80C0094E8030011F077FCBD
:1037F0000028F5D1A368002BF1D095E80C00D4E99E
:10380000020103B0BDE8304011F069BC086400203B
:103810002DE9F04186B0EBF789FE04460020EDF774
:1038200027FF102200210546384811F0AEFC002683
:10383000FDF778FDDFF8D48004AFDDB90021344F07
:10384000E0223448397011F0A0FCDFF8C88044BB96
:10385000FCF7A0FCFDF7E2FC2F4B1860FCF782FAA6
:103860002E4B18702046FDF731FC2D4B186006B02A
:10387000BDE8F0812846EEF755FA60B12946384692
:10388000EEF755FB97E8030008EBC60383E8030057
:10389000002ED3D1012628460021EDF7D9FE05469A
:1038A000CBE721463D786846EBF7DEFF009A2B0117
:1038B00048F80320214602A8EBF7D6FFBDF80C30EC
:1038C00008EB0515AB802046ECF7BFFCFDF7A6FC26
:1038D000A8602046ECF785FB28732046ECF7D6FA63
:1038E00004AE214668733046EBF7BEFF96E803004E
:1038F000F5F732FBF5F7B8FEA8732046EBF746FE66
:103900003B78044601333B70A1E700BF0864002008
:10391000046400202463002020630020056400204C
:103920001C6300202DE9F3416E46002586E8030064
:103930000B4FDFF830803B78AB4201D8002009E024
:1039400008EB051496E80C0094E8030011F0C7FB9F
:1039500018B1204602B0BDE8F0810135EBE700BFA9
:10396000046400202463002007B56B4683E803004D
:1039700093E80300FFF7D6FF18B1806803B05DF845
:1039800004FB014B1868F9E72063002007B56B467C
:1039900083E8030093E80300FFF7C4FF00B1807BD6
:1039A00003B05DF804FB0000014B1878704700BFBE
:1039B00005640020014B1868704700BF1C6300209D
:1039C00038B5F6F7BAFE0B4D04462B88834210D06B
:1039D000094801F0D6FA2C805CB101F0F9FBB0FB8C
:1039E000F4F101FB1401BDE83840034889B201F04D
:1039F000E7BA38BD1A6400201C64002008B500F046
:103A000077F8064801F0BDFA0023054A05481380FF
:103A1000054A1370BDE80840F7F732B81C6400206F
:103A20001A640020C139020818640020014B18886C
:103A3000704700BF1A64002038B5044620B90A4B0D
:103A40001B7863B1002038BD084D286801F09DFA4D
:103A50000028F7D0064B2846198801F0B1FA054B2B
:103A600001201C70EFE700BF196400201C640020D7
:103A70001A6400201864002010B528B9E5F760F832
:103A80000122084B1A7010BD074C206801F07DFA26
:103A90000028F8D0054B2046BDE81040198801F0F9
:103AA0008FBA00BF196400201C6400201A64002033
:103AB000054B1B782BB1054B1888003818BF012027
:103AC00070470120704700BF196400201A6400206D
:103AD00010B9024800F082B80148FBE733600308E0
:103AE00051600308014B1878704700BF186400202C
:103AF000102208B50021034811F047FB0022024BB9
:103B00001A7008BD206400203064002070B50E4695
:103B100005460B4C1146C4E9022300236622C4E982
:103B2000000601F0ADF94FF0FF323146284601F0B2
:103B3000D8F92146402000F0A3F8204670BD00BF10
:103B4000206400200368416882681B6808689B1A2B
:103B5000801A984234BFD8B2C0B208288CBF002067
:103B60000120704710B50446D0E9000188B001F08B
:103B7000C9F92046FFF7E6FF014608BB1C2201A851
:103B800011F003FB2368A2681B6800929B1A104A7D
:103B9000ADF8043002AB92E8030083E80300F7239A
:103BA0008DF8113040F2FF236846ADF8123010F066
:103BB00049F928B9074A13780133137001F046F820
:103BC00010220021044808B0BDE8104011F0DDBA11
:103BD00054A40308306400202064002038B520B1CC
:103BE000044D441E14F8010F00B938BD294600F0F9
:103BF00047F8F7E720640020014B1878704700BFB2
:103C00003064002008B50EF05EFE80F00100C0B206
:103C100008BDF7B5D0E901679DF820C00CF1040498
:103C200004EB430404EB820404EBC10411440B4491
:103C3000326863442344D21B1344662B0DD9C368F6
:103C400004680193FFF78EFF3A4631462046019BF8
:103C5000FFF75CFF012003B0F0BD0020FBE770B56B
:103C600014460D4659B102460023606801F00FF971
:103C70002A4660680023BDE8704001F008B970BDB5
:103C80002DE9F04F2DED028B012399B00C460093E6
:103C9000002382461A4619462046FFF7BAFF0AF16A
:103CA000FF33552B00F2A480DFE813F08B01A20054
:103CB000E9010202F2019901D500E800D002DE021A
:103CC000E502EC02F302FA0208031603100294055F
:103CD000240338034903660381038E033106C500BC
:103CE000CD00A2001F022E025F026D0277028E023B
:103CF000A200A502B402C2024802A20075049B04FD
:103D0000AA04DC04EB04FB0436053F055C056C05E6
:103D10008005A905A2000306F305EB05E305FB05F5
:103D20000B061F062806A200A200B304FF00C20172
:103D3000A200C4035600BB057E06A2004C04160672
:103D40006206A506BC06D306EB06090727073F0750
:103D5000570775079307B107FFF754FF002856D19F
:103D60000025092329462A4620460095FFF751FFE2
:103D700000234522606801F08AF8F3F7CDFF0EA911
:103D800006460922606801F0A9F8FBF7B7FF2B4649
:103D900002460EA801F07BF82B46B28A0EA801F06D
:103DA00076F82B46B2890EA801F071F82B46F28AFC
:103DB0000EA801F06CF82B46728A0EA801F067F885
:103DC0002B46F2890EA801F062F82B4632890EA824
:103DD00001F05DF82B4672890EA801F058F82B46C9
:103DE000328A0EA801F053F860680EA901F08AF833
:103DF0000120D1494FEADA020AF0070398408B5CB0
:103E00001843885419B0BDEC028BBDE8F08FF0F771
:103E100071FF0028ECD008AD2846F0F7B5FF95E813
:103E200003000022EDF72AFC0028E1D0EDF744FD65
:103E3000002895D0DCE7EBF743FB224601461A2029
:103E4000FFF70DFFD4E7EBF759FB224601461B2095
:103E5000FFF705FFCCE70EF0AAFD0028C8D00EA89A
:103E6000EAF7E8FE07220023606801F010F800235B
:103E70009DF83820606801F00AF8B9E70EF097FD68
:103E80000028B5D00EA8F4F7B5F89DF838300546EF
:103E9000002BADD008220023606800F0F8FF2A460E
:103EA0000023606800F0F3FFA2E7042300930023DF
:103EB000022219462046FFF7ACFE4122002360682B
:103EC00000F0E5FFF0F7DCFE0EAE002872D008AD82
:103ED0002846F0F741FF3046F0F756FF95E803001B
:103EE0000E9B01220393DDF820B0EFF7E2FF0021E3
:103EF000F1F764F90DF11E02814696E80300F4F72C
:103F0000D6FF0022804696E80300EDF7B7FB074690
:103F100000284DD00AAD01462846EEF708F895E88E
:103F20000300F5F719F808EE100A3846EEF71DF908
:103F3000002105783846EEF773F804903846EDF71F
:103F4000AEFC29460346049A18EE100AF5F7EEFB7C
:103F5000054696E803000DF11F02F4F7E9FF074656
:103F600031460622606800F0B9FF4A460023304619
:103F700000F08DFF5A460023304600F088FF039A78
:103F80000023304600F083FF42460023304600F015
:103F90007EFF3A46FB17304600F081FF2A46304646
:103FA000EB1700F07CFF3146606800F0ABFF1FE7C5
:103FB0000546CEE705460746804681468346039080
:103FC000CEE701220023606800F061FF64680EF014
:103FD000BDFB00230246204600F059FF08E70EF023
:103FE000D1FC00283FF404AFFFF70CFEA8B1062275
:103FF0000023606800F04BFF0EA8EAF71BFE9DF857
:1040000039006468F4F76CFB4FF47A720023B0FB5C
:10401000F2F2204600F03BFFEAE60EA8ECF772F859
:104020009DF838309DF83920D3423FF4E1AEDEE709
:1040300002250023204619461A460095FFF7E9FDA0
:1040400000234222606800F022FF0EA92A46606821
:1040500000F044FF2846E7F70DFA002302460EA8B9
:1040600000F015FF0120E7F705FA002302460EA82D
:1040700000F00DFF60680EA900F044FFB8E60320D1
:10408000E7F7F8F9224601460320FFF7E8FDAFE61F
:1040900005220023606800F0FAFE6468F3F740FE32
:1040A00001F0B0F900230246204600F0F0FE9FE642
:1040B00004220023606800F0EAFE6468F3F72CFE37
:1040C0000023827F204600F0E2FE91E600220123D9
:1040D000114600922046FFF79CFDF3F71DFE224695
:1040E000C17F1120FFF7BBFD82E61D22002360681F
:1040F00000F0CDFE00206468E4F778FE002302465D
:10410000204600F0C4FE73E60025012229462B4616
:1041100020460095FFF77DFD1E220023606800F019
:10412000B6FE2846646801F033FC2B460246204662
:1041300000F0ADFE5CE600BF3164002000250122E6
:1041400029462B4620460095FFF763FD27220023D2
:10415000606800F09CFE0120646801F019FC2B46A9
:104160000246204600F093FE42E61F2200236068CC
:1041700000F08DFE646801F0BDFE0023024620467B
:1041800000F085FE34E620220023606800F07FFE08
:104190001521606800F091FE2AE6002501232946DA
:1041A0002A4620460095FFF734FD2122002360684F
:1041B00000F06DFE02206468E4F718FE2B4602460C
:1041C000204600F064FE13E60025012329462A4616
:1041D00020460095FFF71DFD22220023606800F0B5
:1041E00056FE01206468E4F701FE2B460246204695
:1041F00000F04DFEFCE524220023606800F047FE3D
:104200000020646801F0F7FB00230246204600F01E
:104210003EFEEDE525220023606800F038FE64686C
:10422000E4F702F800230246204600F030FEDFE506
:1042300026220023606800F02AFE6468F4F78EFAF4
:1042400000230246204600F022FED1E50023012291
:10425000194600932046FFF7DCFCE368224609205C
:104260001978FFF7FCFCC3E5E36822460A20597879
:10427000FFF7F5FCBCE5E36822460B209978FFF7D1
:10428000EEFCB5E5E36822460C20D978FFF7E7FCA1
:10429000AEE5E36822460D201979FFF7E0FCA7E5BB
:1042A000F6F716F9FE2807D8F6F712F90146224666
:1042B0000E20FFF7D4FC9BE5FF21F8E7EDF748FC63
:1042C000FE2807D8EDF744FC014622460F20FFF7F1
:1042D000C6FC8DE5FF21F8E7EBF734FFFE2807D891
:1042E000EBF730FF014622461020FFF7B8FC7FE5D0
:1042F000FF21F8E7FFF786FC00283FF479AD0022A4
:104300000123114600922046FFF783FCF3F704FDDA
:104310002246418B1320FFF7A2FC69E5FFF772FCF0
:1043200000283FF465ADF3F797FE083001F0E8F898
:104330002246C0F307111420FFF791FC58E5FFF760
:1043400061FC00283FF454AD0EF01CFB00283FF444
:104350004FADF3F781FE054615220023606800F09B
:1043600096FD2846646801F0CBF80023C0F30712DD
:10437000204600F08CFD3BE5FFF744FC00283FF4AD
:1043800037AD0EF0FFFA00283FF432AD16220023BD
:10439000606800F07CFDF3F75FFE01F033F8083051
:1043A000C0F30B120023606800F071FD20E5FFF7F9
:1043B00029FC00283FF41CADF2F7D6FA224601464C
:1043C0001720FFF74CFC13E50EF07DFA68B30025CB
:1043D00001262B462A46012120460095FFF719FCAD
:1043E00018220023606800F052FD2F46B046304688
:1043F000F1F776FF78B13046F0F7E9FFA0F1200140
:10440000C0F1200308FA01F128FA03F3194308FA6E
:1044100000F005430F430136F6B20D2EE7D12A46D0
:104420003B46606800F033FDE2E40EF09DF904289D
:10443000CDD0DDE42046FFF785FB06460FF040F9BE
:1044400000270546002D3FF4D3AC9FB1002E7FF42A
:10445000CFACD4E90061A268E368204605910492DC
:104460000393FFF77FFBDDE9033230460599FFF741
:104470004DFB01262B7D0122002B0CBF04230623BC
:10448000013BDBB20093002320461946FFF7C1FB36
:1044900008B10136F6B244220023606800F0F7FC50
:1044A0004FF0FF3260680AA900F018FD2F46284639
:1044B0000FF00CF93B7DA168002B0CBF04220622F3
:1044C0000A9B05465B1A02F10800511E50FA81F161
:1044D0000B44662B34D80EA90AA800F0FFFC002379
:1044E0007A680EA800F0D3FC97F911200EA8D31714
:1044F00000F0D5FC97F90D200EA8D31700F0CFFCE3
:10450000BA7D002302F003020EA800F0C0FC3A7D41
:1045100042B100230EA800F0BAFC00237A7D0EA859
:1045200000F0B5FC0EA90AA800F0ECFC002DBDD1EE
:104530002F4660680AA900F0E5FC022E82D157E4FC
:104540000127F6E7F3F7F6FB054600283FF450ACE9
:104550000023009019461A462046FFF75AFB4922CD
:104560000023606800F093FC2A4660680EA900F002
:10457000B5FC0026F0B2F3F7D7FB01360246002364
:104580000EA800F084FCF3B29D42F3D860680EA937
:1045900000F0B8FC2CE4CF4D20462B780026009389
:1045A000002319461A46FFF734FB292200236068CE
:1045B00000F06DFC2A7860680EA900F08FFC2B7863
:1045C000F0B2834204D860680EA900F09BFC0FE4AF
:1045D000EAF7F4F90246C3170EA800F060FC0136B2
:1045E000EDE72A220023606800F051FC6468EAF7D6
:1045F000D5F90246C317204600F049FCFFF7F8BB87
:10460000F3F7C4FB224601462B20FFF728FBFFF7F8
:10461000EFBB0023022519461A4620460095FFF7F6
:10462000F8FA40220023606800F031FC2A460EA907
:10463000606800F053FCFFF755FA88B904220023A4
:104640000EA800F024FCFFF7D7FA002302460EA8BC
:1046500000F01DFC60680EA900F054FCFFF7C8BB19
:104660000122ECE72C220023606800F010FC646853
:10467000E4F744FB00230246204600F008FCFFF765
:10468000B7BB00230122194600932046FFF7C1FA69
:10469000F3F78EFB224601462D20FFF7E0FAFFF7E5
:1046A000A7BB0EF08DFE00F00105C3B2ADF82800E7
:1046B000800748BF45F00205590748BF45F004058B
:1046C0001A0748BF45F008050226DB064FF0000335
:1046D000204619461A46009648BF45F01005FFF7D8
:1046E00098FA00232E22606800F0D1FB0EA9324612
:1046F000606800F0F3FB9DF8292000230EA800F06D
:10470000C6FB2A4600230EA800F0C1FB60680EA974
:1047100000F0F8FBFFF76CBBF3F750FB22460146B5
:104720002F20FFF79CFAFFF763BBFFF76BFA002817
:104730007FF45EAB0546012600213046FBF7EAF820
:1047400000B101350136F6B20D2EF5D1302200232D
:10475000606800F09CFB2A460023606800F097FB2D
:10476000FFF746BB31220023606800F090FB002079
:104770006468F4F731FA0246C317204600F08FFB55
:10478000FFF736BBF2F710FD00283FF431AB3222C1
:104790000023606800F07BFB6468F2F7FFFC0023F5
:1047A0000246204600F073FBFFF722BBEAF7BAFD92
:1047B00000283FF41DAB33220023606800F067FB44
:1047C0006468EAF787FD0246C317204600F067FBDE
:1047D000FFF70EBB0EF077F800283FF409AB12226A
:1047E0000023606800F053FB00206468FDF7D8FAEE
:1047F00000230246204600F04AFBFFF7F9BAF3F720
:1048000003FB054600283FF4F3AA34220023606826
:1048100000F03DFB2A460023606800F038FBFFF7FC
:10482000E7BA0025022229462B4620460095FFF7CD
:10483000F0F900234622606800F029FB0EA902224D
:10484000606800F04BFB284601F0E0F82B4602467A
:104850000EA800F01CFB012001F0D8F82B46024600
:104860000EA800F014FB60680EA900F04BFBFFF7E8
:10487000BFBAE36822463920197AFFF7F0F9FFF74B
:10488000B7BAE36822463820D979FFF7E8F9FFF78D
:10489000AFBAE368224637209979FFF7E0F9FFF7CE
:1048A000A7BAE36822463A20597AFFF7D8F9FFF70A
:1048B0009FBAE368224636205979FFF7D0F9FFF70F
:1048C00097BAE36822463B20997AFFF7C8F9FFF7C9
:1048D0008FBA00BF58180020F3F7B0FA22460146FD
:1048E0004A20FFF7BCF9FFF783BAEBF781FD2246B8
:1048F00001463C20FFF7B3F9FFF77ABAF3F7B8FAAD
:10490000224601463D20FFF7AAF9FFF771BA0A23B4
:104910000EA908A88DF82030E3F7C2FF9DF82020EB
:10492000002A3FF465AA0025204629462B4600951B
:10493000FFF76FF919220023606800F0A8FA9DF8CC
:10494000202060680AA900F0C9FA0EAE9DF8203058
:104950009D4205D360680AA900F0D4FAFFF748BA6F
:10496000002356F8042B0AA800F091FA0135EDE770
:104970000DF086FB00283FF43BAA002501222946C2
:104980002B4620460095FFF744F94B220023606830
:1049900000F07DFA64680DF073FB2B460268204638
:1049A00000F075FAFFF724BA0025022329462A46AB
:1049B00020460095FFF72DF900234722606800F09C
:1049C00066FA0EA90222606800F088FA2846F3F71A
:1049D000B5FC2B4602460EA800F059FAF3F7C8FCC6
:1049E0002B4602460EA800F052FA60680EA900F0AD
:1049F00089FAFFF7FDB90025012229462B462046FA
:104A00000095FFF706F94C220023606800F03FFA9A
:104A1000646801F045FA2B460246204600F037FA5A
:104A2000FFF7E6B90025012229462B4620460095CE
:104A3000FFF7EFF84D220023606800F028FA646861
:104A40000FF0A0FE2B460246204600F020FAFFF7AA
:104A5000CFB90025012229462B4620460095FFF7B5
:104A6000D8F84E220023606800F011FA0320646831
:104A7000E4F7BCF92B460246204600F008FAFFF79F
:104A8000B7B90420E4F774F900283FF4B1A9002570
:104A9000012229462B4620460095FFF7BAF84F22FF
:104AA0000023606800F0F3F904206468E4F79EF9DD
:104AB0002B460246204600F0EAF9FFF799B9052097
:104AC000E4F756F900283FF493A90025012229466E
:104AD0002B4620460095FFF79CF850220023606883
:104AE00000F0D5F905206468E4F780F92B4602460A
:104AF000204600F0CCF9FFF77BB9002501222946BA
:104B00002B4620460095FFF784F851220023606869
:104B100000F0BDF906206468E4F768F92B46024608
:104B2000204600F0B4F9FFF763B9002501222946B9
:104B30002B4620460095FFF76CF852220023606850
:104B400000F0A5F907206468E4F750F92B46024607
:104B5000204600F09CF9FFF74BB90820E4F708F96C
:104B600000283FF445A90025012229462B4620466E
:104B70000095FFF74EF853220023606800F087F994
:104B800008206468E4F732F92B460246204600F01C
:104B90007EF9FFF72DB90920E4F7EAF800283FF481
:104BA00027A90025012229462B4620460095FFF71C
:104BB00030F854220023606800F069F90920646825
:104BC000E4F714F92B460246204600F060F9FFF79F
:104BD0000FB90A20E4F7CCF800283FF409A9002512
:104BE000012229462B4620460095FFF712F8552250
:104BF0000023606800F04BF90A206468E4F7F6F8D7
:104C00002B460246204600F042F9FFF7F1B80B2090
:104C1000E4F7AEF800283FF4EBA80025012229466E
:104C20002B4620460095FEF7F4FF562200236068CD
:104C300000F02DF90B206468E4F7D8F82B46024603
:104C4000204600F024F9FFF7D3B800BF38B501249F
:104C50004B4DE308EB5C04F007021341DB070AD578
:104C60004A2C08D82A2C10D8142C60D054D8032CE5
:104C700073D0112C61D00134E4B2572CE9D1002358
:104C80006B602B60C5F8073038BDA4F12B031F2BD8
:104C9000F1D801A252F823F0414D0208774C0208E6
:104CA000474D0208774C0208554D0208774C020820
:104CB000774C0208634D0208694D02086F4D0208E7
:104CC000774C0208774C0208774C0208774C0208B0
:104CD000774C0208774C0208774C0208774C0208A0
:104CE0007B4D0208774C0208774C0208774C02088B
:104CF000774C0208294D0208774C02084F4D0208F4
:104D0000774C0208774C0208774C0208774C02086F
:104D1000234D0208754D0208152CACD1F3F79CF910
:104D200008E0F3F70DF8A6E7E6F718FCA3E7F3F7BA
:104D300093F9083000F0E1FB9DE7F3F717F89AE7E5
:104D4000F3F72AF897E70020F3F72CF893E7ECF74E
:104D500063FF90E7F3F744F88DE72046E6F7E8FBBA
:104D600089E7F2F727FA86E7EAF7E2FA83E7F3F74B
:104D700051F880E7F3F768F87DE7F3F773F87AE71F
:104D800031640020F8B50446D0E90006331A9F1AB2
:104D9000002F15460ADA1EB1D51A0023C4E90033E4
:104DA00022684FF000402A44226005E010F0C6F966
:104DB000002022682A442260F8BD30B519BA85B0B7
:104DC00014BA182ACDE9021473F100019DF820509D
:104DD0000DF10F0109D205EB14658DF80F5004ABEE
:104DE0005A1AFFF7CFFF05B030BDB2F5807F73F1DF
:104DF00000042CBF01240024B2F5803F73F10002AF
:104E000028BF01340BB10134E4B201231835A340AB
:104E1000C91A2C440C70E2E710B481689DF8044074
:104E200009B10139816001945DF8044BFFF7C5BFFA
:104E30001FB5044608462168016061684160A168A9
:104E400009B10139A160541C03F02001B2F1FF3F08
:104E50008460C1600CD141F00401C1601F330122A4
:104E60000DF10F018DF80F30FFF78CFF04B010BD6E
:104E700009B11444846000930023FFF79EFFF5E717
:104E80000A44426002220160C0E90223704707B56C
:104E900000210091FFF7C0FF03B05DF804FB07B5E8
:104EA000D91701F0200182EAE372009183EAE373EB
:104EB000FFF7B2FF03B05DF804FBA1F11903062B65
:104EC00007B50A4607D9E02300930023FFF7A4FFA4
:104ED00003B05DF804FB4FF48370F9E78023FFF71C
:104EE000A7BF10B46FF0004402F10043A34204D303
:104EF000A0235DF8044BFFF79BBF4FF480605DF883
:104F0000044B70470B6813B503604A68CB680446CE
:104F1000426013F004000AD0FF23012220460DF165
:104F200007018DF80730FFF72DFF02B010BD8B6829
:104F3000012B06D0002B40F2013008BF4FF4407027
:104F4000F3E7002A08BF4FF00040EEE740BA80B216
:104F50004140C1F30310414081EA0131480100F4AE
:104F6000FF5089B24840704708B5421803464FF6D3
:104F7000FF70934200D108BD13F8011BFFF7E6FF55
:104F8000F7E74FF000430360704710B50446E3F7BE
:104F9000EDF8002CA5BF001B6FEA40000020C00FF9
:104FA00010BD38B50446E3F7E1F805462046FFF7A3
:104FB000ECFF18B925F00040201A38BD0020FCE7AE
:104FC00038B505460C46E3F7D1F8044424F0004414
:104FD0002C6038BD70B5044600680D461646FFF7D4
:104FE000E0FF2368002B07DB16B9A84204D870BD88
:104FF000012EFCD1A842FAD229462046BDE87040D5
:10500000FFF7DEBFC043C00F704710B50446E3F79B
:10501000ADF820F00040001B10BD0123CA0801F0CC
:10502000070103FA01F1835C194381547047CB08EF
:10503000C25C012301F0070103FA01F10A4214BF27
:1050400018460020704710B5CB1D00EBD3009142ED
:1050500002D84FF0FF3019E010F8013D0839002B5D
:10506000F5D003F0F000002816BF0346002004200E
:1050700013F0CC041CBF2346023013F0AA0F18BF54
:1050800001300844824288BF4FF0FF3010BDF8B5B0
:105090000E4617461C46054628B972466B214EF24D
:1050A0001560E3F7B3FB2A7804FA07F322EA060255
:1050B00003EA060414432C70F8BD70B50C4616467E
:1050C000054628B972467A214EF21560E3F79EFB39
:1050D0002878044044FA06F0C0B270BDF8B50E4618
:1050E00017461C46054628B9724683214EF21560C4
:1050F000E3F78CFB2A8804FA07F322EA060203EAA4
:10510000060414432C80F8BD70B50C4616460546BF
:1051100028B9724693214EF21560E3F777FB288891
:10512000044044FA06F080B270BDF8B50E4617464A
:105130001C46054628B972469C214EF21560E3F7DD
:1051400065FB2B68BC405C4004EA060159402960BD
:10515000F8BD70B50C461646054628B97246AC2116
:105160004EF21560E3F752FB28682040F04070BD16
:1051700010B5074C07492268074B01FB0233236037
:10518000E3F700F823681844044B186010BD00BF13
:105190003C6400200D6619005FF36E3C4064002003
:1051A000024B80F001001860704700BF3C64002093
:1051B00008B5FFF7DDFF014B186808BD406400200B
:1051C00008B5FFF7D5FF014BD87808BD4064002033
:1051D00008B5FFF7CDFF014B588808BD406400209B
:1051E00038B5044658B1FFF7C3FF064B20460121EE
:1051F0001D6800F0ADF8B5FBF0F404FB1054204638
:1052000038BD00BF4064002038B505460C46FFF7A6
:10521000AFFF054B611B18680131B0FBF1F301FBD7
:105220001300284438BD00BF40640020002308B9A3
:105230001846704700F001021344DBB24008F6E75D
:10524000F8B5134F0546002A18BF174601291DD986
:10525000E0B10C464E1E50FA86F6B847B0FBF4F3A8
:1052600003FB1400013CC2B2E3B29A4209D02A5CAB
:105270003378534033702A5C53402B543278534078
:105280003370E3B2012B06F1FF36E6D1F8BD00BF63
:10529000C15102080023036043607047D0E9003227
:1052A00030B5C2F31304120306D5C288C2F3051544
:1052B0003F3565F30912C280DA1864414368C4F3CC
:1052C000130469B964F3130302604360C379CF2BFD
:1052D0004FEA93029EBF013262F38703C37130BD70
:1052E00064F3130342F001020260C3F3055243600A
:1052F0000132C3F30F4362F30913C380E6E7C079B9
:1053000080087047C379024613F0FC0008D0D088AB
:105310009B08C0F30510C0EB0020B0FBF3F0C0B257
:1053200070474FF0013358435943000C090C484370
:10533000000CC0EB002000F50040C0F307407047B0
:10534000C0F1FF038B42A6BF4018C0B2FF207047D8
:10535000C3438B422CBF40184FF0FF307047F8B565
:10536000884207461646069C4FEAE07C20DDBC4298
:105370002046A8BF3846CA17C517814272EB050EF2
:105380000C4601DA04462A46E41BA3EB060562EB51
:105390000C0C05FB0CFCEB1704FB03CCA5FB040574
:1053A000CA1BD3170CEB05010FF0F8FE304401E0E7
:1053B00001D11846F8BD8C42A8BF0C46E2178442C2
:1053C00072EB0C00BCBF3C466246DDE70023436045
:1053D0000360437961F3C603437170474379084919
:1053E000C3F3C30331F813308288042B28BF04238E
:1053F000C2F309029A42B4BF00200120704700BFE7
:105400008C600308807970478088C0F3090070477A
:10541000838823F4FF6323F0070383807047000031
:10542000437930B55A073BD540F2FF35204CC3F3E2
:10543000C30334F813408288AC4228BF2C46C2F321
:105440000902E4B2A24224D31A4AD35C0268C3F12F
:10545000180401FA04F422FA03F3E31A1344B3F133
:105460007F4F2FBFFF22DA0D0132C2F34702827154
:10547000036040F2FF328388C3F3090494421EBFE5
:105480005A1C62F309038380C3798B4238BFC17110
:1054900030BD0023D2B201335208DBB2FBD1D5E7D5
:1054A0000A0643F00403026081714371E1E700BF23
:1054B0008C6003088260030843795B0709D4838802
:1054C00023F4FF6323F0070343F4806343F00103F5
:1054D00083800B060360817170478288C2F30903E1
:1054E0008B42B4BF0023C9B28288A4BF5B1AC3F346
:1054F000090363F30902828070470023C371704778
:10550000C0797047002343600360C37961F3C60329
:10551000C3717047C37910B55A0722D5144AC3F333
:10552000C303D25C0368C2F11004A14023FA02F263
:10553000891A194411F1011F8FBF4FF6FF73CB0B6E
:105540000133C3F34F038380016040F2FF32C3880D
:10555000C3F3090191421EBF5A1C62F30903C380C1
:1055600010BD0A0443F0040302608180C371ECE7BC
:1055700082600308808870474079C0F380007047DC
:10558000C079C0F38000704738B504460D46182234
:1055900000210FF0FAFD29462046BDE83840FFF70C
:1055A00015BF38B504460D46E2F7ECFD637D4009B2
:1055B00013F0010219D02369C31A33F0784304D0E1
:1055C000A268217D03FB0123A360637D257543F061
:1055D00002036375A37D2061FF2B1CBF0133A375FC
:1055E000E379AB4238BFE57138BD43F00103E060B9
:1055F0006375A260E9E770B50446E2F7C3FD637D19
:1056000003F00303032B01D0002070BD217D450969
:105610002046A67DFFF7C5FFE168A675691A31F03F
:105620007841F1D0A3682046B3FBF1F1C9B2FFF78E
:10563000F7FE2046FFF7E8FE431E40F2FF303344FA
:10564000834228BF0346A288DBB263F30902A2802B
:105650000022637D012023F0030343F00103E56092
:10566000A2606375A275D0E7FFF7CCBEFFF7CCBE92
:10567000FFF722BFFFF731BFFFF77EBF0C4A08B527
:1056800010460023D17C29B9142202FB0300012318
:10569000C37408BD01330A2B02F11402F2D1724621
:1056A0004CF29A403621E3F7B1F80020F1E700BF51
:1056B0004464002010B50024C3609DF80830C0E9A0
:1056C00001218474437410BDF8B50E46044628B910
:1056D000724649214CF29A40E3F798F86368B34266
:1056E00002D3A368B34204D90023A374012528463A
:1056F000F8BDA57C25B901232660A3742574F5E7C0
:1057000023680027B34207D2E26827741344B342E8
:1057100094BF23602660EAE70CD90121207CFFF7C3
:105720000FFE637C2074834205D823682774013BF5
:105730002360DCE727743D46D9E7837C0B70D0E912
:105740000010002B18BF08467047F8B51F4601230C
:10575000044616460D463B7029B9724682214EF228
:105760000C40E3F753F82EB9724683214EF20C40F9
:10577000E3F74CF82B792BB996E8030084E8030093
:105780002046F8BD337913B995E80300F6E7002306
:105790003B702360A380F3E773B50DF10703044664
:1057A0000D461646FFF7D1FF9DF807302BB96B79F0
:1057B00033B195E8030084E80300204602B070BDD1
:1057C000737913B196E80300F5E72B6832689B1AEA
:1057D000002BF7DAEDE773B50DF1070304460E462B
:1057E0001546FFF7B2FF9DF807302BB9737933B137
:1057F00095E8030084E80300204602B070BD6B7991
:1058000013B196E80300F5E733682A689B1A002B6A
:10581000F7DAEDE70346007910B530B15A792AB9C5
:105820001C68E2F7AFFC201AC00F10BD0120FCE796
:10583000037910B504462BB972466B214EF20C4029
:10584000E2F7E4FF63791BB1BDE81040E2F79ABCD0
:10585000206810BD002383807047704770477047F1
:1058600070477F20704710B504460DF026F800B150
:1058700034B90DF028F8002814BF1520112010BDF0
:10588000FD20FCE710B50C46FFF7EDFF23798342BE
:1058900004D3B3F1FF0018BF012010BD0020FCE7C6
:1058A00008B50DF010F8002814BF0C20072008BD23
:1058B00008B50DF008F8002814BF0620072008BD21
:1058C00008B50DF000F8012008BD000008B50CF087
:1058D000FAFF034A034B002814BF1046184608BDC0
:1058E0000088130040420F0049F640407047000016
:1058F00037B5054610B9FF2003B030BD90F9073029
:10590000002B01DA0020F7E70479FFF7C9FFFF2C2D
:105910000146F0D0EB7903F07F03A3429CBFE41A69
:10592000E4B28442EED2032C02D8054B185DE3E7C3
:105930000023B22203200094FFF711FDC0B2DBE781
:105940009E60030837B50446C9B1012919D07246D3
:10595000262141F62850E2F759FF00210B4D01A8FE
:105960002B689B6998470198431C0CD02B682146F3
:10597000DB699847B0FA80F0400903B030BD0121DF
:10598000ECE70221EAE70020F7E700BF281B002030
:105990001FB5014601A8FFF7D5FF90B100209DF883
:1059A0000E409DF80D109DF80C2064F307009DF843
:1059B0000B3061F30F2062F3174063F31F6004B0F4
:1059C00010BD0148FBE700BF5A0005051FB50146A1
:1059D00001A8FFF7B7FF00B1019805B05DF804FB1F
:1059E0001FB5014601A8FFF7ADFF08B1BDF80800DB
:1059F00005B05DF804FB1FB5014601A8FFF7A2FF43
:105A000008B19DF80A0005B05DF804FB07B5A0B128
:105A1000012814D07246262141F62850E2F7F6FEFE
:105A20000021084B01A81B689B6998470198431CFB
:105A300008BF002003B05DF804FB0121F1E702215B
:105A4000EFE700BF281B002007B568460DF0BCF843
:105A500030B9054B9DF800201A70BDF802205A801D
:105A600003B05DF804FB00BF0C6500200022024B70
:105A70001A705A80704700BF0C65002008B50FF0FF
:105A800041FB28B100F020F9BDE80840FFF7EEBF68
:105A900008BD00001FB568460DF096F804464FF0AB
:105AA00000400DF02DFC08B38CBB9DF80400E8B15C
:105AB00002A80DF089F850B100F0F8F9C0B90CF067
:105AC00053FE043818BF4FF0FF30C0B20EE0114B48
:105AD0001A7812B959880029EED09DF80810914221
:105AE000EAD15A88BDF80A309A42E5D104B010BD17
:105AF00000F000FA9DF800308342E0D100F00CFA8B
:105B0000BDF802308342DAD100F0F4F9EEE700206C
:105B1000ECE700BF0C65002037B50546FFF7BAFF7C
:105B2000044668460DF050F8D0B99DF80430BBB17A
:105B3000AC4215D0A5B19CB104EA0503FF2B0FD0F0
:105B40009DF80030A34203D1FF2D09D103B030BD31
:105B5000AB4205D1FF2C03D10CF006FE042801D185
:105B60000220F3E70120F1E70138C0B2FD288CBF25
:105B70000020012070470279032A10D88AB10378E7
:105B8000013BDBB2FD2B0AD8032A0AD1437913F07B
:105B9000C00007D013F03F0018BF0120704700205D
:105BA00070470120704770207047000010B5044610
:105BB00028B97246FB2148F6C960E2F727FE084B78
:105BC0001A68A24201D00AB91C6010BD72464FF497
:105BD0008771BDE8104048F6C960E2F717BE00BF04
:105BE00010650020024B1B6803B11847704700BFC7
:105BF0001065002073B51F4E3068FFF7D2F90446D8
:105C0000E2F7C0FA054668460CF0DEFFC0B100239B
:105C10008DF804303068FFF7F5F9174B014618B3DB
:105C20001E2C96BF1548164C00FB04544FF0010182
:105C3000188888BF6419E5F7AFF9204602B070BD37
:105C40009DF80430032BE5D13068FFF7DBF900281D
:105C5000E0D0002CDED100F00BFA512143F6FC30ED
:105C6000084A03F053FED5E71888E5F795F94FF099
:105C7000FF34E2E71C6500201A65002040420F0057
:105C800080C3C901AC60030808B5034603F03F00B8
:105C9000C3F38113022B07D0032B09D0012B09D1A9
:105CA000C0EB0010800008BD4FF461635843FAE771
:105CB000044BFBE7724643F6FC304521E2F7A6FDB4
:105CC0000020F0E7805101007FB51048FFF759F937
:105CD0000021142201A80FF058FA0D4B68460093DA
:105CE0001E238DF804300B4B029396230493E5F7A3
:105CF000C7F84FF0FF32084B1880084B08481A606D
:105D00009A80F4F7BDFE07B05DF804FB1C65002027
:105D1000A2600308F55B02081A65002014650020E4
:105D2000815D020807B568460CF04EFF70B99DF81A
:105D3000053013F0C00006D01846FFF7A5FF3C233E
:105D4000B0FBF3F080B203B05DF804FB0020FAE78B
:105D500010B5074C2068FFF755F938B12068FFF7F8
:105D600020F93C23B0FBF3F0013080B210BD00BF3E
:105D70001C650020014B1888E5F7D4B91A6500208E
:105D8000F7B50CF0F1FC04281ED068460CF01CFF9F
:105D900010B100238DF80430304D062269462846A4
:105DA0000FF0BCF90446BDF804300098AB802860C1
:105DB0000CB1FFF75BFE9DF80430022B06D049D9E9
:105DC000032B23D0FFF7D6FF03B0F0BD24489DF886
:105DD0000050BDF80240FFF7D4F800F067F8002843
:105DE000F0D000F0BBF80028ECD100F083F8854239
:105DF000E8D100F091F88442E4D100F039F9512162
:105E000043F6FC30174A03F081FDDBE79DF8007094
:105E1000BDF802609DF8055000F048F8D0B100F0E0
:105E20009DF8B8B900F066F8874213D100F074F815
:105E300086420FD13CB12846FFF726FF01460848AD
:105E4000FFF7BEF8BEE7064B1868FFF7DBF800283F
:105E5000B8D1F0E70248FFF794F8B3E714650020E3
:105E60001C650020AC60030800B5054B8BB01B68B7
:105E700001A85B69984701980BB05DF804FB00BF6F
:105E80002C1B002000B5054B8BB01B6801A85B697B
:105E9000984702980BB05DF804FB00BF2C1B002054
:105EA000014B1868704700BF201B002007B5084B46
:105EB0000DF107001B681B68984738B99DF807006B
:105EC000831F5842584103B05DF804FB0020FAE7F5
:105ED0002C1B002000B58BB0FFF7E8FF28B1044B66
:105EE00001A81B685B69984703980BB05DF804FB39
:105EF0002C1B002000B58BB0FFF7D8FF30B1054B4D
:105F000001A81B685B6998479DF812000BB05DF80B
:105F100004FB00BF2C1B002000B58BB0FFF7C6FFB1
:105F200030B1054B01A81B685B699847BDF81000AC
:105F30000BB05DF804FB00BF2C1B002000B58BB03C
:105F4000FFF7B4FF28B1044B01A81B685B699847B1
:105F500006980BB05DF804FB2C1B002000B5084B25
:105F60008BB01B6801A85B699847FFF79FFF18B1CA
:105F70000698013018BF01200BB05DF804FB00BF8C
:105F80002C1B002000B5084B8BB01B6801A85B6977
:105F90009847FFF78BFF18B10598B0FA80F04009D9
:105FA0000BB05DF804FB00BF2C1B002008B5FFF709
:105FB0007DFF28B1FFF7E6FF00280CBF012002207B
:105FC00008BD000010B504460D4B10461B680A467C
:105FD0005B6821469847072807D17246BB21BDE878
:105FE000104040F64A30E2F711BC042804D00128E2
:105FF00005D17246BD21F2E77246BC21EFE710BD24
:106000002C1B0020024B03481B689B68184700BFED
:106010002C1B0020BD86000808B5FFF747FF18B904
:10602000BDE80840FFF7EEBF08BD000008B5044B0F
:10603000044A1B68DB689847B0FA80F0400908BD45
:106040002C1B0020BD860008FF2337B50D468DF8B8
:106050000730064B11461B682A461C690DF10703E1
:10606000A0479DF8070003B030BD00BF2C1B0020E7
:1060700008B5044B1B689B699847B0FA80F040094B
:1060800008BD00BF2C1B002013B50FF03BF868B112
:10609000FFF7F4FA064C20600EF04BFE6422034634
:1060A0000092002102462068FFF704FB02B010BDF9
:1060B00028650020054A537943F002035371044ACE
:1060C000137943F001031371704700BF206500206E
:1060D00028650020B0B51E4C0D4663790746990728
:1060E0001AD5E5F72FFD63791FB3DA07A5EB000595
:1060F00013D5226805F5FA75AA4209D92379013327
:10610000DBB2632B237103D90023013A2260237190
:1061100063796FF341036371B0BD0EF004FE05F5C2
:106120007A75A842F4D96379256043F0010363715D
:10613000EEE7DB07ECD52368277103F5FA732360DC
:106140000EF0F1FD2368834294BF23602060DFE7F7
:1061500020650020034B5A79D20701D40EF0E3BD2D
:10616000186870472065002038B5104D2B79DB0783
:1061700016D5E2F707F80446E5F7E4FC241AFFF722
:10618000E9FFA0420DD20EF0CEFD0022084B844262
:1061900094BF1C6018601A712B796FF300032B7188
:1061A00038BD21462868FFF78FFAF5E728650020FB
:1061B0002065002007B5044B0DF107011868FFF7B3
:1061C000BCFA03B05DF804FB28650020024B5A7945
:1061D0006FF341025A71704720650020704700201C
:1061E000704700000148F2F745B900BFC8660020BB
:1061F0000148F2F7E4B800BFC86600200148F2F792
:10620000F1B800BFC86600200149F2F7C9B800BF65
:10621000C86600207FB56C460F4D10492046F5F743
:1062200029FD296839B994E80300E9F7B1F9286034
:10623000012004B070BD02AE3046E9F715FB96E8C8
:106240000C0094E803000EF04AFF0028F1D02B6800
:10625000002BEED1E7E700BF2C6700203F65002050
:1062600070B505460CF02FFB70BB5DB12846EAF710
:1062700075F8064601F04CF9FF28044604D00134B5
:10628000E4B202E03F26F5E700240B2C01D9FF24FD
:1062900008E0204601F022F90028F0D131462046DE
:1062A00001F00CF955B12846EAF770F8FF2CC379D4
:1062B00006D06FF38613C37101F0ABF8204670BDB2
:1062C00043F04003C371F9E7FF24F7E708B511482D
:1062D000F5F7A2FC01280AD00E48F5F79DFC02282C
:1062E00012D10C48F5F79DFD70B1012005E0094879
:1062F000F5F7A3F9102801D1002008BD0548F5F7EE
:106300009CF91528E8D1F7E70248BDE80840F6F700
:106310006FB800BF3F65002073B5054638B9034626
:106320000246014602B0BDE87040F3F7FFB9EAF754
:1063300022F86E46294604463046E9F795FA96E873
:106340000300F2F709FE064604B124782846E9F76F
:1063500011FB0023024621463046E3E738B50546E7
:106360000C46EAF708F8ECF76DFE2846E9F74DFF12
:1063700080B144B901210DF049FF2846BDE83840FD
:106380000021E9F744BF012C0CBF21460221ECF7A4
:10639000B1FDF2E738BD000038B5084D2B6863B198
:1063A0000748F5F754FD044602F0ECFB844204D1A3
:1063B0002868BDE8384002F037BB38BD2C670020A4
:1063C0003F65002070B5184D064628680C4688B118
:1063D000E9F7DCFFC3792868C3F38103B34218BF30
:1063E0000024E9F712FF50B92868002C14BF0021DF
:1063F000022100B970BDBDE87040FFF7AFBF002CAF
:10640000F2D1F2F75BF90028EED02868E9F7B2FA8A
:1064100006462868E9F7AFFF01783046ECF71DFE25
:106420000028E1D0E6E700BF2C6700202DE9F04707
:10643000B14888B0F5F7F0FB01280546AF4C0FD006
:10644000022800F0F2802068002800F08081E9F73F
:106450001DFD0146AA4808B0BDE8F047F6F755B95A
:10646000A548F4F7E3FB0028EDD0A348F5F7E5F8DD
:10647000152809D80F2809D91038052806D8DFE8CB
:1064800000F03752580505BB20287AD09A48F6F715
:1064900049F805469848002D00F0B480E8F71AFE48
:1064A0002068002800F0AC80E9F770FFC07900F0A8
:1064B00003051422002103A80EF067FE2023904E4E
:1064C0008D4904A88DF80C300296F5F7D3FB8DF8B2
:1064D000195002F057FBADF81A0002A8F5F771F851
:1064E00021683046B1FA81F14909F5F793F97CE06A
:1064F000206850B1E9F732FF01F09CF90190206863
:10650000E9F744FF019900F08BFFFFF745FF216891
:106510007B48B1FA81F14909F5F77CF9784920689F
:106520000EF046F98FE776497348E8F7FFFD2060E3
:10653000EBE71422002103A80EF027FE2223704D62
:106540006D4904A88DF80C300295F5F793FB6A4865
:10655000F5F772FC8DF8190002F014FBADF81A0083
:1065600002A8F5F72EF86448F5F75BFC38B120680F
:10657000FFF776FE01462846F5F7B0F9C5E7FF219B
:10658000F9E75D48F5F758FC2946FFF71BFF20683F
:1065900080B3E9F7FBFEC07900F003055648F5F734
:1065A0008FF958B12068E9F7D9FE01F043F901905D
:1065B0002068E9F7EBFE019900F032FF1422002178
:1065C00003A80EF0E2FD20234D4E4B4904A88DF8A0
:1065D0000C300296F5F74EFB8DF8195002F0D2FA06
:1065E000ADF81A0002A8F4F7ECFFFF213046F5F7EA
:1065F00071F98AE70546E1E73F48E8F73BFD84E7A4
:10660000054656E7F5F7D2F828B12A463C493A48FC
:10661000F7F786F979E73848F5F7D8F800283FF416
:1066200074AF3548F7F7D0F96FE73348F5F704FC56
:1066300005463148F5F7F5FB061E2F4818BF012621
:10664000F5F7D6FE81462068E9F7A0FED4F800A051
:106650000746DFF8B080BAF1000F3ED12648ECF7CC
:1066600083FC022806D101235646013D05F00305AF
:1066700088F800301422002103A80EF086FD2023A4
:106680001F4F1D4904A88DF80C300297F5F7F2FA58
:106690008DF818608DF8195002F074FAADF81A00F0
:1066A00002A8F4F78EFF384698F80010F5F7F2F8D4
:1066B00021683846B1FA81F14909F5F7ABF8394656
:1066C00020680EF075F8002E3FD02068FFF7C8FD57
:1066D00001463846F5F7FEF8B5E6B9F1000F13D1DB
:1066E0000548ECF741FC022802BF01234E4688F81A
:1066F0000030FFF751FEBDE73F6500202C6700200A
:106700000B66002066300020C37903F00303AB4220
:1067100018D01048ECF728FC02280BBF0123FB79A6
:1067200005F1FF3565F3010311BFFB71002605F08C
:10673000030588F80030FFF72FFE00212068E9F7F5
:1067400027F897E701215046F9E7FF21C1E708B094
:10675000BDE8F0873F65002008B50348F1F78AFEE1
:106760000022024B1A7008BDFC6600203067002032
:106770002DE9F04387B001A8E8F75CFA9DF8062000
:10678000A34B1A709DF80720A24B1A7000F08EFEE2
:10679000E8F7CCFE044600285BD18DF803000DF12C
:1067A000030002F057F9E8F7C1FE05469DF80340E3
:1067B00008B1062C58D99848F1F701FE0546DFF8D4
:1067C0005882DFF8589202AF0DB1062C68D90CF050
:1067D0007AF8054668B9E8F7A9FE064610B1A54261
:1067E000C0F09E80E8F7A2FE054610B1072C40F2EB
:1067F000CA80204600F0C9FD04460CF064F8054646
:10680000C0B9072C16D8E1F7B1FC0E22064629467E
:1068100002A80EF0BAFCE8B2844200F2D080002058
:10682000F1F7AAFF8046E8F781FE054610B1072C74
:1068300040F2D38002F0F6F910B1201E18BF0120FB
:10684000211AC9B201F03CF802F050FB07B0BDE8D4
:10685000F0832046E9F79AFDC3796FF34513C371BE
:106860002046E8F793FE95E72846E9F783F898B9BC
:106870002846E9F773FD04462846E9F7C6FC58B1F7
:1068800044F040019DF80300C9B200F017FE9DF8E6
:10689000033001338DF803302846E8F777FE84E7AC
:1068A000384605F10801F5F701FA029B013328D0BB
:1068B00097E80300E8F76CFE0646A0B1E9F74EFD45
:1068C00040F04000C1B2204600F0F8FD3046E9F744
:1068D000A4FC013401462846E4B2F1F761FD072C1F
:1068E0003FF472AF08E001212846F1F7DDFE2946AA
:1068F000D9F80000F1F7A2FE4046F1F760FD054629
:1069000062E72846F1F7DAFE0028F5D12046C021DB
:1069100000F0D4FD01342846E4B2FFF775FCDEE751
:106920003046E9F733FD80463046E9F723F8A0B951
:1069300005213046E9F7E6FC78B198F807309A0669
:106940000BD4284600F0CAFD47B2A946002F05F136
:106950000105EDB205DBA542F3D33046E8F716FE9C
:106960003BE73046E9F7FAFC00F03F0047EA000158
:10697000C9B2484600F0A2FD98F8073043F0200362
:1069800088F80730E9E72846E8F7F4FF98B90521C9
:106990002846E9F7B7FC70B12846E9F7F7FCC37958
:1069A0009B0608D42846E9F7D9FC0146204600F0AA
:1069B00085FD0134E4B22846E8F7E8FD14E700F06D
:1069C00059FF40B106AA431E52FA83F313F8102C64
:1069D000013203F8102C01351DE72846E9F7BEFC0B
:1069E00006AA431E52FA83F313F8103C07465BB91C
:1069F0002846E9F748FC301A804505D2204639463A
:106A000000F05CFD0134E4B22846E8F7BFFD0CE776
:106A1000F866002031670020FC660020F860002046
:106A20002DE9F04FA44BA3B01F78A44B05461E7868
:106A3000E8F738F8E8F77AFD0446DFF8988274BB87
:106A40009F4B41F658321C709E4B43F2B0611B784D
:106A50002846CDE9037344F64403CDE9016400936D
:106A600046F29C3300F0E8FC40F2B631962000F08C
:106A700045FD0BF028FF60B92546934E934FDFF894
:106A8000508200F065FDB0B9280100F0F000F1F788
:106A90001DFA00238C4C1D468C4F069328E120469E
:106AA000E9F774FCC28802EA0802C2802046E8F7CF
:106AB0006DFD0446C3E700230120336000F0E8FDCC
:106AC000012804460FD100F037FDE8F715FC20B986
:106AD000F1F764FB00F04AFDD3E72046F1F75EFBD7
:106AE0006C1CE5B2F6E7F0B9F1F758FBFFF792FB43
:106AF000FFF79CFC012339461A463068E8F7C5FECB
:106B0000FFF7E4FB0028EBD03068FFF705FC00F04E
:106B100063FD0028E4D100F009FD3A4601464046F5
:106B2000E8F7BAFADCE7052804D0831EDBB2012BB4
:106B300000F288830120F1F731FB0120F1F72EFBF1
:106B4000032CCDD0052CCBD014F0FD0FC2D1C7E75C
:106B500000F0FAFD8146002800F0C880069809F090
:106B60003F0A0130C3B24FFA89F8504606932660B7
:106B7000E8F736FDB8F1000F05F1010580F2AE80AF
:106B800019F0C00F40F0E580012000F081FDEDB26A
:106B90008046002800F0E782012840F0D58200F00E
:106BA000CBFCF2F73DFD002800F0CE822068013DCD
:106BB000EDB258B10521E9F7A5FB804630B9206850
:106BC000E9F7E4FB46468379013383712068E9F7EE
:106BD000DDFB80462068002800F0888098F80730A8
:106BE000DB0600F18380364B1B78002B7ED1002E14
:106BF00000F0B2822068FFF733FBFF2876D0DFF881
:106C0000D8901422002189F8000019A80EF0BDFACE
:106C100020232F4E21681AA88DF864301896E8F7C3
:106C200023FE3846F5F7FDF8003818BF012098F824
:106C300007308DF87000C3F301038DF8713001F057
:106C4000A1FFADF8720018A8F4F7BBFC3046F4F7CA
:106C5000CDFD21683046B1FA81F14909F4F7DAFD3A
:106C6000304699F80010F4F735FE314620680DF0F3
:106C70009FFD2068E9F70AF901463046F5F745FD22
:106C800098F8073043F0100388F80730E7F70AFF59
:106C900000F0A2FC60B199F80000002100F00EFCA9
:106CA000206828B1E9F772FBC3796FF30413C3714D
:106CB000002389F8003019E0F86600207C300020BD
:106CC00066300020316700202C6700203F650020DF
:106CD0000B66002000EFFFFF30670020BAF13F0F86
:106CE00020603FF44DAF00287FF44AAF00F03EFC37
:106CF00000F018FD064600283FF42AAF18A80CF053
:106D000027F9BDF860002D0145430BA80CF056F99A
:106D1000BDF82C000121B5FBF0F0C0B2F1F7CCF8C2
:106D2000069B0021180100F0F000F1F7C5F8E8F724
:106D3000FDFB0446BA4E002C40F05382FFF758FA90
:106D4000B74C002840F0788223B0BDE8F04F01F046
:106D5000B7BE0023CDE90A332368002B00F003817E
:106D60001846E9F752FA002800F0A4800A9000F1D2
:106D70000801B322AB480EF0E1F90A9810B1F1F71F
:106D80005AFB0B90216810A8E8F76EFD109B216854
:106D90000EA80793E8F768FDBDF83C300893236818
:106DA000DFF88092E3B14846F4F700FE88B1484628
:106DB000F5F71EFB8346002840F017810A9840B182
:106DC00001210DF023FA59462068CDF828B0E9F7E3
:106DD0001EFA2068E9F75AF801469248F5F795FC43
:106DE0009048F4F7E3FD002837D000F0DDFB0646BD
:106DF000E1F7C2F9311A43F6095200230801090FDD
:106E00000EF01CFA0B9B191886480B91F5F77DFBC9
:106E10002422002119A80EF0B8F902238DF864305D
:106E2000079B1CA81A93089BCDF86090ADF86C30B6
:106E30000BF07AFC206820B1E9F7A8FAC079C0F31A
:106E400081008DF8780001F09DFEADF87A000BF01E
:106E500075FC209018A8F5F708F8B8F1000F80F23B
:106E6000D280E7F71FFE00F0B7FB0646002800F0CF
:106E7000CE80062800F0DA80B8F1000F03DA504621
:106E8000E8F7AEFB20602368002B3FF42FAF802093
:106E900000F0A8FC002840F0D7806248F4F7B0F872
:106EA00000287FF423AF5F48F5F7A2FA002840F0EE
:106EB000D3801BE7D4F800B05846E9F7AEF9814615
:106EC000F1F790FA07905846E8F7E0FF8346079BF2
:106ED0007BB9D4F800900A933BB319464846E9F7CA
:106EE00096F90A99B3224F4808310EF027F9012686
:106EF00043E703F10800594608930790F5F705FCAE
:106F0000079802F080F9089B0028E2D193F8C2208C
:106F1000184642F0400283F8C2200121EBF7EAFF55
:106F20004846F1F75FFA0346D2E71422194619A83A
:106F30000EF02BF93B4B4946189310231AA88DF8F5
:106F40006430E8F791FC2068E9F720FAC379C3F3CD
:106F500081038DF8713001F015FEADF8720018A8AC
:106F6000F4F72FFB09E7DFF8C0900993D9F8003058
:106F7000DFF8B0B00793B9F8043059460BAA0AA855
:106F8000089301F005FE099B064660BBFFF736F942
:106F90000A9088B100F10801B322099058460EF01A
:106FA000CDF8099B1846F1F746FA01210B900A9893
:106FB0000DF02CF90A96F2E61422314619A80EF0CB
:106FC000E4F899E8030010238DF864301AABCDF88B
:106FD00060B083E8030001F0D5FDADF8720018A899
:106FE000F4F7EFFADBE61E46D9E6002E3FF4F1AEE9
:106FF0002068E9F7CBF9C379C3F38102013262F368
:107000008303C371E5E62068FFF786F92BE700F0FC
:107010008DFA3A4601460348E8F73EF82CE700BFF0
:10702000FC6600200B6600205CA403088648F4F789
:10703000BDFC00283FF45AAE206800283FF456AE4D
:107040000121FFF78BF951E62068E9F787F900F095
:10705000B9FB00283FF421AFF0F780FE7A48F4F73F
:10706000A5FC70BB012000F013FB8046002840D136
:10707000FFF7DCF92168E9B112AE3046E8F7F4FB1E
:1070800096E80300F1F768FF06462068E9F773F910
:10709000017820680791E8F76DFC01220346079903
:1070A0003046CDF80080F2F7A1FB2068E9F763F9DC
:1070B000EBF7C8FF0123002239462068E8F7E5FB1B
:1070C00014E6B8F1000FCDDB16F0FD0FCAD0206832
:1070D000E9F751F90DF13008EBF7B8FF39464046B2
:1070E000F4F7E4FD98E80300F1F736FFF2F7CCFA85
:1070F000B8E7206878B1E9F73EF90DF15008EBF7F1
:10710000A5FF40462168E8F7AFFB98E80300F1F7D8
:1071100023FFF2F7B9FA002320681A461946E8F768
:10712000B4FB4948F4F742FC00283FF4DFAD80206F
:1071300000F058FB014600287FF4D8AD022E3FF442
:10714000D5ADFFF73FF9D1E5002320681A4619466F
:10715000E8F79BFB012639E50521E9F7D3F800287C
:107160007FF448ADC2E5FFF755F800283FF4BEAD07
:107170002068012342463946E8F787FB206818B1AA
:10718000E9F704F980F80680FFF750F93846F4F77C
:10719000F1FA10B10DB1013DEDB2FFF797F80028FB
:1071A0003FF4A4AD16AE39463046F4F763FD96E8D9
:1071B0000300F1F7D1FEF2F757FA07903846F4F7DB
:1071C000A1FE0799F2F74FFB00F006FA00287FF4C2
:1071D0008DAD00F0ABF93A4601461B48E7F75CFF7E
:1071E00084E52046E9F7D2F88579294600F018F9B8
:1071F0005DB92046E9F711F80546F1F74DF968B990
:107200002046E8F7C3F9044695E50022012311461C
:107210002046013DE8F739FBEDB2E9E72046E8F703
:10722000A9FB0028ECD12846F1F7C9F80028E7D0DF
:107230003146F1F7B5F8F6E72146F1F7B1F8FEF778
:10724000D7FF7EE503287EE40B66002008B500F03A
:1072500025F8BDE808400148F1F726B9FC66002092
:107260000149F1F79DB800BFFC660020002206230B
:1072700011460148F1F760B9FC66002038B50D46AB
:107280000446E9F76BF800F0B7FA0B2805D925B1E9
:107290002046BDE83840FEF7E3BF38BD70B50BF0BF
:1072A00012FB0A4E04460A4D18B1002333702B70AE
:1072B00006E00BF059FA042803D101232C70337037
:1072C00070BD042333700123F1E700BF3267002053
:1072D0003367002010B5054B04211C78E9F712F83C
:1072E00008B1034B1C78204610BD00BF3367002057
:1072F0003267002070B5E8F719F9002504462E46DC
:107300005CB9202D38BF20254FF40053B3FBF5F5B1
:10731000E8F70CF90446A8B970BD2046E9F736F83D
:1073200090F9032090F902308670134423EAE37346
:10733000202BA8BF2023C37020461D44E8F726F960
:107340000446DDE72046E9F721F890F9033002888A
:10735000D9B2042905FB032298BF04231B029342E0
:1073600028BF13469A0A027103802046E8F70EF9F7
:10737000D0E738B50C46E9F709F805460BF0A3FA53
:10738000002818BF0024EC7038BD2DE9F8430446EE
:107390000BF099FA18B90127072C00D817B9204625
:1073A000BDE8F883E8F7C2F84FF0000805460DB1D4
:1073B000082C01D14746EFE72846E8F7E7FF90F8A9
:1073C00004900646B9F1000F1ED009F1FF33037196
:1073D0002846E8F7C3FF0146204600F06FF83388DF
:1073E0000134B3F5806F32BF0023A3F580639BB2F5
:1073F000B9F1010F18BFB8463380F379E4B223F036
:10740000600343F02003F3712846E8F7BFF8054610
:10741000CDE790F902301F2BDCBF0133837070473A
:1074200090F902308900C9B25B1A6FF01F018B42DC
:10743000B8BF0B468370704738B5114D9DF81440A6
:10744000286010480160104920460A600F4A136006
:10745000049A0F4B1A600F4B9DF81C201C700E4BAA
:107460001A709DF820200D4B1A7000230C4A1370DF
:107470000C4A137003F03AFA069A0B4B1A6038BDA7
:107480006467002040670020486700206C67002088
:10749000746700204C670020446700205867002074
:1074A0006867002070670020506700200022024BB0
:1074B0001A605A609A607047346700200B2838B50C
:1074C00004460D4605D972466B214FF6F350E1F79D
:1074D0009DF9014B1D5538BD346700200B2810B5B0
:1074E000044605D9724671214FF6F350E1F78EF943
:1074F000014B185D10BD00BF34670020024B1860BF
:10750000024B1980704700BF5C6700206067002055
:10751000044B1878044B1B78984226BFC01AC0B29F
:10752000FF2070476867002044670020014B1868FF
:10753000704700BF54670020014B93F9000070476B
:1075400059670020014B1878704700BF446700203E
:10755000044B1878044B1B7898422CBF0020012064
:10756000704700BF686700204467002008B5FFF738
:10757000EFFF084A136858B1074909680B441360C4
:107580000022064B1A70064A13780133137008BDA7
:107590000449F2E76467002040670020706700201C
:1075A000686700206C67002008B5074B1A68074B16
:1075B0001B782BB1FFF7CCFF20B1054B1B681A4499
:1075C000104608BD034BF9E7646700207067002090
:1075D000486700207467002070B5244B244E19685A
:1075E000244D327804468AB029603AB1FFF7B0FFE3
:1075F000002837D0204B1B680B442B6001323270BF
:107600000BF09CF806462046E7F7EAF8204602A968
:10761000F2F714F8194802A9F3F7A7FC1748F5F791
:107620007BF808BBE8F788FF00F001011348F5F785
:107630006CF81022002106A80DF0A7FD104B03A83E
:107640000393104B8DF819401B68CDE904360E4B9F
:107650001B788DF818302B680793E9F747F9C0B20B
:107660000AB070BD094BC6E70120DDE76467002062
:107670007067002054670020486700200B660020D8
:10768000FC650020506700204C67002074670020D4
:1076900030B51B4B87B01A681A4B05461B68D21AC7
:1076A000FFF756FF011E184808BFB924037818BF1A
:1076B000302423B109B31549302409680A44013341
:1076C0000370134B8DF814500193124B8DF8154035
:1076D0001B68CDE90232104B1B88049300238DF800
:1076E0001630FEF7BDF801A8E9F7E0F90B4BC0F33F
:1076F0000722C0B21A7007B030BD0949DCE700BFED
:10770000646700205C6700207067002048670020E5
:107710003065002050670020606700205967002016
:1077200074670020054B064A1878064B12781B78C0
:1077300013449842B4BF00200120704768670020BE
:10774000586700204467002008B5FFF7E1FE0B28CA
:1077500096BF024B0020185C08BD00BF34670020B4
:1077600001460822002010B5074C14F8013B13F025
:10777000C00F03D18B4204BF431CD8B2531E13F079
:10778000FF02F2D110BD00BF3467002008B50246E9
:10779000FFF7DAFF10F0C00F03D1831A58425841A7
:1077A00008BD0020FCE708B50246FFF7CDFF10F04A
:1077B000400305D000F03F039B1A5842584108BDD2
:1077C0001846FCE708B5064B0246187830B1FFF7BB
:1077D000BBFF00F03F039B1A5842584108BD00BF51
:1077E0007067002008B50246FFF7AEFF104214BFD5
:1077F0000120002008BD000008B50146FFF7A8FEE3
:1078000048B9FFF785FE431CD8B2094A02440B2849
:1078100003D9FF2008BD0020F7E712F8013B13F061
:10782000C00F01D18B42F5D0431CD8B2EFE700BFA7
:107830003467002038B50446FFF76AFE431C0C4845
:10784000D9B250FA83F300200B2900D938BD93F93F
:1078500000501A78002D07DB12F0C00504D1A242B7
:1078600002BF421C1D70D0B20131C9B20133EBE737
:107870003467002008B5FFF731FE00F03F0008BD77
:1078800090F8252000F1260101480DF057BC00BFFB
:1078900034670020002310B4084911F8014BDAB214
:1078A0001CB101330C2BF8D11A4680F8252003496E
:1078B0005DF8044B26300DF041BC00BF346700205A
:1078C000024B00221844FDF7BBBC00BF3467002008
:1078D00070470000094B10B504461868EAF74FFCE2
:1078E000037834B103F0F002F02A01D010330370B2
:1078F00010BD13F0F00FFBD0F033F8E77C670020E9
:1079000038B50C4D2868EAF716FCF5F7F5FF044684
:1079100058B90C212868EAF783FB40B92868EAF7D0
:10792000DEFB3F3818BF012038BD0120FCE72046B0
:10793000FAE700BF7C67002073B5124D0646286841
:10794000EAF7E0FB0446A0B1EAF756FE98B16E46AE
:1079500029683046EAF7EBFA96E803002246EAF790
:1079600053FE00212868EAF7CFFB074A1378013B52
:10797000137002B070BD054B2046995DEBF7BAFA63
:10798000EFE700BF7C67002080670020C06003082D
:1079900010B586B01422002101A80DF0F6FB0C4BA7
:1079A0000C4C00932023216802A88DF80430EAF7DC
:1079B000BEFA2068EAF760FA8DF811002068EAF74D
:1079C00061FAADF812006846F3F7FBFD06B010BD92
:1079D0000B6600207C6700207FB502AD044601469F
:1079E0002846EAF7A4FA95E80300F1F7B5FA054648
:1079F0002046EAF7BAFB002106782046EAF710FB9A
:107A000001902046E9F74BFF314603462846019A8C
:107A100004B0BDE87040F1F789BE000073B5114DA8
:107A20002868EAF76FFB0446A0B1EAF7E5FD98B1D4
:107A30006E4629683046EAF77AFA96E8030022464D
:107A4000EAF7E2FD00212868EAF75EFB064A1378B0
:107A5000013B137002B070BD012120460CF0D6FB33
:107A6000F0E700BF7C67002080670020022838B55F
:107A700029D12148F3F79AFFC0B91F48F4F7CCF891
:107A80000128044636D11C48F3F7D7FD05461A48AD
:107A9000F3F770FEC8B9152D1FD1184B1868E9F718
:107AA00013FF2046BDE83840FFF746BF1248F4F701
:107AB0009FFCF8B9114B1868EAF724FBD0B1BDE878
:107AC0003840FFF7ABBF0028D7D10C4B1868EAF756
:107AD00006FBBDE83840FFF7ADBE0748F3F776FE7A
:107AE00040B1FFF723FDBDE8384002460449024893
:107AF000F5F7A4BF38BD00BF0B6600207C670020EF
:107B00003F650020F8B50D4F054638680C4616460F
:107B1000EAF7F8FA88B1022E0FD10830F3F746FFE2
:107B200048B154B13868EAF7A1F9A84205D1BDE8D7
:107B3000F840FFF773BF002CF9D1F8BD7C67002037
:107B400010B504461648F4F767F8012807D0FFF788
:107B5000FFFC90B1BDE810401148F4F749BC104853
:107B6000F3F76BFD102802D10024204610BD0C480D
:107B7000F3F763FD1528EAD1F6E734B9BDE8104004
:107B8000084B0A211868EAF74BBA0548F4F744F89D
:107B90000228DFD10248F4F744F90028DAD0E4E7FC
:107BA0000B6600207C6700202DE9F04105460E465B
:107BB0008CB041BB264C0A4606AF0A212068EAF782
:107BC000C2F938462168EAF7B2F997E80300F1F7FD
:107BD000C3F907462068EAF7C8FA314690F80080F2
:107BE0002068EAF71DFA03902068E9F758FE0122A1
:107BF0004146039B00903846F1F7F8FD2068EAF70C
:107C0000B4FAEBF71FFAFDB91248F3F77BF9104EFF
:107C100008AC316803902046EAF789F9CDE90055B0
:107C2000039A94E80300FF23F0F76AFF0AAC0948BF
:107C300005A9F3F7B2F920463168EAF778F994E834
:107C40000300059AF0F79FFF0CB0BDE8F08100BF7C
:107C50007C6700203F65002030B5204C87B020684D
:107C6000EAF769FAF5F748FE30B121681C4807B019
:107C7000BDE83040F5F70ABE0C212068EAF7D0F9DC
:107C8000054608BB2068EAF72AFA3F281CD01422D0
:107C9000294601A80DF079FA114B216800931523AC
:107CA00002A88DF80430EAF742F92068EAF7DEF816
:107CB0008DF811002068EAF7E5F8ADF81200684683
:107CC000F3F77FFC07B030BD724640F27F2144F6E7
:107CD000E06007B0BDE83040E0F798BD7C67002069
:107CE0000B660020F0B5464D0021286885B0EAF704
:107CF00097F9044600285FD12868EAF703FA0028BC
:107D00005CD0F0F7F1FB002856D0204605B0BDE866
:107D1000F040FFF711BE04F1080001F074FA40BB17
:107D200094F8C230204643F0400384F8C230012169
:107D3000EBF7E0F839463046EAF7F9F896E8030041
:107D4000EAF79EFC044653E004F1080001F05BFAF8
:107D500078B994F8C230204643F04003012184F8FA
:107D6000C230EBF7C7F83046F0F73CFB044600287A
:107D7000EAD121462868EAF7C7F9ECB10834204671
:107D8000F3F714FE60B12046F4F732FB40B12868E7
:107D9000EAF76CF8F4F797F801462868EAF769F80B
:107DA0002868EAF7E2F9EBF74DF92868EAF7E7F90E
:107DB00043786FF34203437005B0F0BD0C2128688F
:107DC000EAF72EF920B12868E9F7A8FD0028F3D1D9
:107DD000FFF796FD0028EFD12F6802AC2046394608
:107DE000EAF7A5F894E80300EAF74AFC6E46044671
:107DF000002C90D13846EAF789F90646B4E700BF6F
:107E00007C67002038B504461948F3F705FF0128C0
:107E100002D002280DD038BD1548F4F783FB0028A6
:107E2000F9D0FFF7C1FBBDE8384001461048EBF739
:107E300039B8104B1868EAF765F9022CEBD1002825
:107E4000E9D0F0F7F8FA0546FFF7AEFB0446E0F795
:107E500093F9211A0023080143F60952090F0DF086
:107E6000EDF929180248BDE83840F4F74EBB00BFD1
:107E70000B6600207C67002008B50F48F3F7D0F8A8
:107E8000C0B10E4B1868EAF77AF9437803F018028C
:107E9000182A05D1BDE808404FF40040EEF730B88D
:107EA000C3F3C102013262F3C403437003F0180349
:107EB000002BEFD108BD00BF0B6600207C670020BF
:107EC0000023034A1360034A1370034A1370704778
:107ED0007C6700208167002080670020FFF7E6BAFA
:107EE00008B5EAF74CF9437823F0190343F0180377
:107EF000437008BDF8B51546074608460C46EAF734
:107F0000EEF80B2D06460CD82846FFF7E7FAB042EC
:107F100007D031462846FFF7D1FA094A13780133D2
:107F200013703846F3F7D3FF10B12046E9F7B0FFDE
:107F30002046EAF724F9437823F019034370F8BD8B
:107F40008167002070B50D46F1B1F3F7C9FC064614
:107F50002846EAF714F90B2E04460ED843786FF33F
:107F6000420343702846EAF7BAF801463046FFF765
:107F7000A5FA064A1378013313702846E9F7ACFDD9
:107F800063786FF30003637070BD00BF81670020EA
:107F90002DE9F043074689B0A848F3F73DFE0646B1
:107FA000A748F3F739FE8046A548F3F746FBD7B15B
:107FB000012E15D016F0FD0517D1B8F1010F03D130
:107FC000202814BF002501259D48F3F725FE04460F
:107FD000002F00F01181012809D0FDB900249FE095
:107FE000B8F1010FEDE70125EEE70025ECE7944835
:107FF000F2F71CFE0028F0D1FFF7AAFA08B101241D
:1080000008E0904D2868EAF76AF83F28F7D028681A
:10801000E9F75AFC204609B0BDE8F083B8F1010F3A
:1080200035D0B8F1020FEAD18548F4F7E1F90746F7
:108030008020FFF7D7FB834D002800F0C3808048E5
:10804000F3F705FF04462868E9F71CFF8046002F78
:1080500000F0B48007212868E9F7E2FF08B1444541
:1080600012D07748EAF780FF02280DD02146286811
:10807000E9F70BFF01220A212868E9F764FF0122D2
:1080800007212868E9F75FFFFFF782FCA6E706AC47
:108090006C4D20466A490DF11008F3F7EBFD4046A0
:1080A0002968E9F744FF98E80C0094E803000DF014
:1080B00016F8002800F09E806148F3F7B1FBA8B9DC
:1080C00000245F48F3F7B9FA212821D019D81028E5
:1080D00022D0202838D05A48F3F768FB002864D013
:1080E0002A6856495648F5F71BFC15E02868E9F759
:1080F000EBFB0C212868E9F793FF0028E0D002246D
:10810000DFE72228E7D129684D48FFF71BFF03E08E
:1081100029684B48EAF76EF9494928680CF054FB86
:10812000012E03D1474B1868EAF711F88020FFF7BA
:1081300059FB00287FF46EAF002C7FF46BAF414BEE
:108140001868E9F7FEFF65E73D48F3F775FE8046DE
:108150003B48F3F7A5FB3C4B3A46187080F0010111
:108160004046FFF7CFFC2868E9F7B6FC2868EAF735
:1081700006F843786FF3000343703148F3F7ACFB24
:108180000B2807460AD82868E9F7A9FF01463846B0
:10819000FFF794F92D4A1378013313702848F3F749
:1081A0002BFB002818BF0224B6E72548F3F70EFB87
:1081B0000028B1D02248F5F707FCADE72048EAF7E0
:1081C000D3FE61E71E48F3F737FE04462868E9F757
:1081D00053FE002FF2D0A4B2A0423FF455AF18488E
:1081E000EAF7C2FE02283FF44FAF21462868E9F7BC
:1081F00046FE49E7022493E78020FFF7F3FA0028C0
:108200007FF4EBAE0E48F2F711FD00283FF4F7AE15
:108210006C460B492046F3F72DFD0A4B0DF108097A
:1082200019684846E9F783FE99E80C0094E80300D2
:108230000CF055FF00287FF4D0AEE0E60B6600207E
:108240003F6500207C6700206630002081670020A9
:108250002DE9F04F2DED028B4FF0000AA14B0746A0
:10826000A14C006899B083F800A02060E9F71EFCDB
:108270009E4DDFF88492DFF884823B7A9C4E287012
:10828000206889F800A088F8003086F800A0E9F797
:1082900039FF10B13378013333702068E9F70CFBF4
:1082A00038B12068E9F732FFF0F7F6F83378184470
:1082B000307020687E68E9F75FFF4FF00C0E6FF0BA
:1082C0002603CDF810E098F800E090FBF3FA23685D
:1082D000CDF80CE002932D786FF08D0201956FF0D0
:1082E00046016FF0310C6FF0350590FBF2F290FB18
:1082F000F1F190FBFCFC90FBF5F00CF59C4C00F5CB
:1083000090400CF1200C44300AF5C74302F5DA52D4
:1083100001F55A5100901C330CEB06001832303135
:10832000FFF78AF8962040F2B631FFF7E7F82068A9
:10833000E9F7C2FA50B12068E9F7D1FE0546FFF728
:10834000C7FA2846FFF70CFA89F800003868E9F701
:10835000B3FAF0B90AF016FB2068E9F7C0FE08EEA0
:10836000100ADFF890B1FFF7DDF98046002800F031
:1083700084813868E9F7A0FA002800F0DC823868C8
:10838000E9F7ADFE19B0BDEC028BBDE8F04FFFF789
:108390009FBA0C212068E9F743FE054650B999F8C9
:1083A0000030002B40F0B280FFF7AAFAC8B1FFF707
:1083B00053FC0DE02068E9F792FE3F280AD14C4BB0
:1083C0004C491A782068003A18BF0122E9F790FF5B
:1083D00001259CE000212068E9F7C4FA0028DED0DE
:1083E000EDE7FFF77FFC002D42D02068E9F796FA11
:1083F00006462068E9F786FE804600285FD0EAF747
:10840000FBF8002836D02068E9F7B9FE43788046AB
:1084100013F006015ED10791FCF7D2FE1422064646
:1084200007990FA80CF0B1FE324B01250E931223D1
:10843000216810A88DF83C30E9F779FD20688DF8A7
:108440004850E9F713FD8DF849002068E9F71AFD57
:10845000ADF84A000EA8F3F7B4F816F0030F08BF02
:108460002E4698F8013066F3420388F801304EE05A
:108470002E46BEE708F1080A5046F3F79EFA002898
:10848000C1D14046EFF7DFFF80462068E9F720FEC4
:10849000F0F72AF940441FFA80F85046F3F734FF0A
:1084A00001461020F2F748FB8045ACD8104B1B78F2
:1084B000072BA8D82068E9F735FC0028A3D0002EA8
:1084C0007FF47DAF15B32068E9F710FBC0B1FFF76B
:1084D0005FFA7DE7C3F34102033262F34203437064
:1084E000EDE700BF663000207C6700207967002040
:1084F000806700200B6600208167002078670020DD
:1085000001212068E9F72EFA0028E0D10025206833
:10851000E9F735FE0646002D68D0FFF713F88046D0
:1085200030B9724640F2991144F6E060E0F76EF916
:108530002068E9F724FE037882461A0720D1FCF769
:108540003FFE9AF800301A090132B0FBF2F101FB4C
:10855000120060F303038AF800309AF800A01AF0C2
:108560000F0A35D10AF019FA78B9FCF729FEB0FBE9
:10857000F8F303FB18085FFA88F8DFF8CCA371E082
:1085800003F10F0262F30303E5E72068E9F7BDFC9E
:10859000E8F702FB83462068E9F7F1FD037819222A
:1085A0001B09C3F10F03504600930F214C23FCF726
:1085B000D6FE5FFA80FAD345D7D32068E9F7A7FC47
:1085C000027942B94FEA5A0AFCF7FAFD5045CCD37A
:1085D0004FF0FF08D1E74379591E8A42F4DB8279D4
:1085E000B2EB930FEED24FEA9A0AEDE7037865F308
:1085F000030303702846FFF76DF9E9E7B8F1000FB0
:108600002AD12846FFF7FEFB7178504601F00101A0
:10861000F3F772FC2068FFF7DFF9FEF7DDFFD8B94A
:108620002846FFF723FA0120FFF78AFAA0B1404657
:10863000FFF72EF8D8B92846FFF7AAFC8346BBF10E
:10864000000018BF0120FFF745F9BBF1000F11D161
:1086500059460120FFF7A8FA08F1FF385FFA88F8B9
:10866000FEF784FFFEF774FF0028C7D172E64FF0D3
:10867000010BE4E7FFF700FCEEE720680CF086F85A
:1086800018EE100AFFF782F88246002800F00C81ED
:1086900041462068E9F7C4FC28B34FF0000A56466B
:1086A000504699F80030013B89F80030002840F02E
:1086B000C1803046FFF7DAF9D0464046FFF740FA6E
:1086C000002800F001810020FEF7E2FF002800F002
:1086D000BB80B8F1000F00F0C2800021324608468E
:1086E000FFF710FABBE0FFF7FDFA2068E9F70AFD93
:1086F0000C2105462068E9F793FC0646002D48D07A
:108700008F4B1B78002B44D1B322584605F108014A
:108710000CF014FD8B4B1B784BB1013B13F0FF03A6
:1087200005D099F80020934201D3022A2FD9FFF7F0
:10873000E7F8022600F001058348F3F76DFA0228F6
:1087400023D12422002107900FA80CF01EFD079BC7
:10875000216810A88DF83C30CDF838B0E9F7E7FB78
:1087600012A809F0E1FF2068E9F780FB8DF85000BE
:108770002068E9F787FB8DF85450ADF8520009F0F6
:10878000DDFF16900EA8F3F770FB3EBB85E70120D6
:10879000CFE7E6B12068E9F7C1F8C0B1684B1B78B4
:1087A00043B9684B1A782AB199F800309A4201D33C
:1087B000022B0AD9FFF7A4F800F001052A46594612
:1087C0002068E9F795FD0126B6E70120F4E7FFF7F9
:1087D00097F80546A0B1FFF73FFA01263046FFF7AC
:1087E00011FB2068E9F7CBFC4178584601F0010104
:1087F000F3F782FB2068FFF7EFF8FEF7EDFE50E796
:108800000EB9002698E72068E9F770F928B1FFF75C
:10881000BFF85846F3F74EF8D5E701212068E9F78D
:10882000A1F80028F3D10A212068E9F7F9FB002814
:10883000EDD1E6E706287FF440AF022E7FF43DAF8E
:108840003046FFF779F838E73046FFF7A1FB0146DD
:1088500010B9FFF7A9F937E001283FF43AAFFFF765
:108860000BFBB8F1000F2FD00AAD28462168E9F7BD
:108870005EFB95E80300F0F76FFB05462068E9F71B
:1088800074FCEAF7E3FB2846F0F7FEFE08AD284645
:108890002168E9F74CFB0023CDE900331A4695E83F
:1088A0000300F0F72DF90FE018EE100AFEF77BFF3A
:1088B00028B10020FEF7ECFE48B10CADE7E78020C0
:1088C000FEF790FF0028F4D1FEF750FE4BE5FFF7CE
:1088D0005FFB0128F8D01D48F2F792FB40BB8020D7
:1088E000FEF780FFE8B98020FEF77CFF18B9174833
:1088F000F3F77EFDE0B1EFF731FA2068FFF76CF88F
:1089000005460120FFF77EFA2846FEF765FE02467F
:1089100070B920680A21E9F716FB0120FFF7A6F8D5
:1089200006E02068E9F7DBFBFEF74CFF0028DAD110
:10893000012100208DE719B0BDEC028BBDE8F08F5E
:1089400066300020806700200B6600203F65002015
:1089500030B585B00446E8F7AFFFB0B102AD2146AF
:108960002846E9F7E4FA95E803000DF10702F0F76D
:10897000C0FAD72809D89DF8073033B12046E9F767
:10898000FEFB437843F00103437005B030BD0000A7
:108990000023054A10B5054C1370054A2088137052
:1089A000F3F791FA208010BD8C67002082670020C9
:1089B0008467002038B5044628B972468D2144F2F8
:1089C000FE00DFF723FF2046E6F7D4FF054658B93F
:1089D00005212046E7F796FC30B12A462046BDE83F
:1089E00038400521E7F75CBC38BD10B501210846C9
:1089F000EAF7D8FB044630B100212046E7F7ACFA8D
:108A000018B1FFF7C5FF204610BDE6F759FD30B994
:108A100009F0B8FF18B109F056FF0028F1D0012184
:108A20002046EAF7E7FBE1E710B5FFF7C3FF09F0DF
:108A30004AFF58B1E7F702FA40B9054C206810B177
:108A40000121EAF7D7FBFFF7D0FF206010BD00BF80
:108A500088670020F8B505780646062D26D8164FFB
:108A60003B6823B3E6F762FD0123044684B1052188
:108A70002046E7F747FC28B92046E6F787FD0023A4
:108A80000446F3E72046E6F775FF0028F4D10223F9
:108A90003A6852B14BB128466C1CC021FEF70EFD5E
:108AA000E4B201222546054B1A703570F8BDFFF778
:108AB0009CFF05233860EBE7886700208C67002067
:108AC0002DE9F0412D4E306818B9BDE8F041EFF7BF
:108AD00011BA0830F3F78CFC002814BF4FF00808D7
:108AE0004FF0010809F040FE042817D1E6F7E8FC32
:108AF000A0B930680830F3F77BFC054680B11E2032
:108B0000EFF7A0FE5FFA80F84020EFF7F3F9E6F701
:108B10000DFD044630B9CDB1274612E00025F3E73C
:108B20000125F1E705212046E7F7ECFB074618B9D8
:108B30002046E6F72BFDECE72046E6F71BFF002872
:108B4000F6D10F4B1B78434506D33FB9012130685E
:108B5000EAF750FB00233360BDE8F081E6F7E6FC5E
:108B600004460028F2D02046E6F704FF10B920465C
:108B7000FFF720FF2046E6F709FDF1E788670020B0
:108B800084670020014B1888704700BF826700206F
:108B90000E4B70B51B68044616460846A3B10C4A36
:108BA00015787DB1002111700A4923600A780132DD
:108BB0000A70B32203F108010CF0C0FA2068EFF745
:108BC0003AFC3060284670BD1D46FBE788670020F0
:108BD0008C6700208467002070B50D4C0646236822
:108BE00013B9FFF702FF20600124E5B22846E6F73B
:108BF000F7FC40B9A91C3046C9B2EAF7FBFA0134C8
:108C00000F2CF2D170BDE6F7B5FE0028F2D0F6E7E2
:108C100088670020024B1868003818BF0120704791
:108C200088670020014B1878704700BF8C670020D0
:108C30000020704708B5EFF7EDF9EFF701F8F0F70E
:108C400007F8EDF76AF9E7F7F3F9F1F72BFBE8F727
:108C500006FFEFF7B9FAF6F7E8FFBDE80840F0F7CE
:108C6000B7BF08B5F1F7C6FCBDE808400CF047BA3D
:108C700008B509F024FE08B9E2F776FCF6F7B1F87A
:108C8000BDE808400BF0E2BC08B509F018FE08B1D9
:108C9000E2F76AFC0BF0D8FCF6F7B4FF09F013FE1C
:108CA00010B10020E6F7D0FEBDE80840E8F794BE1A
:108CB00008B5DFF75BFA064B80B2421C1A80821CB3
:108CC0005A8000F11C0239309A80D88008BD00BF5C
:108CD0008E6700202DE9F041DFF748FA00270C4CA1
:108CE0000C4D86B204F1080834F8023BF31A1B0459
:108CF00007D42B689847AB88334424F8023C27B943
:108D00000127444505F10805EED1BDE8F08100BF1B
:108D10008E670020C460030838B5044620B10B4BB1
:108D2000187880B1012C0FD1094D2B689C4206D0D8
:108D3000012C14BF0748084800F012FD2C60287869
:108D400000F008FD012038BD0020FCE7CC670020C2
:108D500098670020F4600308AC67002030B589B044
:108D600009F088FA044609F0E9FCCDE90404DFF7CC
:108D70008FFC0690DFF792FC6D4604AC224621463C
:108D80000790164809F068F994E80F0085E80F008D
:108D9000284600F0B9FA0021114800F0E1FAFF225C
:108DA000104B00201A60FFF7B7FF0F480AF07EF85B
:108DB00004460E480AF0ACF82043C0B20C4B30B168
:108DC00000221A700B4800F0E3FA09B030BD01210F
:108DD0000648197000F0C4FAF4E700BF0461030804
:108DE000E460030898670020AC6700209C670020BF
:108DF000CC670020BC670020014B1878704700BF8B
:108E0000CC67002010B50446406A94F83430E06224
:108E1000A3B90F4B1B7884F82A30A18A00F008FD13
:108E2000237F206363B9204600F0C2FC204600F097
:108E3000E6FC2046BDE8104000F0CABB0023EAE78C
:108E400094F82A00FFF768FF0028ECD110BD00BF9E
:108E5000CC67002038B50446C069F2F707FFA38C41
:108E600080B29842E0853CD8181AA084E069656910
:108E7000F2F7FCFEE169284400F0AEFC256A84F8B4
:108E80002C00B5B12846E9F759F890B194F82C3088
:108E9000042B0ED12846E9F76AF9002384F82D3017
:108EA00094F82C30A06283B92046BDE8384000F029
:108EB00091BA012294E80300E8F7E0FB18B194F8B6
:108EC0002C30022BE7D10848E7E7E18D606900F01C
:108ED000AFFC00F0A9FC84F82D00FFF71DFF00286F
:108EE000E2D1002038BD00BFBC67002000F042BBCB
:108EF00008B500F03FFB00F059FBBDE80840014811
:108F000000F052BABC67002038B504460025A542DF
:108F100006D100F04BFBBDE83840034800F044BAEE
:108F200000F028FB0135F2E7BC67002000F034BBFD
:108F300000487047BC67002000F02ABAF62804D128
:108F4000FF2914BF002001207047FF2801D1F62916
:108F5000F7E7002070472DE9F0438BB0E846044660
:108F6000014602AE4046F2F785FE04AD214630468A
:108F7000F2F79CFE06AF21462846F3F716F8214685
:108F80003846F3F73DF82046F3F792FA814620463B
:108F9000F3F798FA01464846FFF7D0FFD0B108AC86
:108FA000204609F0C1FB94E80C0095E803000CF0A2
:108FB00096F878B195E80C0098E803000CF08FF86B
:108FC00040B197E80C0096E803000BB0BDE8F04311
:108FD0000CF085B800200BB0BDE8F0832DE9F04718
:108FE000A4B00446E7F7A8FA06462046F3F781FB4B
:108FF000074630B986F00105EDB2284624B0BDE839
:10900000F0872046F3F77BFB05460028F5D10DF1EC
:109010000809214648460DF11008F2F72BFE40469C
:109020002146F2F743FE2046F2F7F6FD0428E4D885
:1090300001A353F820F000BF4D900208939002085E
:10904000BD900208FB8F02087B9002082046F2F7D1
:109050007EF90646682200210AA80CF096F80B2E2D
:109060000DD00C2E10D00A2EC7D120460AA9F2F737
:109070008AF99DF87930002BBFD03D46BDE72046E8
:109080000AA9F2F7BCF9F4E7E7F7FCF90028B4D035
:10909000F3E72046F2F7D1FA002E14BF1123212363
:1090A0009842AAD02046F2F781FB0028A5D120469D
:1090B000F2F78CFB80F00100C5B29EE706AF2146B7
:1090C000384608AEF2F771FF21463046F2F798FFB6
:1090D0002046F3F7EDF982462046F3F7F3F90190C5
:1090E0002046F2F7FDFC002887D150460199FFF792
:1090F00025FF002881D00AAC204609F015FB94E832
:109100000C0096E803000BF0EAFF00283FF475AF6F
:1091100097E80C0099E803000BF0E1FF00283FF40A
:109120006CAF96E80C0098E803000BF0D8FF00281D
:1091300018BF054661E700BF70B50546E7F7FCF9C3
:1091400004462846F2F768FD0646FFF755FE28B9A3
:1091500014B16EB9002000E0012070BD2846F3F77D
:10916000DBFA18B984F00100C0B2F6E7002CF0D1A8
:10917000012E13D12846F2F760FA002C14BF2123E8
:1091800011239842E6D02846F2F710FB0028E1D1DF
:109190002846F2F71BFB80F00100E5E7022EDBD149
:1091A0002846BDE87040FFF7D6BE38B50446E7F75D
:1091B000C3F908B9012038BD2046F2F72DFD022879
:1091C000F8D12046F2F792FFB0B12046F3F70BF842
:1091D000B8B92046F3F76CF905462046F3F772F963
:1091E00001462846FFF7AAFE58B12046F2F778FC60
:1091F00080F00100C0B2DEE72046F2F78BFF0028C6
:10920000E3D10020D7E710B50446F2F705FD0228A8
:109210000CD1E7F791F920B12046BDE81040FFF7E7
:109220009ABE2046F3F778FA0028F5D1012010BD48
:10923000002380F8473001207047002380F8473032
:10924000012070470021074A074B11611961074946
:109250005961516106490868496890619861D16116
:10926000D961704798680020C868002042BA6AA592
:10927000D867002010B5044630B9724640F2EB21A1
:109280004BF6F000DFF7C2FA2268074B07481A6175
:10929000626807495A61A26802608A619A61E2685D
:1092A0004260CA61DA6110BDC8680020D86700203A
:1092B0009868002070B5002416460F4B88B01B78C4
:1092C00000900E4803EB8305CDE9011404AA0C4974
:1092D00000EB0510052308F00CFF0522314604A819
:1092E0000BF01CFF30B12046064A136801331360AF
:1092F00008B070BD0120FBE78C680020EC670020FF
:10930000D8670020E067002073B56D460446284604
:1093100009F00AFA95E8030000230B4E0B4A86E891
:10932000030013700A490B4A1360D4E90032C1E903
:1093300000230949C1E900230849C1E9002302B01B
:10934000BDE87040FFF77EBFE46700208C68002016
:1093500090680020E0670020D8670020D0670020D8
:10936000012938B505460C4606D9724640F233113C
:109370004BF6F000DFF74AFA5020044B294600FB79
:109380000430BDE8384008F057BF00BFEC6700204C
:1093900000230360024B1A68024B5340436070473E
:1093A000E467002042BA6AA510B5044630B9724697
:1093B0004FF4C8714BF6F000DFF728FA044B1A6936
:1093C00022605A6962609A69DB69A260E36010BD3D
:1093D000C86800202DE9F347858C044690F82C00DE
:1093E00000F028FAA38C2D1AADB2AB4240F2BA803D
:1093F000002D00F0B38094F82C50022D44D8002D9D
:1094000047D0A06AFFF736FFE18D606900F010FADF
:109410008246E18DA06900F00BFA2369BAF80110C9
:10942000514DD4F800C041EA03411B02A68C2961CA
:10943000E28D4E4903F07F4383EA0C0359403244E6
:109440008146A069571F6961616900EB07080BF04D
:1094500075FE002309F1030928464A464946009350
:10946000F31E08F0B0FE42463946A069FFF722FF1E
:10947000054628B14946A069A6F108020BF06BFE2B
:10948000A06AFFF791FF62E0033D012D11D901258C
:109490005DE0E18D606900F0CBF906462846A78CB7
:1094A00000F0C8F9381A82B2711CA0690BF046FEB0
:1094B000EDE7E18D606900F0BBF90746E18DA06939
:1094C00000F0B6F9D7F80110D7F80520284B8146EF
:1094D000C3E90012A68CB4F82EA0A569FFF7B2FE6E
:1094E0002369226819041B0203F07F4353401F4A7B
:1094F0001D4F5A40B24439617A61D4E90510524691
:109500000BF01CFE0023AAF1050809F109094A46DF
:109510004946384645440093A6F1090308F053FE36
:109520002A464146A069FFF7C5FE054678B149467F
:10953000A069A6F10E020BF00EFE94F82C30042B5D
:1095400005D1A66A1EB1FFF7F3FC864298D194F8C4
:109550002C0000F06FF9A38C181AA084284602B0E2
:10956000BDE8F0870025F9E79868002042BA6AA5AF
:10957000D867002040F2B1400549D1E900321B18FC
:1095800042F10002C1E900320249C1E900327047EC
:10959000D06700209068002040F2B141D0E902324B
:1095A0005B1842F10002C0E9023270470649D1E976
:1095B0000032013342F10002C1E900320349C1E93E
:1095C0000032FFF73FBE00BF90680020D867002040
:1095D0002DE9F043037F0446022B85B046D8002BCB
:1095E00049D08069FFF746FEA18A606A00F020F941
:1095F000514E524B326919682369278DB4F8148093
:10960000656AA0F8012092B242EA03421B0232616D
:1096100003F07F434A4A4B405A4000F10309216A54
:10962000726148463A460BF089FDB844454B08F153
:1096300003081878454400232A46434D00EB800078
:1096400005EB00100125CDE90183636A3F490093D2
:10965000052308F04EFD30464A46494600957B1DDD
:1096600008F0B1FDA069FFF79FFE0EE0033B012B60
:1096700015D9002509E0818A406A00F0D9F8228DC9
:10968000216A01300BF05AFD0125207F00F0D2F84D
:10969000238D18442085284605B0BDE8F083818AD3
:1096A000406A00F0C5F88146278DB4F81480656AD9
:1096B000FFF77CFF264B204E1A685B68C9F8012033
:1096C000C9F805301D4B09F109091A682369484694
:1096D00019041B0203F07F435340194A31615A4079
:1096E000216A7261228D0BF029FDB844154B08F1F7
:1096F00009081878454400232A46134D00EB8000E2
:1097000005EB00100125CDE90183636A0F49009341
:10971000052308F0EEFC7B1D4A464946304600957D
:1097200008F051FD237F042BAFD1A369002BACD0EF
:10973000FFF7FEFB97E700BFC8680020E467002042
:1097400042BA6AA58C680020EC670020D867002028
:1097500090680020014B1870704700BF8C68002093
:10976000F0B5104C03460246264600F11007254688
:1097700010685168083203C5BA422C46F7D10A4A2C
:109780001546144618685968083303C4BB4222467C
:10979000F7D1B2680549AB680A440B44B260AB60CC
:1097A000F0BD00BF98680020C868002042BA6AA5D2
:1097B00013B500240346006B224604700F211B7F63
:1097C0000190FBF764FC23460622C021019802B0F9
:1097D000BDE81040FBF75BBC062210B5C021044673
:1097E000FBF76BFC024640B90F212046FBF765FCF6
:1097F000052828BF0520C0B210BD0520FCE710B524
:1098000090F82A300446012B05D9724637214DF2D3
:10981000CC10DEF7FBFF94F82A30206B0422BDE861
:1098200010403021FBF733BC04223021FBF745BC4C
:1098300008447047022804D800280CBF01200820E3
:1098400070470338012894BF0E200120704707B5E8
:109850000BF05EFCEEF7DDFE09F0DAFA0AF0E8FD47
:10986000E2F7E8FCDFF72AFADFF748FA052894BFA9
:1098700020303838C0B2EEF709FADFF775F801F09A
:1098800011F8E2F727FDFFF769FA684608F04CFF88
:109890000098FBF785FC09F0F5FE00F07FFFE7F785
:1098A0004FFDECF7A9FAFCF7E9F80BF0E1FBEEF756
:1098B000E5FAEAF7D3FA03B05DF804EB0BF020BC4D
:1098C00007B50020FCF764F80DF1070009F092FCE1
:1098D00008F04AFF042805D008F046FF022801D00E
:1098E00008F0EBFF08F0EFFF08F030FFE4F7FAF9BB
:1098F00003B05DF804EBE2F7C7B808B509F0BAFBAE
:10990000E4F7FAF9BDE80840E4F7CCBC13B50C461F
:1099100001900092FFF7F1FFDEF7D0FE0120019BDE
:109920000099A2B202B0BDE81040DEF777BE000099
:10993000034B00201A68136823F00103136070477B
:10994000F868002010B5044C206818B1E1F742FD1A
:109950000023236010BD00BFF8680020F8B50C4656
:1099600057782378BE1CB3420546114610D33246C1
:1099700000680BF0E3FB012029680B7863F07F039C
:109980000B70314429602378023BDB1B2370F8BD48
:109990000020FCE7114BF7B51B68141D03F12405EB
:1099A00002F1140654F8047BB44245F8047BF9D163
:1099B0001C6844F010041C6013788DF804300223F6
:1099C0008DF805309378D27843EA022301AAADF8E6
:1099D0000630FFF7C3FF012003B0F0BDF868002098
:1099E000114BF7B51B68141D1D1D02F1140654F828
:1099F000047BB44245F8047BF9D11C6844F00404AC
:109A00001C6013788DF8043002238DF805309378AC
:109A1000D27843EA022301AAADF80630FFF79EFF91
:109A2000012003B0F0BD00BFF8680020114BF7B56E
:109A30001B68141D03F1140502F1140654F8047B8D
:109A4000B44245F8047BF9D11C6844F008041C605A
:109A500013788DF8043002238DF805309378D2788E
:109A600043EA022301AAADF80630FFF777FF012091
:109A700003B0F0BDF868002008B509F079FC18B112
:109A8000E6F760FD002008BDF820FCE730B555780A
:109A90000B781446AA1C9A4287B01FD809F068FCBC
:109AA000F0B1D4F802300E3D0093D4F80630684689
:109AB0000193A37AEDB28DF80830E37A10348DF873
:109AC000093054F8043C049403930595E6F746FDE9
:109AD000002814BF0020FD2007B030BDFC20FBE7AC
:109AE000F820F9E71FB50023CDF80A3013780446B3
:109AF0008DF80830042301918DF8093008F0C0FA80
:109B000098B1C27801998DF80A2082788DF80B20DF
:109B100042788DF80C20037802AA20468DF80D308B
:109B2000FFF71CFF012004B010BDFF20FBE710B5BC
:109B30000446FCF7BBF908B9002010BD2046FCF72D
:109B400013F80028F8D0FCF7D5F9031B5842584108
:109B5000F3E7000010B50121901C0BF0ADFAC4B280
:109B60002046FFF7E4FF48B10020054B1B681A6848
:109B700083F8584042F480421A6010BDFD20FCE793
:109B8000F868002070B5164690B004460D463122A4
:109B9000002103A80BF0F9FA33788DF80C302F234D
:109BA0008DF80D30FCF796F9042201460DF10E00F8
:109BB0000BF08DFAFCF7B0F9022201460DF112000C
:109BC0000BF085FAFCF796F98DF81400FCF7EEF926
:109BD0008DF81500FCF7B2F98DF8160001A808F011
:109BE000A5FF9DF80830BDF806108DF835309DF8BA
:109BF000043002220DF137008DF836300BF067FA91
:109C0000FCF790F8022201460DF139000BF05FFAE3
:109C1000FCF79EF8022201460DF13B000BF057FACB
:109C20000020FBF7D3FE042201460DF117000BF0D4
:109C30004EFA0020FBF7D4FE022201460DF11B0074
:109C40000BF045FA0020FBF7D6FE8DF81D00002032
:109C5000FBF7DCFE042201460DF11E000BF037FA83
:109C60000020FBF795FEC0F30723C0F30742C0F3C3
:109C700007618DF8250001208DF824308DF8221021
:109C80008DF82320FBF7A2FE042201460DF12600E9
:109C90000BF01DFA0120FBF7A3FE022201460DF195
:109CA0002A000BF014FA0120FBF7A5FE8DF82C001A
:109CB0000120FBF7ABFE042201460DF12D000BF055
:109CC00006FA0120FBF764FEC0F30742C0F3076108
:109CD000C0F307238DF831108DF832208DF8340051
:109CE0002946204603AA8DF83330FFF737FE0120BE
:109CF00010B070BD08B509F0F9FA042814BFF920B6
:109D0000FD2008BD1FB5684609F002F9042814BFFC
:109D1000F920FD2005B05DF804FB1FB5684609F089
:109D2000C5F8042814BFF920FD2005B05DF804FB38
:109D300010B50121101D0BF0BFF9C4B2204609F087
:109D400071FA48B10020054B1B681A6883F8564029
:109D500042F480521A6010BDFD20FCE7F868002034
:109D600007B50321101D0BF0A7F9019001A809F018
:109D70005FFA58B10020064B019A1B689A641A6872
:109D800042F400621A6003B05DF804FBFD20FAE7BC
:109D9000F8680020042110B550180BF08DF9044626
:109DA00008F02CFD40B10020044B1B681A685C646D
:109DB00042F040021A6010BDFD20FCE7F868002068
:109DC00013B50221101D14460BF076F90221ADF8EF
:109DD0000400A01D0BF070F9ADF8060001A809F011
:109DE00005F948B9054B019A1B681A651A6842F4CF
:109DF00000721A6002B010BDFD20FBE7F868002079
:109E000010B50024064B07481C60FBF7BAF8064B58
:109E100021461888E1F7C0F8BDE81040FBF7AABF5B
:109E2000FC680020046900200069002008B5FFF7E5
:109E3000E7FFFFF787FD002008BD00002DE9F7438D
:109E400092F80190074688461546B9F1000F2AD1CD
:109E5000444B1C68ACB1246814F0020411D0424B8E
:109E60001C68DEF78FF9414B201A984298BF404E8C
:109E7000404B98BFB0FBF6F91868FBF792F84844DE
:109E800084B202222B780DEB020021468DF80030BF
:109E90008DF801200BF01BF96A4641463846FFF762
:109EA0005DFD012024E0B9F1020F54D12D4E33683D
:109EB000002B52D01B68DA074FD44946A81C0BF080
:109EC000FBF81FFA80F909F011FA05280BD0B9F157
:109ED000000F16D1FFF794FF32684846136823F04D
:109EE0000203136004E0306803689B0603D4F82083
:109EF00003B0BDE8F083343009F01CFA0028E6D145
:109F0000F5E747F6F572A9F10A039BB2934226D80A
:109F1000FBF756F912240346B0FBF4F047F6FF7145
:109F200000FB143459FA84F4A4B28C4228BF0C46C6
:109F300000220D4B21460F481A60FBF741F80E4BEB
:109F40001888E1F7EFF8FBF715FF3268136843F064
:109F50000203136095E7FE20CAE7FB20C8E7FD2057
:109F6000C6E700BFF8680020FC680020BF05D901E3
:109F700040420F0004690020006900205C2008B501
:109F8000E1F722FB044A106020B15C2200210BF0B3
:109F9000FCF8012008BD00BFF86800202DE9F3415E
:109FA000951C074628468846164609F0C3F960B353
:109FB000184C23681BB31B689B0728D422681346E0
:109FC000146844F0010143F8341B05F1100155F801
:109FD000040B8D4243F8040BF9D144F021041460C2
:109FE000337841468DF804300023384601AA8DF8B5
:109FF0000530FFF7B3FC012002B0BDE8F081FFF7A8
:10A00000BDFF0028DAD1FD20F6E7F820F4E7FB20B9
:10A01000F2E700BFF868002010B509F067F90528DD
:10A0200012D00B4C23684BB11B689B070ED4002049
:10A030002268136843F00103136010BDFFF79EFF11
:10A040000028F4D1FD20F8E7F820F6E7FB20F4E73C
:10A05000F86800202DE9F347DEF794F8DFF8B881BF
:10A06000DFF8A491C8F80000D9F80000FAF7CAFF99
:10A070000746002800F0B980D9F80000FAF791FFF0
:10A080000646002840F0AA805D4D2B68002B00F0AA
:10A0900085801C68610406D593F85800FFF747FDDA
:10A0A00008B924F4804414F0010A77D1A20775D5C9
:10A0B000A30653D447F64C0323405CD11F466006E9
:10A0C00003D52B68586C08F067FB210505D52B6874
:10A0D00001A89B6C019309F03DF8E20404D52B68BC
:10A0E00093F8560009F070F8A30404D52B6893F890
:10A0F000570008F08BFB600703D52868043008F090
:10A10000EFFE210703D52868143008F0B7FEA2053A
:10A1100003D52868503008F085FF630504D52B6807
:10A12000B3F8540008F0A6FCE00503D52B68D86C02
:10A1300009F092F8E10621D52B6803F134021146AB
:10A14000243353F8040B934241F8040BF9D144F043
:10A1500020042868343009F099F811E009F0C6F8B5
:10A160000528A7D12868343009F090F80028A1D03C
:10A1700054465746A3E708F07DFFA0E7A206E8D4BF
:10A18000630401D5FBF774FF37B140F2D44148F6C0
:10A190003A701C4AFFF7BAFBFFF7D4FB1A48FAF7EC
:10A1A000F0FEFBF7E7FDD9F80000FAF72BFF174B9D
:10A1B0000146E0B11E2ED8F8002095BF1448154E78
:10A1C00000FB0626B61801211888C8F80060E0F7E1
:10A1D000E3FED8F8000002B0BDE8F0871E28E2D800
:10A1E00000214846FAF7ECFEDDE70646DBE7188873
:10A1F000E0F7D2FE4FF0FF33C8F80030E9E700BFC8
:10A20000F86800201F61030804690020006900202D
:10A2100040420F0080C3C901FC68002008B5537894
:10A22000102B06D8FFF79AFB002814BF0120FC2052
:10A2300008BDFE20FCE773B505460E46144609F03E
:10A2400097F8A8B1E6F7D4F823780124014622460E
:10A250000DF102008DF800308DF801400AF037FF53
:10A260006A4631462846FFF779FB204602B070BDAA
:10A27000F820FBE770B504460D4686B09DF82C60CB
:10A280008DF80420B21C19468DF805200DF106004A
:10A2900002220AF01CFF0A9B3246196802A80AF043
:10A2A00016FF2946204601AAFFF758FB06B070BDED
:10A2B000F0B553780546023B5BB2022B0E461446BE
:10A2C00085B011D10121501D0AF0F6FE0023C7B25E
:10A2D000FF2F8DF80B300DD00DF10B0008F0C4FAF4
:10A2E00040B1FD2005B0F0BD012B36D10023FF2782
:10A2F0008DF80B30201D01210AF0DEFE04469DF88A
:10A300000B00E4B244403C4084EA0007384608F0C1
:10A31000CDFA0028E5D008F027FA07F00F035A1EFF
:10A320005342A0F104015341484248418342D8D1ED
:10A3300001240B4B28461B6831461A6883F8577076
:10A3400042F400521A6003AB00930D2204230194DF
:10A350000397FFF78FFF2046C4E7FE20C2E700BF48
:10A36000F8680020F0B5054685B00E46101D0221A4
:10A370000AF0A2FE87B2384608F094FBA8B10C4B55
:10A3800028461B6831461A68A3F8547042F480626C
:10A390001A600223019303AB00930D221423039749
:10A3A000FFF768FF012005B0F0BDFD20FBE700BF0F
:10A3B000F8680020F0B553780546023B5BB2082BE5
:10A3C0000E46174685B02AD1042102F108000AF092
:10A3D00073FE044602A808F051FF042178180AF021
:10A3E0006BFE029A82EA00031C405440204608F0AB
:10A3F00099FFD8B10E4B28461B6831461A68DC64B9
:10A4000042F480721A600423019303AB00930D227F
:10A4100016230394FFF72EFF012005B0F0BD042B97
:10A4200002D14FF0FF34D5E7FE20F6E7FD20F4E738
:10A43000F868002010B586B0044604A8039108F01F
:10A4400087FD70B9049B204605930423019305AB57
:10A4500000930C2209230399FFF70CFF012006B09B
:10A4600010BDFD20FBE730B587B005AD044628469A
:10A47000039108F0B1F958B904232046CDE90053FF
:10A480000E2201230399FFF7F5FE012007B030BD2E
:10A49000FD20FBE710B586B00446039108F04EF9A5
:10A4A0000323019305AB05900093204602230E225F
:10A4B0000399FFF7DFFE012006B010BD30B504465A
:10A4C000012587B00DF11300039108F093FE9DF86C
:10A4D00013302046059305AB00930E220323039906
:10A4E0000195FFF7C7FE284607B030BD30B587B0ED
:10A4F00005460DF11300039108F0B6F978B901246F
:10A500009DF813302846059305AB00930E220423D3
:10A5100003990194FFF7AEFE204607B030BDFD2041
:10A52000FBE710B586B004460DF11200039108F068
:10A530007FFA78B9BDF812302046059302230193C3
:10A5400005AB00930E2214230399FFF793FE01201D
:10A5500006B010BDFD20FBE730B587B005AD044661
:10A560002846039108F08AFE04232046CDE90053D3
:10A570000E2216230399FFF77DFE012007B030BDA0
:10A580002DE9F04F44688046FF2CA9B000F2D4803A
:10A5900090F82C3007680293C369E4B25A1C22D0A9
:10A5A00003F07F43B3F1004318BF012300930EABC8
:10A5B000059366234FF00C0A8DF81330002C00F041
:10A5C0009780012C97F800900FD1FE238DF8194049
:10A5D0008DF818308DF81A9006AA0DF1130105A810
:10A5E000FFF7BCF984E00023E0E77D78AB1CA342D1
:10A5F000039300F2C480A9F10B03032B35D8012D7E
:10A6000040F2BD80022178180AF056FDA5F1020B38
:10A610005FFA8BF386B201935D484FF0000B014661
:10A620001FFA89FCB0F804E0E64503D1B0F806E073
:10A63000B6451DD00BF1010BBBF1200F00F10C0052
:10A64000F0D1FF2001238DF818008DF819308DF816
:10A650001A90002EC0D00323022231460DF11B00B8
:10A660008DF819300AF033FDB6E700260195D3E7DF
:10A67000B9F10C0F67D1802008F042FE444908B9B7
:10A68000F820DFE70AFB0B1090F90800431C60D1AB
:10A690000AFB0B1090F909C0BCF1FF3F09D0002E56
:10A6A00014BF0420022060449DF813C040B26045EE
:10A6B00067DC0AFB0B11897AC80706D5354B186889
:10A6C000002860D00068C2075DD58B0702D5009BCB
:10A6D000002B5AD00AFB0BF32D49CB58002B3DD150
:10A6E0003A460DF1130105A8FFF738F900283FD1CC
:10A6F0009DF81330C3F1660313F0FF041CD01C2235
:10A7000000210DEB02000AF040FD0EAB224A069339
:10A7100008AB92E80300ADF81C4083E80300029BFD
:10A7200006A88DF82830F0238DF8293040F2FF2359
:10A73000ADF82A3009F086FBD8F8080029B0BDE84A
:10A74000F04FE0F747BEB9F10E0F9BD14FF4007008
:10A7500092E7019B83429BD0FE2073E73A460DF1BE
:10A76000130105A898470028BAD001287FF46AAFE2
:10A77000039BC5F1FE052C441F44E4B21EE70026EE
:10A78000EAE7FC205EE7FB205CE7FA205AE700BF1F
:10A7900030610308F868002054A4030810B586B09F
:10A7A0000AF0B0FCF8B10024104B11481C60114BAA
:10A7B0001C60FAF7E6FB1422214601A80AF0E5FC2A
:10A7C0000D4B684600931A238DF804300B4B02930F
:10A7D00064230493E0F754FB094BF0211880094AE5
:10A7E000FF2009F087FA06B010BD00BFF86800200E
:10A7F00004690020FC6800201461030855A00208C9
:10A800000069002081A50208662330B5A7B00025A5
:10A810008DF8073019230CAC02AA0DF1070103A82B
:10A820008DF8083003948DF80950FFF7ABF92946ED
:10A830001C2205A80AF0A9FC9DF807300B4AC3F1B9
:10A840006603DBB2ADF8143006AB92E8030083E890
:10A850000300F0238DF8213040F2FF2304A8049474
:10A86000ADF8223009F0EEFA27B030BD54A4030849
:10A8700010B504460078DEF7BDF92070BDE8104041
:10A88000DDF780BC07B5019000F0EAFB019800F00D
:10A890002FFC0022024B9A8103B05DF804FB00BF3D
:10A8A000B024002030B500240F4D85B02B1D03933C
:10A8B000CDE90144AC70E4F725F95C222146284635
:10A8C0000AF063FC2046FFF7DDFF01A800F08CFCD6
:10A8D0002870E4F74BF8204600F090FB01236C70E1
:10A8E0006B7505B030BD00BFB0240020012337B523
:10A8F00005461B4C0DF107008DF80730FFF7B8FF38
:10A9000000F0AEFB2379A5815BB100F0EBFBA389DE
:10A9100098B1A068A37300F0E4FB2061207B00F0F5
:10A92000EDFB002000F034FD9DF80740DDF72AFC28
:10A930002046DEF75FF903B030BD2BB972466221C5
:10A940004BF61100DDF762FFA3890C2B05D9724687
:10A9500063214BF61100DDF759FFA389013BD8E7CE
:10A96000B02400200623F0B58FB007460DF1070094
:10A970000C468DF80730FFF77BFF3022002102A83C
:10A980000AF003FC01238DF8283000F0A6FBADF897
:10A990002200214800F09FFB0B94099000F060FB1F
:10A9A00072B61E4EDFF878C033680CF12C04013308
:10A9B00002AD33600FCD0FC40FCD0FC495E80F006B
:10A9C00084E80F00DCF818302BB172469C214BF65E
:10A9D0001100DDF71BFF2FB972469D214BF61100C8
:10A9E000DDF714FF3846E4F707F902A800F03CFD54
:10A9F000052000F003FB00F06DFD3368013B336080
:10AA0000336803B962B69DF80740DDF7BBFB20460B
:10AA1000DEF7F0F80FB0F0BDE4230020341B002077
:10AA2000B0240020072313B50DEB03008DF8073089
:10AA3000FFF71EFFE4F7A2F800F012FB72B60E4C0F
:10AA400023680133236000F05FFC022000F0D6FA97
:10AA5000E0F72CFF0020E4F7CFF82368013B2360E8
:10AA6000236803B962B69DF80740DDF78BFB2046EB
:10AA7000DEF7C0F802B010BD341B0020032330B550
:10AA800004468BB00DEB03008DF80330FFF7F0FEAA
:10AA900000F0E6FA082000F0B1FA2022002102A816
:10AAA0000AF073FB3A4B3B490193638B02AAADF862
:10AAB0000830E36820460393237F8DF81030236825
:10AAC000059323690693237D8DF81C3000F0F5FA79
:10AAD0000390092000F092FA01A800F089FC0546D5
:10AAE00008B3069A9DF8103082B333B9724640F22B
:10AAF00069114BF61100DDF789FE072000F07EFAA0
:10AB00009DF91C10069809F0A5FD03B29DF91C20C3
:10AB10006375C3F30723A3755BB2934231DC09204D
:10AB200000F06CFAA84700F095FC70B3052400F023
:10AB3000EBFB022000F062FA9DF80350DDF722FBE8
:10AB40002846DEF757F820460BB030BD53B1059BC1
:10AB5000002BE7D0724640F27D114BF61100DDF775
:10AB600055FEDFE709F0ECFD059B181A0590E0F7AC
:10AB700083FE28460599E0F757FE20B1E0F76CFE0A
:10AB8000D1E70224D3E70124D1E70446D4E700BF8C
:10AB9000B4240020E423002008B509F0E5FDC83006
:10ABA00008BD000070B50523044690B00DF1020009
:10ABB0008DF80230FFF75CFEA389FF2B05D97246A2
:10ABC000CA214BF61100DDF721FEA38930220021B6
:10ABD00004A88DF803300AF0D8FA4B4800F07BFA4D
:10ABE0000B9000F07AFAADF82A0000F039FA04A8C8
:10ABF00000F03AFC237C43B3032000F0FFF900F09F
:10AC000069FCDDF7B9FA2060062000F075FC002829
:10AC100073D109F09AFD636818446060E3F7C2FFDE
:10AC200030BBA57B15F001055ED1012500F06CFB62
:10AC3000022000F0E3F99DF80240DDF7A3FA204678
:10AC4000DDF7D8FF284610B070BD09F07EFD2368FF
:10AC5000181A2060E0F710FE21682C48E0F7E4FDA8
:10AC6000002848D0032000F0C9F9E0F7F5FDCBE754
:10AC70009DF80300FFF790FF636864331844606039
:10AC8000E3F798FF00283AD0032000F035FC08B124
:10AC90000325CBE7052000F02FFC064688BB1A48A9
:10ACA0000DF1030100F0FEF99DF80330CDE90166D6
:10ACB0008DF80930A36805460F3301A8039300F00F
:10ACC0003BFC0028E4D1A3689DF80320012D9A7372
:10ACD0000F4A9168928959601A739DF808205A7337
:10ACE000019A9A60A2D19CE7072000F087F900F052
:10ACF00083FCE0739AE7042598E7062596E702258A
:10AD000094E7052592E700BFE4230020D5B40208AC
:10AD1000B024002000F062B930B5092305460C4686
:10AD200085B00DF107008DF80730FFF7A1FD28462B
:10AD3000FFF7DCFD072000F061F90021204609F053
:10AD400089FCADF80800022000F058F99DF8074092
:10AD5000DDF718FA2046DDF74DFF0020BDF808307A
:10AD6000DAB262F30700C3F3072363F30F2005B0E1
:10AD700030BD000010B5044600F072F92068054CA3
:10AD8000A06000F0AEF920610120BDE8104000F0A5
:10AD9000FFBA00BFB02400200020704782B002AB91
:10ADA00003E9060002B070470846704708B500F096
:10ADB00051F9032803D0052808D0002008BD04203D
:10ADC00000F01CF9E3F7C8FE0120F7E7062000F0C9
:10ADD00015F9F9E7F0B593B0064600F03BF90438F1
:10ADE00006284DD8DFE800F01D4C224C4C040B0027
:10ADF000E3F7F6FE13B0BDE8F040E3F7A1BEE3F7DA
:10AE00009FFE0020E3F7C6FE002839D16C4800F011
:10AE10002BFB052000F0F2F813B0BDE8F04000F085
:10AE200059BB13B0BDE8F040E3F7AEBE46B3B9235B
:10AE30008DF803303378634C0433DBB2012B40F2DE
:10AE40009A80614D0DF10301284600F02BF9072887
:10AE5000074617D1E36973B1EB7909358DF82430D2
:10AE600015F8013C09A88DF82530337A0A958DF83C
:10AE70002630E3699847052000F0C0F800F02AFB6F
:10AE800013B0F0BD002877D1284600F028F99DF8CE
:10AE900003300746AB73337A6B737368AB60A36898
:10AEA0006B60A389FF2B05D972463D2144F60E4005
:10AEB000DDF7ACFCA38900222B734348A36901A9E9
:10AEC00098470128D7D0002874D00228D8D13F4A0B
:10AED0003F4B404803FB0723B3FBF0F30199726833
:10AEE0000A4413440193BDF81E30B92B05D97246AC
:10AEF000622144F60E40DDF789FC9DF91C002075A7
:10AF0000E3F790FD00F05CFA2F490DF1030201A870
:10AF100000F0D3F82422044600210DEB02000AF0D1
:10AF200034F99DF803300A20ADF828309DF8203020
:10AF30000B948DF83030019B0D9300F05FF809A859
:10AF400000F056FA044600289AD009F0F9FB019B5C
:10AF5000181A0190E0F790FC20460199E0F764FC94
:10AF600000288DD1A0471C4B1A68092A94BF0A22D9
:10AF70001A681A6084E70327236D012B7FF47BAFE7
:10AF80000023114DAB73337A6B737368AB60A368A6
:10AF90006B60A389FF2B05D97246522144F60E40FF
:10AFA000DDF734FCA3893A462B730021A3690648D8
:10AFB000984760E700F0A8F9022000F01FF85FE76B
:10AFC000DC240020B0240020E423002000C63E053D
:10AFD00000127A00A086010008690020014B186861
:10AFE000704700BF0869002008B5E3F7AFFDE3F73D
:10AFF000B9FDBDE80840E3F7BBBD000008B5144B40
:10B0000018701B780A2B22D8DFE803F0060C0F1704
:10B010001D171D17131A1A00E3F7DCFDBDE80840E1
:10B02000FFF7E2BFE3F7D9FDF8E7E3F7D9FDFFF754
:10B03000DBFFBDE80840E3F77DBDE3F7D4FDEDE7B6
:10B04000E3F7D4FDF5E7BDE80840E3F78BBD08BDA5
:10B050000C690020014B1878704700BF0C69002074
:10B0600008B50F4B1A78072AD3B218D9083B022B20
:10B0700012D800F09FFB0069E3F7A4FD28B97246DF
:10B0800063214AF25A60DDF7C1FB00F03DF9BDE8EB
:10B0900008400220FFF7B2BF72466721F1E708BD02
:10B0A0000C690020837B0A789A4204D3B92B02D81A
:10B0B00000200B7070470520704710B50C46837E4A
:10B0C0008B731370428BC16804F10F000AF036F8DD
:10B0D00004F10E0010BD0E307047BA207047807B1F
:10B0E00070477047014B1878704700BF0D6900200A
:10B0F000014B1870704700BF0D69002008B5084B60
:10B100001B785BB9252894BF00200120054B1870DF
:10B11000FFF7E3FFBDE8084000F076BA0020F5E74E
:10B120000D6900200E690020024B012203211868DE
:10B1300000F042BC3C6A0020002310B5054A0648D6
:10B14000D169064C1A46C97A0068237000F072FC77
:10B15000207010BD406A00203C6A00201169002068
:10B1600008B50E4B0121186800F082FC10F5007F35
:10B1700012D00B4B0028DB69B8BF033093F91230B3
:10B18000C3EBA0006FF07E0300B200EAE0709842CB
:10B19000B8BF184640B208BD7F20FCE73C6A0020DB
:10B1A000406A0020002310B50C4C236010B10C4BFA
:10B1B0001860804700F002FB01210A4800F036FFCA
:10B1C00000F0FEFA206038B97246BDE81040F72161
:10B1D0004AF2FC70DDF71ABB10BD00BF3C6A0020CC
:10B1E000206900201469002073B53F4E054633786E
:10B1F0003E4C33B96FF00901206800F06AFF01236B
:10B200003370AB6833B972464FF486714AF2FC7002
:10B21000DDF7FCFAAB68364EF361364B1B68984796
:10B22000FFF782FF4FF0AA4222232068CDE90023D6
:10B2300000F03EFF28B1724669214AF2FC70DDF74A
:10B24000E5FA2D49206800F01BFF28B172466B21FA
:10B250004AF2FC70DDF7DAFA4FF4807300222749D6
:10B26000206800F09CFF0023254A2068CDE90023D8
:10B2700000F01EFF28B172467B214AF2FC70DDF718
:10B28000C5FA02222068114600F014FF28B1724668
:10B2900082214AF2FC70DDF7B9FA1749206800F004
:10B2A00005FF28B1724684214AF2FC70DDF7AEFA40
:10B2B0000122144B1A7000F089FA0D49206800F041
:10B2C0007DFC30B1724640F21D114AF2FC70DDF790
:10B2D0009DFAFFF729FF4FF40070DFF75FF90120B7
:10B2E000F369D87202B070BD0F6900203C6A00207B
:10B2F000406A002020690020B06203082469002011
:10B30000488D01005B18002038B5164CFFF70CFF84
:10B31000237893B1144B154D1B6898472B6F03F09E
:10B320000703032B02D10023237038BD7246B821D6
:10B330004AF2FC70DDF76AFAF0E70D4C0D4920681F
:10B3400000F0B4FE30B1724640F241114AF2FC7096
:10B35000DDF75CFA20680122BDE83840002100F0EA
:10B3600028BF00BF5B18002020690020008000403B
:10B370003C6A0020B062030808B54FF40070DFF7A4
:10B380000DF90122014B1A7008BD00BF5B180020A7
:10B3900008B500F05BFA30B1724640F257114AF23C
:10B3A000FC70DDF733FA044BDB69D97A034B18687C
:10B3B000BDE8084000F02ABE406A00203C6A002038
:10B3C000024BC1B2186800F086BE00BF3C6A002084
:10B3D00007B503788DF800304388ADF802308388D4
:10B3E0006846ADF8043000F04BFA03B05DF804FB9A
:10B3F00038B583880446B92B06D9724640F27311DA
:10B400004AF2FC70DDF702FA00220E4B0E4D1A7064
:10B41000EB690E485A7CA388A1681A4492B20123B2
:10B42000006800F0BAFEEB69A2885B7C1344984286
:10B4300006D072464FF4C0714AF2FC70DDF7E6F9AF
:10B44000034838BD606A0020406A00203C6A002042
:10B4500039B10208034B1878003818BF0120404268
:10B46000704700BF1169002037B5154D0446012211
:10B470000021286800F09DFE0022124B94F8240061
:10B480001A7094F82020104B1A70104B628B5A805F
:10B49000E2695A6000F08CF900230D4A2868CDE972
:10B4A000002300F005FE48B172464FF4D1714AF214
:10B4B000FC7003B0BDE83040DDF7A8B903B030BD83
:10B4C0003C6A002010690020606A0020746A002035
:10B4D000488D010008B5054B0022DB69D97A044B81
:10B4E000186800F0B5FA034B187008BD406A0020D8
:10B4F0003C6A002010690020062811D005D80328D6
:10B5000007D0052809D0002070470F28FBD1074B32
:10B5100007E0074B5879C0B27047054B1879FAE736
:10B52000044B1878003818BF0120704711690020BB
:10B530007C6A00201069002010B5114B9B7A0371C2
:10B54000104B1B680360104B5A7982B91B798BB979
:10B550000E4B1B788BB90E4B1B7803F0FF0463B9BD
:10B5600042790C49806809F0E9FD204610BD6FF072
:10B570000200FBE76FF00300F8E74FF0FF30F5E75C
:10B58000646A0020386A00207C6A0020116900206B
:10B5900010690020F323002013B5134C13492068D1
:10B5A00000F084FD30B1724640F207214AF2FC708F
:10B5B000DDF72CF9002200232068CDE900230023C9
:10B5C0000B4A00F075FD30B1724640F20E214AF28E
:10B5D000FC70DDF71BF9FFF77DFF0121206800F00B
:10B5E00047FA002002B010BD3C6A0020B262030896
:10B5F000488D0100FFF7B4BD08B5FFF7B1FD7F2806
:10B6000008BF6FF07F0008BD704700002DE9F043D0
:10B61000064685B012201D461446DDF7EBFADFF82A
:10B6200088810746D8F80030B34205D07246A4217D
:10B6300045F2F320DDF7EAF8600604F040030ED58A
:10B64000DCF79AFD6FF43D71514B08441860FFF729
:10B65000ADFB384605B0BDE8F043DDF7CBBA4D4849
:10B66000204050EA030200F08A80E40844EA45746E
:10B6700084F00104484D04F001042C712A79474EEE
:10B6800002F0FF04002A73D1DFF8209103214A461B
:10B69000D8F8000000F087FD0128014666D903288C
:10B6A00064D099F80030063B012B5FD83246D8F8B9
:10B6B000000000F07CFD3A4A96F90A30D26992F90E
:10B6C00012209B1A6FF07E0203EAE3739342B8BF25
:10B6D0001346B37230B17246602145F2F320DDF7B4
:10B6E00095F8012499F800202346063A5442544123
:10B6F0002B712B79FBB9F4B9DFF8B090294BB9F86D
:10B7000002105A88914235D85B68D9F8081018465B
:10B71000B9F8042009F012FDD9F80C10034641B124
:10B72000B9F80400B9F80220121A92B2184409F0CC
:10B7300005FD00232B7101220021D8F800006C7157
:10B7400000F037FD2B79BBB96B79002B14BF6FF07C
:10B75000020300238DF804300D4B01A81B680293EF
:10B76000B37A8DF80C30FFF735FB72E70123BFE7A2
:10B770001C46BEE70123DDE76FF00203EAE704F0B1
:10B78000AA4405F0220554EA05033FF462AFEAE754
:10B79000386A0020088D01007C6A0020646A00205D
:10B7A000406A0020746A00203C6A0020246A00205D
:10B7B0007047000000487047B462030870470000FB
:10B7C0000021014800F0D2B85C180020002170B5BB
:10B7D0001B4C1C4DE3692868197000F05DF928B115
:10B7E0007246202144F6C370DDF710F8286800F097
:10B7F000CAFC28B17246232144F6C370DDF706F86F
:10B80000114B00221968286800F0F0FB064628B9A1
:10B810007246282144F6C370DCF7F8FF31462868E9
:10B8200000F0FAF928B17246292144F6C370DCF71A
:10B83000EDFF6423C4E90033C4E9023370BD00BFE7
:10B84000406A00203C6A0020741800201FB50A4B93
:10B85000DB691A89DA7258B1DB6818220293002377
:10B860000393064B01A918688DF8042000F059FCD9
:10B8700005B05DF804FB00BF406A00203C6A002070
:10B8800007B50190012000F04AFC044B01991868AB
:10B8900003B05DF804EB00F031BC00BF3C6A00204F
:10B8A0000020704700207047704700001046044A8F
:10B8B0001368591E033102D80021116018477047E0
:10B8C0007C1800200220704700207047012070473C
:10B8D00000207047034B1868034B002808BF184628
:10B8E000704700BF886A002054680308014800F0D0
:10B8F000ADBC00BF8C6A0020014800F0BABC00BF9C
:10B900008C6A00200021014800F0D5BC8C6A002020
:10B9100013B50A4C0229226005D1094800F096FCB3
:10B92000002002B010BD0A4600930146054B0448B2
:10B9300000F06FFC002818BF0220F2E77C180020FE
:10B940008C6A0020ADB8020808B5064B1B680133AD
:10B9500005D0FFF7D1FF80F00100C0B208BD002084
:10B96000FCE700BF7C18002000207047F8B50D46AA
:10B9700010B900242046F8BD0E4F3E68002EF8D1C5
:10B9800000F0C4F804460028F3D0386000F0F2F864
:10B99000204600F0E4F838B130463E6000F0EAF8A6
:10B9A000204600F0D7F8E4E7002DE3D02046A84772
:10B9B000E0E700BF846A00200846114600F0ECB8BA
:10B9C00010B50446FFF786FF0B4B1B1A584258412F
:10B9D000A04209D0094B1B6843B9094A064B002C09
:10B9E00008BF1346074A1360012010BD01F0FEF99D
:10B9F0000028F2D00020F8E72C680308846A0020B1
:10BA000054680308886A002037B504460193FFF79D
:10BA100061FF45692046AC46019B03B0BDE830405C
:10BA2000604710B50246FFF755FFBDE81040836937
:10BA30001046184710B502F0EDF9044618B9034B4B
:10BA400001215B689847204610BD00BF8C1800207C
:10BA500010B500F031FB044620B90121024B084625
:10BA60005B689847204610BD8C18002001F0C0BFCD
:10BA70004942FFF7FBBF37B504460D464FF480310E
:10BA8000019200F071FB29462046019A03B0BDE8FF
:10BA9000304002F00BBE0000F7B56F460D4B064676
:10BAA0000C4693E8030087E8030002F05BFEFF28E2
:10BAB00005460CD0024639463046FFF7DCFF14B18C
:10BAC0001DB9009B236003B0F0BD019BFAE7012084
:10BAD000F9E700BFE0A4030870470000431E0333EA
:10BAE00006D8044B984228BF1846642838BF642003
:10BAF000704700BF40420F00431E012B03D9031FB4
:10BB0000584258417047012070470000F8B505467B
:10BB1000DEF72EFB07460E4B1E6826B93846DEF7C9
:10BB20002BFB344610E0B46884B1237C9C46DB07D1
:10BB30000CD44CF0010C95E80F0084F810C084E898
:10BB40000F003846DEF718FB2046F8BD3668E4E7FC
:10BB5000801800204FF4CC72002109F016BB10B5FC
:10BB600004460021FFF7A0FE2046BDE8104001F08A
:10BB700059BF000010B5044618B9054B054A1360BB
:10BB800010BD00F00DFFD4F89030002BF6D1F4E793
:10BB9000D9BA02088418002010B50C4600F010FF36
:10BBA0001CB100F073FF0128FBD1BDE81040024B2F
:10BBB000002103205B6818478C18002008B5024656
:10BBC0000868FFF78BFF08604868FFF787FF486049
:10BBD0008868FFF783FF8860C868FFF77FFF0B69FD
:10BBE000C860581C03D00B48834228BF03460B6132
:10BBF0004B69581C03D00748834228BF0346886915
:10BC00004B61FFF76BFFBDE808408861104601F00B
:10BC100057BF00BF40420F0070B500231C25D0F86D
:10BC20008400C4689C4201D1012070BD826805FB7C
:10BC30000322D6898E4202D8128A8A4201D2013367
:10BC4000F0E70020F1E700002DE9F84FD0F8883048
:10BC500080460E4613B1038B8B4274D0D8F884B063
:10BC6000BBF1000F41D0DBF80830002B3DD0DBF8F2
:10BC70000C20D2B3D8F898A0BAF1000F38D04FF00A
:10BC800000094D464F4601E0DBF80830C5EBC5041E
:10BC900003EB8404E3890135B34215D8238AB34208
:10BCA00012D3B4F91220B8F92430934252DD404641
:10BCB00098F8D410DCF732FA98F8153081468342B0
:10BCC000274604D9DBF80C209542DDD337B3002397
:10BCD0003A4640461946D0470020A8F81860C8F8F0
:10BCE000887088F8DD90BDE8F88F0320BDE8F88FF4
:10BCF000D14647F6FF7554465146C4EBC40703EBE3
:10BD00008707FB89B34218D83B8AB34215D3B7F9EA
:10BD10001220AA4204D14FF0FF09DDE70120E2E73B
:10BD2000404698F8D410DCF7F9F998F815308146B8
:10BD30008342D1D93946DBF80C200134A24205D91F
:10BD4000DBF80830D9E70020BDE8F88F0029E5D0FE
:10BD50000F46C1E72746BAE72DE9F041D0F89880B1
:10BD600082B004461E460D4617468DF80730B8F1DE
:10BD7000000F2ED000220DF107031146C047D4F862
:10BD80008420194B20461A60184BD4F888201A607A
:10BD9000174B1D6001F0A6F905461FB9284602B0F1
:10BDA000BDE8F081B0FA80F040F20D323321400955
:10BDB00000F00CFA3146204601F092FD05460D4B8D
:10BDC00020461B68D4F888109847284602B0BDE882
:10BDD000F081417D90F8DD303246994228BF194606
:10BDE00001F003F9CBE700BFA86A0020AC6A00208D
:10BDF000A46A0020841800202DE9F04383B0054692
:10BE00000E4614461F4602F00FF802F02DF80028E7
:10BE10003CD1DFF81481D8F800301BB1D5F884206C
:10BE2000934220D000F032FE01283FD1D8F80030F4
:10BE3000002B37D01A68002A34D0D5F8841009684E
:10BE40008A4245D0D5F888301A68284601F026FD88
:10BE500028BB01243B4622463146284603B0BDE8B4
:10BE6000F043FFF779BF2D4B1B68002BDAD0D5F8D4
:10BE700088209342D6D12A4B1B689E420CD000F0FA
:10BE800005FE0128E6D04FF0010911E00022234B06
:10BE90001A6001F0E1FFBCE707B124BB002003B04A
:10BEA000BDE8F083D5F884301968CBE74FF000097E
:10BEB000012000F085FD00F0E9FD0128FBD1194BC0
:10BEC000002103205B689847B9F1000FAED0C1E7AD
:10BED000124A1268A2B11168D5F8882012689142FE
:10BEE000B7D05968B1E70122D5F898408DF80720FE
:10BEF00054B10022284611460DF10703A047CDE7B3
:10BF0000D5F888201268ECE7697D95F8DD30284681
:10BF1000994228BF194601F068F8BFE7AC6A0020D3
:10BF2000A46A00208C180020A86A0020F8B50E46EC
:10BF30000546DEF71DF9314607462846FFF784FE21
:10BF4000044620B13846DEF717F92046F8BD03460F
:10BF5000024631462846FFF74FFF04463846DEF7D3
:10BF60000BF92046F8BD00BFF8B506460C4659B39C
:10BF70000B6843B11B68013326D0CB681BB18B68BB
:10BF8000003B18BF01231846CB22412100F01EF9C7
:10BF9000204603F069F900234FF6FF724FF01C0CA6
:10BFA00086F8E030C6E92143E768D8B287420DD869
:10BFB000154600230B4A294613600B4A304613608E
:10BFC000FFF7B4FF2846F8BD0023DCE7A1680CFBAF
:10BFD0000011CD89954202D2002DEAD02A460133C4
:10BFE000E3E700BFA86A0020AC6A0020054B002AE6
:10BFF00018BF1346044A136009B1FFF7B5BF0846DE
:10C00000704700BFD9BA02088418002038B504462A
:10C010000D4600200121FFF7BFFD29462046BDE85F
:10C020003840FFF783BF008B7047000040F60243A3
:10C030000222838000238271437221B1C271044ABB
:10C04000037202607047C17101600172704700BFE6
:10C050006755A5150A7838B505461046FFF74CFD1B
:10C0600060B14C782046FFF747FD38B122435307B3
:10C0700004D42846BDE8384000F0E8BE012038BDB1
:10C08000FFF7E8BF10B504460878FFF735FD58B153
:10C090004A781046FFF730FD30B1042A04D020461C
:10C0A000BDE8104000F008BF012010BDFFF7EABF57
:10C0B00000F036BC00F0B2BD38B504460D46FFF7BF
:10C0C00035FF28B929462046BDE8384000F074BD48
:10C0D00038BD00F031BD13B504460020019103F0D6
:10C0E000C1F8D4F8983033B92046019902B0BDE8C0
:10C0F000104000F0B1BF022002B010BD38B50446B8
:10C1000048880D4603F0AEF8D4F898302BB929468C
:10C110002046BDE8384000F017BF022038BD00F0CF
:10C1200092BE13B50446019100F098FA30B920464A
:10C13000019902B0BDE8104001F0FAB8022002B047
:10C1400010BD38B505460C46DEF712F8296BEB6AD0
:10C150000C402343EB62DEF70FF800200CB90021FE
:10C1600038BD4FF40071FBE738B504460D46DDF7E6
:10C17000FFFF216B0D40E16A21EA0505E562DDF76D
:10C18000FBFF284638BD10B504460121FFF7ECFF40
:10C190002046BDE8104000F051BE00F0ADBC01F0FB
:10C1A00022BB01F041BB0846114602F09FBF01F0DF
:10C1B00007BB38B50446154609B101F053FB25B15C
:10C1C0002046BDE8384001F04FBB38BD08B550B936
:10C1D0000548064B01601A60054B1A68054B1A604A
:10C1E0001868DBF7B7FF08BD88180020486C0020EE
:10C1F000846A00204C6C002010B5044600F066F9FB
:10C2000020B92046BDE8104000F034B910BD01F05F
:10C21000F2BB70B586B01E460446CDE90421DDF7B9
:10C22000AEFF05462046FFF7E7FFDDE904210A9B44
:10C23000204602930023CDE9006300F079F904461B
:10C240002846DDF7A0FF204606B070BD38B504468D
:10C25000DDF795FF05462046FFF7CEFF204600F0AC
:10C2600045F904462846DDF78EFFB4FA84F040090C
:10C2700038BD38B50446DDF782FF05462046FFF796
:10C28000BBFF204600F0A0F904462846DDF77BFFFF
:10C29000204638BD38B50446DDF771FF0546204617
:10C2A000FFF7AAFF204600F095F904462846DDF77F
:10C2B0006AFF204638BD37B504460191DDF75FFFC0
:10C2C00005462046FFF798FF0199204600F08AF9BD
:10C2D00004462846DDF757FF204603B030BD000076
:10C2E000054B1B680BB918467047834201D01B6988
:10C2F000F8E70120704700BF506C0020094A13681E
:10C300000BB918467047834207D11B69012013609F
:10C31000054A1368013B1360704703F110021B6963
:10C32000EEE700BF506C0020546C00202DE9F84F60
:10C330002DED028B0546DDF722FFDFF82C8108EE9C
:10C34000100A98F800700123DFF820913FB189F8B6
:10C350000030BDEC028BBDE8F84FDDF714BF404E56
:10C3600088F8003089F8007000F076F908B100F024
:10C3700071F934683B495CB9A346DFF8F4A0DAF8F8
:10C38000002033685A4533D84FF0FF31354843E039
:10C39000637D8BB12368AB4202D05A1B8A420BD912
:10C3A000626813442360A368003A18BF0122003B6F
:10C3B00018BF01236275A3752469DCE792F816C0E3
:10C3C000BCF1000F05D092F814C08C459CBF6146AB
:10C3D00010461269002AF1D10028D5D0D0E9011CFD
:10C3E00003688275591AC268E0470BF1010BC6E772
:10C3F00000201A46FF21EDE75A7D62B11A68AA4271
:10C4000007D0521B824204D8914204D311461C46E5
:10C4100001E01C4600211B69002BEDD15CB12046D8
:10C42000FFF76CFF38B1336834602361DAF800300D
:10C430000133CAF8003033685C7D1CB1186800F025
:10C44000F9F8044600F0F4F80546002C8AD199F872
:10C450000030002B86D118EE100A88F8004078E7EB
:10C46000506C0020FCFFFFBF586C0020596C00206E
:10C47000546C002038B5054608B31822002108F096
:10C4800084FEDDF77CFE02462846FFF729FF20B137
:10C490001046DDF778FE022038BD0A4B1C6854B9FF
:10C4A00009491D600B68104601332C610B60DDF7F4
:10C4B0006AFE2046F0E704F110032469EFE701204B
:10C4C000EAE700BF506C0020546C0020FFF708BF63
:10C4D00010B5DDF754FE044600F0AAF8FFF726FF7A
:10C4E0002046BDE81040DDF74EBE000038B50446DA
:10C4F000FFF7F6FEDDF743FE05462046FFF7F0FEA8
:10C50000637D23B92846DDF73EFE032038BD0023B6
:10C510006375064B1B68A34203D100F089F8FFF74F
:10C5200005FF2846DDF72FFE0020EFE7506C0020C6
:10C530002DE9F84FDDF82890984604460D469246BE
:10C54000FFF7CEFEDDF830B0DDF719FE074600F04C
:10C550006FF806462046FFF7C3FE637D23B12046F1
:10C56000FFF7C4FF0023A375BAF1010F0FD155EAFD
:10C5700008030BD1B9F1000F03D05A4631462046CB
:10C58000C8473846DDF7FFFD00200AE03544B542D4
:10C5900003D00C4BAA1B9A4205D93846DDF7F3FDB0
:10C5A0000120BDE8F88F012363759DF82C303046DB
:10C5B000C4E90058C4F808902375C4F80CB0FFF71C
:10C5C000B5FEDEE7FCFFFFBF024608B5FFF788FEB9
:10C5D000507D08BD024608B5FFF782FE507D80F011
:10C5E000010008BD2DE9F04106468846FFF778FEB8
:10C5F000DDF7C5FD3768054600F01AF8737D7BB19D
:10C6000087420DD0094B3C1A9C4209D82846DDF7D9
:10C61000BAFDB8F1010F18BF3C462046BDE8F081D5
:10C620002846DDF7B0FD0024F7E700BFFCFFFFBFA1
:10C6300001F0E1B908B50023044A194600F07AFB7D
:10C64000032896BF024B0320185C08BDD1C4020822
:10C650008868030800F04EBB00F0C8BB002070479C
:10C660000020704700207047024BD868C0F3036079
:10C67000704700BF000002A870470000431C07D0AD
:10C680006FF0FF02034B10405A62A3F580535862CB
:10C69000704700BF00E000A8426B0E4B02F0600242
:10C6A000402A11D0602A03D0202A10D1012206E0AE
:10C6B00069B10A68012A0AD94A6942F00102DA67B7
:10C6C0008022054B1A61704740F20112F7E7002201
:10C6D000F5E700BF003F00B0000002A808B5094A16
:10C6E000FFF7C2FF0B2806D00C2809D0092814BF79
:10C6F0000020022008BD506C10F48030F0D1F9E722
:10C700000220F7E7000002A84FF02A430121D3F8E6
:10C710001821596352074FF4005148BF042203F512
:10C720000053196344BFA3F58053C3F81821704721
:10C7300010B50446D0F8C8200A4B4FF40061C3F886
:10C74000D420027CD20102F4006205F01BFC237CA1
:10C7500013F0100F4FF4007314BF034A034A5364DD
:10C7600010BD00BF003E00B0001002A8002002A8CB
:10C7700000F01803182B074B03D10022C3F88020C8
:10C780007047010701D50122F8E7C206F5D540F24E
:10C790000112F3E7003F00B0D0F88C3013B11A68F3
:10C7A000032A10D8094BDB6BC3F3C20213F0380F16
:10C7B00003F0070018BF504313F4E07FC3F3821265
:10C7C00003D050437047986A400E7047008001A81C
:10C7D000454B2DE9F3411E6840F2022317460B40FA
:10C7E00000F00102134305460C4650D08B0709D5D3
:10C7F0003E4BD3F8FC3E03F0C003402B02BF0221A6
:10C800003B4B99604FF00008002A36D000230022ED
:10C8100000210120CDE9008804F056FB4FF0FF30E5
:10C8200003F0B0FC414670830120FFF7B5F9314BAE
:10C830005B6C580208D4736B13F0800F4FF4001335
:10C8400014BF2D4A2D4AD3642D490868FFF716FFFF
:10C850004FF0FF330B602B4B1A68511C06D06FF062
:10C860007E402949C863A1F58051CA634FF0FF3269
:10C870001A60337C43F008033374A20507D5012105
:10C880003046FFF75EFC24F4007405430C43D6E900
:10C8900042232A40234052EA030103D01B49304679
:10C8A00009688847FB070FD519491A4A086800210B
:10C8B000136811600121184A117003B19847174B92
:10C8C000002102205B68984717F00E0F08D040F255
:10C8D00071123B21002002B0BDE8F041FFF776BCA9
:10C8E00002B0BDE8F08100BF846A0020003000B0D3
:10C8F000001002A8000002A8005001A8006001A8D2
:10C90000981800209C18002000E000A8941800202F
:10C91000786C0020746C0020706C00208C18002053
:10C92000F7B5D0E942C71946DDE9086304468CEA49
:10C93000060587EA03001540084085EA0C057840A3
:10C94000C4E9425000250B4022F0010043F400737B
:10C9500006EA000243F00203CDE9005504F0B4FA00
:10C96000237C9A0717D5D4F80C319B0513D54FF4C7
:10C9700080312046FFF7E5FB237C65F341032374F8
:10C98000D4E9422302400B4052EA030103D0034999
:10C99000204609688847002003B0F0BD94180020A5
:10C9A00038B10368044A002B08BF1346034A1360DA
:10C9B0007047014BFAE700BF79C6020894180020BF
:10C9C00003282DE9F3414AD8264B1E5C264B1F5CF9
:10C9D000264B13F80080DDF7CBFB054604F04CFC3A
:10C9E000044640B100230022CDE90033012000239A
:10C9F000002104F069FA3946304604F04DFD424604
:10CA00003946304604F0BAFD1CB3194B5B6C580232
:10CA10000AD4184B1B685B6B13F0800F4FF40013A4
:10CA200014BF154A154AD36415490868FFF726FE56
:10CA30004FF0FF330B60134B1A68511C06D06FF098
:10CA40007E401149C863A1F58051CA634FF0FF329F
:10CA50001A60284602B0BDE8F041DDF78DBB02B098
:10CA6000BDE8F0818C6803089068030894680308A7
:10CA7000000002A8846A0020005001A8006001A8FC
:10CA8000981800209C18002000E000A808B5FFF7C7
:10CA9000EBFD0138C0B20B2802D8054B185C08BD6D
:10CAA000044B5B6913F0060F0CBF01200420F6E76E
:10CAB0009868030800C001A808B50D4B5A6C12F025
:10CAC000A00F13D19B6C5B0701D5012008BD094B5A
:10CAD000D3F8FC3E23F07F4323F0FF03002BF4D078
:10CAE000FFF7C2FD092801D00C28EED10020EDE7A8
:10CAF000000002A8003000B037B515461BB1019107
:10CB0000FFF702FE01994FF02A42D368D46A03F07E
:10CB10000703981D0123C4F30C0483401B1B9CB224
:10CB2000AC4228BF2C460348224602F011F92046A9
:10CB300003B030BD0C0000AA084603F07BBB000028
:10CB4000024638B588B9194B1B684BBB0125C1F1AA
:10CB50002704C4F11C03002BB8BF5B42232B23DC4A
:10CB60007DB1134B1970002038BDFFF78FFF0128EE
:10CB700018D10F4B002593F90040C4F12704641A23
:10CB8000E7E7D174DDF7F4FA0A4AE402136A04F421
:10CB9000FF2423F4FF231C431462DDF7EDFAE2E7E0
:10CBA0000320E1E70220DFE70120DDE7846A0020BF
:10CBB000686C002000C000A808B5FFF7B9FDDDF7DC
:10CBC000D7FA074AD2F8D03E23F02003C2F8D03E6D
:10CBD000DDF7D2FA0222034B00209A6008BD00BFA5
:10CBE000003000B0001002A80B4B08461A6D9202EC
:10CBF0000FD4D3F84021D1070CD4D3F83823D2076F
:10CC000008D4D3F8803013F4706F14BF01200020D3
:10CC100070470120704700BF004001A870B515465D
:10CC20000C46426B064682EA05030B4053404363C1
:10CC3000274A01F00B0323EA0501D1642B40A2F53A
:10CC40008052D364630710D50121FFF7CDFF60B197
:10CC500004F0C4FB4FF4007315F0040F14BF1D4A19
:10CC60001D4A136504221D4B5A64E00606D515F0D3
:10CC7000100F14BF00221B22194B5A65210613D531
:10CC80002A061BD54FF40012124BDA64DDF770FA56
:10CC90000E210546032003F063FA40F20122104BF7
:10CCA0002846DA62DDF768FA14F0600F04D03046E7
:10CCB000D6F88C10FFF7F0FC002070BD094B5B6CC0
:10CCC0005B025EBF4FF40012034BDA64ECE700BF77
:10CCD000006000A8005001A8006001A8002002A880
:10CCE000004000A8000002A8014B1868704700BF70
:10CCF0007C6C002073B5002200240023012510461F
:10CD00001946CDE9005404F0DFF8022002F0D8FE05
:10CD1000064E074B21461C60022073689847284640
:10CD2000336802B0BDE87040184700BF8C1800207F
:10CD3000746C00202DE9FF4102290C4615469846E7
:10CD4000039003D1FFF7D6FF002031E0DDF710FAA2
:10CD50001A4E074633680BB1AB422CD1184B002258
:10CD6000C3F800803560002301254FF0000810460D
:10CD70001946CDE9005504F0A7F8124B022083F8BC
:10CD8000008002F09DFE22464346022003A902F0E5
:10CD9000A7FE0D4B039A04461A600C4B28461B68ED
:10CDA00098473846DDF7E8F9002CCDD101203460F2
:10CDB00004B0BDE8F0810024F3E700BF746C0020EC
:10CDC000786C0020706C00207C6C00208C18002097
:10CDD000044B5B6E5B054EBF0120034B187800F0DF
:10CDE0000100704700C001A8706C0020022002F012
:10CDF00063BFD0F88C304BB11A68022A06D993F879
:10CE0000250028B11B6AB3FBF0F07047FEF748BD60
:10CE10007047D0F88C2072B11368022B0BD9536A7B
:10CE200013F47F4FC3F3072007D0126ADBB25343DA
:10CE3000B3FBF0F07047FEF735BD704708B503F05F
:10CE400093FD002008BD02F03FBD000070B50E4606
:10CE5000DDF78EF90546FFF741FC044620B1284670
:10CE6000DDF78AF9204670BD04F0B8FA104B32782D
:10CE7000D3F8FC3E022A23F0F00315D0042A0CBF9D
:10CE80000222002243EA02137278022A0ED0042AF8
:10CE90000CBF0222002243EA8213054AC2F8FC3E7C
:10CEA0000422044B5A64DAE70122EBE70122F2E79D
:10CEB000003000B0002002A838B50D46DDF758F963
:10CEC00004461E4AFFF7D0FB062826D804282BD894
:10CED000032829D004F082FA194B2A78D3F8FC3EB3
:10CEE000022A23F00F0324D0042A0CBF02220022BE
:10CEF00013436A78022A1ED0042A0CBF02220022A1
:10CF000043EA82030E4A2046C2F8FC3E04220D4B3F
:10CF10005A64DDF731F900200AE00728DAD1D2F8A7
:10CF20006831002BCED1D5E72046DDF725F9022068
:10CF300038BD0122DCE70122E2E700BF000002A8C1
:10CF4000003000B0002002A82DE9F8430E78044616
:10CF5000042E0D4690F8D4800BD100275FFA87F994
:10CF6000484602F0B9F908B14E4602E00137042FF5
:10CF7000F4D1304602F0B0F990B384F8D460AB88B5
:10CF800004F1D406A4F8D8306B883046A4F8D63023
:10CF9000AB882364FF23A37502F03AFA054600BB71
:10CFA000304602F08FF90546D8B9D4F8883053B12D
:10CFB00094F8D410414506D02046B3F91220DBF78F
:10CFC000ADF884F8DD00204602F012FB0121A4F840
:10CFD000D80004F19C0003F04DFD2846BDE8F8831D
:10CFE0000125052384F8D430F7E770B5054690F89D
:10CFF000D4000C4605282AD0FF292AD002F0A8F92F
:10D00000064695F8D40002F09BF9A04210D32346BF
:10D010009E4295F8D40011DB02F09AF904462046AE
:10D02000AC7502F025FCA0F1FF035842584170BDD9
:10D0300095F8D40002F084F90346E9E702F080F99C
:10D04000A042ECD295F8D40002F07AF9E6E702208B
:10D05000EDE70120EBE7000038B590F8D430044646
:10D06000052B3BD0D0F888504175A5B3D0F8983047
:10D07000BBB990F8DD308B4219D300222046FFF770
:10D08000B4FF054658B9164B1B78032B07D820462A
:10D0900002F0AEFA012104F19C0003F0EBFC2846FB
:10D0A00038BDB0F92420B5F912309A42E5DD0022EE
:10D0B000204694F8DD10FFF798FF05460028EED1D2
:10D0C000C4F888002046FEF7AEFF01462046BDE8C2
:10D0D0003840FEF72BBFFF238375E0E70225DEE72C
:10D0E000EA180020F0B5C36B93B0012B03D10025E3
:10D0F000284613B0F0BD0446744902F0CFFED4F8C0
:10D100008870268BC4F88C002FB13B681BB15B681C
:10D11000002B40F08880DDF72BF8D4F888500146CA
:10D12000C4F888702046FFF737FB0246C4F88850E1
:10D1300008461546DDF720F8D4F88C00BB89EAB222
:10D14000F31A9BB28DF81620D7E90115ADF814300B
:10D1500005FB03115E4B04911B68984211D010B17E
:10D160000368002B74D10023C4E92733C4F8A4302A
:10D1700001462046FFF790FAD4F88C3004999DF8C8
:10D1800016201193204606AB03F032F9002846D151
:10D19000504A5149FFF768FA431EDBB20B2B39D8CE
:10D1A000D35C012BF6D14D4A4D49536CDD01FCD4C3
:10D1B0000B6CD807F9D406A903A803F04FFB05466A
:10D1C00068BB02F0CBF8237C65F34103237401F0C4
:10D1D000C9FAD4F888305A69431E1668DBB2FD2BB1
:10D1E000019627D853680128029351D10646D91CCD
:10D1F00039D8024601A9204600F0EEFE002E7FF449
:10D2000077AFD4F80C319B0548D4237C43F002035C
:10D2100023746DE74B6913F0060FC4D0BAE70225FB
:10D22000284613B0F0BD1A68032A7FF674AF9D6AD2
:10D230006D0E83E7F31C1FD92A4B01361B6818BFFC
:10D240000126DF1C22D9FF2853683BD00293D5E783
:10D250000369002B87D0D3E900129B68C4E9271229
:10D26000C4F8A43084E701331E4B08BF00265B6876
:10D27000DA1C08D80293BCE701265368FF28029302
:10D28000B5D00020B5E7FF28B8D1FAE70193F4E75D
:10D29000024601A9204600F09FFE29E74FF48031A5
:10D2A0002046FEF74EFFD4F80821D4F80C31024096
:10D2B0000B4052EA03013FF41BAF0B4920460968BB
:10D2C000884715E70120029391E700BFFC4F00B0AB
:10D2D000646C00209868030800C001A8000002A840
:10D2E00000C002A8F8180020941800204FF48071A4
:10D2F00004F05CBE38B590F8E0400546ACB1DCF710
:10D3000037FF1F22094B013C1A651440A3F58053D7
:10D310001C65D5F8E420A3F580539A67D5F8E8207A
:10D32000DA67BDE83840DCF727BF38BD006001A8E8
:10D3300010B50446FFF7AAFB01280DD10B78023B7C
:10D340001E2B08D807C904F1E00383E80700204634
:10D35000FFF7D0FF002010BD0220FCE72DE9F043CD
:10D360008B788046012B0F46A7B003D9012027B048
:10D37000BDE8F083CA78012AF8D80B78012BF5D8DC
:10D3800049780429F2D809B1012AEFD1012B63D1E0
:10D39000404600F074FD0028E8D1404600F06CFDE6
:10D3A0000028E3D198F81230002BDFD1404600F07E
:10D3B0006FFD0028DAD03868C8F8F8007C78002CB7
:10D3C00052D101F0EFFB4FF06052854BC3F88C4017
:10D3D00003F59033DA64834B1B7813B10622824B3A
:10D3E0009A674FF08052814B1A65A3F500535B6C2E
:10D3F000590209D4D8F8343013F0800F4FF40013D9
:10D4000014BF7B4A7B4AD3644FF480727A4BC3F8D3
:10D410001821C3F81421BB78002B40F0D7804FF0BF
:10D420002A4341F6FF721A633B78012B02D1404632
:10D4300000F080FDFB78002B40F0CB804FF02A43BA
:10D4400041F6FF721A6760226C4BDA6403F5E83329
:10D45000402200205A648AE798F8F830012BAAD1BC
:10D46000404600F069FDA6E74FF02A431E6D5B6D54
:10D470001E4416F00306CED11822314608A80DF13D
:10D48000100907F082FE013C102231464846CDE9E2
:10D490000166039607F079FE032CBCD8DFE804F0A0
:10D4A0001981026E564D19AC0FCD0FC40FCD0FC4AC
:10D4B0000FCD0FC42B682C2200210EA8236007F08B
:10D4C00064FE07238DF838300B238DF86430022377
:10D4D00013E04C4D19AC0FCD0FC40FCD0FC40FCDC1
:10D4E0000FC42B682C2200210EA8236007F04DFEEC
:10D4F00007238DF838304FF400730F930123424A0D
:10D50000D2F83823D2075EBF4FF40011384AD164F5
:10D51000002B4AD03D4B08221A930023CDE9042367
:10D52000ADF866302093069319AB08930EAB0993C0
:10D5300001ABCDE90A3901F035FB08A801F018F973
:10D5400001F0D4FA01F0BAFA254A936F23F00603EA
:10D5500043F0040393674FF080522D4B1A6503F09C
:10D5600093FE00283FF457AF4FF48073224AC2F86D
:10D570001431A2F58052C2F818314CE7254D19AC90
:10D580000FCD0FC40FCD0FC40FCD0FC42B682C22AD
:10D5900000210EA8236007F0F8FD07238DF838302E
:10D5A00095E74FF0C0560023A9E701F0FBFA4FF0D2
:10D5B0006052104B46F40016DA640422A3F580533F
:10D5C000DE64A3F58833C3F88C20BDE7FFF79CF831
:10D5D0002AE76022044BDA6403F5D83338E700BF4A
:10D5E000004000A8606C0020006000A8002002A895
:10D5F000005001A8006001A8002000AA005000A867
:10D60000E8A403081CA50308004001A8800000AAA4
:10D61000001002A850A503082DE9F74F064615464D
:10D62000084619B9012003B0BDE8F08F002AF9D0EF
:10D63000032904D8002101F059FD0028F2D0827896
:10D640000488077990F805B0C388B0F9000002F0AB
:10D6500007010028C0F2AE80A1F1070CDCF1000048
:10D6600040EB0C000529287294BF0020C2F3001083
:10D67000C2F3801C6872900985F80CC000F00200AB
:10D68000C2F3C00C40EA0C00C2F340126873AA73E4
:10D69000EF73726BD00600F187800639012900F222
:10D6A0008380454A0127526D4FF02A42116DD26C9A
:10D6B000063C02F0070206329740013F3C4041F031
:10D6C000005818F804A0B27CAAF1320A01344FFACB
:10D6D0008AFA3C4062B34FF00009D6F894301BB18F
:10D6E0004846514698478146631C85F80B9085F85B
:10D6F0000AA03B4018F8031001333B4018F8032000
:10D7000001333B4041EA022118F8032001333B403A
:10D7100018F8030041EA0241002341EA00616A7BF4
:10D72000304603F09EFA06232860AB7100207AE7AA
:10D7300018F80490D6F88C104FEA49095FFA89F975
:10D7400099B10A68022A10D991F824001B4AD2F82C
:10D750003822D10717D54FEA0919B9F1FF0FBAD806
:10D760006FEA09095FFA89F9B7E730460193FFF7D5
:10D7700050FB00903046FFF73CFB009A019BB2FB48
:10D78000F0F0C0B2E2E7DA04A7D5C3F30B03DB0085
:10D7900008B1B3FBF0F39B459DD8002B9BD0CBEB9E
:10D7A0000B29B9FBF3F9DBE70020802328606B81AC
:10D7B000A87138E7022036E7004000A8004001A821
:10D7C000F8B5064614469779FFF726FF054640B997
:10D7D000A37933B13046A771FFF71BFB214603F055
:10D7E0000FFA2846F8BD084610B510F0030411469C
:10D7F00018D1B3FA83F3192B12D0C3F11903DBB29A
:10D80000062B28BF06239C1DE2B201249440A4B23B
:10D81000A1421A4628BF214601F070FA204610BDE9
:10D820002346F0E70024F9E711F00303084610B59A
:10D8300016D114883F2C13D9B4FA84F4192C05D0CE
:10D84000C4F11903DBB2062B28BF062319460633A1
:10D85000DCB20123A340138001F06EFA002010BD5A
:10D860000120FCE7FEF750BF70B54FF02A434FF49C
:10D870008064084DD3F818610020C5F8184103F002
:10D8800059FE4FF400532B67730544BF024BC3F896
:10D89000184170BD002000AA001000AA38B5154636
:10D8A00004460846012102F0F1FB0121284602F05E
:10D8B000EDFB094BD3F8A020C3F8F023D3F878216F
:10D8C000C3F8EC23054BD3F8F8309B0602D520466D
:10D8D00001F08EFE002038BD000002A8004F00B00D
:10D8E000F8B504460D4619B990F91030002B3CDB11
:10D8F000A18B354A354BD2F8D02ED4F88C609343A7
:10D900003CD04FF08072324BC3F8B82001225A66E7
:10D910004FF6FF73994204D02E4B1B680BB1204683
:10D9200098472D4F3B68B34247D02C4B1B683BB107
:10D930001EB13268002A42D0B66831462046984768
:10D940000726204601F054FE8DB394F913102046AB
:10D95000FFF7F6F806250122D4F88C301C493B600D
:10D960001F4B8D6700201A70F8BD4FF6FF73027CC5
:10D97000838361F3C71202741946BAE74FF08077C8
:10D980000120184B184ADB6B03F44063B3F5806F3A
:10D99000164BD3F8E430C2F8B8705066134A0CBF87
:10D9A00043F0010323F00103C2F8E430B0E731464D
:10D9B00004F19C0003F05EF8C7E70126C1E71646B4
:10D9C000204631469847BBE7003000B08000004059
:10D9D000006000A86C6C0020646C00205C6C00206F
:10D9E000606C0020004000A8005000A8003E00B07D
:10D9F000084602F0C7BB02F0ABB9000008B55822D8
:10DA00000021064807F0C1FB1022FF21044807F05F
:10DA1000BCFBBDE8084004F0D5BA00BF003F00B031
:10DA2000443F00B0052373B580F8D4300023C3749D
:10DA30007D234FF0FF35C0F8B030A0F8C430642328
:10DA40000446C0E92D33C0E92F33C0E9075505640A
:10DA50004575C58203F022FC2046FFF7CFFF012267
:10DA6000154B2046C3F8382294F91310FFF768F8D5
:10DA70006022124B04F1F801DA642046FFF76EFCD5
:10DA800029460646626B2046FFF7C8F80E2300229F
:10DA9000CDE9003340F202231046194603F014FA90
:10DAA00001F02AFC2EB9204602B0BDE87040DAF73A
:10DAB00037BB304602B070BD005001A8004000A83E
:10DAC000034670B50C68B0F8D820013408BFD3F80D
:10DAD000B0408D6808BF0C604C687D32013408BFCF
:10DAE000D3F8BC4092B208BF4C606C1C00F19C00A3
:10DAF00033D1D3F8B850CC688D60661C31D1D3F8DF
:10DB0000B4400E69CC60013604BFD3F8A8600E6142
:10DB10004E69013604BFD3F8AC604E618E690136A0
:10DB200004BFD3F8C0608E618E69F6B1B24238BFCF
:10DB300032460E688A61C3E92C644C68C3F8B85059
:10DB4000C3E92F420A69C3F8A8204A690721C3F82C
:10DB5000AC2002F08FFF002070BD954238BF154603
:10DB6000C9E7944238BF1446CBE76422E1E70000DE
:10DB700038B5DCF7FDFA4FF6FF710A4A13888B427D
:10DB800003D1DCF7F9FA032038BD074C074D1B041D
:10DB90006567A4F5805463671180DCF7EDFA002017
:10DBA000F2E700BFA0180020006001A80000FFFFFE
:10DBB0002DE9F34104460E461546FEF77DFF002889
:10DBC00000F00981864B4FF400612046D3F8FC8EAB
:10DBD000D3F8D87E04F0EAF938B14FF4007201218D
:10DBE000804B08465A64FDF7D7FF31462046FEF7C2
:10DBF0009DF97B4B0646C3F8FC8EC3F8D87E0028FF
:10DC000040F09380237C9F0601D4002D64D0C5F39F
:10DC1000400003F0AFFB022315F4807F1FBF724A60
:10DC2000002153644FF02A420BBF6E4A9161536446
:10DC300053636B4B05F00407D3F8D08E03F0CEFB93
:10DC40004FF48063002F74D0684A1365684B33EA41
:10DC5000080308D1674AD2F8E430002F6BD043F0B4
:10DC60000603C2F8E43004225E4B15F0400F5A64FC
:10DC70004FF0400314BF604A604A2846C2F8B830EB
:10DC8000FEF776FD2046FFF731FB38B14FF4807385
:10DC900015F0010F14BF544A524A5364A8064DD5DB
:10DCA0004FF6FF72638C93420FD0554A5549526F1D
:10DCB000100CC2F301120132B3FBF2F308804B4A9D
:10DCC000514952481B0448675367003D18BF01255E
:10DCD000237C65F345132374204600F0CDF800281B
:10DCE00045D02046FFF702FBE0B14FF4003120465B
:10DCF00004F05CF9002814BF02230123032201A9C8
:10DD0000434801F05FF89DF804103A4A01F0070318
:10DD1000052B9DF8053020D1090712D443F48073F8
:10DD2000C2F8E030002001F09DFA304602B0BDE8B4
:10DD3000F081354A89E723F0060392E7FFF718FFE1
:10DD4000C3E713F0040F0CBF9DF806304FF4807347
:10DD5000284A08BF43F48073E2E703F0300120292A
:10DD600002D113F0010FEEE79DF80630D8E7204608
:10DD700000F085F838B32046FFF7B8FA18B3237DD2
:10DD8000A3F10C02012A1AD8238B032B19D0194BAB
:10DD900093F8E93003F00703072B0CBF082406248F
:10DDA00021461B4801F017F8421C16D0C3B2114A95
:10DDB000062C08BF03F00F0382F8E830B2E70E2B01
:10DDC000E4E70924ECE7204600F05CF80028A9D03D
:10DDD00000F076F8A6E70226A7E70326A5E700BF2E
:10DDE000003000B0002002A8001002A8005001A8D6
:10DDF00080000040003E00B000D000A800E000A875
:10DE0000004001A8A0180020006001A80000FFFF4A
:10DE10000C0000AA08B5FFF7CBFE18B9BDE8084012
:10DE200003F088BA08BD000008B5094BD3F84C319F
:10DE30005A1C0CD05B000AD40320FEF7C1FD4FF042
:10DE40008062044B1A6501225A6102229A6208BD5F
:10DE50000080E00F001002A84FF40022014B5A642A
:10DE6000704700BF002002A8024B586CC0F3C040AE
:10DE7000704700BF000002A8802104F097B840213D
:10DE800004F094B890F8F800431E58425841704787
:10DE9000D0F8EC00003818BF01207047D0F8EC3003
:10DEA000064AC2F8DC30D0F8F030C2F8E030D0F8E2
:10DEB000F430013B9B00C2F8E4307047003E00B0F4
:10DEC0000121164B1648D3F8DC2010B583F8E91071
:10DED0004264D3F8E44022440264002283F8E8203C
:10DEE000104B4FF440601A6003F58053196403230C
:10DEF00002220D49C1F88C300C4BC3F88C200C4A1F
:10DF000050654FF48060A2F5805250654FF4004296
:10DF1000C1F8B420C3F8B82010BD00BF003E00B067
:10DF2000004000A800C002A8006000A8005000A89F
:10DF3000006001A8FFF7B2BF03224FF44061064B17
:10DF4000C3F88C20054A51654FF40042C3F8B8204D
:10DF5000C3F8B420704700BF006000A8006001A8AB
:10DF600038B50446FFF747FD0546FFF744FD431B60
:10DF7000A342FAD338BD0000D0F88C3013B11A6830
:10DF8000032A10D8094BDB6BC3F3C20213F0380F1E
:10DF900003F0070018BF504313F4E07FC3F382126D
:10DFA00003D050437047986A400E7047008001A824
:10DFB000431EDBB2FD2B0AD90A68064BFF28C3F8C3
:10DFC000782206D14A68034BC3F87C2270470128A7
:10DFD000F7E77047004001A858B5064610460C46C2
:10DFE000FFF7E6FFD6B1D6F88830BBB15B69ABB1BD
:10DFF000421ED2B2FD2A13D90A68013204BF6FF063
:10E0000001020A600A68FF281A6007D162680132BB
:10E0100002D16FF00102626062685A60002058BD50
:10E020000128F2E7FF220B4B10B59A60DCF7A0F84D
:10E030000E210446032002F093F840F20122064B21
:10E040002046DA62DCF798F8044AD36813F0706F60
:10E05000FBD110BD002002A8004000A8000002A8CB
:10E0600003460846082110B5094CC4F87032094B24
:10E07000C3F8E81042B9C4F87822FFF771FFD4F86A
:10E08000740240F0802010BD0023C4F87C32F4E715
:10E09000004001A8002002A84FF40012094B10B55F
:10E0A000094CDA64E36813F0706FFBD100F0CAFE2C
:10E0B0000822064B9A60E368C3F30363022BFAD18C
:10E0C00010BD00BF005001A8000002A8001002A867
:10E0D00030B5124B98B10278132A10D9441C00F1C4
:10E0E00011021D4620686168083403C594422B461E
:10E0F000F7D1206828600020094B187030BD41F22C
:10E10000311240F22921C3E90012064A9A6002F155
:10E11000FF226432DA60044A1A61ECE7846C002062
:10E12000806C0020000100022F00000770B5FFF78F
:10E1300079FF314B01211C684FF02A43D86C2F4DD9
:10E1400000F00700063001FA00F080B27F2840F2AC
:10E15000A31294BF00200120FEF738F82B6A284E46
:10E1600023606B6C63606B6DA360F36CE360336F73
:10E17000236102F0FBF8234B60611868FFF7FCFE97
:10E18000214BA0611B6C214AE361D2F8D03E23628F
:10E19000D6F83C316362D6F81C31A3621C4BD3F82D
:10E1A000D810E162D3F8E0102163D3F8DC1061638A
:10E1B000D3F85011A163A96AE163E96A2164696F28
:10E1C0006164D5F8A810A164D3F80811E164D3F80C
:10E1D000141121654FF40071D3F8E8306365D5F868
:10E1E000CC30A3650B4B5964D2F8D03E23F40063C6
:10E1F000C2F8D03E70BD00BFA468030800C000A8EC
:10E20000004001A8846A0020008001A8003000B00E
:10E21000000002A8002002A830B5114C114D41EABF
:10E220008222C4F8D850039D42EAC01043EA8553C5
:10E230000D4D4FF4FC321D430C4BC3F8D850042550
:10E24000C4F8D85041F6FF75C4F8E050C3F8E000B8
:10E25000C4F8DC20049AD202C3F8DC2030BD00BF31
:10E26000002002A8032BC03078D40F03001002A8AE
:10E270004FF4FF62074BC3F8142130B9490141F054
:10E280000801054BC3F814117047090241F0100151
:10E29000F7E700BF002002A8001002A860232DE9C4
:10E2A000F047284D284CC5F8503102234FF48036F2
:10E2B000A3620123DFF89C80E3620746C8F844604C
:10E2C0001420FFF74DFE214B6664D3F8506143F6EE
:10E2D000FF724FF0F0736367C8F874203F22C4F8F0
:10E2E000A8201B4ADFF870A0C2F808314FF0A073D5
:10E2F000C5F80831002506F470064FF48039294628
:10E300003846FFF7B5FF1420FFF72AFE0520C8F8AE
:10E310004490FFF725FE0F20C4F84490FFF720FE3D
:10E32000DAF808309B0502D50135082DE5D14FF408
:10E330007002074BC3F85021A3F58053C3F8506116
:10E34000BDE8F087001002A800E000A8000002A8C5
:10E35000002002A800D000A800C000A82DE9F743C3
:10E3600000250746304E02F001F8304A36F82530D5
:10E370005343834202D201350F2DF7D1DBF7A4FFBF
:10E3800006EB85039C78D978814644434FEA85089B
:10E3900011B1B4FBF1F4640801F0EEFF244BA4EBDF
:10E3A00040041868FFF7E8FD44434A460023E004B0
:10E3B000610B06F043FF1F4B464458632820FFF7CC
:10E3C000CFFDFFF769FE4FF480111B4B1B4A1C4821
:10E3D000C3F83C211B4A0F2DC2F83C111A49C3F85F
:10E3E0001C114FF04061C2F81C11184A1A670268EC
:10E3F000A3F520435A644FF0010203F50053C3F81C
:10E40000CC20837C08BF0323C27CCDE90032437C4F
:10E41000F278B178C07BFFF7FFFE384603B0BDE865
:10E42000F043FFF73BBF00BFA218002040420F009F
:10E43000846A0020008001A8006001A8FFFF0F008F
:10E44000846C0020005001A800F0FF07F8FF0100D5
:10E4500073B5044615460191FFF7E4FD022C0198BF
:10E460002FD1FFF77BFF4FF08022214B022CC3F806
:10E470007822C3F87C2238D14FF470224FF4004642
:10E4800003F52043D3F8505103F50053C3F850214E
:10E49000A3F5A83305205E64FFF762FD154B052048
:10E4A0005E64FFF75DFD144B05F470259B6813F463
:10E4B000807F0CBF20460020104BC3F8505102B0A3
:10E4C00070BDFFF7E9FD15F0010F18BF01220A4BDF
:10E4D0005D6403F5005318BFC3F8CC204FF0C06251
:10E4E0001A62034B064A1A67BDE70020E7E700BF40
:10E4F000006001A800E000A800C000A8001002A869
:10E50000FFFF0100034608B90C4BDB7A022B07D052
:10E51000032B09D0012B0ED1084A107A38B9704765
:10E52000064A507A18B97047044A907A20B1044AD2
:10E530000120137070470020704700BF846C0020DA
:10E54000806C002008B503490878FFF7DBFF0878E6
:10E5500008BD00BF806C00207FB52A4B2A4D1C6887
:10E56000FFF760FD00212368284E2B62636801A835
:10E570006B64A3686B65E368F36423693367226A9D
:10E58000234BC3F8D02E636903910293E369019191
:10E59000ADF80C30A3698DF80E3002F05FF9636AB4
:10E5A000C6F83C31A36AC6F81C31E26A194BC3F8BD
:10E5B000D820226BC3F8E020626BC3F8DC20A26B8A
:10E5C000C3F85021E26BAA62226CEA62626C6A674D
:10E5D000A26CC5F8A820E26CC3F80821226DC3F82C
:10E5E0001421626DC3F8E820A36DC5F8CC3000F0AB
:10E5F00029FC0122084B9A64402203F5E0335A615A
:10E6000004B070BDA468030800C000A8004001A8C1
:10E61000003000B0000002A8006000A838B5054630
:10E620000C46FFF783FD6B1EDBB2FD2B18D90022D1
:10E6300002201146FFF70CFF024650B94FF47A70E2
:10E64000184B998941435868FFF70AFD2060FF2D58
:10E6500007E0154BD3F8483243F080232360F6E7F8
:10E66000012D0FD1002201210220FFF7F1FE88B910
:10E670004FF47A700B4B0122998941435868FFF798
:10E68000EFFC606021462846FFF792FCBDE8384069
:10E69000FFF762BF044BD3F84C3243F08023636032
:10E6A000F0E700BF846C00200080E00F4FF0FF33E4
:10E6B00073B5CDE90033D0F88C3006460D461446CC
:10E6C0007BB11A68062A0CD9D868FFF701FDFFF75D
:10E6D00039FFFF2819D0022803D169462046FFF7E9
:10E6E0009DFF4DB1631EDBB2FD2B0CD9009BFF2CAF
:10E6F0002B6001D1019B6B60224669463046FFF7D3
:10E700006BFC02B070BD012CF3E70120F9E70000BB
:10E71000104B18221B781049FF2B16BFDB43102328
:10E72000DB00C1F8FC230D4A18BF03F008030C48B6
:10E73000C2F8FC3353B9D0F8783240F2FF30C3F35B
:10E740000903C1F80C01C2F80C317047D0F87432DB
:10E75000F3E700BF986C0020002002A8001002A878
:10E760000080E00F014B1878704700BF986C0020C4
:10E770004FF0B0522DE9F04FB54BB64F9A66036893
:10E78000DFF8F8821C78B44D072C94BF00220122D8
:10E790003A700269DFF8E8E2002A08BF8022C8F870
:10E7A0000020AE4A8EF80040072C88BF1546002294
:10E7B00005F58056326132615A686A625A8802B140
:10E7C000013A4FF0010BA64905F5005C9200072CB9
:10E7D000CCF828100BFA04FBB26201D94FEA2B2BBC
:10E7E00003F1180191E806040A4393F8241042EA61
:10E7F0000A0242EAC12293F8291093F8149042EADF
:10E80000416293F826104BEA092B42EA815293F8B1
:10E81000271042EAC15293F8281042EA016242EA04
:10E820000B0222F0004222F400222A674FF0FF324E
:10E83000D968CCF8742071671969CCF87820B16771
:10E84000BAF1000F06D14FF6FF719A68CCF87C1030
:10E8500092B2F267082C0AD1DC6A824A8249002C03
:10E8600000F0E480946006251C6B8D6094609EF837
:10E8700000200B3A012A09D893F825104FF40042E2
:10E88000002900F0D6807949C1F870221A6AB2F5E1
:10E89000801F03D09A69B2F5803F35D13A78002ABB
:10E8A00000F0C980012A40F0CE806C4C4FF0070C7C
:10E8B000456804F50056297804F58054012AC6F805
:10E8C00040C0216400F2DE8008224FF0FF31226454
:10E8D000D5F80CB06A68D5F814A0F164D5F81CC05E
:10E8E000E26442EA0B0242EA0A0242EA0C023165A1
:10E8F000C4F850B07165C4F854A0B165C4F858C0EC
:10E90000B164A2646A6A2264DB69397823F4003353
:10E91000B3F5802F32D1002900F08F80012940F01B
:10E92000B5804E4B0726446803F50055627803F521
:10E93000805301296E645A6400F2AD8008224FF0C2
:10E94000FF365A64D4F810B0A268D4F818A02E6626
:10E95000D4F820C01A6642EA0B0242EA0A0242EAEE
:10E960000C026E66C3F864B0AE66C3F868A0EE66CB
:10E97000C3F86CC0EE65DA65A26A5A6400295ED0FD
:10E98000012940F08C80354C85680129D5E9003299
:10E9900043EA020343EA890303F01F03C4F880300B
:10E9A000AB6800F280804FF6FF7204F50056C6F89F
:10E9B0008420C26804F580559BB2C5F88430D2E942
:10E9C000003143EA0103916843EA010303F01F03A6
:10E9D000C4F88830D3684FF0FF32C6F88C20C5F8F1
:10E9E0008C30D8F800304FF00102B361EB6114BFF6
:10E9F0004A234B231E4903F00B0302FA03F3C1F829
:10EA000088318B6041691B4B19609EF80030082BE0
:10EA100004BF144B5A603B789BB1012B49D10F4B7B
:10EA2000012203F580535A60BDE8F08F01248C6009
:10EA300019E7114928E7084C38E7074B72E7064CFD
:10EA4000A2E7054BECE700224FF400531A64FFDE07
:10EA500000900040996C0020000003A8004003A82B
:10EA6000FCFF0700009003A800A003A8005001A825
:10EA700000E100E09C6C0020006001A8A46C002074
:10EA8000A06C002000224FF48053DFE700224FF4F7
:10EA900000535A64DBE700224FF48053F9E7002368
:10EAA000C3F88030D3E700224FF40053C3F884202A
:10EAB000CDE700224FF480535A60C8E7084B1B781B
:10EAC0003BB1012B07D1074B022203F58053DA60DB
:10EAD0007047054BF8E700224FF48053DA60FFDE01
:10EAE000996C0020004003A8000003A8084B1B7885
:10EAF0003BB1012B07D1074B042203F58053DA60A9
:10EB00007047054BF8E700224FF48053DA60FFDED0
:10EB1000996C0020004003A8000003A810B50F4B1B
:10EB20000F481A780F4B7AB1012A0FD119460124E8
:10EB3000002A08BF034601F580518C60012A0AD8DB
:10EB400099688907FAD410BD0146F0E700224FF416
:10EB500080539A60FFDE00239B68FBE7996C0020DE
:10EB6000000003A8004003A838B50B4C0B4B00284D
:10EB700018BF1C46A569E069054007D0084B1B6813
:10EB80002BB12846984704F50054A56138BD6B05A4
:10EB9000F9D5FFF7C3FFF6E7000003A8004003A87C
:10EBA0009C6C00201C4B10B59B6E03F0B053B3F16E
:10EBB000B05F21D1194A00231178F1B1012920D188
:10EBC0001749CB61174B18481B78082B02BF01214E
:10EBD000164B59601278124B8AB1012A13D119468B
:10EBE0000124002A08BF034601F500514C60012AA8
:10EBF0000ED859688907FAD410BD0B49E1E70146E0
:10EC0000EEE7DB61FFDE00224FF400535A60F9E7C4
:10EC100000235B68F6E700BF00800040996C00208D
:10EC2000004003A8A06C0020000003A800A003A8D7
:10EC30000020FFF799BF0120FFF796BF2DE9F74F9E
:10EC400006681C469DF8303006F007060193B31D98
:10EC500001269E40054617460B4606F1FF38A1B136
:10EC6000416804EA080BA6EB0B0A41F00059524533
:10EC700009EB0B0118D95246184606F05FFA4946CF
:10EC8000BA1B5A44504406F059FA019B4BB13C441C
:10EC900048EA06063440EC60AB68A3421CBF02237E
:10ECA000AB6203B0BDE8F08F1846ECE74FF02A43A3
:10ECB000D3F81421D2031ED54FF480320E49C1F887
:10ECC0001421A1F58051C1F818215A6DD1B2C2F3B7
:10ECD0000722C3F8A410C3F8A4200422C3F8A42078
:10ECE0000022C3F8A420C3F8A420C3F8A420C3F8CA
:10ECF000A420C3F8A4207047002000AA38B54FF024
:10ED00002A44E26020610D46DBF732FA0122D4F892
:10ED1000143162635B075CBF0422064B656158BF18
:10ED2000C3F81421DBF728FA1DB14FF02A43022261
:10ED30005A6338BD002000AA044B40F6FF721860E9
:10ED40004FF02A43D96418651A677047A86C0020F1
:10ED5000032A2AD9436830B4846823445B4203F011
:10ED60000303D21A53B30C7884615C1E05D04D782E
:10ED7000012C85611CBF8C7884610B44032A1FD948
:10ED8000111F21F003010431194453F8044B8B4245
:10ED90004463FAD102F003022AB10A4411F8013B9C
:10EDA00091428361FAD130BC704732B10A4411F804
:10EDB000013B91428361FAD1704770470B46DDE712
:10EDC0001946EAE737B5002514460095FFF736FFE8
:10EDD000204603B030BD0123026810B502F00702DF
:10EDE00006329340026A013BC2F30C028A4284BF9E
:10EDF0004468C2689BB283BF891844F000500B403E
:10EE00004FF0FF3088BFC05C10BD0000402938B50E
:10EE100014464FF001020ED84FF02A45C5F8F420F1
:10EE20000A4601460648FFF793FF34B10423002049
:10EE3000C5F8F43038BD1046FCE72046FAE700BFBD
:10EE4000CC0000AA08B5DBF793F94FF02A43012262
:10EE50005A67C3F8B420C3F88C20154A1549C3F883
:10EE600090200722C3F8B020134B1A800023134AC6
:10EE700013804FF4A022C1F81421A1F58051C1F8EC
:10EE800018210F4A13600F4B5B6C5A020CD54FF4DC
:10EE900080010D4B0D4A1B6851645B6B1B065EBF06
:10EEA0004FF400120A4BDA64BDE80840DBF764B99E
:10EEB000B06C0020002000AA326D0020306D0020D0
:10EEC000346D0020000002A8846A0020002002A8FF
:10EED000006001A807220D4BF0211A8000220C4B84
:10EEE0001A804FF02A43C3F8CC204FF40052C3F8E5
:10EEF000D000C3F8F020074A9164A021A2F5805207
:10EF000091640122C3F8F420FFF79CBF326D00200A
:10EF1000306D0020006000A82DE9F0410446A0B14A
:10EF2000DBF726F93E4E3F4B3188032C01F0780287
:10EF300005463D4F01F07F0E1A445ED1D7F800C060
:10EF4000BCF1000F03D1DBF717F9032053E02CF0DD
:10EF50000104386820F00100A04253D100233B6037
:10EF6000238894426FEA43436FEA534323803ED1A0
:10EF70002E4FDFF8D0C03B88ACF18008CC18083B9E
:10EF80009BB202F10801614528BF4146E01A082BF7
:10EF900080B204D9B1F900E0BEF1000F3DDB4FF0C3
:10EFA0002A41947812883B80C2F30C028A654FF4A0
:10EFB0008022C0B23080C1F89800C1F8B0301C4B3C
:10EFC00004F00704C3F81421FFF770FE042C0ED1DF
:10EFD0004FF48001174B184A5B6C184B1B68516447
:10EFE0005B6B1B065EBF4FF40012154BDA642846BC
:10EFF000DBF7C2F80020BDE8F081601E012898BF51
:10F000001446A6E7094873440088E31A48BF8033D2
:10F0100008389842A4DC284695E70A46AFE700BFC7
:10F02000306D0020B06C0020346D0020326D002067
:10F03000002000AA000002A8002002A8846A002084
:10F04000006001A8306D00201048114A0388128822
:10F0500010491A44073A02F078020A444FF02A4154
:10F0600008339BB20380C1F8B0304FF48021907810
:10F07000094B00F007000428C3F8141103D1074915
:10F08000CB681B03FCD4064B1A607047326D00201E
:10F09000306D0020B06C0020002000AA000002A803
:10F0A000346D002010B5054C206828B1C30701D489
:10F0B000FFF732FF0023236010BD00BF346D002036
:10F0C0004FF48033084AC2F81831A2F58052C2F8D2
:10F0D00014314FF02A43D3F8AC30C3F30C03782B30
:10F0E00001D8FFF7E3BD7047002000AA2DE9F047E3
:10F0F00005460E46DBF73CF8534B81461A88534CC5
:10F10000534802F07801032D078802F07F03214461
:10F1100017D1504805688DB9D519073D05F0780518
:10F1200025442344EB1A48BF8033BB4210DB4846DA
:10F13000DBF722F800252846BDE8F08725F0010519
:10F14000EFE7012D02D0022DEBD1083F0D46E8E795
:10F15000002E4AD08D424CD14FF02A42976DBFB25B
:10F160004FF02A41CA6C02F0070A0AF106024FF07A
:10F17000010A0AFA02FAD1F8AC201FFA8AF8C2F39F
:10F180000C029A4247DDB5F900302C88002BCEDB0B
:10F19000AB78C4F30C0408F1FF3203F00703E41B5F
:10F1A00048EA02021440052B3370A4B22BD824B2D3
:10F1B000E04340F2BB320421C00FFDF707F8748032
:10F1C000EB78337408F1FF331F40234B1B68DA19C7
:10F1D000B260A2B217FA84F45445D3BF0023A8EB5F
:10F1E0000708A6F80480B280F3604846DAF7C4FF47
:10F1F000A1E7A5F10802A24238BF05F178021788FD
:10F20000C7F30C07ACE7154B5B6D002B0CBF00235D
:10F210000623E41ACBE74B6D08F1FF34DB1B48EA09
:10F2200004041C400E4AA1B2D36824B251B9C3F3FE
:10F230000363032B0CBF082300233370D36C71804E
:10F240001B0ABEE70823F8E7306D0020B06C0020F1
:10F25000326D0020346D0020A86C0020004000A812
:10F26000000002A870470000054B7422D3F84C013F
:10F270003121431C0CBF0120C0F38070FCF7A6BFF6
:10F280000080E00F0B04FA210D4A4B4311680A225B
:10F29000B3FBF1F35343B0FA80F2B3FA83F1521A9D
:10F2A000002A10B50446D1BF0F20C2F10F0002F0B2
:10F2B0001F02D3409C4238BF00F1FF3010BD00BF99
:10F2C0003C6D0020034B1A6802609B8883800020FD
:10F2D000704700BFEA180020064B0328D3F8F83720
:10F2E00006D803F4C020B0F5C02018BF0120704735
:10F2F00000207047000002A808B50E4BD3F8FC3779
:10F30000FF2B0ED0C3F3421103F01F03013303EBB5
:10F310004112FE2A88BFFE23074A98BF03EB411320
:10F32000137000F0A5FE41F66A03B0FBF3F0034B47
:10F33000186008BD000002A8F21800203C6D0020F3
:10F3400003289ABF014B187800207047F21800205C
:10F35000032894BF0120FF2070470000264B10B502
:10F36000D3F8F847D3F8FC17244B1B68D3F88C303C
:10F3700013B11A68032A39D8214BDA6BC2F3C200E1
:10F3800012F0380F02F0070318BF434312F4E07F76
:10F39000C2F3821000D043434FF0C0721948C0F846
:10F3A0002C21C1F34212022A23D9072B34BF4FF478
:10F3B00000020022610309D44FF47C71032BC0F8D2
:10F3C0002C1194BF42F44C7242F438720A2B6FF045
:10F3D000FF000D4B38BF4FF408530C49C1F82C21E6
:10F3E000084AC2F82801C1F8283110BD9B6A5B0E9B
:10F3F000D2E70022DEE700BF000002A8846A0020F6
:10F40000008001A8002002A8002DB00B001002A867
:10F4100070B504462C220021684805F0B6FE684EFF
:10F420002378FF223370638800247380654B4FF488
:10F430008150C3F8DC40644B1A700722634BD3F849
:10F44000F817D3F8FC5703F50053C3F8FC234FF427
:10F450007072C3F82C215E4A4903C3F830214FF083
:10F460000102C3F83421C3F86C014FF40060A3F526
:10F470008053C3F86C0156D4C3F8FC234FF43072A8
:10F4800015F0E00FC3F82C2108BF4FF480524FF065
:10F49000080008BFC3F86C21DAF740FE4FF4780487
:10F4A00032784C49002A54D16D0915F0060F4DD120
:10F4B000202205F00705012DC1F86C213FD144F44D
:10F4C000C134444AC2F83041FFF748FF424A13684A
:10F4D000B3F1406F414B50D343F63F74D2F87C12E6
:10F4E000C9B2C3F8DC10D2F88012C9B2C3F8E41074
:10F4F000D2F884022040C3F8D800D2F88812214004
:10F50000C3F8E010D2F88C1201F0FC01C3F8F0103F
:10F51000D2F8902202F0FC02C3F8F4200122304B12
:10F5200000201A7070BD0421C3F8FC13802109204B
:10F53000C3F82C11C3F83421DAF7F0FDB0E7002D41
:10F54000BFD144F40C3444F44074BAE744F480244A
:10F55000B7E72020012AC1F86C0102D144F4083435
:10F56000F1E7022A04D144F4A73444F48074A8E7F4
:10F57000032A08BF44F4FE44A3E71449D1F8F8076E
:10F58000D2F83012C9B2C3F8DC10D2F83422D2B2A9
:10F59000C3F8E420420357BF43F62B3241F61B3237
:10F5A000C3F8D820C3F8E02049BFC3F8D820FC2214
:10F5B000C3F8E020DC22C3F8F020ADE7D43F00B070
:10F5C000EA180020004001A8E8180020000002A866
:10F5D00000FFFF00001002A80080E00F003F00B015
:10F5E000396D0020014B1868704700BF406D002046
:10F5F0002DE9F04F066C90F8D430022E38BF022669
:10F6000085B001938C4B8046DB6C013EC3F38213C3
:10F610009A1E012A22D9981F43424341874D1C4616
:10F62000296898F81620B1428548DFF840C217D102
:10F6300007789F4214D1834F01993F788F420FD1B1
:10F64000814FD7F8F870B9060AD4804F3F789742B7
:10F6500006D1BCF8040005B0BDE8F08F0123DDE75A
:10F660009CF800102E60032988BF0027009198BFE6
:10F670007749047098BF0F789742C0F0B980012A8B
:10F6800000F2BB800027704AD2F8F82012F0200F59
:10F69000704A00F0B48040F2FF316F487F2FC0F80D
:10F6A000881095BFB908F90841F4387141F44071E8
:10F6B000C2F888100122C0F8E020002B00F0A380DF
:10F6C000D8F88C402CB12268082A40F29E8094F829
:10F6D00038404FF47A725643604A06F2E736D2F861
:10F6E00000A04FEA0449002B40F091802920A4F1AA
:10F6F000640B642470435946B0FBF4F0FFF7C2FD7D
:10F700000546FA2305F01F014FEA4B008840584395
:10F710004FF00A0BB0FBFAF00BFB00F32B20F61AAC
:10F7200070433421B0FBF4F00393FFF7ABFD682482
:10F73000FA2300F01F018C405C43B4FBFAF40BFB8E
:10F7400004F430210290301BFFF79CFD029A2D0239
:10F7500045EA021500F01F0105436020FA238840A6
:10F7600003FB00F2B2FBFAFA039B49F4C8491C44BC
:10F770000BFB0A4349F0300940F6FF71364A384C1A
:10F78000C2F8D810A2F58052C2F8D850A2F5805223
:10F79000C2F8DC90334A03F57A761278C4F8D47054
:10F7A0000AB9C4F8FC70009A03F58C50032A8CBF88
:10F7B0000022274A2C4D98BF1278143084F8FB2081
:10F7C0002E6001F0F5F8C4F8A000C4F8EC004FF486
:10F7D0007A702B68254AB3FBF0F39380194B019A9A
:10F7E000B6FBF0F01A7098F81620184B1A7032E732
:10F7F000012F7FF647AF013F45E7571E43E7012141
:10F80000C2F8E01059E7FC2463E7002461E72146D1
:10F810003046FFF737FD630000F01F04A340FA24D1
:10F820006343B3FBFAF34FF00A0A00020AFB03F347
:10F8300040F01105A0E700BF004001A8E418002037
:10F84000386D0020F1180020004F00B0F0180020A3
:10F85000F2180020005001A8006001A83C6D0020B3
:10F86000003F00B03A6D0020406D0020EA180020F3
:10F8700010B5114A03461278104C052A02D1FF2018
:10F88000207010BD042A34BF0120FF20032A8EBF40
:10F8900000220B4A1278934228BF13469842B8BF01
:10F8A000D8B223788342ECD0064B20701868FFF75B
:10F8B0009FFE2078E5E700BFEA180020E818002046
:10F8C000F2180020846A00207047000038B5054611
:10F8D00000F076FB01213A20D9F730FD2D4C2E4B5C
:10F8E0001D702378013B012B07D80122237CE17B8B
:10F8F0009A4030235943294B5A500022284BC3F8D1
:10F900002425002D3FD063689BB300F0B1FB6268F3
:10F9100000EB5203B3FBF2F3013B1B0243F0F8038D
:10F920002278022A27D0032A29D0012A2ED10722A1
:10F9300043F002034FF6FF701A49C1F88400A1F5A5
:10F940008051C1F88430164BC3F82425920709D59D
:10F950000122207CE17B8240302000FB013303F553
:10F9600082531A604FF0804395B10F4A002013650F
:10F9700038BDF823D4E7062243F00103DAE7042276
:10F9800043F00503D6E72A46F823D3E70022D1E760
:10F99000064AEBE7486D0020446D002040E003403C
:10F9A00000C00340006000A8001002A8002002A8C8
:10F9B000034B1B6D002BBCBF024BC3F88800704784
:10F9C000000002A8004000A82DE9F0472D4B2E4C66
:10F9D0004FF47A76A36000F04BFB4FF4FA73B0FB60
:10F9E000F6F6734307462948190E1B021818284AD1
:10F9F0004FF0000341F1000105F020FCA0F58073F9
:10FA00000546236320B95F222B21FCF7DFFB01258C
:10FA10004FF47A724FF0000A6A435346500831029D
:10FA200005F00CFC1B4BB7F57A7F19601A4B4FEAB7
:10FA300005688946044618604FEA152505D26F22ED
:10FA40002B215046FCF7C2FB01264FF47A71A8FB2C
:10FA5000010801FB05817308C01841F10001002372
:10FA6000324605F0EBFB0D4B023419600C4B49F1AB
:10FA70000009A408186044EA8974034B013C9C63A4
:10FA8000BDE8F0870211010000C001A820A1070015
:10FA900040420F00706D00206C6D0020686D0020EA
:10FAA000646D00201022044BC3F884215A600122A7
:10FAB000024BDA60704700BF00E100E000C001A81F
:10FAC000054B0201134401221A604FF4807303FABC
:10FAD00000F0024B5866704700E101A800E001A861
:10FAE0002DE9F047154606468A461F46DAF740FBE1
:10FAF000022D00F0A5808046DAF741FB614B624A97
:10FB0000D3F8209092F8CD405A6EE4B2520744BF29
:10FB1000D3F820900134DAF736FB5C4B1A685C4B63
:10FB2000A2FB09211868A30700FB093312F1004268
:10FB300004F00302DAF8004043EB0103012D04BF97
:10FB40000134E418A3EB040308BFCAF80040B3F182
:10FB5000804F7AD34FF0004000234E49D1F800C0C7
:10FB600024F04041ECFB01034B48A40F0068DFF890
:10FB700044C100FB01334349896B8B4281BF01348F
:10FB800001315B1A04F00304A41A994584BF3D4A6D
:10FB900004F1FF3404F0030488BF926BA3EB090067
:10FBA0000CF80640A4B1FC0742BF41F61F713B4A66
:10FBB0005167B90742BF394A394951677A0742BF8D
:10FBC0000021304A91673C0742BF00212D4A9165D0
:10FBD00011242C4A06F1100102EB061E0901CEF891
:10FBE0000C315450136A526EA3EB0909814526D398
:10FBF0004FF48073B3401A4221D11CF80620002A2A
:10FC000032D1002D34D0274AF807536607D541F684
:10FC10001F7140F20110214B596750675967B907AE
:10FC200006D51E4B1E4A1F491F485A6748675A6728
:10FC30007A0742BF01221D4B1A613B070BD4404695
:10FC4000DAF79AFA0120BDE8F0874046DAF794FA2D
:10FC50000020BDE8F0872120FFF7AAFE4FF4803294
:10FC6000084B4046DA60EBE70E4A40465366E7E74A
:10FC700001240F4A094936013244146040464B665C
:10FC8000E4E700BF00C001A8003E00B0646D0020A2
:10FC9000686D00206C6D0020706D002000E001A8F0
:10FCA00000001F1F00D001A800000101000002A8F1
:10FCB00000E101A85C6D0020034B103000011858D2
:10FCC00000F00100704700BF00C001A8044B01F024
:10FCD000F071103041F0030100011950704700BF6E
:10FCE00000C001A838B5DAF74AFA084B084A1D6A7D
:10FCF00092F8CD405A6EE4B2520744BF1D6A0134F7
:10FD0000DAF741FA284604F0030138BD00C001A823
:10FD1000003E00B008B52220FFF74AFE4FF48022D3
:10FD2000014BDA6008BD00BF00C001A8064B1B688C
:10FD3000434303EB8171054B1B68A3FB003013F1B8
:10FD4000004341EB00007047686D0020646D0020A7
:10FD500008B5FFF7C7FFBDE80840FFF7E7BF10B5DC
:10FD60000446FFF7BFFF844288BF01F1FF31204600
:10FD7000BDE8104001F00301FFF7D8BF0C4A20F0A6
:10FD80004043014610B5002014684FF00042E4FBE8
:10FD90000320084A890F126802FB0300064B9B6B85
:10FDA000984204D901330131C01A01F0030110BD9A
:10FDB0006C6D0020706D002000C001A838B50446AD
:10FDC000FFF7C6FF0546FFF7C3FF431BA342FAD365
:10FDD00038BD000008B50B4B0B4918680B4B1A686F
:10FDE000121A00F1304005F0A9F9094B00211868FA
:10FDF000084B1A68BDE80840121A00F1304005F0BF
:10FE0000C4B900BF30A4030834A403082CA4030819
:10FE100028A4030824A4030808B5074B07491A6857
:10FE20004FF03040920005F089F9FFF7D3FFBDE8AD
:10FE3000084000F027BF00BF20A40308E4680308BF
:10FE400070B50C68651C03D100230360012313E027
:10FE5000C4F302669E42C4F307450FD1A4B2944294
:10FE60000CD804EB8506B24208D2131B23F003031F
:10FE7000CA18536803600023037170BD013501EB9C
:10FE80008501DEE7044BC0F3016233F8123080B223
:10FE900040EA0340704700BFD46803087FB50C46B2
:10FEA0008AB2090CB1F5284F06460B4614D04AF623
:10FEB0000100814212D04AF602018B4210D0B3F504
:10FEC000304F0CBF03250425D6F8883053B9D6F837
:10FED0008430BBB9206813E00025F5E70125F3E77E
:10FEE0000225F1E719680029F1D02B4602A80192FA
:10FEF000FFF7A6FF9DF80C300298019A002BE6D17F
:10FF000004B070BD19680029E4D02B4602A8FFF7A1
:10FF100097FF9DF80C300298002BDBD1F0E7000032
:10FF200007B501A802F0BAF842F201020C4B0D49E4
:10FF3000C3F870224FF4FC72C3F8E0205822A3F5F6
:10FF40008053C3F8E020084AA3F61C7352F8040B50
:10FF500043F8040B8B42F9D103B05DF804FB00BFFA
:10FF6000006001A8104101A8A8680308002310B58B
:10FF7000104C012163643A20A364E364D9F7DEF9ED
:10FF800001220D4B5A6102229A62E368C3F30363B4
:10FF90000D2B01D0002BF8D11123E363074B1B6815
:10FFA00098474FF08062044B5A61012203F5805359
:10FFB0005A6110BD000002A8001002A8F418002029
:10FFC00001230D4A0D49C2F8803291660C4A5360F4
:10FFD0000C4A53600C4A5360A2F580425360A2F56C
:10FFE0004042536002F5C032536002F580425360D4
:10FFF000A2F500425360704700900040FF0B0016CE
:020000040803EF
:1000000000D000A8001000AA005001A838B50324B1
:10001000FFF7D6FFFFF784FF104B114AC3F81041DA
:1000200003F530431A6501230E4D2B6500F0FEFBEE
:1000300000F092FC4FF460736B614FF400732B651A
:10004000FEF766FB8022084B1C64A3F580535C64BA
:10005000064BC3F884215A6038BD00BF005001A888
:100060000008F000001002A800A0094000E100E034
:1000700008B5DAF7F9F8044B1B6FC3F300430133FB
:10008000B0FBF3F008BD00BF0080004070B504462F
:10009000A0B1C9B10C2200232D492E4851F8045BB0
:1000A000A5420FD12C4A116CC907FCD49B0003F563
:1000B000804340331360294B01221A6470BD30F82D
:1000C000023BEBE7013AFAD101252BE00846FFF7A6
:1000D000D9FE0E0C16F0FE0F03460ED02146F6B2E6
:1000E000B20000EB8606B34251F8040F02D1131D93
:1000F0001C4417E043F8040BF5E7090F6068083467
:1001000007290FD8DFE801F00A0408190C171C1F93
:10011000C04303F5005301E01A685040186001E045
:10012000FFF74CFE21684B1CD0D100220A4B1A600D
:1001300003F58053C0E705FA00F003F58053EDE7BF
:1001400005FA00F0E5E71A6830EA0202FBD1E9E7B8
:10015000746D0020A46D002000C002A800D002A889
:10016000064BDB68C3F30363984206D10448C36EB1
:1001700023F0F00242EA0112C2667047000002A8B2
:10018000003F00B02DE9F84F0546FFF7E1FD0026DE
:100190008046DFF89CB0D9F7EBFF224B8246D96846
:1001A000C1F303639F1E012BFFB228D0052B28D07B
:1001B000A3F10B01D1F1000949EB0109012F22D86C
:1001C000194B9969C1F389140A0448BF44EA0B0426
:1001D00024B26B1C03D0FFF7BBFDA0EB0806504612
:1001E000D9F7CAFF14F5007F14D1012F02D9B9F154
:1001F000000F01D0AE42CED32046BDE8F88F99461D
:10020000DCE74FF00109094CE3E7512CA8BF4FF49C
:10021000FE74F1E7C83C24B214F5007FF5DC6FF4FE
:10022000FF74E9E7000002A800C000A800FEFFFF7D
:1002300000FCFFFF10F1800F04D04D28CEBF7F20BF
:10024000323040B2FF22044BC0B25A62A3F5805351
:1002500058620020704700BF00E000A8044BD3F8AC
:10026000B03010B1C3F30332027003F00F007047D7
:10027000000002A84FF604014FF60502044B0120CE
:100280001B6C9BB28B4208BF1346024A1366704731
:100290000080E00F00C001A8034B1A6E596E03F5F1
:1002A00000530A401A66704700800A4070B52A4B16
:1002B0000D461A781AB9294AD2F86C221A70284ABF
:1002C000126D520646D51C78264B04F00F06B0FB83
:1002D000F3F040434FEA141405D140F221522B2190
:1002E000FBF774FF0120204A0A217243B2FBF0F3AE
:1002F000B3FBF1F6484301FB163302EB5002042B2B
:10030000B2FBF0F08DBFC3F10A03C3EB8312C3EB62
:10031000820303EB83035BB2002BACBF05226FF0BB
:10032000040213440A2293FBF2F32344DCB25BB2CF
:100330000F2BC0B208DD0138C0B2631F5BB240EAC8
:10034000031300202B6070BD002BF8DA0130C0B21F
:10035000631DF3E70220F6E7C86D00200080E00F80
:10036000000002A8403B250080969800014B1868C9
:10037000704700BFC46D0020014B1868704700BF74
:10038000BC6D0020F8B50B46002213F8044B9442D4
:1003900025D91D68854224D106245A791D79124B2E
:1003A00088181E6804FB0503104F33F8063C7B4396
:1003B000B3420ED900238A5A7A43964202D804FBEC
:1003C0000300F8BD9D42FAD9013304FB03F2825ABF
:1003D000F2E740F265323D210020FBF7F7FE0020F6
:1003E000EFE708330132D2E7C06D002040420F0032
:1003F00000202DE9F04FA2FB016B9E4FDFF8A4C255
:10040000F7191D466BF10003BC4570EB030383B085
:1004100008D240F2E5120E21FBF7D8FE022003B00D
:10042000BDE8F08FD5F82C908A461446B9F1000F3C
:1004300004D0D9F80030032B00F203818E4B8F4A91
:100440009F6BA3F580431B6FC7F3140758074EBF7C
:100450004FF440039B0503F0E0731F43884BD2F831
:10046000FC90D3F8EC30590048BF47F0807747EA5A
:100470004467D9F729FF8046002CCFD00028CDD083
:10048000804B6E62C3F800A07F4B984200F07C81E5
:100490004FEACB410246002341EA5631F00404F012
:1004A000CDFE77492860D1F8A000D1F8F033D1F81B
:1004B00078A1D1F8ECB380EA0301009331F47F63B3
:1004C000019040F253220CBF012000201021FBF7C5
:1004D0007DFE8AEA0B0232F47F634FF0100140F296
:1004E00059220CBF01200020FBF770FE674A009BD9
:1004F000D2F86022D2B2FF2A0EBF5A462AF47F6198
:1005000041EA02122A62624A964200F2A980C5E9D3
:10051000063BB8FBF4F3C7F31300A3FB0032DB0C7C
:1005200043EA423317F480115A4A08BF5B42136012
:10053000544A126803EB020A574AC2F800A0B9F104
:10054000000F7AD00022D9F81C60C5E90122002EE4
:100550004BD04B4AD2F88C21C2F3832208320029B7
:1005600000F0218129680844A0FB08804FEAD848A0
:1005700048EA4038B8FBF2F8484AD2F83C21D202A7
:1005800014D583EAE37CACEBE37C00231946444AB0
:10059000C7F38157D25D4FEA5800D205C2FB0C0168
:1005A000424604F04BFEC0F313006860B8FA88F3CB
:1005B0000D2B40F3F08033464FEA8831B1FBF3F165
:1005C0004B004FEAC83701334FEA584801E0023385
:1005D0000131A3FB0602874278EB0202F7D2C1F396
:1005E0000E01090341F00061A960D9F80030052B24
:1005F0005AD8002285F828200022062BEA601CD950
:10060000D9F83030CBB1D9F75FFED9F83010FFF709
:10061000B9FE044618B18378002B40F0C780D9F7A3
:100620001DFED9F83010FFF7ADFE30B1837823B14D
:10063000C37800201B046B61F1E6002003B0BDE825
:10064000F08F042BD9F828707FF413AFFB014CBF57
:100650004FF4400307F0E07327F0E0771F4308E70B
:10066000019B2AF47F6A23F47F6343F42A634AF4EC
:10067000CC6B4CE7006CCA88008001A8004F00B02A
:10068000000002A8C46D002000F049020080E00FC5
:1006900000AE5EA7BC6D0020C06D0020004001A828
:1006A000DC680308807C814AD9F82C60002EA0D039
:1006B000307804FB0AFAA0F10400B0FA80F04FF49D
:1006C0007D723D214009FBF781FD504B9A4540F278
:1006D00093804F4B9A4540F291804E4A924594BF89
:1006E00002220322164444F214224FEADA3A0AEBB9
:1006F000CA030AEB43039B0B013B02FB0AF25B02BA
:100700002B617678D30DB6EBD25F73D22644B34219
:1007100068D92644B34273D92644B34272D92644D9
:10072000B34271D92644B34298BF05205BD900205B
:1007300040F20F423D21FBF749FD44F6776303FB8E
:100740000AF3DB0D013BB34252D2002001E0042842
:1007500004D8361BB34200F10100F8D303288CBF44
:100760000020012040F21B423D21FBF72FFD01211B
:100770002B69A6F1140242EA86461E43D9F80030DE
:100780002E6185F8281037E72349A6FB013001FBCD
:100790000B00800985E6C3F10E0226FA02F208FA80
:1007A00003F1531C0AE72968081ADDE6407940F294
:1007B0003E42003818BF01203D21FBF707FD20799C
:1007C00040F23F42003818BF01203D21FBF7FEFCFC
:1007D000237962791B0243EA0213EB60E3781B047E
:1007E0006B611CE7012003288CBF002001209FE7DC
:1007F0000120B7E701209BE7002273E7012271E7A0
:100800000220F0E70320EEE70420ECE720D4CB8FB2
:1008100000DAF89AE0DF25A60A3BB2DF4FF40022A7
:10082000014B00201A657047002002A8074B5B6E41
:10083000002B09DA064B9B6813F00C0F04D1054B13
:100840004FF480021A657047034BF9E700800040BF
:1008500000400940002002A8001002A870B505461B
:100860000C468CB059B9314B827AD3F8FC304168D0
:100870002F480B9300686B46FFF7BAFD6C462D4B73
:1008800022685A63294BD3F8FC30002B44D06368AC
:1008900043B1294B294AC3F83C216268A3F5805330
:1008A000C3F83C21A36843B1234B254AC3F81C215C
:1008B000A268A3F58053C3F81C212249E268D1F84D
:1008C0009831214823F4EE6313436FF07842C1F866
:1008D00098311E4B94F828609A602269A3F58053E2
:1008E0009A604FF44033C0F88C316269184BC3F8FA
:1008F0008C214FF40012B6B10265FFF797FFA36990
:10090000C1F8A030E369C1F87831236AC1F8F8333F
:10091000606A1049FFF7CAFC00202A89054B1A6457
:1009200058640CB070BD1A65E7E700BF004F00B017
:10093000846A0020008001A8006001A8FFFF0F006A
:1009400000F0FF0F000002A8002002A800600C4089
:10095000001002A8588001A84022014B1A65704778
:10096000001002A87047000070B50F4CE368C3F395
:100970000363022B08D1FFF7EBF905460B4EA36A80
:100980005B0302D48023236170BDFFF7E1F9401BB4
:10099000B0424FF078024FF047018CBF0020012099
:1009A000FBF714FCEBE700BF000002A83F420F007A
:1009B000084BC1171A68A2FB000302FB013310F1B8
:1009C000807043F10003400E40EAC310803820EAF3
:1009D000E0707047CC6D00200722194B70B51A6487
:1009E000FFF746FB174BC408010B0546E005C0188E
:1009F000154A41F10001002304F020FC134B144E72
:100A000018601448FFF7D4FF4042C6F8D00049F6FA
:100A10005800FFF7CDFFC6F8A4000F48FFF7AEF966
:100A2000024660B1E301500818184FEA15714FF003
:100A3000000341F1000104F001FCC6F8AC0070BDF8
:100A4000000002A8B2E60E0065CD1D00CC6D0020AE
:100A5000003F00B07011010040420F0030B14FF470
:100A60007A735843A0F57A60FFF7A2BF4CF250307A
:100A7000FAE700002DE9F0410C460646002800F098
:100A8000848011F0040546D0C06900287FD04FF45F
:100A90007A735843B368A0F57A60C01AFFF788FFED
:100AA000424BC3F8C000308D002873D04FF47A73E6
:100AB0005843B368A0F57A60C01AFFF779FF3B4B43
:100AC000C3F8B800B369002B67D04FF47A72534370
:100AD000B268A3F5EA530C3B9B1A72689B1A344A1E
:100AE000D8171168314FA1FB033201FB002213F12B
:100AF000807342F100025B0E43EAC213803BC7F8E9
:100B0000BC30D6F82480FEF76DFD01464046FFF765
:100B1000A5FFC7F8CC00A3071CD54FF47A70336942
:100B2000584323B1336803F51C5310331844FFF7BF
:100B30003FFF1E4BC3F8C800336A8BB34FF47A7281
:100B4000B06802FB0300A0F5FA50FFF731FF174B26
:100B5000C3F8C400CDB1706928B34FF47A73584319
:100B6000A0F5FA50FFF724FF104CC4F8B0004FF482
:100B70007A70F368584323B1336803F51C5310337C
:100B80001844FFF715FFC4F8B400BDE8F0814CF23B
:100B9000503083E74CF250308FE74CF250339EE7F1
:100BA00047F23050D1E747F23050DBE7003F00B06A
:100BB000CC6D002058B111441422B0FBF2F2044B6A
:100BC00003FB01220A23B0FBF3F0B2FBF0F0704705
:100BD000A086010042F21071084A506FC0F3011361
:100BE000000C03FB00038B429FBF106D00F01F0041
:100BF0000130C01888BF4FF0FF307047004001A897
:100C000038B505460C46D1B18B79C3B1013B062BF3
:100C10000ED8DFE803F02204061C1E242200032362
:100C20008B7129460020FFF7D5FF431C014607D1F1
:100C30000020A071A37913B123681844206038BD47
:100C4000A288D2002846FFF7B5FF4042F2E705230D
:100C50008B71A2880021D200F4E706238B7100205B
:100C6000E8E738B5054608461C46FFF778F84FF424
:100C70007A72D5F89C3003F5FA73B3FBF2F3E41AF9
:100C8000204438BD70B5154C8CB001AD0FCC0FC5EC
:100C90000FCC0FC594E8070085E80700A0220021CB
:100CA0000F4804F072FA202200210E4804F06DFA79
:100CB000A82200210C4804F068FAFFF753FE0B4B02
:100CC0001B784BB1054E01AD0FCD0FC60FCD0FC632
:100CD00095E8070084E807000CB070BDD43F00B071
:100CE000603F00B0E04F00B0B83E00B0396D00206A
:100CF0000A4B197801F0FF0229B100211970084947
:100D00009202C1F80821597801F0FF0229B10021AF
:100D100059709302024AC2F80C317047E66D002008
:100D2000005000A8084BD3F8FC0E084B9A6C110138
:100D300007D4074A926E920705D5D3F8F4339B0780
:100D400001D500F580707047003000B0000002A8A7
:100D5000004000A808B5D9F70BFA0E4B1B7893B9E1
:100D60000D4A126812F4843F0DD110220B4B1A6504
:100D7000094B1B68DB050BD4084B20221A65BDE824
:100D80000840D9F7F9B91021054A1165002BEFD0B9
:100D9000034BF2E7E16D0020D86D0020002002A88F
:100DA000001002A80022044B1A70044B197811B1EC
:100DB0001A70FFF7CFBF7047E26D0020E16D002091
:100DC00010B5D9F7D5F90E2104460320FFF7C8F96D
:100DD00040F20122034B2046BDE81040DA62D9F709
:100DE000CBB900BF004000A808B503210920FFF7D8
:100DF000B7F92022014B1A6108BD00BF000002A80C
:100E000008B5D9F7B5F94FF00042224BC3F880205E
:100E1000BFF34F8FBFF36F8F0122C3F88420BFF35E
:100E20004F8FBFF36F8F0222C3F88420BFF34F8F21
:100E3000BFF36F8F0422C3F88420BFF34F8FBFF33B
:100E40006F8F0822C3F88420BFF34F8FBFF36F8FDB
:100E50001022C3F88420BFF34F8FBFF36F8F20227F
:100E6000C3F88420BFF34F8FBFF36F8F4022C3F8C6
:100E70008420BFF34F8FBFF36F8F4FF48072C3F89E
:100E80008420BFF34F8FBFF36F8FBDE80840D9F7C1
:100E900073B900BF00E100E0012370B5074C237077
:100EA000074B1E68074B3240D3E9005319402840D6
:100EB000FBF78EFC0023237070BD00BFE06D0020A7
:100EC000D46D0020D86D00202DE9F84FDDF828B052
:100ED00003EA01080B9B06460D4602EA000903EAF5
:100EE0000B0ABBF1000F40F06681031F0B4300F0BB
:100EF0002B81052871F1000380F0FE8050EA010388
:100F000000F07F81431E0B4300F03A81FFF778FF2A
:100F1000BD4BD3E9004727EA050724EA060444EA63
:100F2000090447EA0807C3E90047B84B1E6826EAE8
:100F30000B0646EA0A061E60FFF70CFF16F0020FCA
:100F400042F2020308BF0223B14AB248D26E83EADA
:100F5000020122EA0302C266AF4A81660B406003C7
:100F6000D36604F4802348BF4FF48053210348BF65
:100F700043F48073E20648BF43F40053A74AA50632
:100F800048BF43F400736006D26848BF43F48063EF
:100F9000210648BF43F40063A14883EA020122EA24
:100FA0000302C2609F4A0B4017F4007F816007F480
:100FB0000075D3604FF080429B4B00F01B814FF0D7
:100FC000402100204FF48025C1F8A400C3F88021FF
:100FD0001A60E20448BF45F48035A30348BF45F4D6
:100FE0008015A00748BF45F4800514F4001FDFF802
:100FF000708206D0D8F80000FCF744FF08B945F429
:101000000025E10248BF45F40035FA0648BF45F423
:1010100000056302854B48BF45F400151A6A8449F0
:1010200085EA020323F001031A400A621D40CB61E6
:10103000804A814B16F0010F1D62804B18BF13468A
:101040007F4A7D07126F48BF43F000637D4883EA03
:10105000020122EA030202677B4A0B4041661367E2
:10106000A2F58832D26C04F0010383EA0201A0F5F4
:10107000803022EA0302C264744A0B408164D36464
:10108000D8F80020200248BF714B92F8F92058BFD1
:10109000704B610748BF43F4806322B114F4C06F02
:1010A00018BF43F4807332074FF02A42D2F8181168
:1010B00048BF43F0004383EA010222F4A0226648BD
:1010C00011401340C0F81811C0F81421634AC2F847
:1010D0001831D9F74DF84FF00042534B1A600122F6
:1010E0005A6004225A6008225A6010225A60202254
:1010F0005A6040225A603DE0A0F580630B4306D061
:1011000020F48063A3F500730B437FF4FFAED9F79F
:101110002FF83D4BD3E9004124EA060421EA0501FA
:1011200044EA090441EA0801C3E900414C4B1B6849
:1011300093F8F93013B314F4C06F1FD0474B4FF43A
:101140008072C3F8182115E0D9F712F82E4AD2E9B7
:10115000003123F0040343EA090341EA0801C2E92C
:10116000003159EA08034FF4806314BF3B4A3A4AFE
:10117000C2F81831BDE8F84FD8F7FEBF364BDEE7AE
:10118000D8F7F6FF204AD2E9003123F0010343EA01
:10119000090341EA0801C2E9003159EA08034FF0A6
:1011A0000103304A1BBF9364A2F58052D364D36419
:1011B00008BF9364DEE750EA01037FF4A7AEBBF1FA
:1011C000010F7FF4A3AED8F7D3FF104A136823F0C2
:1011D000010343EA0A0313604FF48063194ABAF12A
:1011E000000F04D05366A2F580521367C2E713675D
:1011F0005366BFE7C3F88020BFF34F8FBFF36F8FF5
:10120000E7E6BDE8F88F00BFD86D0020D46D002060
:10121000004000A8006000A8005000A8004001A8FD
:10122000006001A8005001A800E100E0000002A851
:10123000002002A8041C0003001002A804180003E8
:1012400000C001A800E001A800D001A800D000A8BB
:101250000D0A0A09090A0A09002000AA001000AABA
:10126000846A002000E000A8024B5868C0F3C00068
:10127000704700BFD86D0020024B186800F00100D5
:10128000704700BFD86D0020034B1B6813F4C06F7C
:1012900014BF012000207047D86D002010B504460F
:1012A000FEF7B4FEFFF7ACFD04F14400FDF712FEBB
:1012B000FEF75CFEFEF788FBFEF7F4FBFFF78CFB06
:1012C000072104F19C00FFF7D5FB4FF0807100204F
:1012D000FEF7FCFC4FF000720B4B4FF400110120A5
:1012E000C3F80021FEF7F2FCFEF7C4FF20B94FF46B
:1012F00031721421FAF76AFFFFF790FABDE8104047
:101300000120FEF7E3BA00BF00D001A88022074BFE
:101310005A64082203F580535A64054AD2F8D03E35
:1013200023F02003C2F8D03E704700BF001002A88F
:10133000003000B038B5D8F71BFF05460320FEF794
:10134000BBFC20B9094B5C6914F0060404D02846A4
:10135000D8F712FF022038BDFFF7D8FF0122044B57
:1013600028461A61D8F708FF2046F4E700C001A814
:10137000000002A838B5164C0546207840F2D93254
:10138000B0FA80F03E214009FAF720FF55B14FF442
:101390004062104BD3F80831C3F3812323700E4B06
:1013A000C3F80821607840F2D932B0FA80F03E21CB
:1013B0004009FAF70BFF55B14FF44062054BD3F8E3
:1013C0000C31C3F381236370034BC3F80C2138BD88
:1013D000E66D0020004000A8006000A8F8B5084CA9
:1013E000084D636C0423084F6B64636C5B0300D48B
:1013F000F8BD042602207E64FEF7E0FC6E64F4E78C
:10140000000002A8001002A8002002A8A82238B5F7
:101410001A4B5D6C03F500535A6410229A604FF02A
:101420000052A3F580431A675A66FFF761FC144B1C
:101430001B7813B90320FEF743FB0024114B9C6774
:10144000FFF7CCFF104A114BD2F8FC1E0B40C2F83C
:10145000FC3E04220E4B5A640E4BAA06C3F8D84039
:1014600008D503F58073DB6FB3F5817F22BF80223F
:10147000024B1A61BDE83840FCF77ABB000002A8B5
:10148000E36D002000C001A8003000B0DF0000FFC5
:10149000002002A8003E00B010B528B979B94FF479
:1014A000C062154B9A6510BD49B9144BDB681B0E21
:1014B00013F00E0FF3D1124B1B6CD907EFD4FFF7CB
:1014C0007FFC0E4C0020FEF7C9FE032801D009283E
:1014D00005D1A36ADA07F5D4A36CDB03F2D4FFF7D6
:1014E0007DFF0122074B5A6102229A62042203F512
:1014F00080535A64D3E700BF006001A8000002A82F
:1015000000C002A8001002A84FF040230022C3F838
:10151000A420064ADA674FF0404203F50053C3F8AF
:10152000A0204FF48022024BDA6170470000FF01D7
:10153000001002A838B50546D8F71AFE0446FDF794
:1015400081FC35B1FFF72EFC2046BDE83840D8F7C6
:1015500013BE084B1B78002BF6D0074B1D78002DCF
:10156000F2D1FFF71FFC2A464FF480400021FFF71D
:1015700093FCE9E7E26D0020E06D00202DE9F843DF
:10158000144606460D46FCF7F3FAA022434B03200F
:101590005A64FEF791FB28B10320FEF791FA04206C
:1015A000FEF78EFA4FF000093D4B3E4A4FF004081B
:1015B0005A67C3F87890FFF711FF3B4B3748D3F8D1
:1015C000D02E3A4F42F02002C3F8D02EFF22826084
:1015D0004FF480723A61D3F8FC1E354A0A40C3F8D2
:1015E000FC2EC0F84480C3F8D89E56B1FFF7E8FB44
:1015F000FEF790FBFFF7F8FB4046FEF761FAFFF7B6
:1016000077FB7B69D90746D5284AD36813F0706FFA
:10161000FBD1284B214E284A7364D36E23F0F0038C
:10162000D36615B12046FFF785FF244BD3F84C3124
:101630005A1C01D05B0001D5012373615CB3204BC0
:10164000DA6E03F500539A6603F5D0331B6A134A2A
:1016500023F00103D3611B4BD96803F50053996054
:1016600003F50053D3F8841003F5005399674FF046
:101670002A43D3F8181103F50053C3F81411124B81
:10168000D96C03F500539964104903F5803359660A
:101690004FF608435364BDE8F88300BF002002A85A
:1016A00000C001A800000101003000B0000002A845
:1016B000DF0000FF10003000003F00B00080E00FAE
:1016C000004000A8004001A800C000A85000002F62
:1016D000A64B2DE9F04F9F6EDB6E85B01F40A44BEB
:1016E0009F664FF02A43D3F81451D3F818311D40A8
:1016F000A04BC3F81451A04B9A68DB6802EA030AB6
:101700009E4BC3F808A003F52043DA691B6A02EA7E
:1017100003099B4B9B4A09EA0303D3619A4BD3F815
:101720000422D40605D4D3F80431D806C3F3001636
:1017300063D5D8F71DFD954B5A695E6E12F0060F02
:1017400014BF012200221B6F00921E40904A26F017
:10175000007323F400637107536606D58D4A92F82F
:10176000CD300133DBB282F8CD30D8F705FD002F44
:1017700000F0F88017F0020400F0F280864BD3F8F6
:10178000F4B303F500531BF004041ABF4FF4001424
:101790004FF00008A0460BF007021BF0020FC3F841
:1017A000F42342D0D8F7E4FC8046FFF7BBFA0346A7
:1017B000764A106A116A8842FCD0106A8142FCD0D5
:1017C0000193FFF7AFFA019B704A984217D1404648
:1017D000D8F7D2FC714A019B13606F4AD2F844805B
:1017E00018F4E0520DD123F07F4323F0DF030BB94F
:1017F000FFF70CFE4FF0807314E00096B7E7034646
:10180000D7E70192FFF702FE5E4B019A18F4805F62
:101810005A6440F09C8018F4806F14BF4FF08063CE
:101820004FF080534FF000081C431BF0010F13D002
:10183000594B54495B6C03F460424A64002A00F03F
:1018400089801A0400F1898013F4005F14BF4FF0FF
:1018500000634FF000531C4317F4005718BF0227D2
:101860004F4B2B40002B4BD015F4206F0AD040F289
:10187000467206210020FAF7A9FC0020FFF75AFE65
:1018800025F48025EB0506D5FF223E4B44F4C064C9
:101890009A60FFF795FA15F0090F0BD040F25B72D2
:1018A00008210020FAF792FCFFF79EFA4FF02A4336
:1018B00001225A6315F0106F0CD040F264720921B6
:1018C0000020FAF783FCFFF78FFA0022114610463A
:1018D000FDF79CFA15F4202F0AD040F26C72072114
:1018E0000020FAF773FC0020FFF724FE25F4802582
:1018F000E80301D5FDF7E4FB002DB8BF47F008076A
:1019000069070ED54FF02A431B6B13F4005F4FF4A9
:10191000005317BF174A234A136344F4000408BF57
:1019200013636A0548BF44F0040415F4802B00F0EB
:101930009A80FDF789FB0138062835D8DFE810F0DA
:10194000100113011001160119011C011C014FF0B7
:10195000804367E74FF000737DE74FF000437AE77D
:10196000A04679E73C46B8467AE700BF004000A8A9
:10197000006000A8002000AA004001A8006001A8A3
:101980000000F7FF002002A800E100E000C001A86D
:1019900000E001A8003E00B0000002A8D06D0020C9
:1019A000090B0B89001000AA40F29E72032100204F
:1019B000FAF70CFC4FF02A420121D2F88C30D2F811
:1019C000AC0003F00703063301FA03F3C0F30C0085
:1019D0001B1A9BB2072B12D9744B5B6C5B020ED4A3
:1019E0007348D36CD26E406D58B103F007030633D1
:1019F0009940C2F30C03C91A89B2052901D844F4ED
:101A000000746C4B1B7873B34FF02A43D3F8143136
:101A100013F4A02F27D1684B684A1B7873B916F4CA
:101A200080530BD1117849B1200758BF0223644974
:101A3000D1F8FC1E21FA03F39A0714D10420FEF713
:101A40003FF8604B60495967FFF7ACF95B4A137880
:101A50002BB95E4B5E4A1B682340134201D144F40C
:101A6000804426F48056BAF1000F1DD01AF4805F2E
:101A700018BF44F480241AF4807F18BF44F4002473
:101A80001AF4005F18BF44F010041AF4007F18BF66
:101A900044F020041AF4806F18BF44F040041AF494
:101AA000006F18BF44F08004B9F1000F3BD019F467
:101AB000802F18BF48F4007819F4803F18BF44F411
:101AC000805419F4801F18BF44F4003419F4800FB7
:101AD00018BF44F0020419F4003F18BF44F4801406
:101AE00019F4000F18BF48F0100819F4002F15D092
:101AF000334BD3F8D03E13F0C00F0FD02B4AD3682E
:101B0000C3F30363032B01D0072B38D1936CDB069F
:101B100035D4D36C180732D444F4001419F4001FE0
:101B200018BF44F48004002E00F01481310540F108
:101B30008A802849DFF88CA0CB78274A002B53D025
:101B40004FF40060013BDBB25066CB703BBB234AD5
:101B50001178D9B140F60141214A516700226FE066
:101B600044F4803426E744F4006423E744F48064BA
:101B700020E744F480741DE744F008041AE74FF4AA
:101B80000022184B29F40029DA61C7E7DAF8783027
:101B900013F4A05305D04FF48073CAF858300023D3
:101BA000DCE740F60142CAF87820D7E7000002A837
:101BB000004000A8E16D0020E26D0020E56D0020EE
:101BC000003000B000C001A800000101D86D002065
:101BD000088D01005C6D002000E001A8E36D00208D
:101BE00000D001A8002002A80320FDF769FFDAF861
:101BF00014304FF4006113F0060F02BF41F61F735B
:101C0000974A5367964B974A59665369964913F01A
:101C1000060308BF9367B1F8CE3013F4006263D0B7
:101C200023F40063A1F8CE30904B93F800A0BAF1F2
:101C3000000F5CD1FEF76EF8FFF7E8FB5346202259
:101C40001C4348EA0208B20009D52B20FDF7B0FE7C
:101C50004FF00052824B48F008081A675A6616F097
:101C6000306F05D1F30465D5009B002B00F0A580F3
:101C700030013FD52920FDF79BFE7A4B48F0040A3E
:101C80005B6C13B110227A4B9A60FFF7EDFA88B1C2
:101C90004FF000537749724A53660B6701F5405184
:101CA000C968490406D513672D20536648F00C0A0D
:101CB000FDF77EFE16F000731ED00420FDF700FF36
:101CC0002720FDF775FEFFF7A1FB4FF00072644B74
:101CD0005A66694B4AF0020AD3F8FC3E5B065EBFC7
:101CE0000222634B9A6021E04FF40053A8E74FF4BF
:101CF000004333E7C246DDE716F0807FDFF86481FA
:101D000046D004200093FDF7DBFE2820FDF750FEAF
:101D1000D8F87820009B002A37D1FFF777FB4FF0E7
:101D200000524F4B4AF0010A1A675A660022D04609
:101D30004C4B9A65320402D5504B1B68984773058B
:101D400008D54F4A9378002B00F08480013B9370B4
:101D500000231F433A4620464146FFF79DF8BBF15A
:101D6000000F01D0FDF79EF919F4002F18BF4FF4B2
:101D70000022444B05F00435C3F814511CBFA3F1F5
:101D8000FF73DA6105B0BDE8F08FC8F87830C6E7B8
:101D9000F204CBD50420FDF793FE3B4BC8F874301A
:101DA000FDF7B8FFD8F8643013F0407FBED12A2089
:101DB000FDF7FEFDFFF72AFB8BE7314A137943B1AC
:101DC000013BDBB2137113B92A4B304A5A67009BAF
:101DD0002FE00420FDF774FE0320FDF771FE214B78
:101DE000294A5A67D8F7C4F982460DF10F00FEF769
:101DF00035FA274B1B781BB10090FEF7E1FF0098E6
:101E000003280BD10020FEF729FA032806D1214B25
:101E10009A6AD007F6D49A6CD103F3D49DF80F30A8
:101E2000032B08D101221C4B50461A70D8F7A4F995
:101E300000231C437EE74FF02A43D3F8143113F4F8
:101E4000A02FEFD1FEF7AEFF5046D8F795F94FF42B
:101E50008043EEE70220FDF733FE012379E700BF60
:101E600000E001A800C001A8003E00B0E36D002022
:101E7000002002A800D001A8003000B00019002006
:101E80005C6D0020002000AA000001010000010D8F
:101E9000E46D0020000002A8E26D0020FFF718BCEE
:101EA000FFF716BCFFF714BCFFF712BC0122024B70
:101EB0001A62DA61704700BF002002A8074A08B51D
:101EC000D369116A0B40064998B2DB07C86104D593
:101ED000D068C0F30360FFF7E9FF08BD000002A867
:101EE000002002A8FFF7F4BB0C4A08B5936CD26C33
:101EF00013400B4A9364DB070FD50A4B40F69B1245
:101F00001878122100F00100FAF760F9BDE80840E6
:101F1000002201200021FEF7BFBF08BD00C000A8BD
:101F200000E000A8D86D0020054AD2F88430DB0715
:101F3000FBD4936FD2F884201340024A9367704712
:101F4000008001A800A001A80C4B10B51C6C5A6CB5
:101F500014400B4A24F002011164E20705D540F653
:101F6000C71200201968FAF731F9A30704D5022235
:101F7000024B5B68024B1A6410BD00BF0080094031
:101F800000A0094070B514460D46D8F7F1F8064B8D
:101F9000D3F8D06E74402C407440C3F8D04ED8F7BC
:101FA000EBF806EA050070BD003000B0044BD3F832
:101FB000D03E31EA03030CBF01200020704700BF70
:101FC000003000B0154B1649D3F8D03E13F0010293
:101FD00010D091F85820134B42F08072C3F8D020F3
:101FE0004FF48013104AC2F8B430A2F58052C2F800
:101FF000B830704791F8570010B191F85420EAE7D3
:1020000013F04003E7D14FF48011074A0548C2F8A6
:10201000B810C0F8D030C2F8B4107047003000B02B
:10202000003F00B0004000A8006000A870470346D1
:1020300030B501F1100451F8045BA14243F8045B90
:10204000F9D1103002F1100352F8041B9A4240F803
:10205000041BF9D130BD000010B58EB014460A46FD
:10206000014602A8FFF7E3FF01232246009303493C
:10207000102302A800F0A7F80EB010BDE86D0020F4
:10208000014B1868704700BFF86D002003207047AF
:1020900003207047806840F0010070474FF48032A1
:1020A000064B5A6603F5E6239B69C3F385128270DB
:1020B00003F03F021B0B427003707047009000401A
:1020C000002230B501F1100300F1100513F8014DA5
:1020D00042EA440205F8012D93F900408B424FEA91
:1020E000D472F3D1002CBEBFC37B83F08703C373CC
:1020F00030BD2DE9F74F9DF838801F46DDE90C35DE
:10210000B8F1010F0446164605D891B9C0E9081187
:102110000022C4E90A2204F1100B04F120096DB970
:102120003A46304604F1200103B0BDE8F04F03F019
:1021300005B80A6802624A684262E9E7102D29463A
:1021400028BF102104F10F026D1A03EB010A13F8E6
:10215000010B534502F8010FF9D1EDB9B8F1000FA9
:1021600002D0B8F1030F17D1102929D08023481CC1
:102170000BF80130C1F10F025844002103F005F8BB
:1021800004F140035A46043B116853F8040F4140E0
:1021900042F8041B4A45F7D15B4653F8041BDA6842
:1021A0004B4582EA010243F8042CF6D15B468022BB
:1021B00021460120CDF8009000F08AF85346AEE7A2
:1021C00004F13003DEE72DE9F74304460E461746D7
:1021D0001D4600F1100915B903B0BDE8F08304F104
:1021E00020084B46802221460120CDF8008000F0D7
:1021F0006FF823690133236153B962690132626167
:1022000032B9A2690132A26112B9E3690133E36113
:10221000102D2B4628BF10233946ED1AF0188642A0
:1022200001D11F44D7E716F8012B18F801CB82EA39
:102230000C0201F8012BF2E730B50D4D87B02A46AC
:102240000446FFF7F4FE012302AA29462046009324
:102250001023FFF7B8FF04F1300004F12001FFF76D
:102260002FFF014604F14000FFF72AFF07B030BD01
:10227000E86D002007B50422694601AB002000F09C
:10228000A7F8009803B05DF804FB73B506460D4649
:1022900000F058F81428044615D1684600F07CF880
:1022A0004FF0884303225A631E601D619A63DA6B04
:1022B0009207FCD1142C02D1684600F07BF800F0A4
:1022C00065F8044601E00028EAD0204602B070BD5F
:1022D00030B5C02A93B033D0B2F5807F04D0802AC5
:1022E0002BD0292013B030BD4FF482740194019C8F
:1022F00080F00100204301901698012502901024DF
:102300002120039504940590069301AB079508944A
:1023100009900A9306AB0B9304230C9311230D939E
:102320000AAB0E910F9340F61103D20802A90EA832
:1023300010921193FFF7A9FFD4E74FF48074D5E70B
:102340000F20CFE70F4B5A6E42F004025A66D3F8C3
:10235000802242F00102C3F880220B4B5B68C3F37A
:1023600008033BB14FF08842D36B13F0430FFBD10E
:10237000142070474FF08843D86B10F04300FBD116
:10238000704700BF0080004000ED00E0014B0020DE
:102390005B68704700ED00E010B50446D7F7E8FE33
:1023A0004FF088431A6822601B696360D7F7E4FE28
:1023B000002010BD10B50446D7F7DAFE4FF0884371
:1023C00022681A6062681A61D7F7D6FE002010BD35
:1023D00008B500F005F8002818BF6FF03B0008BDF5
:1023E0002DE9F04F1C46002388461646052789B084
:1023F0002360256808EB050BA6EB050900F08EF8B5
:1024000010B16FF092000DE0684600F0D9F88246F6
:102410000028F6D14A465946684600F013F870B9CC
:10242000C4F8009023681D44B54228BF0020013F36
:10243000256001D00028DCD109B0BDE8F08FC4F8D8
:1024400000A0DEE72DE9FF4700230E4617460446AD
:10245000009300285BD00AB1002958D037F0030858
:1024600007F0030A25D04FF000094FF0E063C4E9FC
:102470000039012301962046029301A948F0005338
:10248000C4F80890C4F81C90039300F0A3F84146E8
:10249000204600F0A9F8204600F072F8054640B149
:1024A00042464946304602F070FE284604B0BDE878
:1024B000F0874FF00009BAF1000F2AD04FF0E06327
:1024C000C4E900390123CDF804D00293124B204611
:1024D00001A9C4F80890C4F81C90039300F07AF89E
:1024E0000421204600F080F8204600F049F8054617
:1024F00008B13A46D5E7034600994644DA0001336D
:1025000021FA02F29A4506F8012BF7D1CDE72125F1
:10251000CBE75546C9E700BF040000200020704704
:10252000B0F5802F24D010D8B0F5003F22D006D8C7
:1025300028B3B0F5803F14BF012048207047B0F5A4
:10254000403F14BF01202C207047B0F5302F13D02E
:1025500008D8B0F5E02F11D0B0F5202F14BF01201E
:1025600010207047B0F57F0F14BF01200620704780
:102570004B2070472A207047112070472120704758
:1025800008B5B0B14FF480620B4B9A6600F035F895
:102590004FF098435A6CD202FCD54FF48062586DCC
:1025A000064B10F470209A6604D0BDE80840FFF78F
:1025B000B7BF212008BD00BF0090004000A0004030
:1025C00008B528B12022002102F0DFFD002008BD5F
:1025D0002120FCE7836813B9816070475B685A6803
:1025E000012AFBD159607047C369032B9FBF00EBE1
:1025F00083020133D160C3617047C369042B15D8CE
:102600004FF09842116CC902FCD504339B0013654E
:102610000168103B116041680C30116050F8041CD7
:10262000034411604FF09842984200D1704750F82F
:10263000041B1160F8E7000000F00F03013BDBB260
:102640000246032B8EBF00200549C85CD10648BF57
:1026500040F01000130648BF40F08000704700BFF4
:1026600038A4030800F00F03022B10B504460BD06A
:10267000042B0FD0012B0BD1010605D4E2060ED599
:10268000BDE81040E6F77FB8E6F781F80028F5D1FD
:10269000002010BD0306FBD4E6F777F8F6E7BDE8A7
:1026A0001040E6F76EB810B5E6F771F8002814BFD1
:1026B00082240124E6F765F808B944F010042046A6
:1026C000FFF7D0FF30B9724640F201114CF2B7105B
:1026D000D6F79CF8204610BD82B002AB002803E973
:1026E000030008DC054B00F1FE4098428CBF00203F
:1026F000012002B070470120FBE700BFFDFFFF7E15
:1027000010B5074B074CD3F8AD3023609BB2A380C4
:102710002BB94FF6FE710120F2F776FDA08010BDB7
:10272000086E0020FC6D00200346034A92E8030077
:1027300083E8030018467047FC6D002007B501A828
:1027400000F022FD019803B05DF804FB044BD87D36
:10275000044B1B781BB120F00F0040F001007047C4
:10276000086E0020116F0020044B1B7823B9044B26
:10277000D87D00F00F00704701207047116F0020D6
:10278000086E0020034B93F85520027093F85630E2
:102790000B707047086E002013B50C4B02461C7876
:1027A00000907CB902AB13E90300FFF795FF58B125
:1027B000074BC3F8AD20074B1A6002F013F920460F
:1027C00002B010BD0220FBE70420F9E70A6F0020E9
:1027D000086E0020FC6D002037B56D460446284683
:1027E000FFF7A2FF95E80300FFF776FF20B1002076
:1027F000009B236003B030BD0420FBE782B0009053
:1028000002AB13E9030002B0FFF766BF38B5144B03
:102810001B7803BBFFF710FF0546FFF723FFE0B16E
:102820006AB2002A0BDAFFF79FFF22F00F02024381
:10283000D4B22046FFF716FF002818BF2546094BE3
:10284000DD7502F0CFF8FFF78FFF042801D000F00C
:1028500043FA002000E0022038BD0420FCE700BF5E
:102860000A6F0020086E00200F4BDA7D02F00F0384
:10287000591E072915D8DFE801F0040514121414B5
:1028800014100323D10648BF43F01003120601D5EC
:1028900043F080030370002070470423F2E7012314
:1028A000F0E70420704700BF086E002008B5FFF76E
:1028B000C3FEBDE80840FFF7D5BE002070470120E9
:1028C00070470120704708B5FFF740FFC0F30010C4
:1028D00008BD00002DE9F743DFF8A080DFF8A090E5
:1028E00098F8003099F81770002B18BF012027F0D6
:1028F0000F0600F00F0446EA0400FFF7B3FE05469A
:10290000A0B398F800201AB9FFF720FF030631D5CD
:10291000631E012B2ED807F00F07BC4226D022B928
:10292000264389F8176002F05DF8FFF7CCFF0646F2
:1029300060B901A8DCF77EF901A88DF80460DCF726
:1029400097F90D4B30461E70DEF7C4FD012C01D106
:10295000DCF765FC98F800302BB9022C0CBF09207D
:102960000820E5F793F91020E3F7CAFA284603B0E8
:10297000BDE8F0830025F9E77C300020116F0020CE
:10298000086E002008B5FFF7EFFE042803D0831E71
:102990005842584108BD0120FCE708B5FFF7E4FEA6
:1029A000012803D0A0F108035842584108BD08B5DA
:1029B000FFF7E8FF20B9FFF786FF00F0010008BD30
:1029C0000120FAE708B5FFF7DDFF38B9FFF77BFF15
:1029D00020B9FFF7BBFEC0F3C01008BD0120FCE723
:1029E00020290A4608B505D818B1034902F0A6FB0C
:1029F000012008BD0020FCE7CD6E0020202938B55D
:102A000004460D460ED860B120220021064802F08F
:102A1000BCFB2A462146044802F090FB01F0E2FF8D
:102A2000012038BD0020FCE7CD6E0020202070473B
:102A300040F6FC5110B50E4B0446B3F8AB20A2F1A2
:102A400014039BB28B4210D9FFF78EFE042804D1E9
:102A50004FF461632380002010BDFFF734FF08B1FD
:102A60001E23F7E74FF41673F4E70280F3E700BF85
:102A7000086E002040F6FC5208B5A0F114039BB28A
:102A800093420AD8064BB3F8AB20824203D0A3F896
:102A9000AB0001F0A7FF002000E0042008BD00BF4C
:102AA000086E002040F6FC53143880B298428CBF68
:102AB000002001207047000038B515460122054C62
:102AC000054BE0771A7004F15B00502202F036FBF0
:102AD000257738BD086E0020046E00200122084BC7
:102AE0001A700278074B83F8EE204288A3F8EF2093
:102AF000027983F8F120427983F8F220704700BF11
:102B0000056E0020086E002038B50B461446064DB1
:102B1000EA7F05F15B0102701846502202F00EFBBD
:102B20002B7F237038BD00BF086E0020084B93F840
:102B3000EE20027093F8EF2093F8F01042EA0122A1
:102B4000428093F8F120027193F8F230437170479C
:102B5000086E0020014BD877704700BF086E002038
:102B600008B501465022024802F0E8FA08BD00BF4D
:102B7000636E0020014B1877704700BF086E00207D
:102B80001FB50F4B04461B7FFF2B02D1012004B061
:102B900010BDCDE90012FFF7E7FDDDE900120428C2
:102BA00003D0084B1B78002BF0D00DF10F00FFF77E
:102BB000ABFF9DF80F00DBF7D3FC20800020E6E799
:102BC000086E0020046E00200C4B10B51B7F0446DD
:102BD000FF2B08D0FFF7C8FD04280AD12046FFF7D5
:102BE000A5FF002004E0FFF768FE0028F2D10120D5
:102BF00010BD034B1B78002BF0D1F8E7086E0020C6
:102C0000056E00202DE9F04704460F4615461E4686
:102C1000FFF7AAFD042851D1FF2D51D0DFF8B08075
:102C200098F81C30AB424BD0FF2B02D0EB1A1B069E
:102C300046D44CB140F2EA62A4F11E039BB2934227
:102C400002D90220BDE8F0872046DBF793FCFF287D
:102C50008146F6D03046F2F78EFF98B3DFF874A0C5
:102C60009AF8004024B1042002F038F8044658B322
:102C70002A4639464846FFF71FFF3046FFF72EFF2A
:102C800001F0B0FE9AF800000028DBD098F81F3061
:102C900050223946237284F8605004F1090002F092
:102CA0004DFA33682146C4F85A30B388A4F85E3030
:102CB000064B186802F024F80020C3E70120C1E7A2
:102CC0000320BFE70520BDE70620BBE76C510020CD
:102CD000086E00200A6F00200023024A1370024A87
:102CE00013707047046E0020056E002038B504464E
:102CF000FFF73AFD0428054611D1FE2C234628BFD4
:102D0000FE23084A92F85A10994206D082F85A30A7
:102D100001F068FE2846E3F7F3F8002000E0012008
:102D200038BD00BF086E002010B50446FFF71CFD3B
:102D3000042803BF034B002093F85A30012008BF3A
:102D4000237010BD086E0020014B93F85A007047A5
:102D5000086E002038B5294CE07DFFF783FC002881
:102D60003AD1FFF7A0FC0125E07594F85A30FF2B0B
:102D700004BF002384F85A30237F08BF0125FF2BAE
:102D800011D1002528462577DBF7EAFB2946E077B5
:102D900050221B4802F0F9F9A4F8EE50A4F8F050C4
:102DA00084F8F2500125FFF78EFDB8B194F8552054
:102DB00094F85630134305D00023054684F8553067
:102DC00084F8563001230F4A284613700E4A1370B8
:102DD00000220E4B1A7038BD0025C6E794F8553016
:102DE00013B1012584F8550094F85630002BE9D032
:102DF0000023012584F85630E4E700BF086E002068
:102E0000636E0020086F0020096F0020116F002002
:102E100010B502F077F9A8B101F0C2FD01F0E8FDAC
:102E2000044600F007FAFFF795FF00B90CB101F076
:102E3000D9FD0022044B1A70FFF74EFFBDE8104089
:102E4000FFF75EBC10BD00BF0A6F0020094B10B534
:102E50001C7864B9DF22FF21074802F096F9FFF7DA
:102E600079FF01F0BFFDFFF74BFC204610BD0120AC
:102E7000FCE700BF0A6F00201C6E002008B5094B5C
:102E80001B7863B9084B00F1100250F8041B904204
:102E900043F8041BF9D101F0A5FD002008BD022074
:102EA000FCE700BF0A6F00203D6E0020102210B525
:102EB00009490446094802F031F9002814BF0020EE
:102EC00004202346054A02F1100152F8044B8A42BD
:102ED00043F8044BF9D110BD041900203D6E0020C9
:102EE00008B5094B1B7863B9084B00F1100250F884
:102EF000041B904243F8041BF9D101F073FD00203C
:102F000008BD0220FCE700BF0A6F00204D6E0020C4
:102F1000102210B509490446094802F0FFF80028BC
:102F200014BF002004202346054A02F1100152F884
:102F3000044B8A4243F8044BF9D110BD0419002018
:102F40004D6E0020012303700C2343700020704756
:102F500070B5104D044695F85500E5F7CFFB08B95C
:102F6000042070BD95F85600E5F7C8FB0028F7D09F
:102F700095F85500E5F7B4FB4FF47A76B0FBF6F020
:102F8000208095F85600E5F7ABFBB0FBF6F06080CB
:102F90000020E6E7086E002038B504460020E5F77B
:102FA0009FFB4FF47A75B0FBF5F020800020E5F729
:102FB00097FBB0FBF5F06080002038BD0A4B13B5DD
:102FC0001B78044673B101A8DBF734FE9DF80500B9
:102FD000E5F786FB4FF47A73B0FBF3F02080002016
:102FE00002B010BD0220FBE70A6F002070B5054655
:102FF000FFF769FC044688B94FF47A762888704355
:10300000E5F774FB40B168887043E5F76FFB18B1D2
:103010002A886B889A4203D9042070BD0220FCE7FD
:103020002046FAE7F8B50546FFF7E0FF0446A8B9E1
:103030004FF47A7728887843E5F792FB064668884C
:103040007843E5F78DFB064B83F8560083F855600F
:1030500001F0C8FC4FF40050E2F752FF2046F8BDE3
:10306000086E00206620704740F2DC50704700F088
:10307000D7BE00000020014B187070470A6F002077
:1030800030B51A4B85B0032119481C7802F014F8AA
:10309000019001A884F0010400F0CAF808B944F0D6
:1030A000020402AD2846FFF73FFB95E80300FFF757
:1030B00013FB08B944F004040E4DE87E00F0B2F8AA
:1030C00008B944F00804E87DFFF7CCFA08B944F0E9
:1030D0001004FFF749FB042804D12B7FFF2B08BF06
:1030E00044F02004204605B030BD00BF0A6F002028
:1030F000206E0020086E002038B50546FFF7C0FF9F
:10310000044620B1002302242B60204638BD00F085
:1031100089FE2860F9E7000008B5FFF7B1FF012834
:1031200002BF024B1870002008BD00BF0A6F0020CC
:1031300038B50546FFF7A4FF044640B9E1F7FCFDAA
:1031400018B101232B60204638BD2C60FBE7022418
:10315000F9E7000038B50A4B05461C785CB9E5F77D
:103160007DFB50B107480322296801F0B0FF01F050
:1031700039FC204638BD0220FCE70420FAE700BFF6
:103180000A6F0020206E00200C4B37B51C780546D6
:103190002CB10B4B1B680360002003B030BD032132
:1031A000084801F089FF019001A8E5F757FB08B92D
:1031B0000420F2E7019B20462B60EEE7116F002010
:1031C0000C6F0020206E0020084B10B51C7844B90D
:1031D000431E0B2B07D8064BD87601F003FC204684
:1031E00010BD0220FCE70420FAE700BF0A6F0020B0
:1031F000086E0020084B1B7823B1084B1B78037026
:1032000000207047064AD27E511E0B2901D8027059
:10321000F6E70420704700BF116F0020106F0020F8
:10322000086E002001380B288CBF00200120704759
:10323000E5F714BB08B510220449054801F06EFFFC
:10324000003818BF0120034B187008BD0419002076
:10325000BD6E0020126F002008B5064B834306D1D7
:10326000054BC3F8B10001F0BDFB002008BD0420F0
:10327000FCE700BF024C9319086E0020024BD3F804
:10328000B130036000207047086E002038B5144D3F
:1032900004462B7810227BB10146124801F03EFF14
:1032A0000446D8B91022FF210E4801F06EFF2C70A1
:1032B00001F098FB002038BD0B4901F02FFF0028DA
:1032C000F9D02046074B04F1100250F8041B90423D
:1032D00043F8041BF9D101232B70E9E70420EAE746
:1032E000126F0020BD6E002004190020034B1B78D4
:1032F000002B14BF05200420704700BF126F002070
:10330000064B1B7843B1064BD3F8B13030EA0303C8
:103310000CBF01200020704701207047126F002071
:10332000086E0020024B83430CBF01200020704731
:10333000024C931908B5064B0146187830B110229B
:10334000044801F0EBFEB0FA80F0400908BD00BF70
:10335000126F0020BD6E0020014B1870704700BF37
:10336000086F0020014B1870704700BF096F0020E4
:10337000014B1878704700BF096F002038B50D4623
:10338000044618B90B4B1870002003E0FFF750FFFC
:1033900008B9042038BD2846FFF744FF0028F8D0BC
:1033A0002268054B1A600122044B1D70014B1A70F4
:1033B000EAE700BF116F00200C6F0020106F0020A3
:1033C00070B58CB0FFF7D0F9042810D100238DF828
:1033D0000430FF238DF8053000209DF8043063F39E
:1033E00007009DF8053063F30F200CB070BD00F0AE
:1033F00087F928B903238DF805008DF80430EBE731
:1034000005A801F0FFF81022002101A801F0BDFE7F
:10341000FFF7C3FA002855D19DF81430002B51D086
:103420000B9D00F04DF9044606AE002C4DD1019ADB
:103430008DF80040FF2A28BFFF22D4B2029A039ED3
:10344000B2F5FF7F9DF810009DF811509DF9121004
:103450009DF8133013D2B6F53F7F10D809B14D3126
:1034600005DA9DF8002042F004028DF800200328C0
:103470009EBF9DF8002042F002028DF800209DF8CA
:10348000142072B9BF2C28BFBF249DF800201B0157
:1034900043F0010303F0110322F0110213438DF8EE
:1034A0000030FFF710FA30B12DB99DF8003043F02D
:1034B00008038DF800308DF80140BDF80030ADF8FC
:1034C000043089E74FF0FF35ABE7A37D03F003023B
:1034D000032A2FD032B9627BC3F340138DF8122038
:1034E0008DF8133096E80C00D4E9010101F0F7FDE6
:1034F00028B39DF81030FF2B28D10023A27DD206DF
:1035000006D59DF81120FF2A1CBF01328DF811202D
:1035100094F90D2012F13E0F1CDB002B0CBF3F2253
:103520002F22019B13440CBFFF22BF220193029B59
:1035300013440293204600F0C9F8044675E7A07BC7
:10354000E1F74DFEA842D4D90123D7E701338DF826
:103550001030D2E712F14C0F0DDB002B0CBF3322E1
:103560002622019B13440CBFFF22BF220193039B21
:1035700013440393DEE712F1510F07DB002B0CBF5E
:1035800014220E22019B13440193D3E712F1560F2C
:10359000D0DB002B0CBF0A220722F3E7F8B5D4F7E3
:1035A000E5FD00220D4B11461F4684B21D68D0B2C6
:1035B0009DB19D89651BB5F5967F0EDA07EB011568
:1035C00093F9086095F908500132AE42B8BF014640
:1035D000142A03F11003E9D10846F8BD146F002046
:1035E000F7B56D46002485E80300084F07EB04118A
:1035F00095E80C0003C9E6B201F071FD18B9013479
:10360000142CF3D1FF26304603B0F0BD146F002018
:103610002DE9F84F0546D0E90601FFF7E1FFFF2845
:10362000044602D1FFF7BAFF044605F13000D5F891
:103630001890B5F81C8095F94A7095F94960E0F743
:103640007FF8D0B195F839A095F814B0D4F78EFD75
:103650000B4A95F84E1023B21C0102EB031342F8FB
:103660000490A3F804801F725E7283F80AA083F8A6
:103670000BB098819973BDE8F88F4FF0FF0AE3E72C
:10368000146F002008B503210948E0F727FA09481C
:10369000DAF780FF4FF4F0720021074801F075FD62
:1036A000BDE808404FF4A0720021044801F06DBD50
:1036B000113603085470002060700020146F002041
:1036C0000148DAF775BF00BF54700020DAF770BF09
:1036D00037B56D4685E803000848DAF769FF044608
:1036E00010B9204603B030BD95E80C00D4E90101C3
:1036F00001F0F5FC0028F4D12046EEE754700020DC
:10370000014B9868704700BF547000202DE9F04FBE
:10371000A54887B0DAF73EFF4FF4F0720021A348C6
:1037200001F033FD0020DDF7A3FF00250446DFF89C
:103730007C82DFF874B20CB1132D26D9D4F716FDB4
:103740009B4C9A4FDFF8609204F5A07886B2132D57
:103750000DD8236843B1A389F31AB3F5616FC0F2A2
:10376000998000232360A38010344445EFD1DBF718
:10377000DDFE0646DFF83092DFF830A204AF002EFF
:1037800040F0BB8007B0BDE8F08F2046DEF7EEFAD0
:1037900018B9FFF796F8002876D118260DF1100A0F
:1037A00021465046DEF7C3FB06FB05866B1CDBB2E9
:1037B0000193049B20467360BDF8143005EB450966
:1037C0003381DEF773F9F0732046DEF7F3F9707397
:1037D0002046DEF7F8F930742046DEF7FEF9707403
:1037E0002046DEF7A1FB0122B37D708262F3010364
:1037F0000C212046B37508EBC909DEF711FCA0B116
:10380000B37D204623F02303B375DEF78BFA60B94E
:103810002046DEF77CFB03794279934234BF0023D4
:103820000123B27D63F34512B2750DF10E029AE8E1
:103830000300E5F73CFB182101FB058528732046B2
:10384000DEF7F7F90921A8732046DEF7E9FB002827
:1038500014BF01220222AB7D204662F38303AB75C5
:10386000DEF780FC28752046DEF779FC00216875BC
:103870002046DEF7D5FBAB7D494660F30413AB75FC
:103880005846DAF797FE019D20460021DDF7E0FE5D
:10389000044650E794E80300FFF71AFF00287FF47E
:1038A00063AF182303FB05732268997D5A60A288D1
:1038B00021F013011A81E27A05F1010ADA73227A02
:1038C00005EB45055A7394F9092018735A741A7454
:1038D000A28948465A82A27A5FFA8AFA9A73A27B30
:1038E000120142F0020202F013020A439A7507EB3A
:1038F000C501DAF75FFE554636E731463846DBF755
:10390000B3FF97E80300FFF7E3FE0446002847D122
:10391000132D40D84FF001086B1C05EB45050AEB51
:10392000C504DDB2049B30466360BDF814302381CA
:10393000DCF790FCE0733046DCF72CFC607330461B
:10394000DCF731FC60743046DCF737FC207430461D
:10395000DCF799FCA37D608243F00303A375B8F103
:10396000000F01D00023A3730DF10E0300210DF110
:103970000D023046DBF74CFE20733046DBF7FAFFD2
:10398000A37D60F30413A375B8F1000F03D02146A3
:103990004846DAF70FFE3046DBF7F8FD0646EEE65E
:1039A0004FF00008BEE700BF547000206070002098
:1039B000146F002010B5FFF763FB044628B94FF4DD
:1039C0008070E2F79DFA204610BD0124FBE700005D
:1039D0002DE9F04F85B00546DDF7C8FE00283CD044
:1039E00002AC20462946DEF7A2FA94E80300FFF76E
:1039F000F7FDFF28044602D1FFF7D0FD0446029AE6
:103A000028460192BDF80CB0DEF7D4F8824628466D
:103A1000DEF7D9F881462846DEF748F807462846FB
:103A2000DEF707F980462846DEF77EFA00210646D3
:103A30002846DEF7F5FA0A4923B2019A1C0101EB88
:103A400003130A51A3F804B083F808A083F809907F
:103A500083F80A80DF729E81987305B0BDE8F08F0D
:103A6000146F00202DE9F0470646A2B0382206F177
:103A700008040F4614A8002101F087FB2046169683
:103A8000E7F7E5FF14902046E7F7CCFF15902046B6
:103A9000E8F7E3FB2146179004A8E8F786FA049BB1
:103AA000214606A81993E8F780FABDF81C30214694
:103AB00008A8ADF86830E8F7A3FA089B21460AA8E1
:103AC0001B93E8F79DFABDF82C302046ADF8703016
:103AD000E8F7EEFC8DF87D002046E8F7F3FC8DF862
:103AE0007E003046E4F7B5FC18902046E8F70CFC61
:103AF00021468DF87C000CA8E8F7BCF80C9B0EA8BA
:103B000021461D93E8F7B6F8BDF83C302046ADF8E5
:103B10007830E7F79FF848B92046E8F706FE8DF8B9
:103B20007F002046E8F7EEF98DF880002046E7F7A1
:103B3000D7FFA0B1E5F7B4FE01282DD18DF88100A3
:103B40002046E8F74BF8ADF882002046E8F72FF85A
:103B5000ADF884002046E8F72DF88DF886004C4B30
:103B60009DF87E201D689DF87D10002D3FD01879AE
:103B7000884202D15879904207D09D68BDB3187B26
:103B8000884234D15B7B934231D114A8A8470225E7
:103B9000284622B0BDE8F0872046E5F70BFF08BBBA
:103BA000E5F762FE054608B90025F1E72046E8F78B
:103BB00015F80DF14009214680464846E8F7F5F929
:103BC0002046E8F775FC82462046E8F77BFCCDE905
:103BD00000A0414699E80C002846E5F7AFFFCDE983
:103BE0001450BCE700F0FD000128B8D1DCE7EF2954
:103BF00001D8EF2A0CD9274B5D780DB1187808B998
:103C00000125C5E7814201D1AA4201D00233F3E781
:103C100037B900F089FB18B1304600F079FBB6E700
:103C20001B9B14A85A1C04D003F07F43B3F1004F30
:103C30000AD1D8F789FD0228054608D1012000F0F5
:103C40007BFB002FA4D1E7E7D8F76AFDF3E717B1B4
:103C5000304600F063FB2046E7F742FF0028A3D080
:103C60002046E7F7BBFF12AE214605463046E8F78F
:103C70009CF92046E8F71CFC03902046E8F722FC5C
:103C80000090039B284696E80600E5F78EFF8BE739
:103C9000407200203CA4030873B56D4600F108068D
:103CA000314604462846E8F7ABF995E80300E0F70B
:103CB000E0F838B13046E8F719FA18B1012120468A
:103CC00000F0D2FA0021204602B0BDE87040FFF7B4
:103CD000C9BE10B500F04CFB044648B10121FFF706
:103CE000C1FE022804D02046BDE81040D7F772BBC1
:103CF00010BD000030B4144C2368B3B1257985425F
:103D000002D165798D4218D0A3686BB1257B8542BD
:103D100002D1607B884210D072464FF4CD7130BC26
:103D20004EF2CD20D4F772BD012304EBC3052871F8
:103D3000697144F8332030BC70479A42FBD0724618
:103D40004FF4CA71EBE700BF4072002070B50C461B
:103D500000F10806497C05463046E8F797FB3046F7
:103D6000A17CE8F79CFB3046A17DE8F793FAE37C61
:103D70001A0707D501213046E8F748FB02213046F3
:103D8000E8F700FA28460121E4F78EFC2846A18ACC
:103D9000E4F78EFCE37C3046DB0642BF95F8C23088
:103DA00043F0100385F8C230F5F7FFF900280CBF87
:103DB0000A20002070BD000038B5C37C024613F015
:103DC000010011D0948AD4F7E3F90023094A02EBE9
:103DD000C3014D68013508D142F833000020064A7E
:103DE0004C601368013B136038BD0133102BEED1DA
:103DF0000720F9E7547200205072002000234FF092
:103E0000FF31054800EBC3020133102B5160F9D19B
:103E1000024A1360704700BF5472002050720020A5
:103E200010207047064B10B51C68E4F7FBFBA0425E
:103E300003D8BDE81040E4F7F5BB204610BD00BF35
:103E4000507200202DE9F04F2DED028B9BB00446FF
:103E5000FFF716F9002840F0BE810DF12C0804F19F
:103E6000080999E8030088E80300C0B9052599E826
:103E70000300DBF78DFB0246C8B999E80300DDF7C4
:103E8000FDFB003818BF0120A37FD3B1C8B1FEF7F6
:103E90006BFC04280DD02368CBB9062511E098E807
:103EA0000300E4F785FC0028F1D10E25DFE70120AF
:103EB000EAE7E37C1807EED5E4F778FC0028EAD1BE
:103EC000032528461BB0BDEC028BBDE8F08FA3880C
:103ED000002BE2D0E27C91060DD5662BDDD8618BFC
:103EE000C3F5BB630433994203DC238BB3F5805FD6
:103EF00005D30D25E5E740F2DC518B42CDD8237C7C
:103F0000022B00F26A81930717D5FEF7D6FC002832
:103F10003AD0A36803F07F42B2F1004F34D05A1E6A
:103F2000033231D8023300F05A8199E803000022AD
:103F3000DDF7A4FB18BB0B25C3E7657CA67C2846F0
:103F4000E7F794FD38B1F82D0BD0FEF70DFC0428EF
:103F50000AD00925B5E73046E7F788FD0028F2D1F9
:103F6000D3E7FF2EF1D1D0E7F02EF2D1FF2DF0D123
:103F70004FF00050FFF7C4F90028C6D1E9E7092146
:103F8000DEF74EF80028D6D0E77C4FF6FF7317F027
:103F9000010F0FD0A28A9A4200F023810023924998
:103FA00001EBC3004068904200F01B810133102BED
:103FB000F6D100E0A382A088662866D80320E4F743
:103FC0004DFB0646002800F0BF802046FFF7F4FEB8
:103FD000054618B13046D7F7FDF972E717F020070C
:103FE00006F1080A3FD0238B009399E80C00617C0E
:103FF000A07CE6F7E5FD638BADF82C00ADF82E3024
:10400000A3885046ADF83030237FCDF8008099E882
:1040100006008DF83230237CE7F79AFD238B00935E
:10402000617CA07C99E80C00E6F7B6FD014650469D
:10403000E8F75AFA21463046FFF788FE0546002881
:10404000C8D15046E7F703FDA288216801F076F851
:1040500099E80C00617CA07CA7B1E6F7CDFD304665
:10406000E5F7B6FF2DE7A3885046009399E80600D0
:10407000237CE7F777FC99E80C00617CA07CE6F7ED
:1040800081FDD3E7E6F7A4FDE9E700F061FEA38A2E
:10409000064608EE103A4746C3464FF0000A5FFA5C
:1040A0008AF5AE423DD82046FFF786FE0546002839
:1040B00055D10DF1140A01461822504601F065F859
:1040C00099E8030006AB83E803002368617C08934A
:1040D000A388A07CADF8243099E80C00E6F766FDD3
:1040E000237CA9468DF828304FF6FF7308EE90AA7E
:1040F000A38204F108030293731EADF82600039314
:104100005FFA89F39E422CD8E6F782FD0024E3B2E1
:10411000B342BFF4D6AE57F8040BE5F759FF0134AC
:10412000F5E70320E4F79AFA0AF1010A4BF8040BC9
:104130000028B4D1044604E057F8040BD7F74AF935
:104140000134E3B2AB42F7D30425BAE657F8040BC7
:10415000D7F740F90134E3B2B342F7D3B1E6002414
:10416000F9E758F829A018EE900A0AF1080BCDF8E3
:1041700014B08DF8293000F0F5FD029B617C0CCB6A
:10418000A07CE6F7FFFC01465846E8F7ADF921466A
:104190005046FFF7DBFD834648B157F8040BD7F7CD
:1041A00019F9681CC5B2AE42F7D15D4689E6039B9A
:1041B0004B450DD118EE101A5046E4F779FA029BE0
:1041C000617CA07C0CCBE6F703FD09F1010997E7C0
:1041D000E6F70AFDF9E7012573E6022571E60C25ED
:1041E0006FE608256DE600BF5472002010B5044646
:1041F00050B10830E7F701FC30B12046BDE810406F
:104200004FF6FF71E4F754BA10BD000038B50D4603
:10421000044630B30830E7F7F0FBE8B12046E4F796
:104220004AFA4FF6FF7398420DD055B10821204647
:10423000E4F73AFA0B4B21461868BDE83840E4F73A
:10424000FDB90921F3E794F8C2309B0704D5204655
:10425000BDE8384000F01AB92046BDE83840D7F72D
:10426000B9B838BD087300202DE9F0418CB005467F
:104270000F46E4F720FA4FF6FF739842064636D011
:104280000024DFF87C8008EBC4035A68B24231D1C5
:104290004FF0FF325A60D3F77BFF184958F834309B
:1042A0000A6805F108040132C31A0A6008A8214609
:1042B0000593E7F7A5FE089A21460AA80692E7F7B4
:1042C0009FFEBDF82C202046ADF81C20E8F7F0F842
:1042D00005462046E8F7F6F8059B0246DDE90601AB
:1042E00002978DE8030029463046D8F74BFA0CB008
:1042F000BDE8F0810134102CC5D1F8E750720020E0
:10430000547200200148E4F7B5B800BFD87200200D
:104310000149E4F745B800BFD872002001460148C2
:10432000E4F76EB8D8720020024B1878003818BF36
:1043300001207047D47200200146074B10B10122C2
:104340001A7070471A78012A05D102221A70034B9D
:104350001868D7F7D1B97047D472002008730020CD
:104360000022052311460148E4F7E6B8D872002080
:1043700010B5064C2378022B05D10548E4F71EF949
:1043800000B9207010BD0020FCE700BFD4720020EF
:10439000D8720020024B1878831E5842584170474B
:1043A000D472002010B596B0E6F716F90190E6F742
:1043B000ABF9044602A8E6F7B5F92046019A02A92E
:1043C000FEF77AFB16B010BD38B5184D2868D7F740
:1043D000B5F9044608B3E4F769F909280BD00A28AF
:1043E0000BD0082803D101212046FFF73DFF2046CE
:1043F000D6F7F0FF06E00021F6E72046FFF74CFC79
:104400000228F4D12868D7F7B3F948B10021286809
:10441000D7F772F94FF0FF3038BDFFF75AFCF1E7DC
:10442000FFF7B8FF0028F1D1F4E700BF08730020C0
:104430007FB500F067FEF0B11422002101A800F062
:10444000A4FE0E4B684600931A238DF804300C4BE3
:1044500002934FF4FA630493D6F712FDD7F7F4F8FA
:10446000084B1860FFF7CAFCFFF74CFFE5F700FAAE
:104470000548E6F705FB07B05DF804FB4CA403080C
:10448000C943030808730020A543030838B5044650
:10449000D0B100F108052846E7F7AFFA38B394F831
:1044A000C2305B0711D42846E7F79DFE68B120466D
:1044B000E4F7EAF8054648B994F8C23023F0060359
:1044C00043F0060384F8C23038BD254694F8C23064
:1044D000284643F0040384F8C2300A21E4F7E4F8E4
:1044E000054B29461868BDE83840D7F705B920467E
:1044F000BDE83840D6F76EBF087300202DE9F04FB5
:10450000394C85B094F800A0D4F80490D4F80C800D
:10451000277DA669E0F7D8FB1C220546002120462E
:1045200000F033FEE0F7ACFB00B15DB9002323706F
:10453000237853453BD02D4C2368002B4CD105B03C
:10454000BDE8F08F402D01D10123F0E7EB4602AD2D
:104550002846E0F719FC5846E0F7FEFB9BE803000D
:10456000231D012283E80300DFF7A3FCA0610130D3
:104570001DBF2346D5E90001022201231ABF03F81B
:104580000C2BC3E900012370FEF7EEF8042803D1D9
:10459000174B1B782375CBE7002295E80300DDF766
:1045A0006DF80028C4D0DDF781FA2075C0E7636894
:1045B0004B45C0D1E3684345BDD1237DBB42BAD151
:1045C00001213046E0F7FAFD01210546A069E0F738
:1045D000F5FD8542AFD1B2E798476368002BAED0B6
:1045E00005B0BDE8F04F1847147300200C7300208D
:1045F000803000201C220021014800F0C6BD00BF11
:104600001473002030B50446034D0FCD0FC495E858
:10461000070084E8070030BD14730020094A1368BE
:1046200063B198420CD053683BB1984208D07246AF
:104630007B2140F62630D4F7E9B8012342F8230065
:10464000704700BF0C730020FFF758BFFFF75EB83C
:10465000FFF7D0BF2DE9F043044687B002A8884693
:104660000121F0F7B3FE354B04A8CDE90434F6F789
:1046700093FF0546D3F786FD059C044405B1A84782
:10468000D7F7FAF821460020D7F7CEF807460028DA
:1046900043D1F6F739FE81238DF804708DF805308B
:1046A00000209DF8043063F307009DF8053063F3A4
:1046B0000F2007B0BDE8F08305B1A847B946D7F78A
:1046C000EFF800BBF6F796FF7F28F8D043421BB205
:1046D00083F30703D9B202A8F0F7A2FE02A8F0F70D
:1046E0007DFE81460028E7D002A8F0F78BFE40420D
:1046F00040B28642B8BF06468442A8BF0446804501
:10470000DADAD7F7D3F8F6F7FFFDB9F1000F09D1E0
:104710008DF804408DF80560C2E700246FF07E0636
:10472000A146CCE702A8F0F759FE0028F0D102A874
:10473000F0F768FE404244B22646E9E7B424002080
:1047400008B5F7F737F8006808BD08B5F7F732F88D
:10475000406808BD10B5F7F72DF88468DAF732F82D
:10476000A04238BF204610BD034A044B02FB003074
:10477000034BB0FBF3F0704700127A0000C63E0511
:10478000A086010000487047A219B90810B50021A1
:104790000446DDF745FC50B1F2F7D6FF38B1F2F729
:1047A00003FF01462046BDE81040EBF76ABF10BD8D
:1047B00010B50C4608B1DBF714FC00F001012046EF
:1047C000BDE81040E7F736B838B504460D46FEF7A9
:1047D0007AF840B12846E7F733F820B12046BDE823
:1047E0003840EBF769BF38BD70B500F108050446E5
:1047F00028460E46E7F77AFC90B146B12046EEF720
:10480000B5F968B1BDE870400420DCF7A5BE2846C4
:10481000E7F7CCF820B12846E7F790FC0228F1D062
:1048200070BDF7B56F4600F10806044631463846BC
:10483000E7F73CFA3046F4F7E6FC94F8C23050B99A
:1048400043F0400384F8C2300121204603B0BDE8A4
:10485000F040DEF74FBB43F0010384F8C230009B09
:10486000013345D097E803000022DCF707FF054637
:10487000FEF788F860B397E80300DAF789FE074689
:1048800030B3DBF777F800284CD03946204600F0EB
:1048900051FB022805D1204603B0BDE8F040D6F711
:1048A00099BD00212046FFF79FFF07F11001204628
:1048B00003B0BDE8F040E3F773BD3046E7F73EFCD8
:1048C000002836D0204603B0BDE8F040F2F7C8BC5F
:1048D000002DB9D02DE000212046FFF785FF05F11E
:1048E0002801E4E7204603B0BDE8F040DEF7C2BC93
:1048F0003046E7F709FD0546FDF7E5FF30B9032D22
:1049000004D1FEF73FF80028DCD1C4E72046DEF7EB
:10491000B1FC032D26D00121204603B0BDE8F040B4
:10492000FFF762BF002DCDD03046E7F73FF80028F3
:10493000C3D100212846DDF773FB0028CFD02946DC
:10494000204600F0A9FA0228A5D0C4D90328C9D06E
:1049500072464FF4817143F6825003B0BDE8F040D7
:10496000D3F754BF03B0F0BD10B50446A8B1E3F7C8
:1049700061FE032803D0072806D0012808D120466D
:10498000BDE81040FFF74DBF04F10800DEF703FA61
:104990002046BDE81040D6F71DBD10BD7047000091
:1049A00010B50F4C4FF48072FF21204600F0EDFB54
:1049B000204600F067F8636801330BD0A368FF2B33
:1049C0000AD9B3F5807F09D072462A2145F6B66030
:1049D000D3F71CFF012010BD0220FCE70020FAE7FE
:1049E000086E0020014800F00DB900BF086E0020DD
:1049F00070B5214D2C6B631C36D01C22002105F1B3
:104A0000C90000F0C2FB4FF0FF33C5F8C5400124D8
:104A10002B631A4E0321304600F04EFB184B421E0A
:104A20009A4201460AD8042206F1990000F04FFB91
:104A30006FF07F430134E4B23380B37095F8F13006
:104A4000FF2B13D1002385F8EE3085F8EF3085F881
:104A5000F03085F8F13085F8F2300134E4B2FF230C
:104A6000204685F8343070BD0024D2E7032BF6D9F8
:104A7000002385F8F130F0E7086E00201C6E00205E
:104A8000FCFFFF004FF0FF332DE9F04F584FDFF8E8
:104A90006C813B60D8F8003097B003219B690646D3
:104AA00038469847D8F8003038681B6907A99847F6
:104AB000504C002877D10C9B23602368B3F5005F2E
:104AC00005D272466C2142F66D60D3F79FFE4A49CB
:104AD0004FF0FF3300228B46DFF824A12468CAF888
:104AE00000305309634302F01F0001320B60402A7B
:104AF00003EB00234B6001F10801F2D14FF0FF39C5
:104B000000234D460193019B38680BEBC302D8F894
:104B1000003052681B6802A91C461423A0470028D5
:104B200048D1D8F800303868DB6898470028F8D1B9
:104B3000039B4B4509D24AF25A52BDF808109142E4
:104B400008BF9946019B08BF1D46019B0133402BBE
:104B50000193D8D16A1C23D01C46D8F800300BEB47
:104B6000C502D3F8009031464FF48073526838681C
:104B7000C84730BBD8F800303868DB689847002851
:104B8000F8D14AF25A5332889A4221D1FC21301D81
:104B9000B6F80290F0F7E8F9814519D1CAF800504B
:104BA00017B0BDE8F08F7246672142F66D60D3F70B
:104BB0002DFE82E77246842142F66D60D3F726FE11
:104BC000B6E77246A62142F66D60D3F71FFED8E71E
:104BD000002D08BF4025013C05F1FF35BDD14FF444
:104BE0008072FF21304617B0BDE8F04F00F0CDBA1B
:104BF000347500203875002030730020281B0020F9
:104C0000307500202DE9F341DFF8CC802F4DD8F826
:104C1000003004460133402B28BF002355F83320D1
:104C2000C8F8003005EBC3035B68294E9342294F57
:104C300010D10093012301933B6869469B6830685B
:104C400001AA9847002830D13B683068DB68984754
:104C50000028F9D100236372A372E37263686FF0D6
:104C60000C02013B63605A2323706FF05A03FC214E
:104C700022726370201DF0F777F96080D8F8003059
:104C8000224605EBC3053B686968D3F804803068A9
:104C90004FF48073C04778B93B683068DB68984749
:104CA0000028F9D102B0BDE8F0817246D42142F665
:104CB0006D60D3F7ABFDCDE77246F12142F66D6032
:104CC00002B0BDE8F041D3F7A1BD00BF30730020B2
:104CD00034750020281B00203075002038B5642171
:104CE00005460020E3F7EEFA044638B100216422BD
:104CF00000F04BFA29462046E3F79AFC204638BDDF
:104D0000E3F79ABC38B5D42105460120E3F7DAFA77
:104D1000044610B12946E3F78BFC204638BDE3F783
:104D200089BCE3F789BC08B5FFF714FD00F5A7506F
:104D300008BD41F288307047FF2307B55922009023
:104D40001946A020F0F70BFBC0B203B05DF804FBDE
:104D500003460022002BD0B202F1010200DC7047B2
:104D6000663BF7E77FB50446068A3046FFF7F0FF5B
:104D70000022637D8DF80F2003EB4305628A05EB6B
:104D8000051501386D008342ADF80820ADF80A50D2
:104D90001ADA002B0CBF012303236626D4E9011283
:104DA0008DF80E3002AB20680093237DADF80C60C7
:104DB000E6F7CEFE2068E6F74AFEE168324629446F
:104DC00000F0BCF904B070BD761B0223B6B2E5E773
:104DD00037B50446087C0D46E3F7DDFCA0B120465C
:104DE0003121E5F7EBFF2B7C04F10800E370AB68A1
:104DF00001906360697CE7F7CDFDE97C019801F0E3
:104E00000101E7F7D5FD0934204603B030BD70B588
:104E10000C46054610B90026304670BDE5F7CAFFBE
:104E20003128F8D1E8782074E3F7B5FC064600286D
:104E3000F1D06B680835A3602846E7F7A7FD6074DA
:104E40002846E7F7ACFD0022638A000223F4FF73D3
:104E500023F00103C0F3080003432260A2806382B1
:104E6000E260D9E70020704710B50446E3F7DAFBAB
:104E700078B12046E3F710FB082804460AD9F0F77A
:104E80009FF9FF23073CB3FBF4F3834234BF0020B8
:104E9000012010BD0120FCE790F8C23070B51B075F
:104EA00005460C4601D4002070BDDFF74DFF00B36E
:104EB000ECF780FF08B10120F6E72046DCF732FF6F
:104EC000A0B32046DCF70BFF0228054608D8204691
:104ED000DDF71CF9FFF7C8FF0028ECD10220E3E75B
:104EE000F0F76EF94FF4FF73B3FBF5F58542EED2A0
:104EF000F4E705F10800E7F7F9F806462046DDF784
:104F000004F8DBF74FFE05462046DDF700F803798D
:104F100073B92046DCF7A6FC0446002EC3D1FDF78A
:104F200023FC022802D10DB1002CC4D00320BBE722
:104F30000124F2E708B590F8C23013F0080008D059
:104F40000846DBF76AF9FFF78FFF002814BF01203E
:104F5000022008BD70B5A8B0EEF7AAFD40B9414ADD
:104F6000414B11680B4413603E4B186828B070BD6C
:104F700009A8DEF777FA0D9B0024FF2B28BFFF233B
:104F800003948DF80C300A9BCDF80F40FF2B28BFFF
:104F9000FF238DF809300B9BFF2B28BFFF238DF8D3
:104FA0000830099BFF2B28BFFF238DF80A300C9B8C
:104FB000FF2B28BFFF238DF80B30DFF761FE88B38E
:104FC0006D462846DFF7E0FE95E803002246DCF751
:104FD00055FB38B322460EA9DFF7ACFB01210F9831
:104FE000E0F7ECF801218DF80D001398E0F7E6F8F2
:104FF00001218DF810001298E0F7E0F801218DF8FA
:105000000F001198E0F7DAF801218DF80E001498DE
:10501000E0F7D4F801218DF811000E98E0F7CEF8F2
:105020008DF8120000252C46EEB23046EEF704FD56
:1050300068B134B902AB0EAA09A905A8EEF766FD5E
:1050400004463046EEF744FD3046EEF715FD3DB11F
:1050500014B12046EEF786FD024A044B116881E741
:105060000125E1E73C750020C0E1E400404B4C0025
:1050700030B587B000F046F8A8B1FDF720FC90B13C
:105080006C460A4D0FCD0FC495E8030084E8030079
:105090006846D5F7F5FED3F775F8054B054A034486
:1050A0001360EEF7ABFC07B030BD00BF84A503086A
:1050B000404B4C003C7500200346014400209942BF
:1050C00000D1704711F8012D42EA0020F7E70244B1
:1050D000904200D1704700F8011B090AF8E784B03C
:1050E0000DF1100C0CE90300694681E80C00831AED
:1050F0005842584104B070477047002070477047CD
:1051000070470000014B1878704700BF40750020C1
:10511000014B1870704700BF4075002001390244F0
:1051200010B5904201D1002005E0037811F8014F3D
:10513000A34201D0181B10BD0130F2E70A44431E00
:10514000914200D1704710B511F8014B914203F81C
:10515000014FF9D110BD884210B501EB020402D90C
:105160008442234607D8431EA14208D011F8012BE0
:1051700003F8012FF8E7024401468A4200D110BD2E
:1051800013F8014D02F8014DF7E70244034693423C
:1051900000D1704703F8011BF9E700007BB972B931
:1051A0000029BEBF00204FF0004106E008BF0028E4
:1051B0001CBF6FF000414FF0FF3000F0CDB9ADF1F2
:1051C000080C6DE904CE002909DB002B1ADB00F086
:1051D0004DF8DDF804E0DDE9022304B070474042F9
:1051E00061EB4101002B1BDB00F040F8DDF804E02F
:1051F000DDE9022304B0404261EB4101524263EB1E
:1052000043037047524263EB430300F02FF8DDF88D
:1052100004E0DDE9022304B0404261EB4101704744
:10522000524263EB430300F021F8DDF804E0DDE9CE
:10523000022304B0524263EB4303704753B94AB9A7
:10524000002908BF00281CBF4FF0FF314FF0FF308E
:1052500000F082B9ADF1080C6DE904CE00F006F85B
:10526000DDF804E0DDE9022304B070472DE9F04FDA
:10527000099D04460F46002B48D18A42944661D9C5
:10528000B2FA82F343B1C3F120019F4002FA03FC5A
:105290009C4020FA01F10F434FEA1C411FFA8CFE9B
:1052A000220CB7FBF1F601FB167706FB0EF042EA83
:1052B0000742904208D91CEB020206F1FF3702D2E6
:1052C000904200F237813E46121AA4B2B2FBF1F0CE
:1052D00001FB102200FB0EFE44EA0244A64508D959
:1052E0001CEB040400F1FF3202D2A64500F21C813F
:1052F000104640EA0640A4EB0E0400261DB1DC4037
:105300000023C5E900433146BDE8F08F8B4209D93F
:10531000002D00F0FD800026C5E900013046314631
:10532000BDE8F08FB3FA83F6002E4BD18B42C0F06C
:10533000F280824240F2EF803046002DE3D0C5E992
:105340000047E0E702B9FFDEB2FA82F3002B40F03B
:105350009D80891A4FEA124E97B20126200CB1FBAC
:10536000FEF20EFB121140EA014107FB02F08842F7
:105370000FD91CEB010102F1FF382CBF4FF00109DE
:105380004FF00009884203D9B9F1000F00F0CF8037
:105390004246091AA4B2B1FBFEF00EFB101100FB4D
:1053A00007F744EA0144A74208D91CEB040400F1C2
:1053B000FF3102D2A74200F2B4800846E41B40EA63
:1053C00002409BE7C6F12007B34001FA06F422FA37
:1053D00007FCF940B2404CEA030C20FA07F34FEA0D
:1053E0001C491C431FFA8CFE00FA06F3200CB1FB8B
:1053F000F9F809FB181140EA014108FB0EF0884258
:105400000FD91CEB010108F1FF3A2CBF4FF0010B43
:105410004FF0000B884203D9BBF1000F00F08D80E4
:10542000D046091AA4B2B1FBF9F009FB101100FB38
:105430000EFE44EA01418E4507D91CEB010100F143
:10544000FF3401D28E457FD8204640EA0840A1EBC8
:105450000E01A0FB029841454C46C64602D306D138
:105460004B4504D20138B9EB020468EB0C0E002D59
:1054700070D01A1B61EB0E0122FA06F301FA07F74E
:10548000F14000261F43C5E900713CE702FA03FC26
:10549000C3F1200001FA03F221FA00F64FEA1C4E94
:1054A00024FA00F11FFA8CF79C401143B6FBFEF082
:1054B0000A0C0EFB106642EA064200FB07F6964213
:1054C0000ED91CEB020200F1FF382CBF4FF001098E
:1054D0004FF00009964202D9B9F1000F31D0404691
:1054E000921B89B2B2FBFEF60EFB162241EA024184
:1054F00006FB07F28A4207D91CEB010106F1FF38CF
:1055000001D28A4223D84646891A46EA004625E750
:105510002E462846F7E6841A61EB030301201F4656
:105520000BE76444023849E764440238E1E6023A92
:1055300061442EE7023E6244C6E6A8F102086144D7
:105540006FE702386244CBE7023861447DE7023EF0
:105550006144D9E72E46D6E6704700BF10F8012B0C
:1055600011F8013B012A28BF9A42F7D0D01A7047A0
:10557000034613F8012B002AFBD1181A0138704793
:1055800048575F4D41494E5400020000000003009F
:1055900000000000000001030206010504020103EF
:1055A00002010300000401000000000302020004E5
:1055B00003000000000000010302000100040300DA
:1055C00000000004000000000000000102000000D4
:1055D000C5A300080DA4000811A4000800000000E5
:1055E00000000000D9A30008F1A3000811AC0008D6
:1055F000B9AC0008F5AC0008C9AA000815AB000852
:1056000069AB0008A1AB0008ADAB0008B9AB00085E
:1056100097A3000839A4000863A400087FA4000829
:105620008DA40008ADA4000847A4000855A40008F4
:1056300011AC000835AC0008F5AC000861AA000800
:1056400015AB00083DAB000889AB0008ADAB000806
:10565000B9AB000897A3000801FF000049444C457E
:10566000004150503279C63B75B3C3DCD21DB6063B
:105670004D0000002DC0000833C000083DC00008E8
:1056800000010403020206000102030405060708E4
:10569000090A05050D050000EDC2000809C3000850
:1056A00015C3000835C4000831C4000819C4000837
:1056B000D5C4000811C4000885C4000821C300082F
:1056C00079C60008C5C30008A5C40008A1C3000826
:1056D000EDC20008F9C2000809C3000815C300089C
:1056E0004BC4000831C4000819C400080DC60008E6
:1056F00011C4000885C4000845C6000821C300087D
:1057000005C3000825C3000829C3000879C600089E
:10571000C5C30008A5C40008EDC2000809C30008FD
:1057200015C3000835C4000831C4000819C40008B6
:105730000DC6000811C4000885C4000821C3000874
:1057400025C3000829C3000879C60008C5C300089E
:10575000A5C40008A1C300081BC8000801C80008B0
:10576000C9C70008BDC7000835C80008C1C7000880
:10577000C5C700081BC8000801C80008C9C7000841
:105780004150505F4C49425F4A4F494E494E475F36
:105790004153594E435F5441534B000039CA0008EE
:1057A0009DC80008B5CA0008ADC8000881CB000834
:1057B000CDC80008D7C80008E1C8000825CC0008FB
:1057C0003DCC000855CC00086DCC000879CC000811
:1057D000EDCC00081BCE000883CD000865CD000885
:1057E0000006070303060600ADD00008B3D3000887
:1057F000A5D3000887D3000873D300083FD300085F
:1058000031D3000801D30008DFD20008ABD2000872
:105810009DD200081DD2000805D2000865D00008FE
:10582000F1D100081DD00008DDD10008A1D1000889
:1058300087D1000873D1000865D1000831D1000874
:10584000FDD0000879CE0008BDCF00080FCF0008BA
:10585000F5CE0008F1CE0008E1CE0008D3CE000856
:10586000ADD00008B3D30008A5D3000887D3000843
:1058700073D300083FD3000831D3000801D30008D8
:10588000DFD20008ABD200089DD200081DD200086C
:1058900005D2000865D00008F1D100081DD000082D
:1058A000DDD10008A1D1000887D1000873D100081C
:1058B00065D1000871CE000875CE000831D100080E
:1058C000FDD0000879CE0008BDCF00080FCF00083A
:1058D000F5CE0008F1CE0008E1CE0008D3CE0008D6
:1058E0004150505F4C49425F534C4545505F5441D5
:1058F000534B004D474D54004449414700000201BD
:1059000002000000F9D500089DD400087DD40008ED
:105910001DD40008F9D3000805D4000811D40008EC
:1059200073746F70537461636B00000035DB0008A3
:105930001DDB00086BD90008F5DA00082DD9000836
:105940006DDC000849D8000831DA000823DA0008C5
:10595000D3D90008A9D90008A1DC00083DD8000867
:1059600055DC000835DB00081DDB00086BD900089A
:105970004FDB00084BDB0008F5DA000815D80008FB
:105980002DD900086DDC000849D8000855D800085A
:1059900059D8000831DA000823DA0008D3D9000802
:1059A00061D800085DD8000845D90008A9D90008C9
:1059B000A1DC000831D8000875DD000885DD00088D
:1059C00095DD00084150505F4C49425F5359535494
:1059D000454D5F5441534B004150505F4C49425F2D
:1059E00053595354454D5F4952515F5441534B00F5
:1059F0002DDE0008ADDD0008DDDD0008B9DD0008A2
:105A0000C9DD0008E5DE000871E0000891DF00084C
:105A1000FDDE0008E1DE000861DF0008DFE20008CB
:105A2000E3E20008E7E20008C5E20008C9E2000876
:105A3000CFE20008D9E200080005030301030600D5
:105A400089E300088DE3000891E3000899E300086A
:105A50009DE30008A1E30008B3E30008B7E30008F2
:105A6000BDE30008C3E30008C9E30008CFE3000872
:105A7000D3E30008D7E3000895E40008DBE300085F
:105A8000DFE40008EFE30008FDE300080DE4000890
:105A900003E5000889E300088DE3000891E30008AE
:105AA00099E300089DE30008A1E30008B3E30008C0
:105AB000B7E30008BDE30008C3E30008C9E300083A
:105AC000CFE30008D3E30008D7E3000895E400081B
:105AD000DBE30008DFE40008EFE30008FDE3000873
:105AE0007DE3000881E3000885E300080000010071
:105AF00002000300040005000A0014001E003C0020
:105B000078002C0158020807B80B00004500000877
:105B100003000000F4016E0006000000FB0182009B
:105B20000B0000000001A000120000000401D200E0
:105B30001E00000008012C01320000000C019A0137
:105B40005B00000010015802D600000014018E0313
:105B50000000000000000000000000000000000045
:105B60000000000000000000000000000000000035
:105B70000000000000000000000000000000000025
:105B80000000000000000000000000000000000015
:105B90000400E40C0A004D41430000000C0000002A
:105BA000000000005B00000000000800AD000000E5
:105BB00000002000FF000000000040000C01080170
:105BC0000C00080000020304000410023C05000061
:105BD0003C0A00003C1400003C0500003C0A0000A8
:105BE0003C140000780A00007814000078280000B7
:105BF000F0140000F0280000F0500000F80C000045
:105C0000F8160000F82A0000F80C0000F816000052
:105C1000F82A0000F0190000F02D0000F0550000F7
:105C2000E0330000E05B0000E0AB00000300F6FFA3
:105C3000F6FF4C4C5F5258005245524F55544500A8
:105C400004020101010101000301010101015802E7
:105C500020002C016004580200033C004006FFF0C5
:105C60005802F0FF5802F1F10A00F5F60A00FFDDD4
:105C7000C7B29F8B7763503C28140007750106005C
:105C800000000A000700660000000000000000009D
:105C9000000000000C0003000A00400000000000AB
:105CA00000000B0001000600000000000B000000D7
:105CB00000000000000000000000000000000000E4
:105CC00002000300020007000000000000000000C6
:105CD000000000000000010066000000000000005D
:105CE0000400060006000D00010000000000000096
:105CF00000000000000000000000000000000000A4
:105D00000000000000000000000000004BCF010870
:105D100007CF01080A000100000000000000000099
:105D20000700010000000000000000006600010004
:105D300000000000000000006A00010000000000F8
:105D40000000000000000000000000000000000053
:105D50000000000000000000000000000000000043
:105D60000000000000000000000000000000000033
:105D70000000000000000000000000000000000023
:105D80000C00010000000000000000000300010002
:105D900000000000000000000A00010000000000F8
:105DA00000000000400001000000000000000000B2
:105DB00000000000000000000000000000000000E3
:105DC00000000000000000000000010000000000D2
:105DD000000000000B0001000000000000000000B7
:105DE00001000100000000000000000006000100AA
:105DF00000000000000000000000010000000000A2
:105E00000000000000000100000000000000000091
:105E10000B00010000000000000000000000000076
:105E20000000000000000000000000000000000072
:105E30000000000000000000000000000000000062
:105E40000000000000000000000000000000000052
:105E50000000000000000000000000000000000042
:105E60000000000000000000000000000000000032
:105E70000000000000000000000000000000000022
:105E8000000000000000000002000100000000000F
:105E900000000000030001000000000000000000FE
:105EA00002000100000000000000000007000100E7
:105EB00000000000000000000000000000000000E2
:105EC00000000000000000000000000000000000D2
:105ED00000000000000000000000000000000000C2
:105EE00000000000000000000000000000000000B2
:105EF00000000000000000000000000000000000A2
:105F0000000000000000000000000000010001008F
:105F1000000000000000000066000100000000001A
:105F20000000000000000000000000000000000071
:105F30000000000000000000000000000000000061
:105F4000000000000000000004000100000000004C
:105F5000000000000600010000000000000000003A
:105F600006000100B5CE01085DCE01080D0001005C
:105F7000000000000000000001000100000000001F
:105F8000000000000100010000000000000000000F
:105F900005000100000000000000000005000100F5
:105FA00000000000000000000200010000000000EE
:105FB00000000000000000000000000000000000E1
:105FC00000000000000000000000000000000000D1
:105FD00000000000000000000000000000000000C1
:105FE00000000000000000000000000000000000B1
:105FF00000000000000000000000000000000000A1
:106000000F0E0A084C4C5F5355425F54585F544181
:10601000534B004C4C5F4153594E435F52585F4FB6
:106020004E004C4C5F534C4F575F41434B5F5441C4
:10603000534B001D01261E271F2520212224292A1B
:106040002C46194B474C4D4E4F50515253545556B8
:1060500000454941422E18092D1113010305040A78
:106060000B0C0D0E0F100708061A1B141516172B14
:106070002F303132123334353938373A363B4A3CD7
:106080003D0004030201050607080900100008008E
:106090000400020020004000800000010002FFDD3B
:1060A000C7B24F5441505F5441534B007365744223
:1060B0006F6F7461626C65416E64526573657400E4
:1060C00004050100898C020801000000718C02089F
:1060D00003000000638C02081E000000358C0208DB
:1060E0003C00000085AF9669D60B399D558B522236
:1060F000751FEF7C4B02F3B07E8FE285D8BEBAF5F8
:106100008DBAFAAD517CC1B727220A94B2D964ED99
:106110009D66A0CA52454D4F54455F415049007598
:106120007064617465416E6452657365740000004B
:106130001DA2020800000000FFFF000019A00208D5
:1061400001000000000000009D9F02080200000006
:106150001000000031990208030000000000010057
:106160002D9E020804000000000000003D9E020871
:1061700005000000FF020000C19D02080B0009009D
:1061800004040100959D02080D00010004040300B1
:10619000619D02080D00020003030100319D020809
:1061A0000D00030001010100B1A202080D0004006E
:1061B000FF0101002D9A02080D000D0010000100E2
:1061C000E19902080D000E001000010065A302080D
:1061D0000D00140002020100B5A302080D00160014
:1061E000FF040100959902080D001700100001003E
:1061F00035A402080C0009000004000067A402088E
:106200000E0001000004000095A402080E00020028
:1062100000030000BDA402080E00030000010000FE
:10622000EDA402080E000400000100001B9D0208FE
:106230000E000D0000000000059D02080E000E007B
:106240000000000023A502080E0014000002000058
:1062500059A502080E00160000040000F59C020873
:106260000E00170000000000859B020819000000C6
:10627000002F0000559B02081A00000001010100D8
:10628000E59A02081C000000000400008D9A020834
:1062900061000000FFFF0000799A02086200000020
:1062A0000000000037A202086300000000010000A7
:1062B00001010202970000002B00000027020000ED
:1062C00075000000B446000000000000000000005F
:1062D0000063030800000000E462030801000000FE
:1062E0000000000000000000C85E9133F895030034
:1062F000010001000C00FF7F6C180020000000006E
:106300000C40020001800100BA4000002040020061
:106310000000000000000000304007000000000006
:1063200044000000FFFF000001000000000000002A
:1063300000400000A40700005040010000000000E1
:106340005C4002000000000000000000A8400100C6
:1063500007000000BC400400000000000000000036
:106360000000000000000000084104000048000098
:10637000FF0C000000490000FF0D000020C00110CC
:1063800000F8070020C00130FE01280024C00900E9
:1063900000130000EC80B30343754051A00F00B818
:1063A00030400000A8AA0700000000000000000024
:1063B0000000000054C0140087213000820079E6FC
:1063C0008601000048626F757900000088C60200EF
:1063D000A0040000BA10000000003F008D00EE0095
:1063E000F601AC03F5049607DE099C0DC311931763
:1063F000FE1DF526BD32FF3FFE15F81BDC23B42D34
:10640000D039FF3FFF3F0000A8C00500BD4B72150B
:1064100011A3180510325476980A000000000000FD
:10642000CCC00400FE0100000000000001000A00D2
:106430000100280008000101E40700001800010124
:1064400000000000200001010884000040402601F7
:106450000000902100000000100000000000000477
:1064600017C08200000000200000000000000003B0
:106470000000002000000000FD2FFC00400800008C
:106480006000000035000A00482C6A00000000008F
:106490007007000000000000B0031A00000007624F
:1064A00000000000080E1824313C4549000000009F
:1064B00000000000000000000000000000000000DC
:1064C00000000000000000000000000000000000CC
:1064D00000000000000000000000000000000000BC
:1064E0000000000000000000E0400111F801000081
:1064F000E04001310102000010410201331E05009D
:10650000000000001C410E010000008D0000000092
:10651000FF0483078813C83AFF06660CFF0483074D
:106520008813FF03BC200AF0845E500003619E4084
:10653000604523A19E7E0882893B4000C003008005
:106540005841020100000000FFFD0000644101010C
:106550000C0100006C410B01000000400000000035
:10656000000000000000000000000000000000002B
:106570000101000000000000000000000000000019
:1065800000000000A4410201000000000000000023
:10659000B0410C01000000001C963BC00000000050
:1065A0000000000000003C00AAAA06000000000055
:1065B00000000000AAAAAAAAE6016E8004007200E8
:1065C00000000000E4411501E6E7FF0BCDA10A0041
:1065D000BD066A005EB04D007D02420EA5B62202E5
:1065E000FF25B234E6E7FF0BCDA10A00BD066A0025
:1065F0005EB04D007D02420EA5B62202FF25B234E8
:1066000000000080000000004C00000000000000BE
:106610006018004000000000000000003C42010142
:1066200000000000444203011400000000000000CC
:106630000800030430430F010000000000000000C8
:10664000000000000000000000000000000000004A
:10665000000000000000000000000000000000003A
:1066600000000000000000380000000000000000F2
:106670000000FF5810800101030000003880020173
:10668000A1171000030000009C800301000000001F
:1066900070B8030070B80300A8800111F601000073
:1066A000A880013101420101AC800111F601000016
:1066B000AC80013101420101B080020100030002FF
:1066C000000300029800030200000000000C000418
:1066D0004C040000D8000202050040AA8801000016
:1066E000EC000112E00F0000EC0001320D205151CE
:1066F000F00001022B050000000101021001000062
:106700000401011200000000040101321001000028
:106710001001011200FF0F001001013202000042BF
:106720002C01011200FC1F002C010132A900800085
:10673000400101023F0000005001011200C00000B2
:10674000500101326200510068010202100006008F
:106750000020060074010102690190017801011214
:1067600000001C00780101324004E01F800101128A
:106770007907000080010132060000008801020252
:106780009000000000000000AC010112F8010000C0
:10679000AC01013204020100B0010102000000005E
:1067A000FC4F0103E8670308FFFFFFFF0100000043
:1067B000C0175302040C0000E002000000003C037C
:1067C00001020504980301020505F4030102060510
:1067D00014290200003111000000010002640001D0
:1067E000012F0000070000000B0000004883340068
:1067F00000000000D0670308000000000000000057
:106800000000000000000000A08601000101F1006E
:10681000A117100700000000AC670308000000008B
:106820000000000000000000A086010011B902086D
:1068300005B90208EDB8020849B90208F9B802081A
:1068400013C202084DC2020873C2020895C20208B0
:10685000B7C2020835CD0208E9CC0208F5CC02081F
:10686000D1CD0208EDCD0208C5B80208C9B80208AA
:1068700069B90208CDB80208D1B8020800000000CA
:1068800098010000B06A002000010303000101012B
:1068900000000101000000010202030202020204E2
:1068A00005040404B06C00206090A31AF26EEF039C
:1068B000410821066310420AA518630EE7209412CE
:1068C00049A9B518AC39F72251CA3929D55EAC3976
:1068D000BDFB0F0000A801A802A800B00304040833
:1068E00008000000B83E0000D93A0000213B00003B
:1068F000213B0000213B0000213B0000213B000028
:106900000000000000000000000000000000000087
:10691000213B0000213B0000213B0000213B000007
:10692000213B0000E5340000F5340000773500001D
:10693000E53500003736000091370000573600007B
:1069400015380000A3360000DD360000793700005E
:10695000553900001D3A0000B934000091220000B2
:106960002D290000C122000009240000213B000065
:10697000F5240000C9240000213B0000213B000059
:1069800055250000213B0000213B0000213B000079
:10699000213B0000213B0000213B0000AD0F000027
:1069A000A30F0000F8B58B4802688B4C80239B0333
:1069B00023608A4E306800054FD5180BA021114086
:1069C00001D02060F1BD0121854D13403BD18027CE
:1069D000844B1F60844B1F60024034D0287A4007EC
:1069E00004D582480160080281490860287800289F
:1069F00033D0062831DA00F0ECFA716889684E6805
:106A00002978052907D1B905A1606E60B668CC2147
:106A10008901774A116000F0E5FA012E00DA0226BA
:106A2000BC2080058A490860942080058949086057
:106A30006C480021C94301647142416486490F607A
:106A400040210160F1BD854A90626970A86800022A
:106A500001D5480410609B480170F1BD5D48016894
:106A6000890504D5C06E0004000F022801D0002063
:106A700070470120704770B580245A4804609248DE
:106A8000006800F0B5F9754D554EB068000201D5AB
:106A9000A002286000F045FB307A000705D5A00071
:106AA0004D49086000F09FFF70BD6003A862C048B8
:106AB000046070BDFEB50400844D8C2080016860C8
:106AC000012683480660FFF7C9FF002826D0444806
:106AD000007800287DD031020194052802D022469A
:106AE0000A4076D1CC2292012A607A4A1268812328
:106AF0001B02134001D0032301E053075B0F0C017D
:106B0000022804D1022B62D3394804605CE04D01B5
:106B1000032804D1022B5AD935480560F7BD042853
:106B200002D1114053D0F7BD052850D1019800285B
:106B30004DD0C005C10F684641700198C004C10F17
:106B40006846017000F045FA0290254840686946A1
:106B50004978002903D006688021234A1160670420
:106B600094496A461278002A0CD0C2680B68D21A7F
:106B70009E4B1B683B4001D0066800E04668964289
:106B800000DD1600684640786A461278024308D055
:106B900008684242B01E824202DA7042886000E019
:106BA0000026029800F01EFA0198800501D59A4847
:106BB00007600198054001D098480760002E06D074
:106BC000CC2080010A490860AC480460F7BDFFF79B
:106BD00052FFF7BD440002A8442002A8D03E0000A6
:106BE000643D00000CC001A890E001A8C4D000A83A
:106BF000145001A838B58024A1480460012034490C
:106C00000860A04D2878052802D060009E490860E1
:106C1000FFF724FF002812D02B480068000A8021CB
:106C20004140A868000EC9B2814208D229480068D4
:106C30004007400F022802D2FFF71DFF31BD9348E5
:106C40000068C021014001D00348046031BD00004C
:106C500008E001A808D001A894D001A81C1002A83F
:106C60000A0000D1704780B51822514340180C30FB
:106C70004069002801D000F021F901BD38B500F0CD
:106C8000A8F9040082480568A86881782800FFF701
:106C9000E7FF688801210143698002207D4908607F
:106CA000200000F09FF931BD10B500F092F904000A
:106CB000774800688168C978FFF7D2FF200000F0AC
:106CC00091F910BDAE3D000018C000A8106001A8E9
:106CD000C4E000A8184001A8F3B581B08027BF0028
:106CE0000846A021014002D06B4807605EE000F03A
:106CF00070F90090664804680298C00202D5A06846
:106D00000069019000F065FA606800F0D7F8257816
:106D100000206D1C6178A94200D20025182169432A
:106D200066180C3631780829F3DA2570A6603178B8
:106D3000544A117002990F400DD000F04AF954499D
:106D400009688968CF6800F04DF90298C00201D443
:106D50000320874338004B498860012738400DD114
:106D60004E480199C26A89180068081A4C494018AF
:106D7000012803DB00F038FB00F02AFF706900F007
:106D80009DF83C2000F078FFE8B200F075FF6088C5
:106D9000444901406180009800F024F938053E49DB
:106DA0000860414807603802404908600198FEBD0C
:106DB000100002A848C001A810B53D480068800531
:106DC00001D4FE2010BDC02080033A49086000F0C5
:106DD00000F92F4909688A78D20702D589688C782A
:106DE00000E00C7800F0FEF8200010BD4C0002A876
:106DF00010B5040000F0EDF8254909688A688B7821
:106E0000DB0704D5927818235A438A180C32946011
:106E100000F0E8F810BD00004C1002A84C2002A8B9
:106E2000F1B525480468200F000701D1E001F2BD4B
:106E300000F0CEFE00F0CDF80700606800F03EF8EC
:106E400025786D1C6078A84200D20025E80026183D
:106E50000C3630680090706800F030F83D2000F08B
:106E60000BFFE8B200F008FF2570A660380000F0C4
:106E7000B9F8684600F0ACFF0098F2BDA43D0000F0
:106E800094E001A8643D0000146001A814C001A8AA
:106E9000D43E0000408001A8442002A8A43F000086
:106EA0000010FFFFFEFF0000C0E000A8106001A876
:106EB000440002A8441002A8D83E000080B58021FA
:106EC0000903514A116000F001F802BD0021C943D5
:106ED00002688A4218D0426803681A600830026863
:106EE0008A4211D043681360083002688A420BD08E
:106EF00043681360083002688A4205D04368136013
:106F0000083002688A42E6D1704770B500F061F837
:106F10003E4A3F4BD16889081940D1246400D529E5
:106F200001D2D52102E0A14200D921000D00463551
:106F30002D041E042E400D00463D2B4033431360AC
:106F4000C0221206334B1A60334AD52902D9802356
:106F5000DB051360A14202D280231B0613600022CE
:106F60002E4B1A602E4A5388002B00D1118000F05E
:106F700039F870BD80B52B482B4908602B48C16893
:106F80000902090A19225143416005210160FFF7F6
:106F9000BCFF01BD25480068C00300D4704780B520
:106FA000FFF7B3FF01BD8020C002174908602048E9
:106FB00000684007FBD470478020C0021D4908606C
:106FC000704701E01C4908601C4909680140F9D17B
:106FD00070471B48006820211A4A116010211A4A84
:106FE000116070473021014002D11020154908601E
:106FF00070471348006830210140102901D1012059
:107000007047002070470000441002A87C400040F8
:10701000FF010000A0600040A450004018E000E024
:10702000783F00007F1A0601540002A810E000E03B
:10703000440002A8442002A8282002A8280002A890
:10704000600002A8602002A8601002A870B5724C0F
:10705000724D8026760196480068304005D0666003
:10706000062001F049FB6E6004E06E60062001F02E
:1070700043FB66603D20A060702129600F222A60DA
:107080002160A86070BDF8B5894C8025ED02894E5D
:107090006F097068384002D16068800525D5FFF718
:1070A00098FF85490D60FFF79DFF70688349014097
:1070B00090204001084370608148824908600020A8
:1070C00060607068384002D1F020800060607068B5
:1070D000074025D07C480068C00721D57B48007850
:1070E00080071DD401F088FB18E03068C00717D571
:1070F000FFF76FFF70490D60FFF774FF7448FF21C1
:10710000FE314160F12149026E4A11602168C904D3
:1071100001D5822100E0C32149020160FFF796FFFB
:10712000F1BD80B567480121624A12680A4006D065
:10713000684A1268920501D4CA0202608160C021C7
:107140004160FFF746FF8021C902BA4A3DE0F8B529
:107150005D480468604D8027022634420AD05F48AB
:107160000068E021C900014004D02F60042068615C
:1071700001206861FFF72DFF5949096800290BD5E7
:10718000D021C903214007D191490968314003D179
:10719000904901224A600E60210507D52F60042125
:1071A0006961AE490D220A600F220A60FFF71AFFDB
:1071B000F1BD80B5FFF70DFF0121874A1160874AB5
:1071C0000223136051600021854A1160FFF70AFF16
:1071D00001BD84480068C007FBD4C3480421416155
:1071E000802101607047944908680122104200D153
:1071F000704710B5E023DB000340FF24A41CA3422A
:1072000004D3BA4B1B689B0600D54868024001D0E6
:1072100000F014F910BD0000A82102A8A81102A8CE
:10722000F8B5C8218E4A116006218E4A116080216E
:1072300049038D4A11608D4C890921608C490A6887
:107240004B691C251D40102D01D1012300E00023B6
:1072500007000720824313430B603868854DA968F7
:10726000814201D2009100E000900099401A3860FC
:107270000121380000F0E0FB060038680099401852
:107280003860FFF764FF7C48006828607B4801682D
:10729000C90603D584208000E06107E09F490822E9
:1072A0000068104001D00A6000E04A603000F2BD82
:1072B000AC0102A8EC0002A83850004AFFE3FFFF2F
:1072C00000FEFFFFAC2102A8500002A86C3D0000A8
:1072D000AC1102A8B00102A8841102A8980102A86A
:1072E00064800040F1B582B0814882490860002086
:1072F000C043814908608A4E8020C00130608948BF
:107300000821816504228265874A012414601F23B5
:107310008362864DE733AB61584B1B68DB0604D5AF
:107320000090834B019303600FE00D230193534BB7
:107330001B680B4004D02B0010330093846504E0DD
:107340002B0014330093022383650198009B18607F
:1073500078480068002800D4A96177482860C020D8
:10736000C00076490968F823DB010B4001D1E862CF
:1073700000E05061FFF717FE306CC00705D570487C
:107380000078800701D401F06FFA029FFFF714FE26
:10739000FFF7DDFE0021380001F0C5F969480068FB
:1073A000204012D068484168890509D581680C439E
:1073B0008460706B8001FCD4706A64490860F7BD1A
:1073C0000168E2020A430260F0E710206863F0E718
:1073D00000400C4000500C40982102A800600C4076
:1073E00000000C409C0102A838B5FFF7E2FE4E4CAD
:1073F000B72040002060564D032028634E48A86601
:107400000020E061534908600D201C490968090704
:1074100001D5A86700E0E867FFF783FE1020E06170
:10742000012028600C202863802000023C4908606D
:1074300031BD00003860004A7C3F0000F0210901A6
:10744000454A1160014045480160202044490860D8
:10745000444909680840B9490860704700100C4069
:10746000548001A80C9001A8982002A8A41002A89A
:10747000740102A89C3F0000340002A8FC0302A88B
:1074800010B5394804683948394982680A4002D140
:10749000C268114001D01649016024480821A84A59
:1074A00013680B4000D081611178C90602D586218E
:1074B00009010160FFF797FE1420A2490860072028
:1074C000A1490A68024001D0FF224A619F490C404D
:1074D0008C4204D19E49086001209E49086010BD7D
:1074E0000348044908607047842102A8440002A8A8
:1074F00001200000706201A8B46000A896480068EE
:10750000800F800709D095480068C00705D5802006
:10751000800393490860934908607047601102A88E
:10752000100002A8C01002A8682102A8501102A8E9
:10753000FF03000028C000A8043E0000A88001A8A6
:107540006C3D0000EC0002A8AC0102A8983F0000CE
:10755000E82002A8C00002A8586001A8585001A85D
:10756000482002A8184001A8D03E0000704201A89F
:1075700000800080F8B588B007000D007A480068E8
:10758000400102D52800402505437848C06A80059F
:1075900003D577480068FFF72BFC764EB068029061
:1075A0000020B060B8204000734908606F48406B0D
:1075B000000A07906808B8240440FFF70AFD069007
:1075C0006E480168802252006D48026001200A4026
:1075D00000D004433178F0220A40402A02D1210031
:1075E00040240C4304220D2F02D102991143029131
:1075F0000299114204D0210014240C4310218D4320
:10760000694648705948C16A4906CB0F69460B70F4
:10761000A24E0827002B19D10194816B0391C90652
:1076200003D4019BEF21194001910399890603D4EA
:10763000019BDF21194001910199B1230B4005D134
:107640000C230B40082B01D0376263E0B16DC904F5
:10765000C90C792908D38024062101609103904B3D
:10766000196000216B4659708121214010D0694674
:107670000978002900D1376202993943029110211B
:107680008D438904874B19604908354B196003E025
:107690003CA16206D20E8A5C69464978002939D03D
:1076A00031680591006B804900922822024094467F
:1076B000C30A8022134062461343020E0240102088
:1076C00002401A43130008688200402002401A4317
:1076D000009802430868000E049023484069039014
:1076E000C86B000603D00398790201430391059803
:1076F00069460880684682700798C870FFF75CFB8F
:1077000069460871049848710398C8800098F0662B
:107710000198F0660698FFF765FC680601D5614898
:107720008760624807600298C1B2200000F0ABFA9F
:10773000FFF7E4FE280009B0F0BD0000481002A8E1
:10774000F84F0000743F00000C4000A8800000408B
:107750003C6000A83C5000A84C4201A8384301A856
:107760004C5001A84C6001A8084000A8180002A8CD
:107770001CC000A86C3F0000B46000A81C0100AA57
:107780001C2100AA030107060301070605010606DE
:1077900005010606030207060302070605020606A0
:1077A00005020606F8B5424D0F240126414910276F
:1077B000A86B384020D00E703F4800683F490A68E7
:1077C000824204D289695118491C081A00E0101A33
:1077D0003B4909684018012854DB01F0F9FB39499D
:1077E0000968090B0C40022C4AD1B105364A1160D8
:1077F00036490F642E6043E0286CC00026D534481B
:107800000068E021890501403CD02E4D31480068D8
:10781000C00504D42868000B20400228F5D02E486B
:107820000668FFF7D6FB2D49F2B20A603204120E49
:107830000A603202120E0A60320E0A60FFF7D2FBB3
:107840002868000B204002281CD1DEE7244D286860
:10785000002817D00E70002100F065FF002811D11C
:1078600001F0B6FB17490968090B0C40022C07D13F
:107870003104154A11600221144A11600021296067
:1078800001F0AAFBF1BD8020800416490860704712
:10789000802040041349086070470000540000AA8B
:1078A000141100AA441002A8184001A8845000A88E
:1078B000100002A8AE3D00001CC101A820C001A814
:1078C000EC3E0000B00002A81C1002A8082002A88C
:1078D0004C4001A8084000A8904000A8640000AAFD
:1078E000903D00003C2002A8F8B5414880214902A3
:1078F000C16102213F4A516000243F490C603F4A68
:10790000148003213B4A1160022101603C4804605D
:1079100020203C49086080203B490860CC20800141
:107920003A49086001203A4908603348806F009066
:107930000F26050B354037480068C705FF0D103F7F
:10794000C0203843C0B200F097F933480068C00542
:1079500003D5092D01D000F0B7FD00980640009630
:107960002E4806680098032803D0062D17D1062F4D
:1079700015D02B4800680104C90F01D001F048FC64
:1079800031002800FFF7F6FD06008020800325491E
:1079900008608009244908600098032804D00098F2
:1079A000022803D1032D01D0FFF79AFD1148802151
:1079B00049020162002D07D1022141600E48046195
:1079C000C020C000114948643000F2BD80B5FFF707
:1079D000EAFA16480078800602D4022014490860AA
:1079E000FFF7EAFA01BD0220124908607047000063
:1079F0002C1002A8282002A8380002A8A83D0000E8
:107A0000A43D000094E001A80CC001A8146001A8E6
:107A1000C4E000A804ED00E0B80002A8B44000A84B
:107A200000E200E0B86000A880E200E0D03E000084
:107A3000081002A8082002A8F3B583B00400774814
:107A4000006801907648006874490860FFF7B1FB50
:107A5000FFF7A0FA00F05DFE724D28602168AA6C65
:107A60008918C001081A00280EDDFFF7B2FB00F0EC
:107A7000AFF800212068AA6C801800F054FE0100C5
:107A800002D00021216011E0674F8024A4003C60F7
:107A9000664D286F07282FD005210840052809D0FA
:107AA00029670C2000F028FE010003D001995B4AF1
:107AB00011608BE05E4EFF207A3070620420B0626D
:107AC000FFF787FB02203060E020C004594948607E
:107AD0002004786002203860012000F00DFE7462FE
:107AE000022000F009FE600070620820B0620220EF
:107AF00000F002FE0220B0626846007C01240028EB
:107B000004D02868204001D0FFF7BDFAE0204000F3
:107B100049490860042000F0EFFD060052D1022020
:107B200044490860444980028862C0018862434831
:107B300010220260CC6500226B461A70E203082313
:107B4000CB650A2301259D400295154344A6F65CAA
:107B50002E4306643A4DF026EE65022643A7FF5CED
:107B60003743CF650427CF65364F3F68274010D194
:107B7000354E36683603FBD4334F3E687F68760354
:107B8000760BB74202D21600029A32435B1E02D431
:107B9000D8E769460E700821E965026469460E78E7
:107BA00031000FD104600021C167022000F0A4FD64
:107BB00040202860C0302860022000F09DFD812018
:107BC000C002A862019815490860300005B0F0BDF8
:107BD00038B5FFF7EEFAFFF7FCFA02241748046005
:107BE0001A4D0820A862C0016862012000F084FDDF
:107BF000200268622C600621A96215496962E021B1
:107C000049000F4A11600B490C600022114B1A60A9
:107C10000860114800681149086031BD780102A868
:107C2000F80302A8883F0000981002A8EC0002A800
:107C30005C1102A8982002A82C9001A80C8001A831
:107C40002CA001A8140002A88C8001A85C2102A825
:107C5000F96100005C0102A8340002A8903F000016
:107C600000000001010202020808100050505040BC
:107C7000403030303020200032490968002901D5D9
:107C8000314908607047F8B52E4A126853003BD559
:107C90000124120100D5212402002C4B18685F68D2
:107CA00080256D002A4B1B682B430093294E13003F
:107CB00014D0920601D5012006E0F022024005D141
:107CC0000C220A4002D0022000F031F8483400991A
:107CD00032689300C0221A400A430AE03168009BD0
:107CE000890080221140B26B1209402632400A43BB
:107CF0001A43002F03D02F4317494F600834164909
:107D00004A6005434D604C60134800684007400FCF
:107D1000810708D0052806D0FFF75BF902210F4A3A
:107D20001160FFF75FF9002000F001F8F1BD07498D
:107D30000A68F0239A43000110430860C0B27047FC
:107D400000000000500002A8884000A86C3F00001E
:107D5000408001A8184001A8844000A824D5034011
:107D6000F8B504000F00494DA878FF2801D12E88EE
:107D700008E0FFF72EF9464909684905CE0DFFF7DF
:107D800031F92E80E92E01D2E92604E0CC20400012
:107D9000864200D9060020003978814200DA0800C6
:107DA00001217A56010051430222BA5E89184143EB
:107DB0000420385E081837497118484380150019A7
:107DC00001D50020F2BDE978814200DA0800F2BD59
:107DD000F8B50500102030490860FFF7FAF9C02017
:107DE000C0002E490968F822D2010A4001D12C496D
:107DF00000E02C4908602C48C82181640A210160F8
:107E00002A488021490301608909C1602848016826
:107E100001244269E0231340802B01D1012200E0BC
:107E200000220095072399430A430260214D6869A7
:107E3000C821C901471800980068874200D307008D
:107E4000C01B0099086000210098FFF7F5FD0600AF
:107E500000980068C01900990860FFF7BAF8164941
:107E60000C60FFF7BFF81548006828603000F2BDCD
:107E700080200001124908600003124908600220B6
:107E8000114908601149086070470000F83F000080
:107E900088400040D6FEFFFF984101A8AC8001A8B1
:107EA0007C1102A87C2102A80C8001A8981002A8CD
:107EB000740102A88C3F000000500C40340002A85E
:107EC000441002A8442002A8F41302A8685000A895
:107ED000F1B584B0FE208001006AC821C9014018B4
:107EE0000499884207D20021049A101A00F01BFC62
:107EF000002800D03FE201250420A749C862800382
:107F0000A6498862A64800680090A64CA06B80072E
:107F1000800F0190032803D010209F49C8623FE0E2
:107F2000084669048162E26B92066DD4009A1206DB
:107F30002DD5E26B92072AD40523BA4A009E0E4043
:107F400019D0B94B009E760004D5954E367D360784
:107F500005D403E0B54E3668760400D5103BB44E28
:107F60003668002E03D0B34E1E40CB08F3189EB2E5
:107F700016601B041B0E1360E36B102633400226B1
:107F80001E43166000231360A36B1B0A13600422B8
:107F9000C262E06B002803D57F4881620020019017
:107FA000A54800990140814212D17D484069A16BEA
:107FB000490701D5400700E08007C60F01D0C5483A
:107FC00000E0C548A9020160300001F0DFF975400A
:107FD000C2480199890140180290C14EC14FC24860
:107FE00000990140814231D1FEF7F3FF02994968BF
:107FF000029AD268895C0391FEF7F4FFBB4807211F
:1080000001630160039AD20747D40422B84B1A6077
:1080100001221A63039AD20603D48020C001706043
:1080200014E0009A520001D5002D0BD1009A5200A5
:1080300003D4FA693023134004D001630420AC490F
:10804000086303E08020C001CC498865A06B40072D
:1080500005D5A06BC00080214900084004E0FE2047
:1080600080010068C10701D5FFF7E8F900980521F4
:108070000140052905D10298006AC004C00C401EC9
:108080003860C0208000BD4948650199090231600F
:10809000BA4A90657160002000E00120216C8900DF
:1080A000CA0F69460A7080273F0404251146014320
:1080B00044D03B482C21405CC021014040290FD1D5
:1080C000FFF784FCFE208001406C019001A8FFF7BF
:1080D000A7F8002800D04EE10198FFF703F901E06E
:1080E000FFF781FC2020206068460078002800D13E
:1080F00041E1A06B28400ED0280328498862264819
:1081000087620120AA49086002207949C86500F009
:108110002BFA00280BD02048C56268021F498862EC
:108120001D4887620220A24908607149C8651C4841
:108130000078000600D41EE1680414E1E803174942
:10814000C86240092060C02000069A490863A8035D
:108150009949086099489A498861606B384005D010
:108160009848801C00680C498F6202E0FE20800164
:10817000406D216CC90209D5202807D980A1924AF7
:1081800012682A4000D1891DFFF7EAFD8D4A107060
:10819000002809D1002212E01C2002A81C1002A80D
:1081A000D03E0000100002A842091F231840072AF1
:1081B00005D3460001203043202800D31F207D4EE8
:1081C0005301034350021843306001207F4AD36FAC
:1081D0007F4A1A437D4BDA6770668022F26208227A
:1081E000754B1A66784A1268D20603D5A26B9206BE
:1081F00004D404E0744A1268120700D400207549C0
:108200006F4A1160FC2111610028104616D03C30E5
:108210000090FE218901C86D8A6DDA66096FD96701
:1082200016E000BFE40000AA18A00000144100A856
:10823000180001A8F7FF00008000004040300090C7
:10824000FE229201506E1946136ECB66526FCA67BA
:108250005E490A68FF239A4310430860A020C000CB
:108260003063052000F048FA57480068284001D0E4
:10827000802000E040200099086002203063062042
:1082800000F03AFA08203063052000F035FA0120AA
:10829000306300024A498864042000F02DFAE801A6
:1082A0007060022000F028FA8420800030630220F1
:1082B00000F022FAE8014249C861062000F01CFAE9
:1082C00000988049401840490968294012D020216F
:1082D00011E000BF505001A8506001A80C0000AA96
:1082E000085100A8204000A8800002000C6000A8EF
:1082F0000C5000A810210160062000F0FDF9E801F3
:10830000B0640020C0431D49086000F002FAFE2658
:10831000B601326A401DC00180180090049988425D
:1083200008D200210498801A00F0FDF9002822D11B
:1083300004980090606AF061012000F0DDF9A80166
:108340001D4908600021009800F0EDF9606A706135
:10835000A06B844C054009D0012000F0CDF92078B5
:10836000000608D538099749086004E09648006877
:1083700020629648076005B0F0BD0000B46000A818
:10838000C0350C109E8DAF1B3813460D80B5FEF71F
:1083900020FE8F4900220A600A22CA61FEF722FEEF
:1083A0008C488321090401608B49416001BD0000B4
:1083B000F41302A83C1102A8B81002A8FF0E000096
:1083C000242102A8FA3F0000FC0302A8280102A809
:1083D000FF3FFF3F3F3F00008048806B800300D499
:1083E0007047F8B57E4C08257E480068C0062CD53D
:1083F0007A48806B80062CD4200048300090012001
:1084000000F07AF9002678480660784805607848D8
:108410000068C00403D4774800682840FBD00220DD
:1084200000F06AF9842080006065022000F064F9A1
:10843000680171490860042000F05EF9042769486A
:108440000068384008D0202007E0664800682840CF
:10845000D2D120004C30D1E7102000990860FEF7FF
:10846000B8FD0121654A1160FEF7BCFD0220606580
:1084700000F042F909206065C02000066065022016
:1084800000F03AF900980F494018564909680F4022
:1084900001D0802100E040210160A020C000606583
:1084A000082000F029F9A801E0662560E020206599
:1084B000534806604660A8024849086000015149D7
:1084C0000860F1BD00F0FFFFF8B54F4800680D21CE
:1084D000014000910424002900D100944B4D022654
:1084E000102708204A494B4A12682240096818D0D0
:1084F00069600099084005D00220FFF718FC60036E
:10850000454908600098044005D0A86F0743AF674D
:108510003003414908600120404908604048066036
:1085200019E029600099084005D00220FFF7FFFB01
:10853000A002394908600098044005D0A86F07439D
:10854000AF677002344908603448066034480660FA
:10855000B0062C490860FFF73FFF00210020FFF71D
:1085600092FBF1BDD03E000010B580202D490A6875
:1085700002400AD02C4B1A680624144005D15C6EC8
:108580002A4A22401B6D9C0101D5002010BD0968BC
:1085900008400DD02648824203D1180501D501209C
:1085A00010BD24480068C107C90F481E8041C00F94
:1085B00010BD214803210164A821C163102101607D
:1085C000704700001C2002A820C001A81C1002A8AF
:1085D000D80000AA442002A804000080100002A8CD
:1085E000182102A8FC0302A8B80002A8106001A884
:1085F000D84001A8104001A86C1102A800600C40EE
:10860000A00102A8482002A8B44000A8F43E00003F
:108610001CC101A8480002A8441002A8F41302A833
:10862000685000A8440002A814C001A81F1F000041
:10863000010C000030C101A8082002A863480068AE
:108640000121084209D1624A1268624B000C1840AD
:10865000103A91400B40984201D002207047002010
:108660007047F8B507000F386A461080574CE0682D
:108670000A0004D16B461B8882B29A4239D200228A
:108680006B461A80012502263A0012D02268324039
:1086900007D000292DD050480088401C4E49088042
:1086A000002027614D490E6080B2B84201D369466F
:1086B0000D804B48456000E030BF2068304003D15A
:1086C000FFF7BCFF0028F7D044484560390010D0C0
:1086D0002168314005D040490A886B461B88D21872
:1086E0000A80066000202061E068B84201D23C4860
:1086F0000660FFF7A3FFF2BD3A490A688300181825
:108700004008001F0B689B1A9BB28342FADB0020D3
:108710007047314803883349096802889342F9D188
:10872000100408187047FEB5C009070C6946088098
:1087300000F04EFC0190254C274D2888B84217DAEE
:1087400001202A490860254E30BF022021680140DF
:1087500003D030602888401C2880FFF76FFF01009D
:1087600002D12988B942EFDB0121716000280DD1C7
:108770002888B8420AD1E06869460988884205D24B
:10878000002168460088FFF76CFF01E0FFF756FF05
:1087900004008020C00114490860019800F01CFC0E
:1087A0002000FEBD10B512490A680E4B1B680C680C
:1087B0009442FAD0DB014033141A02D28869401C7B
:1087C00024180C4800684443181B10BD280002A858
:1087D00004ED00E0FF3F0000A83D0000282002A8B3
:1087E000281002A8340002A880E200E02C1002A8A1
:1087F00020C001A8AC3F000052480121017052493D
:108800000A684260496881605049E02252010A606A
:10881000802292004E4B1A60FD224A604D49096841
:1088200001614D494D4A11608121C9004C4A1160D6
:108830004C490968C16007204B49086002204B4938
:10884000086070473F48017800290CD00169414A0F
:10885000116000210170C168424A11603A49826882
:108860004A60406808607047FEB5C020C0044049B7
:108870000860404C404860654048A0651020FFF704
:108880003BFF01005CD1FF2000053D4908603D48E9
:108890003D4908603D48206080256D0338480560EB
:1088A0003B4807680820FFF727FF010048D108264A
:1088B000384806600120FFF71FFF354880680190A7
:1088C00035480660354820602D4805600820FFF7D0
:1088D00013FF010034D12F4806600120FFF70CFF81
:1088E0002B4DA86800902C4806602D482060019907
:1088F000009800F05FF80004FC26B60306400198DB
:10890000C10B0098C00B00F055F80106FC20800553
:10891000084030432349020C4A40FF239B1CD218D5
:108920001140014321602F6080200003144908603A
:108930001D481E4901601E494160FFF783FF00206A
:10894000FEBD0000703D0000AC0102A8AC1102A801
:10895000B02102A8F00002A8083E0000F02002A802
:10896000F01002A8704001A8706001A8705001A822
:1089700020E000A84C0102A857140000FF3FFF3F71
:10898000B42002A80000380EB41002A81010303035
:10899000104101A8105101A8106101A83030101039
:1089A000202020203F3F0000A02102A8F703F00074
:1089B000FF3F000010B54904CA104004C310991AC3
:1089C00000209A18D30F9A18521052188B115B0E70
:1089D0005B18DB11D2182023541A01D4220018434B
:1089E000CC0F611849105B08F6D110BD10B5C2005C
:1089F00018231340FF249C40E2438907090E994045
:108A0000030004D463489B089B00C01806E0AA4BEF
:108A10000007000F083880088000181803681A4003
:108A20001143016010BD82B000F0D2FA04000025AD
:108A3000012168B2FFF7DAFF6D1C0E2DF8D301217A
:108A40000F20FFF7D3FF01211120FFF7CFFF0121F6
:108A50001720FFF7CBFF01211E20FFF7C7FF0121E1
:108A60001F20FFF7C3FF4C484C490860012793487B
:108A700007604B490F6092490F609249924A11601A
:108A800011218163FEF776FA200000F0A5FA8F4CE1
:108A90008A4D002610E000282CD0FEF79AFA29E033
:108AA000E86D8003FCD5B803894948608001894995
:108AB0000860009800F090FA874800680004000FF2
:108AC00002280BD185480078002805D083490E7014
:108AD000FEF727FB8020E860FEF764FE00F078FADE
:108AE0000090FEF786FA0028A078D4D0002801D1A3
:108AF000FEF778FA7A480068384022D07948006852
:108B000040041BD5B80372490860FEF762FA764943
:108B1000496DFB22920111607149CA68FB239B01D8
:108B20009A604968D980B906B54A11606E490968EA
:108B30001A7B89186C4A5165FEF754FAB8039849B4
:108B40000860607800280BD12078002807D1E078F1
:108B5000002804D19348076010209349086030BF73
:108B60006670207800289ED102208E490860A448B3
:108B7000C76195E79648016842680A4095481040E9
:108B8000A0490860800703D59F480188491C0180DF
:108B90007047000000E400E0FFFF9BC000E100E040
:108BA00004C001A8F8B59948016840680840000E63
:108BB00000060090964C974D974E0098C00127D51F
:108BC000306896490140954881421FD170699449A7
:108BD0000968C9060DD5042101437161012000F027
:108BE000D5FB9048A86390204005A06780204005F1
:108BF0000AE0042188437061002000F0C7FB8A4826
:108C0000A86380208004A0678849C8670220286084
:108C1000012002070099114022D03168844BEF6E89
:108C2000BF00DB591B0CE267034203D0002917D4B5
:108C3000142021E0794A11409142F9D107212160A5
:108C40007169082291437161D90606D50321774ADB
:108C50001160716908220A43726176492960A8632C
:108C60000099890124D53268A96E4306E367014261
:108C700007D0002A1CD40C202860092000F0B0F98D
:108C8000F1BD664B1340654A9342F4D172690823E3
:108C90009A43726107222260C90606D50321634AFE
:108CA0001160716908220A437261AA492960A863A8
:108CB0000098A067F1BD00001CED00E0040002A8D0
:108CC000044001A820006006145001A8AD3D00003A
:108CD00090E001A880E200E0B00002A8653D00003D
:108CE00060C101A890C001A818800A40F0B581B009
:108CF0008E4C20686568054097490D60974802686A
:108D0000002A13D18022520115420FD0944B5E6885
:108D1000F6070BD51B68DB0008D5924B802636067C
:108D20001E6000BF00BF96041E600A608E4E317840
:108D300006290FDA00688C218901014329401ED0E1
:108D400000F046F907002800FDF7B4FE380000F0F7
:108D500043F914E00168854A126892050FD5C822CC
:108D6000D2040A432A4005D0FEF7C8FB2800FDF7CD
:108D7000A1FE04E0A90202D58021490101607C48DE
:108D80000068400009D5A80607D5A068000704D5EB
:108D90003078072801D1FDF771FF01B0F0BD000068
:108DA00094D001A8602002A8F42302A871480168A9
:108DB00042680A407048026080210A4000D1704732
:108DC00080B541606D4801600020FDF773FE01BD74
:108DD000280002A8FFFF00C06948016840680840F9
:108DE00068490860C00700D4704710B500F0F0F87B
:108DF0000400FDF7FFFE200000F0EEF810BD0000BB
:108E0000441002A8282002A8A83D0000B44000A8F1
:108E10003C6000A82C4000A8D03E0000800000402C
:108E2000184001A8058020000D0010003C5000A84B
:108E30002040000014040000FEB5534C206C676C09
:108E4000074001252F4215D02E06504806602068A5
:108E50004F490D60002801D0FEF738F84D480068F2
:108E6000A021C90188428041C043C00F4A4988708F
:108E70004A480660FEF7ADF80190B80751D5606822
:108E8000C1B20091040A46480821CA020223009E8A
:108E9000012E23D00026009F022F21D1012C2FD19B
:108EA000404CE47900943F4C27780126BE403E4F69
:108EB0003E602678760590277F04F71903263E4307
:108EC0003A4F3E602C4E32600268009E9219426515
:108ED000207885403648056036481DE00093E2E77B
:108EE000032F1CD12C48012C18D12849CD613249BF
:108EF00009688903FBD5C5701020304908600EE071
:108F0000002C0CD12E4C256046651B484260026047
:108F100048042C4A10602948016000E0C6701C48D3
:108F200003600198FEF75EF8F7BD0000104001A84D
:108F3000002800D0704710B50C00FEF74AF822490F
:108F40000C600122214B1A600B6C1340FCD1FEF720
:108F500049F810BD0C040000106001A8A43D0000F9
:108F6000344301A8101002A8643D0000440002A888
:108F70004C4201A890C001A890E001A80CC001A833
:108F8000C0C000A8C0E000A800C002A8441002A809
:108F900040E002A8404000A8AD3D0000442002A8E7
:108FA00018800A40C53E000068A00A4060C101A8C0
:108FB00068900A40F42302A8600002A8F41302A8F3
:108FC00060E101A880E200E0008009404090094093
:108FD000EFF3108072B67047002800D162B6704778
:108FE00080B5FEF7A4FE01207F49086001BD80B571
:108FF000EB2000F001F801BD30B57C490B6818404A
:109000001022134210D07A4B7A4C2468224008D0A8
:10901000794A14682402FF252D0225401D6300248F
:109020001460802252031A60086030BDF3B501005D
:1090300016001C00002500957048019A3300002797
:109040000BE0BC464F5D4743AE009E597E40575DE6
:1090500047433740664637436D1CA542F1D3390973
:1090600039438A080A43510811430840C1090143A2
:109070000F208A0B0A4302405040F6BDF1B584B080
:109080000E005D4F002038605D4DE87A0090A87AB0
:1090900002900F20009901400191009901420ED0E9
:1090A000019B584A58490498FFF7C0FF02990140B4
:1090B00039603968554841439D48084001D1012431
:1090C00000E044010098001116D032000098030619
:1090D0001B0F29000498019E6D7A75194019FFF73E
:1090E000A5FF02990911014038680A0102433A605C
:1090F000002901D048004443FC2080010068204042
:1091000001D1042000E0002005B0F0BD80B50A00C8
:1091100000211180874952888018FFF7AFFF02BDF8
:1091200070B50F22844B5C7905780F202040C54034
:10913000200928409C79C440E40701D4032070BD75
:109140002C4C2468A50705D59D684600AD5B6D1EB7
:109150007A4E3560DD78DE79C640F00711D5E0063D
:109160000FD5002D0DD076484860088848800888C3
:109170001C7800192A4080185A7880182A0980180B
:1091800000E000200880002070BD80B56D480168B7
:109190006D4A0820014200D09061C90602D586219F
:1091A0000901116069496A4A1368034005D0694B97
:1091B0001B689B0F9B0700D008600E480068C02307
:1091C000034002D180235B050B60126820231A4004
:1091D0000A60D021014003D05F480068C00101D47B
:1091E000FFF705FF01BD00002C4000A8743F000000
:1091F0001C1002A8D03E0000943D000001010101B6
:109200004C3F0000043F0000443F000011110000EB
:10921000F8B55248016846680E40514830405149FF
:109220000860514A022100200127330422D500970B
:10923000137E002B09D113694C4CA361D368546988
:109240001B194A4C6361177607E0484BD4689C6150
:109250001469556964195C611076537E002B00D047
:1092600000905076009B002B04D00423404C2360D8
:10927000404B19600C05404DF3022ED512681306C1
:109280000DD53E48A860900300D4012129702878AC
:10929000401CA880A88800281DD026431DE03A4223
:1092A00003D03748A860AF80F7E7D1060CD5244932
:1092B000A960344A91780B071B0F12789A18090994
:1092C0005118A980E880E5E7510603D5281D00F074
:1092D00035FDDFE7A880FFF78AFE264026D0214E25
:1092E00074603460A9881D4800290DD0026A8A4242
:1092F0000AD3291D2448AA6890470100F2D0FEF73E
:1093000016FD1A480760F1BD0A000CD0FC2292023B
:10931000F261184A0B03936634601465006A884250
:1093200004D3D464F1BDEB20FFF766FEF1BD00006D
:1093300021840000243F0000543F0000204000A88A
:1093400029280000F84F0000502102A8481002A868
:10935000184001A84C4201A8D04000A8B44000A881
:10936000FFFFDFFFB46000A8D03E00002C4000A843
:10937000F41302A8685000A8983D0000D32A00000A
:109380003D280000553F0000D84000A8C321090136
:10939000974A11609749C0221201002809D0102075
:1093A000086095480078C00703D58020C000086099
:1093B00070470A60704770B50822904B1A60904B56
:1093C0001C68E40302D50020088070BD0C880019D9
:1093D000401E00788B4DA870641C0C8045076D0FF3
:1093E000052D05D8884E3668F60603D5022D0ED019
:1093F000032070BD1B689604AE401E4001D10820BA
:1094000070BD052D03D1104201D1601E08807F4838
:109410004860002070BDF3B583B009887C480078AF
:10942000401CC0B2884204D203984018401E027803
:1094300000E00022734B5A7098784007400F01906B
:1094400030240125052833D122423CD19878C60822
:109450001E203040D60700D52843A44EC6402E40DB
:1094600074D0A34E019F00973700C740BC46202709
:10947000381AC006C00E864067463E43402006406C
:10948000009F3E43500602D53000202606439878C0
:10949000920801271740BC4687080C223A406746CD
:1094A0003A43C02707401743202038439E70587026
:1094B0005878232202400BD0514A1268520302D539
:1094C0000440202C01D005208FE002224B4C22606A
:1094D00008229C78A40601D4202303E09B78134241
:1094E00002D04023454C2360464B9B786C4623704A
:1094F000C02302248A4E3668264001D1184217D074
:109500006E46377827263E40232E06D13C4E3668DD
:10951000F6020AD4394E35600AE0252E05D0212EF8
:1095200006D1374E3668360302D50426334F3E60E7
:109530007B4E3668344002942024019F002F1FD1B7
:1095400034402CD02F4C64782340402B16D00C2371
:109550002340042B12D010423ED1294A029B002BFB
:1095600003D01368DB00DC0F65406B461B78DC071B
:10957000E40F254230D0126812012AD4072034E0CB
:10958000019F022FDED1344009D0029C002CD9D19A
:10959000CC24044003D16C462478640601D5032012
:1095A00023E0039C2488164E3668B6030BD5E027CB
:1095B00027400CD1144201D1984EA4192404240E42
:1095C000A02C04D1BEE7039C2478052CBAD0062039
:1095D0000BE08022094B1A60C00702D4491C049892
:1095E0000180AD4804994860002005B0F0BD00003E
:1095F0003C6000A83C5000A8E43E00004C1002A8CB
:10960000D03E0000AA3D0000480002A8332B000015
:10961000983D0000F2B50200A04840780021C30741
:1096200005D4009B1B88D218521E167800E0002635
:10963000022210239A4C25681D4015D0994D2F69A0
:109640007E40F6B2002E05D16668B446FE09674634
:109650007E401640002E04D02D682D0204D40A202E
:10966000F2BDD506904F3D608C4D3602C0270740B5
:1096700037438D4E3760AE7877077F0F022F06D1C4
:109680006468224003D1009801800020F2BDA0212F
:109690000140B208102414400C432109020701D4F0
:1096A0000B431900CC2202401A2008400A2804D19A
:1096B000CC2A02D00800FD2101407C48C840C007E8
:1096C00001D40720F2BD7A48C8401121014011435E
:1096D0002020084328700D210140009802D000F09E
:1096E0009FF8F2BD00F01EF8F2BD0000F300A3E306
:1096F0009814406838B50C006E490B781A09533934
:109700009500491925881B071B0FEB1A9A1A801818
:10971000FFF7B4FC010002D1200000F003F832BDD5
:109720004C0002A8F8B50400634805685B4F387820
:10973000000938700D26290601D5304205D10820D0
:109740005E490860EF20FFF757FC2000397831426E
:1097500002D000F065F8F2BD002105222A4020D099
:109760000388504AD360564CEE0706D55B1C038035
:10977000690600D4534C446014E043262E40422E28
:1097800003D15B1C038044600CE010234B4C23602E
:109790001268920000D400234B4A136380231B03FA
:1097A000136001800020F2BD0A888018401E0078F6
:1097B000830601D4121D0A801822024004D00888B2
:1097C0005208D21E801808803B480068C00702D5A6
:1097D0000888401C08803B4848600020704710B54E
:1097E0000022354B1C68E40708D51B689B0705D48D
:1097F0000B88C018401E007804280CD110202F4B75
:109800001860284B1B689B0000D400202E4B186367
:109810008020000318600A80002010BD00C0FFFFF8
:1098200031B581B0294A0020009008211B4B1D78DA
:1098300002230C24254202D10021254A03E02C40BA
:10984000082C00D10221EC0703D514001E2262402F
:1098500000931D420AD08023174A12681A4003D091
:109860001C4A164C236001E00022D243019BFC24D9
:10987000A4012260184AFF249470009C0D01254326
:10988000D57010701888009A511840181880134825
:109890005860002036BD0000312D0000AA3D0000B8
:1098A000480002A8D03E0000481002A80D0F0C0D81
:1098B00005170850573F00004C0002A84C2002A892
:1098C000C52E0000FB2E00001C1002A8DE1B250187
:1098D0002084100000FCFF01543F0000112E000006
:1098E00091480068E0214900014080204000814209
:1098F00001D1012070470020704700200880704788
:109900008A490968B74A127801238906890E8B4073
:109910009A4200D1401CC0B27047FEB50C00844F83
:10992000797A4907490F072901D1012500E000256F
:10993000804E31884022002D00D0802200901000FF
:10994000084022D0914301910C20002D02D10A2021
:10995000FFF7D6FF019A0321114389B2A24AFB788F
:109960000C2B01D00D2B02D13B88DBB213601160B0
:10997000090A11601060002D01D030791060009844
:10998000007910600820B049086021000098FFF7B6
:10999000B4FFFEBD80B5674A9279825C182A06D171
:1099A00080221204A94B1A60FFF7A7FF02BDFFF740
:1099B000B4FF02BD10B55F4A9379C45C012C08D195
:1099C0005B1C9371B8484860DBB25B1C0B800020C5
:1099D00010BDFFF7A2FF10BD38B5564A9379C45C9D
:1099E000FF2C14D0524D2D88AC4201D0042032BD42
:1099F0005479042C08D15B1C9371AC484860DBB2ED
:109A00005B1C0B80002032BDFFF787FF32BDFFF7E4
:109A100074FF32BD70B5437A047AA54AA54D2D680E
:109A2000ED060DD565076D0F032D09D1A24C2478E5
:109A3000A34201D00A2070BD80235B05D36228E0D9
:109A400081252540812D24D1674C45792D018679CA
:109A500036092E43F6B2266085792D01067936093E
:109A60002E43F6B2266005792D01467936092E433C
:109A7000F6B226600F2525600325256023607F232D
:109A8000236000252560236008236F4C23601B049E
:109A90001360FFF732FF70BD42791302F02212010A
:109AA0001A4080790243A448824205D020480088A9
:109AB000824201D004207047A74848600A200880ED
:109AC00000207047A54A9379C05C92785207520FE4
:109AD000D040C00701D404207047002008807047A0
:109AE00070B5144A9379C05C114C2488641EE0263A
:109AF0000640A41B24B2002C08D4C006C00E557921
:109B00006D1C854202DBE510A84201D2042070BD25
:109B100054805819401C9071914A4A60C0B2401C50
:109B20000880002070BD00004C4001A8408001A8C2
:109B3000E03E0000843D0000F2B582B041680A02B8
:109B4000120C009208240F27120A0F251540090E47
:109B50000191844E717A4907490F072903D1057A8B
:109B60000C20092402E00A20FFF7CAFE0199814275
:109B700001D20620FEBD79490D71009A0A80019A32
:109B8000101A4871621C0020009B1F40012F1ED03C
:109B900025D3032F0CD022D233881B0601D10420F9
:109BA000FEBD8C717049029B596002990A80FEBD0E
:109BB00040480068C0060AD5280004D0307A8542A3
:109BC00001D00A20FEBD80204005684B18608C71D2
:109BD000674802994860029802800020FEBD029901
:109BE0000880FEBDE93E0000E40000AA10B5614A0D
:109BF000D368006800BA984201D0042010BD082044
:109C00000C001168490303D45B49616020800CE0BB
:109C10005A490860FFF764FE002802D0584807211F
:109C200001E05848092121806060002010BD5149A1
:109C30000968C90302D55049082201E052490422AB
:109C400041600280704700004C2002A8441002A826
:109C500038B509884018401E0078424CA178552933
:109C60000CD088420AD02188884207D00A2805D023
:109C70004A2803D0552801D00C2032BD374DE87951
:109C8000A071FDF799F8A1794007400F0843A07132
:109C90002889A0803D480068000AE0718020800388
:109CA000034908600B2032BDB1300000D130000004
:109CB0001C1002A8480002A8E83E000030B5427817
:109CC000FF24264B8025DD710D88032D0AD1540811
:109CD00078252540DD711402F0221201224080789F
:109CE0000243154C1F480088904203D0944201D093
:109CF0000C2030BD1A81264848600888401C088026
:109D0000002030BD10B50C000078552801D0542833
:109D10000ED12048606001202080FFF7E1FD00287F
:109D2000208803D0801C2080002010BD401CFAE752
:109D30002000FFF77CFFF7E7FF0F000080B50D491B
:109D40000968890304D5144941600121018001BDDE
:109D5000FFF76DFF01BD000031310000843D0000C0
:109D6000E1310000E03E0000FD310000481002A893
:109D7000F5300000D03E0000173000004C1002A863
:109D8000B531000055320000093300001CC000A8A6
:109D90006D330000D93300002134000080B5FDF799
:109DA000A3FDA7480068000309D4FEF715FBFDF7E3
:109DB0001BFBFEF7EBFAFDF70BFFFEF743FD8020E0
:109DC0008005FDF7FEF801BD80B5FDF78DFD802013
:109DD0004002FDF7F6F801BD7CB5FDF7EAF9764DD6
:109DE000802000042860FDF77FFD74480168009121
:109DF000944A406810609448016800200124214280
:109E000010D02C600090914B5D6815601D68904AE1
:109E10001668731BB54202D39669761C9B198D4E4A
:109E2000B342F5D38C4D2860880503D50098FCF724
:109E300053FF00900220A04908602868044004D124
:109E40006846FDF7EDF9002802D10098FDF74AFABF
:109E500080208002FDF7B5F873BDF8B5974F984C98
:109E60008025AD0301269748974909680140814242
:109E70000ED19648006830400AD095480068954950
:109E80000E60E563BD63284000D1E563924806603B
:109E90009248016CC90506D580210906016000BF02
:109EA00000BF49080160FDF7EBFAFDF71DFD680AE8
:109EB00020603860FCF776FD89480560E808FDF70A
:109EC00080F888480670F1BD70B5FDF70DFD1020D3
:109ED000C04385490860814C0020E06383490860E5
:109EE000FDF777F8022582490D60FDF77BF8814E7A
:109EF00030780521014002D0FDF768FD01E0FDF753
:109F000072FD3068054001D001202060FFF73DF967
:109F100080200003FDF755F870BD80B5FDF7E4FC27
:109F200047480068000303D4FDF75EFAFDF750FED2
:109F300080204003FDF745F801BD38B5FDF7D4FC9E
:109F4000664C2025FEF710FB002806D0606B00074A
:109F500004D5FEF72EFBFDF78BFF2560FDF744FAD5
:109F6000FDF736FE634800780C210140042902D138
:109F7000FDF72CFD01E0FDF736FD6804FDF721F843
:109F80004020206031BD80B50520A8490860FDF75C
:109F9000ABFCFEF70EFBFF208001006800906846D6
:109FA000FDF716FF002802D10098FDF791FF8020F1
:109FB0004004FDF706F801BD442002A8B03F0000B0
:109FC000F8B5FDF791FCFDF704F80221484A11604D
:109FD000FDF708F8964C656A5020284002D0FDF73E
:109FE000F5FC01E0FDF7FFFC3C4FFEF7BDFA002851
:109FF0001BD1B86B40071DD4786BE02149010140AB
:10A0000018D1A80611D4FCF7CEFF656A894E3542F7
:10A0100007D0FF20C0432D18656280200005B44999
:10A020000860FCF7C9FF2E4002D00120386001E033
:10A030000020206080208004FCF7C3FFF1BD0000F9
:10A040000C0002A8903D0000440002A8DC3E000085
:10A0500020C001A801FF00006C3D000080B5FDF7A5
:10A0600043FCFEF793F9FDF7B3FD8020C004FCF735
:10A07000A8FF01BD10B5FDF737FC8024A4039D495E
:10A080000968090313D41B4909680322C00601D5D6
:10A090000A4001E088080240012A02D1FDF796FC3F
:10A0A00001E0FDF7A0FC9448006894490860200096
:10A0B000FCF787FF10BD0000305201A8145001A822
:10A0C000106001A840000800D03E0000884101A8AF
:10A0D0004C4001A8405101A8406101A8100002A80D
:10A0E000B46000A8AE3D0000482002A8943D0000E6
:10A0F00024E50340FC3E0000F0B585B00120694630
:10A10000087000240394FDF7EFFB0490794D286854
:10A11000000369D403209C4908649C4800680290AD
:10A120009B4F9C4E0007000F032804D002980004A8
:10A13000000F062833D198480068FEF733FB71689A
:10A14000401801D5019400E00190A86B0107C80FE9
:10A150000321FA6A0A40022A1BD1049AD20618D5B2
:10A160003A68D30513D5EE6B8C4B1E409E4203D14B
:10A170001021854A11640CE092050AD42A6C282328
:10A18000134006D16B461C70594A116001E06A46C3
:10A190001470039068460678002E03D10FE03068F3
:10A1A00001900126FEF7E0F9002808D0FEF701FA39
:10A1B0000398002802D0FDF75BFE00E00026022095
:10A1C00071490860002E10D02C20385C0C21014011
:10A1D000042902D0E86BC00602D5FDF7F7FB01E0C9
:10A1E000FDF701FC2020686019E0FDF7FDF801A8EB
:10A1F000FDF7EEFD002812D102980007000F03289A
:10A200000AD1A86B800507D5A0204000396801401D
:10A21000814201D1FCF748FD0198FDF759FE8020ED
:10A220000004FCF7CEFE05B0F0BD00005C1102A8F2
:10A23000D83E000000FFFF00FEB500240194FDF7AA
:10A2400053FB574EF06E2C4D0007000F072806D128
:10A250007068002803D4FEF799F8286840E00121CF
:10A2600003204B4A73685B070BD44E4B1B680B40B3
:10A2700007D01368DF050BD55B0502D43368DB0517
:10A2800003D40191D16A890904E01021184B1960A7
:10A29000D16A090908400090FEF778F80098002874
:10A2A00005D17068C00602D4FDF79DFB01E0FDF703
:10A2B0008DFB00200199002903D13B480068FEF77F
:10A2C00071FA2969401801D5009400E000906846B1
:10A2D000FCF7A6FF002805D10098FDF703F8686990
:10A2E0000649086080200005FCF76BFEF7BD000002
:10A2F000481002A80C0002A8B43F0000903D0000E6
:10A30000F8B5FDF7F1FA002400252848466B8027B0
:10A310007F05300606D5300709D5FEF74AF9FDF767
:10A32000A7FD2CE001251F480068284018D0FEF743
:10A330002DF80220064002D01D490C60C8611D485E
:10A340000468002D03D02000FCF76AFD0400FEF72E
:10A3500030F92000FDF7BCFD3800FCF732FEF1BDFE
:10A36000FCF721FE14480078C0210140402902D1A9
:10A37000FDF72CFB01E0FDF736FBFCF71DFE20206E
:10A380000A490860E8E70000082002A8B00002A817
:10A39000D03E0000B83F00000CC101A81000001022
:10A3A000440002A8B44000A81CC101A8100002A8E3
:10A3B000180000AACC3F0000FC3E00000120094923
:10A3C00008600949094A1160094A11600321094BD3
:10A3D0001960094B19601061084809494860FEF787
:10A3E00022FB00BF040002A80000FF3F282002A8B3
:10A3F0002C1002A840E002A844C002A8432100009B
:10A400000000000080B5EFF305800B2801D23A214F
:10A4100000E029219C2252000020FEF789FDFEE782
:10A42000CF0E0000B13D0000643D0000643D00001F
:10A43000643D00000000000004020108F7FFF8FF7F
:10A44000F0FFF8F8F9F8FFF6F6FF00004441524239
:10A4500000000000FEFFFFFF00000000FFFFFFFF05
:10A46000FFFF000000000000000000000B0C0300D4
:10A4700000202000023C3C3C0000000000000000E6
:10A48000012604000001000000000001000100009E
:10A49000000A03000000000020040020200000004B
:10A4A00001010000000000000000000000000000AA
:10A4B000E05803081A000000B1D6000800D2496B2A
:10A4C000A00F000001000000046003080800000065
:10A4D0000D07020840420F0050C3000001000000B9
:10A4E000FFFFFFFFFFFFFFFF08000000000000006C
:10A4F0000000000000000000000000000500000057
:10A500000000000000000200000010000000000039
:10A51000000000000100000006000000090000002B
:10A52000000000000000000000000000000000002B
:10A530000300000000000000000000000000100008
:10A5400012000000010000000000000000000000F8
:10A5500006000000000000000000000000000000F5
:10A5600000000000000000000000000000000000EB
:10A5700000001000020000000100000000000000C8
:10A5800000000000F85803081E000000554F0308A3
:10A59000404B4C00D007000001000000000000000C
:10A5A0000000000000000000D1890008E5890008D3
:10A5B000E18A00084D8A00087D8A0008000000003A
:10A5C000000000000000000000000000A98A000850
:10A5D0007D17002000000000BB8A0008CD8A00081B
:10A5E0008317002085170020871700208917002077
:10A5F0008B170020F9DF0008F9DF0008F9DF0008F9
:10A60000F9DF0008F9DF0008F9DF0008F9DF0008CA
:10A61000F9DF0008F9DF0008F9DF0008F9DF0008BA
:10A62000F9DF00088D170020F9DF0008F9DF0008C6
:10A630008F17002091170020F9DF000893170020E2
:10A640009517002097170020F9DF0008F9DF0008B0
:10A65000F9DF0008F9DF000809150308E91E0308FF
:10A66000A11E03089D1E0308D1160308E51E03085A
:10A67000A51E0308BD1E0308A91E0308491F0308E1
:10A68000291F0308F9DF0008F9DF0008AF170020D1
:10A69000F9DF0008B1170020B3170020B51700201C
:10A6A000B7170020B9170020F9DF0008BB170020FA
:10A6B000BD170020BF170020C1170020F9DF0008D8
:10A6C000F9DF0008AD870008C3170020C517002078
:10A6D000C7170020C9170020CB170020CD17002076
:10A6E000CF170020D1170020D3170020D517002046
:10A6F000D7170020F9DF000845A7000899020308D2
:10A70000F9DF0008F9DF000831EC020837EC020835
:10A71000FEE7FEE7FEE7FEE7FEE7FEE7FEE7FEE711
:10A72000FEE7FEE7FEE7FEE7FEE7FEE7FEE7FEE701
:10A73000FEE7FEE7FEE7FEE7FEE7FEE7FEE7FEE7F1
:10A74000FEE7FEE7FEE7FEE7FEE7FEE7FEE7FEE7E1
:10A75000FEE7FEE7FEE7FEE7FEE7FEE7FEE7FEE7D1
:10A76000FEE7FEE7FEE7FEE7FEE7FEE7FEE7FEE7C1
:10A77000FEE7FEE7FEE7FEE7FEE7FEE7FEE7FEE7B1
:10A7800028000000C0EA2101C0EA2101C0175302DD
:10A7900000800000FFFFFFFF08020000030200002E
:10A7A000FEFFFEFFFFFFFFFFFEFF000000000000B6
:10A7B000000000000000000000000000FDE20008B2
:10A7C00005E300080DE3000815E300085BE300085B
:10A7D00017E3000863E3000861E3000819E30008D9
:10A7E0002BE3000827E3000821E300081BE300082F
:10A7F000000000000000000010FFFF010DB602087D
:10A80000000000000000000000000000FFFFFFFF4C
:10A81000FFFFFFFFD062030800000000FFFFFFFF03
:10A820007C680308D9BA0208FFFFFFFF65C602086B
:10A8300061C6020879C60208FFFFFFFFFFFFFFFFA6
:10A84000FFFFB7002B05DF002904F80024031601E1
:10A8500028033E013003700134039D012802BB012F
:10A860002D0229023202E202230149032801840356
:10A870002D01A2032F01E8033001D0072400B80BFB
:10A880003F000000FFFFFFFFFF0005000000000089
:10A89000FF05F00019FE0208FFFFFFFFFFFFFFFFAB
:10A8A0002D200308FFFFFFFFFFFFFFFFFFFFFFFF5C
:08A8B000FFFFFFFF00000000A4
:04000005080080313E
:00000001FF
