:020000040804EE
:1040000003B40148019001BD8D2F05080000000098
:10401000FFFFFFFFFFFFFFFFFFFFFFFFFFFFFFFFB0
:10402000FFFFFFFFFFFFFFFFFFFFFFFFFFFFFFFFA0
:104030004150503279C63B75B3C3DCD21DB6064D34
:1040400000020000004004085064020000C000208C
:1040500070470000F8B504464FF04023D3F88420A1
:10406000D106FBD4D3F88430C3F381139C422DD006
:104070000EF004FF012C064602D1214600F0DAFBC7
:1040800000F092FE124B4FF00072074620464FF0B0
:1040900040255A66FFF7DCFF621E4FF480639340B1
:1040A0002B676B6E9A0103D4D5F884309B060AD532
:1040B000384600F07DFE022C08D130460021BDE8D4
:1040C000F84000F0B7BBD5F88430EAE7F8BD00BF90
:1040D0000060004007B518B901910EF0CFFE0199BC
:1040E000064B1B7843B1064B984205D8012003B01C
:1040F0005DF804EBFFF7AEBF0220F8E738C10020FF
:10410000005A62024FF04023D3F88420D206FBD439
:10411000D3F88400C0F381107047000038B5174B06
:1041200005460C46D3F8203103F00703013B052B6D
:1041300020D8DFE803F0030B130F171B0EF098FED7
:10414000052305B1286004B1237038BD0EF0C6FE0A
:104150000323F6E70EF0CCFE0723F2E70EF0C4FED1
:104160000223EEE70EF084FE0623EAE70EF0B6FE29
:104170000423E6E700231846E3E700BF0080004081
:1041800038B5124B05460C46D3F8283103F0070327
:10419000013B032B17D8DFE803F0020E120A0EF0E2
:1041A00067FE052305B1286004B1237038BD0EF009
:1041B0009FFE0723F6E70EF091FE0323F2E70EF0D1
:1041C00093FE0223EEE700231846EBE70080004051
:1041D00073B5134A0D46002106460191D2F880417D
:1041E00004F00304022C13D0032C0CD0012C14D1A6
:1041F00001A8FFF793FF0F230EB1019A326005B1BA
:104200002B7002B070BD0EF073FE07230190F3E730
:104210000EF06AFE23460190EEE70B46ECE700BF86
:1042200000800040002337B501930546144B0C462F
:10423000D3F8203203F00703013B032B1ED8DFE83D
:1042400003F0020E1318002101A8FFF799FF1123B4
:104250000DB1019A2A6004B1237003B030BD0EF095
:1042600047FE07230190F3E70EF084FE0A23019036
:10427000EEE70EF085FE09230190E9E70023E7E76A
:104280000080004038B5104B05460C46D3F840314D
:1042900003F00303022B0BD0032B0DD0012B0FD106
:1042A0000EF068FE0A2305B1286004B1237038BD02
:1042B0000EF066FE0923F6E70EF05FFE0B23F2E731
:1042C00000231846EFE700BF00800040002337B509
:1042D00001930546154B0C46D3F8603203F00703F3
:1042E000013B032B1FD8DFE803F0020E1914002155
:1042F00001A8FFF713FF0F230DB1019A2A6004B143
:10430000237003B030BD002101A8FFF7BBFF1023CD
:10431000F2E70EF0EDFD07230190EDE70EF0E4FD6E
:1043200002230190E8E70023E6E700BF0080004099
:1043300038B5134B05460C46D3F8003203F007039B
:10434000013B032B18D8DFE803F0020A0E120EF02F
:1043500011FE0A2305B1286004B1237038BD0EF0A8
:104360000FFE0923F6E70EF008FE0B23F2E70EF02E
:104370009FFD0E23800AEDE700231846EAE700BF01
:104380000080004038B5134B05460C46D3F8083280
:1043900003F00703013B032B18D8DFE803F0020A00
:1043A0000E120EF0E7FD0A2305B1286004B1237058
:1043B00038BD0EF0E5FD0923F6E70EF0DEFD0B2318
:1043C000F2E70EF075FD0E23800AEDE70023184694
:1043D000EAE700BF0080004038B5104B05460C46A8
:1043E000D3F8403203F00303022B0BD0032B0DD084
:1043F000012B0FD10EF0BEFD0A2305B1286004B1D8
:10440000237038BD0EF0BCFD0923F6E70EF0B5FDB4
:104410000B23F2E700231846EFE700BF00800040BF
:1044200038B5104B05460C46D3F8503203F0030361
:10443000022B12D0032B08D0012B0AD000231846E0
:1044400005B1286004B1237038BD0EF096FD0B2332
:10445000F6E70EF08FFD0A23F2E70EF091FD092337
:10446000EEE700BF0080004038B5104B05460C4613
:10447000D3F8603103F00303022B0BD0032B0DD0D4
:10448000012B0FD10EF076FD0A2305B1286004B18F
:10449000237038BD0EF074FD0923F6E70EF06DFDB4
:1044A0000B23F2E700231846EFE700BF008000402F
:1044B000B0F5207F1FD009D8B0F5007F15D003D804
:1044C00068B1B0F5C07F0AD000200CE0B0F5607F85
:1044D000FAD10B4BD3F88000C0F3011003E0084B76
:1044E000186FC0F3033001307047054BD3F89000CC
:1044F000C0F30460F7E7024B186FC0F38020F2E7C7
:104500000080004038B54FF480320E4B0546002045
:104510009A66FFF7CDFF0C4B68430C4DDC69A8424F
:1045200004EA020441F67132DA635A6822F4401256
:1045300003D9012918BF42F480125A600CB100223D
:10454000DA6338BD0090004000000340005A620268
:1045500008B50EF0BFFC0021BDE80840FFF7D2BF50
:10456000430905D0012B0DD0022B094B18BF0023A6
:1045700000F01F0041B103F58053012202FA00F060
:1045800018607047034BF3E703F50053F5E700BFEE
:1045900068800040648000401FB504460020B4F5E8
:1045A000807F029000F0F5806BD8002C00F0D58061
:1045B000203CA3B2602B74D8602C72D8DFE814F0D2
:1045C000CD00D000CD00D000DF00DF00DF00DF0035
:1045D000DF00D000E4007A00FB009A007A00D000EF
:1045E000D000D00071007100710071007100710085
:1045F0007100FB00D000D000D00023010001D000EA
:104600007100710071007100710071007100710022
:1046100071007100710071000501DF00CD00CD0057
:10462000CD00AD007A007A00B5000A018F00C40009
:10463000C40071007100710071007100710071009F
:1046400071007100710071007100710071007100E2
:1046500071007100710071007100710071007100D2
:1046600071007100710071007100710071007100C2
:1046700071007100710071007100710071007100B2
:10468000C900B4F5E06F00F09B8038D8B4F5607FC6
:1046900070D01AD8B4F5007F6CD005D8B4F5C07FBF
:1046A0005BD0029804B010BDB4F5207F58D0B4F5AB
:1046B000407FF6D10EF0FCFB02464FF42070FFF76E
:1046C000F7FEB2FBF0F0400845E0B4F5B06F5BD008
:1046D0000AD8B4F5806F52D0B4F5A06FE1D10021B3
:1046E00002A8FFF79FFDDCE7B4F5C06F63D0B4F517
:1046F000D06FD6D1002102A8FFF71AFED1E7B4F59A
:10470000286F67D016D8B4F5186F5ED00AD8B4F504
:10471000F06F78D0B4F5106FC3D1002102A8FFF775
:1047200031FEBEE7B4F5206FBBD1002102A8FFF730
:10473000CDFDB6E7B4F5306F56D0B2D3B4F5386FCF
:1047400039D0B4F5406FACD1002102A8FFF718FDB5
:10475000A7E70EF093FB0290A3E70EF0A9FBFAE7A0
:104760000EF0A6FB02464FF42070FFF7A1FEB2FB4D
:10477000F0F0F0E70EF082FB02462046F5E700215C
:1047800002A8FFF7CBFC8CE7002102A8FFF720FD71
:1047900087E74FF0E02303901B695B0705D50EF018
:1047A00087FB0390039B02937BE70DF1070103A8AE
:1047B000FFF768FDF6E7002102A8FFF763FD70E749
:1047C000002102A8FFF708FE6BE7002102A8FFF70F
:1047D00027FE66E700210E4B0391D3F8703203F0F9
:1047E0000303012BDED1E2E7094BD3F8903203F04B
:1047F0000303012B04D0022BADD10EF079FBAAE705
:104800000EF072FBA7E7002102A8FFF72DFE48E794
:104810000080004008B58020FFF7BEFE034B9842A1
:104820009EBF034B4FF480321A6708BD005A6202E4
:1048300000A000400029CCBF01210021FFF762BE8B
:10484000B0F5207F10B50C4642D008D8B0F5007FF7
:1048500033D003D888B1B0F5C07F0ED010BDB0F50D
:10486000607FFBD11F4B013CD3F8801021F0300159
:1048700041EA0414C3F88040F0E7FFF769FE013C09
:1048800000F034F8174B184A4FF480311167196F54
:1048900021F4704141EA04341C670EF009FB044620
:1048A000FFF730FCC0F102012046FFF7C3FF00F024
:1048B00023F8BDE81040FFF7ADBF0A4B013CD3F829
:1048C000901021F0F85141EA0464C3F89040C5E724
:1048D000044B013C196F21F4806141EA84241C6778
:1048E000BCE700BF008000400090004002214FF470
:1048F0002070FFF7A5BF000008B54FF4C070FFF7A8
:104900004BFE0549BDE8084088428CBF02210121C9
:104910004FF42070FFF794BF80F0FA02B0F5807F6B
:10492000F8B50C4600F04E8174D8582866D838285F
:1049300004D8243883B2092B46D9F8BD39381F284A
:10494000FBD801A353F820F0374C04083B49040876
:104950003B4904083B490408574C0408B74C040879
:104960003B4904083B4904083B4904083B49040807
:104970003B4904083B4904083B4904083B490408F7
:104980003B4904083B4904083B4904083B490408E7
:104990003B490408D74C0408414A04083B49040831
:1049A0003B4904083B490408BB4A04083B49040846
:1049B0003B4904083D4D04085D4D0408974C04082C
:1049C000F74A0408F74A04080928B6D801A353F89F
:1049D00020F000BF414A0408414A0408414A040843
:1049E000414A0408414A04083B490408A54B04080D
:1049F0003B490408374C0408794A040880289CD1B4
:104A00008B1E062B00F2CB80DFE803F0C6B4C9850D
:104A1000C9C9C300B0F5086F00F02D813CD8B0F5CE
:104A2000C06F00F008811BD8B0F5A06F00F0338193
:104A3000B0F5B06F00F0B680B0F5806F7FF47DAF59
:104A4000023CAD4AE4B2052C96BFAC4B0021195D87
:104A5000D2F8203123F007030B43C2F820316CE772
:104A6000B0F5E06F00F02781B0F5F06F00F0F38053
:104A7000B0F5D06F7FF461AF093C9F4AE4B2052CDA
:104A800096BF9F4B0021195DD2F8003223F0070337
:104A90000B43C2F8003250E7B0F5286F00F05E819A
:104AA0001BD8B0F5186F00F01681B0F5206F00F03C
:104AB0004581B0F5106F7FF440AF093C8E4AE4B2F7
:104AC000052C96BF8F4B0021195DD2F8083223F0D8
:104AD00007030B43C2F808322FE7B0F5306F00F040
:104AE0004E81FFF42AAFB0F5386F00F0A480B0F526
:104AF000406F7FF422AF023C7F4AE4B2052C96BFA0
:104B0000814B0021195DD2F8283123F007030B43B4
:104B1000C2F8283111E70025022601210220FFF703
:104B200099FA4FF48037FFF713FDFFF7DFFE724A63
:104B3000764B1F67136F23F00703334313670EF0A1
:104B4000B7F90646FFF7DEFAC0F102013046FFF77B
:104B500071FE01210020FFF7BDFAFFF7CDFEFFF740
:104B600059FE002D7FF4E9AE032C7FF4E6AE684BCE
:104B70009F62E2E6654B4FF4801203265A664FF4BB
:104B80008032644B9D6A03F58053C5F300659A62D9
:104B9000C3E700250426C0E700250126BDE7002560
:104BA0002E46BAE7023C544AE4B20D2C96BF5A4B4B
:104BB0000021195DD2F8803123F003030B43C2F8C2
:104BC0008031BAE60C2920D01BD8A1F10904022CAF
:104BD0003FF6B3AE484B4FF480325049586E03F560
:104BE00080535A664B6A43F001034B62C1035CBFBA
:104BF0004B4B5A664FF0E022136923F00403136114
:104C00009BE610297FF499AEE4E73B4B4FF48032EA
:104C10004249586E03F580535A664B6A23F00103EC
:104C20004B62C3035CBF3E4B5A664FF0E0221369F0
:104C300043F00403E3E7093C2F4AE4B2022C96BF99
:104C4000384B0021195DD2F8403123F003030B43A8
:104C5000C2F8403171E6093C274AE4B2022C96BF03
:104C6000314B0021195DD2F8603123F003030B436F
:104C7000C2F8603161E6CC1E1F4AE4B2062C96BF32
:104C80002A4B0021195DD2F8003123F003030B43B6
:104C9000C2F8003151E6073C174AE4B20A2C96BF2D
:104CA000234B0021195DD2F8203223F007030B4378
:104CB000C2F8203241E6093C0F4AE4B2022C96BF0A
:104CC0001C4B0021195DD2F8403223F003030B4343
:104CD000C2F8403231E6093C074AE4B2022C96BFE2
:104CE000154B0021195DD2F8503223F003030B431A
:104CF000C2F8503221E600BF00800040FA450608A5
:104D000003460608034606081B46060800900040B6
:104D10000060004A0040004AEC45060800C0074019
:104D200000A000400046060800460608094606089E
:104D3000104606080046060800460608023C184AC7
:104D4000E4B20E2C96BF174B0021195DD2F86032E9
:104D500023F007030B43C2F86032EEE5102C0CD0B1
:104D6000142C14BF002102210D4AD2F8703223F016
:104D700003030B43C2F87032DFE50121F4E7022997
:104D80000CD0072914BF00210221054AD2F8903225
:104D900023F003030B43C2F89032CEE50121F4E780
:104DA0000080004021460608EFF3108072B670477D
:104DB00000B962B6704770B505460E461446FFF757
:104DC000F3FF296881EA040202EA06044C402C60E1
:104DD000BDE87040FFF7ECBF072AF7B501F0030606
:104DE00014461F464FF003012CD89500A94000FA45
:104DF00005F21C480191FFF7DEFF06FA05F2019962
:104E00001948FFF7D8FF194B19499DF82000002FCA
:104E100008BF1946012303FA04F4164B0C60164927
:104E2000002808BF0B469DF8240010311C60134B6E
:104E3000C3F82044A3F6DC33002808BF0B461C60EF
:104E400003B0F0BDA2F10805AD00A94000FA05F2DB
:104E50000B480191FFF7AFFF06FA05F201990948E7
:104E6000CFE700BF00C4034008C4034010E4034080
:104E700010D4034014D4034014E4034000E0034082
:104E800004C403400CC403402DE9F04105460F461D
:104E90001E4690464AB101231A4C30228B4002FB39
:104EA000004446B304F582542360072F4FF03003CB
:104EB0004FF00F01144888BFA7F1080405FB03F366
:104EC00095BFBC00A40004330C3308FA04F2A140DF
:104ED0001844FFF770FFB8F1000F0AD10121094A09
:104EE000302001FA07F700FB05223EB102F582529D
:104EF0001760BDE8F08104F50154D5E702F50152D1
:104F0000F6E700BF00C0034030C0034008B500E032
:104F100000BF00E000BF08BD1FB500231022694696
:104F2000CDE90033CDE902331EF014F8003818BF84
:104F3000012005B05DF804FB837B602B02D10023C8
:104F40000CF08EBB4FF482707047F7B5837B0E4632
:104F5000174653BBC37B9A0727D413F001031FD016
:104F60000CF0E0FA0B46FA000224A2F12005C2F18F
:104F7000200104FA05F524FA01F194400D43013CA7
:104F800045F1FF358442CDE9000375EB030309D3F6
:104F90003A46694630461DF0EDFF002003B0F0BDF3
:104FA0008089E0E74FF48060F8E74FF48270F5E71E
:104FB000837B402B02D100230CF052BB4FF4827054
:104FC000704700002DE9F04F0023A34DDFF8B082B9
:104FD0009DB085F8213004462B7489466B6208F138
:104FE0009A0A85F8283008F1930BEB62FF2385F8C5
:104FF0003030A368002B00F02A81A37B002B40F007
:10500000C181E37B9E0700F1BD8102A920460CF01F
:1050100006FB0346002840F01A8120460CF0A5FA52
:105020000346002840F01381029E052E00F38D8078
:10503000052E42D8DFE806F0031B2E445A6E1023DB
:10504000854920460DEB03020493FFF7B1FF0346A9
:10505000002840F0FC80049B102B2ED101232B74E0
:1050600020460CF04EFB03460028C2D0EFE0102390
:105070007A4920460DEB03020493FFF799FF03469C
:10508000002840F0E480049B102B16D1012385F802
:105090002130E5E7042272492046FFF756FF034618
:1050A000002840F0D4806F4A01901268686A926EBE
:1050B0009047019B0028D3D16B6240F20723C6E0E2
:1050C000012269492046FFF740FF0346002840F0CF
:1050D000BE80644A0190126895F82800D26E90470D
:1050E000019B0028BCD185F82830E6E704225F49FF
:1050F0002046FFF72AFF0346002840F0A880594ABF
:1051000001901268E86A126F9047019B0028A7D1AE
:10511000EB62D2E7012304AA554920460493FFF726
:1051200047FF0346002840F09280049B012B03D0E8
:10513000FF2385F83030C0E74A4B95F830001B68F4
:105140005B6F984700288BD1F2E7A6F18003082B0C
:1051500000F2AE80813E072E05D8DFE806F0141A73
:10516000203244556F9B102342490DEB03020493F8
:105170002046FFF71DFF0346002868D1049B102B33
:105180003FF46EAF99E710233B490DEB0302049304
:10519000EEE7102339490DEB03020493E8E72023DF
:1051A00004AA374920460493FFF7C6FE03460028A9
:1051B0004DD1049B5A1E1F2A3FF67FAF88F89030CE
:1051C0004EE7202304AA2F4920460493FFF7B4FE9C
:1051D000034600283BD1049B5A1E1F2A3FF66DAFA1
:1051E00088F891303CE7202304AA274920460493FD
:1051F000FFF7A2FE034650BB049B5A1E1F2A3FF630
:105200005CAF88F892302BE7032304AA1F4920469D
:105210000493FFF791FE0346C8B9049B032B7FF468
:105220004CAF1A4A1A4912F8010B405C80073FF450
:1052300044AF013B13F0FF03F5D111E704225946B7
:105240002046FFF782FE034600283FF409AF1846C8
:105250001DB0BDE8F08F00BF24D3002035D300205F
:1052600048D3002068CB00204CD3002050D300202E
:1052700054D3002008D30020F8D20020E8D2002028
:1052800088D20020A8D20020C8D200201FD300203E
:1052900039A10608012251462046FFF756FE034673
:1052A0000028D4D198F89A30012B7FF6D9AE04E7C4
:1052B000A6F1C0033F2B3FF600AFA77BFB2F07D81B
:1052C000F42F08D8602F37D01AD85FB3402F33D0CF
:1052D00040F20313BBE7A7F1F503062BF8D801A2B0
:1052E00052F823F04B530408D1520408D152040859
:1052F000D152040877530408695304085953040829
:10530000E02FE5D101230393A3898DF81030B9F183
:10531000000F3FF4A5AE9DF80C3004AA3946304684
:10532000C8479DE6082304A9204603930CF05AF9C8
:10533000034600288BD1EAE75E2303AA04A920468E
:10534000039300230CF08CF9F2E701230393A38964
:10535000003B18BF0123D8E70823204603930CF035
:10536000E1F8CDE90401D2E70423204603930CF0D1
:10537000D9F80490CBE7022304A9204603930CF04C
:10538000C8F9D5E74FF4827361E700BF40B139B186
:10539000032934BF002202228A1A2A211DF011BEDD
:1053A0007047000070B5374C8AB094F821302BB1AB
:1053B000354B04F111001B689B6B9847237C23B18C
:1053C000314B30481B681B6C9847606A18B12E4BF4
:1053D0001B681B6A984794F8280018B12A4B1B6871
:1053E0009B6A9847E06A18B1274B1B689B699847EE
:1053F00094F83000FF2803D0234B1B681B6B9847A1
:10540000224C01A8002694F8905021462A461DF00F
:10541000B1FD05F12803294601A86B4403F8246C6B
:10542000FFF7B4FF94F8915004F1200101A82A4637
:105430001DF0A0FD05F12803294601A86B4403F8DF
:10544000246CFFF7A3FF94F8925004F1400101A8E7
:105450002A461DF08FFD294601A8FFF797FF9B21E3
:1054600020460CF0C7FB20B1094A452009490BF042
:10547000D9FB094A492007490BF0D4FB0BF042FC49
:105480000AB070BD24D3002068CB002088D2002051
:10549000304606085D4606086646060870B50C46A6
:1054A0008CB0054618B183680BB1037B43B9304B10
:1054B0004520304A30490BF0B5FB02200CB070BDDE
:1054C0009B212E480CF05CFB28B1294B45202C4A2F
:1054D00029490BF0A7FB04AE02AB00220096297B02
:1054E000A8680CF034F818B99DF81E30A02B06D02F
:1054F0001F4B4520234A20490BF094FB12E008A9DA
:1055000030460CF038F801460028F1D19CB108A8CB
:10551000FFF758FD40B10090154B45201A4A164937
:105520000BF080FB0320C9E7184A492012490BF011
:1055300079FB0020C2E7696808A8FFF743FD08B1BE
:105540000090E9E72B68002BF3D098470028F0D0B3
:105550000F4A492008490BF065FB0E4B0E481B68AB
:105560005B6898470D4B1B685B689847E1E700BF95
:10557000F24806086E4606085D46060888D20020F6
:105580008B460608CC460608E84606081347060878
:105590002F47060874CB0020A55304086CCB0020CD
:1055A000F0B5924A9DB0924949200BF03BFB0CF0BC
:1055B000BDFA38B18F4A45208D491DB0BDE8F04095
:1055C0000BF030BB9B218C480CF0DAFA002800F07D
:1055D00008818A4A492086490BF024FB884A84497D
:1055E00049200BF01FFB874B986CDB6C002800F008
:1055F000FA8000F07F43B3F1004F01D120F000406A
:10560000814C23689B69984720B1804A452078499E
:105610000BF008FB7E4D2B684BB1236800205B6BC1
:105620009847052803D1236828689B6B9847794DD4
:105630002B684BB123680020DB6B9847052803D10A
:10564000236828681B6C9847236802A8DB69984781
:1056500018B1236870481B6A984723680DF107004A
:105660005B6A984718B1236801209B6A98476B4B87
:1056700006AA03F1100614461868083353F8041CF0
:105680001546B34203C52A46F6D1654D0AAA2346FC
:10569000083503CB934245F8080C45F8041C1C461A
:1056A000F5D1604B154603F110061868083353F81E
:1056B000041C2C46B34203C42546F6D15A4D0EAB0A
:1056C0001446083503CC9C4245F8080C45F8041CE8
:1056D0002246F5D1534A1D461068083252F8041C80
:1056E0002C46B24203C42546F6D1504D12AA1C46A0
:1056F000083503CC944245F8080C45F8041C2346B1
:10570000F5D14B4B15464B4C1868998804F110079E
:105710009B79ADF8141006218DF81630364B0490A5
:1057200083F89010BDF81410186099802068083430
:1057300054F8041C2E46BC4203C63546F6D12178E7
:105740003D4D3170102116AE83F891101446083586
:1057500003CCB44245F8080C45F8041C2246F5D1A8
:1057600017AD344A2C461068083252F8041C2E46F5
:10577000BA4203C63546F6D11278304D3270102247
:105780001BAE83F892202246083503CAB24245F880
:10579000080C45F8041C1446F5D1294A29480392FF
:1057A000BDF80C1097389DF80E20A3F897106FF0F5
:1057B0007F0180F89920002283F89310252183F837
:1057C000952083F89620012283F894109B2183F87A
:1057D0009A200CF00FFA20B11B4A452004490BF027
:1057E00021FA1DB0F0BD01200AE700BF4C470608B2
:1057F0005D4606086B47060888D200208F470608DA
:10580000B74706080080E00F68CB0020DD47060898
:10581000B4C00020B8C00020782A6B0024480608D5
:1058200008D3002035480608F8D20020E8D200202E
:10583000464806084D480608A8D20020C8D20020D5
:10584000575053001FD300200248060830B5ADB0B2
:105850009B220021324C05A800251DF0B2FB314BE4
:1058600028468DF80A501B88ADF8083023685B6B1A
:105870009847052802D100202DB030BD2368284666
:10588000DB6B98470528F6D0236803A85B69984727
:105890000028F0D1236804A8DB6998470028EAD1E2
:1058A00023680DF107005B6A98470028E3D19B212C
:1058B00005A80CF065F930B11B4B45201B4A1C496B
:1058C0000BF0B0F9D7E725A8FFF726FB0028D2D0C8
:1058D00021A8FFF721FB0028CDD01DA8FFF71CFB56
:1058E0000028C8D09DF8A430002BC4D09DF8A53066
:1058F000002BC0D09DF8A630002BBCD0032202A9FB
:105900000DF1AB001DF026FB0028B4D0DDF8A73068
:10591000002BB0D09DF8AE00FF3818BF0120ABE7D8
:1059200068CB0020BEA20608CD4806085E480608DF
:105930005D460608F0B50024BBB007460E469B2224
:10594000214613A88C4D8DF80340CDE90B44CDE9D9
:105950000D44CDE90F44CDE91144CDE901441DF0DA
:1059600030FB23463288394603A80BF0E3FB4FF0A7
:10597000FF3207A903A80BF010FC2B6802A8DB6913
:10598000984700B102942B680DF103005B6A9847B9
:1059900010B100238DF803302B6801A85B6998478C
:1059A00008B1002301930022002307A80BF0C9FBD4
:1059B0002B680FA8DB6B9847052807A80BBF0FA91A
:1059C0000DF14A01002202220BF0C3FB0122002349
:1059D00007A80BF0B6FB2B680BA85B6B9847052854
:1059E00007A807BF00220BA902220DF13A010BF014
:1059F000B0FB0222002307A80BF0A3FB029A0023AE
:105A000007A80BF09EFB0322002307A80BF099FBCD
:105A10009DF80320002307A80BF093FB042200232A
:105A200007A80BF08EFB019A002307A80BF089FB57
:105A30009B2113A80CF0A4F850B1504A45205049BE
:105A4000504B0BF0EFF89B22002113A81DF0B9FA80
:105A50008022002307A80BF074FB33A8FFF75CFA41
:105A60000246002800F0828002220DF1DA0107A828
:105A70000BF06FFB8122002307A80BF062FB2FA81D
:105A8000FFF74AFA0246002872D002220DF1CA013D
:105A900007A80BF05EFB8222002307A80BF051FB46
:105AA0002BA8FFF739FA0246002863D002220DF135
:105AB000BA0107A80BF04DFB9DF8DC1013A8FFF707
:105AC00065FC0023832207A80BF03BFB9DF8DC203C
:105AD00013A907A80BF03DFB9DF8DD101BA8FFF7ED
:105AE00055FC0023842207A80BF02BFB9DF8DD203A
:105AF0001BA907A80BF02DFB9DF8DE1023A8FFF7CC
:105B000045FC0023852207A80BF01BFB23A99DF869
:105B1000DE2007A80BF01DFB0023862207A80BF050
:105B200010FB0DF1E301032207A80BF024FB8722F1
:105B3000002307A80BF005FBDDF8DF20002307A8F2
:105B40000BF0FFFA8822002307A80BF0FAFA9DF861
:105B5000E620002307A80BF0F4FA07A903A80BF02E
:105B60002DFB0398C01B30803BB0F0BD33A97EE70E
:105B70002FA98DE72BA99CE768CB00208048060859
:105B80005D460608AB4806084140034BC9B233F8EE
:105B9000113083EA102070470C490608A0F17D03FC
:105BA000012B10B506D8136880F020005C1C14602F
:105BB0007D24CC5413685C1C1460C85410BD10F0D4
:105BC000010282B011D010F00C0F4FEA501018BF34
:105BD00002229DF8053060F302030020DBB262F37D
:105BE000070063F30F2002B07047C0F34200F0E7F4
:105BF0000378012B09D0022B0ED0A3B9407800F016
:105C00000700400040F010007047407800F00700A7
:105C1000400140F001007047407800F0070040016B
:105C200040F009007047002070474FF6FF73438033
:105C30004FF0FF33C0E901330023C0E903330370A1
:105C4000704700000148FFF7F0BF00BF70D200208E
:105C50002DE9F74F0F469846044600287BD00029CF
:105C600079D0002A77D00C9B002B74D00D9B002B91
:105C700071D0002615464FF0010B08F1FF39B246EE
:105C8000B04563680AD1002B26DA0D9A0023136011
:105C90006FF02202104603B0BDE8F08F002B15F81C
:105CA000011B0DDA7E2906D14E4502D22B787E2BC0
:105CB00004D0E3686360E3680133E3600136DFE743
:105CC0007E291DD14E4502D22A787E2AF6D0E2687E
:105CD000591C9142F2D0A260A268002AD5DB03339E
:105CE0009A4235DD62884FF2B8039A4230D1236977
:105CF00032469E1E0D9B20461E60FFF796FFC9E7A9
:105D00007D2902D184F800B0D5E723782BB184F83F
:105D100000A015F8011C81F0200160880191FFF7B7
:105D200033FF6368E2680233019960809A4208D1C8
:105D30000846FFF744FF00B23870C0F307207870C0
:105D4000B9E7B8DD23695A1C22610C9AD154B2E735
:105D50006FF00402CEE76FF015029BE713B5049CC9
:105D6000CDE9003413460A4601460248FFF770FFAA
:105D700002B010BD70D200202DE9F347DDF8289065
:105D80000D4617461E46804600284AD009B9002A0B
:105D900047D1002E45D0B9F1000F42D00123FF2199
:105DA0004FF6FF7001937E233370FFF7EDFE019BEA
:105DB00002464046591C0191FF21F154FFF718FF9C
:105DC000824601461046FFF7DFFE01AA044631462F
:105DD0005046FFF7E3FE98F8003013B92F44AF4266
:105DE00013D1E04301AA314684B2C0B2FFF7D6FE18
:105DF000200AFFF7D3FE019B7E220020F2540133DC
:105E0000C9F8003002B0BDE8F08729782046FFF7D6
:105E1000BBFE01AA0446314615F8010BFFF7BEFE92
:105E2000DDE76FF01500EDE770B5094E0D460A4647
:105E300001463468074820442C441DF09BF8642236
:105E4000346002210448BDE870400CF02FB900BF57
:105E50005CD5002058D30020995F04082DE9F04359
:105E6000ADF2144D0023434E4FF40377424A0DF137
:105E70000C09C9F800303378DFF818815F431278D5
:105E800007EB08059A42D5F8044203D194B94FF0C4
:105E9000FF340AE074B9394A452039490AF0C2FE94
:105EA0003378013303F00703337020460DF2144DAD
:105EB000BDE8F08395F809223AB10133002403F0DC
:105EC00007033370C5F80442EFE795F8083293B141
:105ED00095F80A327BB92B4C23681B68984757F812
:105EE0000810814207D923685B6998474FF47A7399
:105EF000B0FBF3F4D9E795F8082233780132D2B237
:105F0000032A85F8082206D91F4A45201C490AF0B1
:105F100089FE3378D1E79DF809200024CDF8009060
:105F2000291D63F3020202A804AB8DF808408DF826
:105F30000920D5F80422FFF71FFF50B1134A45206E
:105F40000F490AF06FFE3378013303F00703337013
:105F5000B8E7D9F8001004A80CF014FD094B1B6831
:105F6000DC681B6898470A49A0474FF4FA7448F860
:105F700007009AE761D7002060D700200C4B060885
:105F80001F4B060878CB0020284B0608464B060816
:105F900020A1070064D70020F0B5002397B0494F37
:105FA00004933B68484DDB689847FFF74BFE04AB12
:105FB0002A6802A800934549454BFFF7CFFE10F130
:105FC000230F06D13B681B6998474FF0FF3017B08D
:105FD000F0BD431D16D13F4A45203F490AF022FE3D
:105FE000049C2E683948361B011932461CF0CFFF3D
:105FF0003B682E601B6998472868B0FA80F040091A
:106000004042E4E79DF8081004464B1E012B23D8BC
:106010009DF80920314B02F007021B789A4206D006
:10602000009245202E4A2C490AF0FCFDD9E70129AF
:106030002C4B4FF4037000FB023218BF01232A4897
:1060400008BF82F809124FF0000118BF82F80A3227
:1060500064220CF02BF8C4E70029C2D19DF8093066
:106060009DF80D20C3F302030499194863F302025B
:106070001E4B8DF80D201B68984780B101238DF8C9
:106080000C3005AB002203A80093114606ABFFF7C6
:1060900073FE88B9059906A80CF074FCA1E70223E9
:1060A000134A0D4957208DF80C309DF8093003F044
:1060B00007030AF0B7FDE4E70E4A452006490AF057
:1060C000B1FD8EE774CB00205CD5002058D30020B2
:1060D00060D500206C4B06081F4B060861D70020D6
:1060E000784B060864D700205D5E040858D5002070
:1060F000934B0608AA4B060810B54FF4E1330B4A40
:1061000004460B4949200AF08DFD00214FF4E1308F
:106110000CF022FB07480CF08FFC01200CF0AEFBCA
:106120000CF02AFC044B00201C6010BDC34B060879
:106130001F4B0608295E040858D50020174A70B581
:106140000D4613784FF40371154C064601FB0344CA
:1061500014490978994209D1D4F8041231B1124A8C
:10616000452012490AF05EFD012070BD0133002177
:10617000204603F0070313704FF403721CF021FF55
:106180002A463146201D1CF0F5FE642200210848F5
:10619000C4F804520BF08AFF0020E6E760D7002025
:1061A00064D7002061D70020E14B06081F4B06088A
:1061B0005D5E040808B5074A492007490AF032FD28
:1061C00000200CF05BFB054B1B6898474FF0FF303D
:1061D00008BD00BFEF4B0608304C060810EA00204F
:1061E00030B5ADF5077D0C46054640F20222002190
:1061F00005A81CF0E6FE012C0BD80223294A2A49E7
:106200004520009323460AF00DFD00200DF5077D83
:1062100030BDA2B2294605A8ADF814421CF0AAFE72
:106220009DF814302BB1214A45201F490AF0FAFC91
:1062300016E09DF81540022C14D0032C22D064BB2C
:106240001B4A492018490AF0EDFCBDF8142205A9A3
:1062500018481CF08FFE6422214617480BF026FFD9
:106260000120D3E7154A49200F490AF0DBFC144B03
:106270001A78002AF4D1052240F2EE2111481A7052
:106280006422EBE7104A4920074903930AF0CAFC4D
:10629000039B64220D481946E0E723460C4A024955
:1062A0005720C3E7394C0608304C0608534C060803
:1062B0006F4C0608C8E70020C16304088C4C060830
:1062C00084D200203D630408AB4C0608D562040864
:1062D000CC4C060800B5ADF5037D40F2022200214A
:1062E00001A81CF06EFE04230DF102010DF1060061
:1062F0008DF805300223ADF804324FF4FF73ADF88A
:106300000230FFF717FBBDF804324920BDF8022028
:1063100008491344084AADF804320AF083FCBDF87A
:10632000041201A8FFF70AFF4FF0FF300DF5037DBF
:106330005DF804FB304C0608DF4C06081FB50A4B1D
:10634000002168460093094B01919A1CB3F8003272
:10635000023B02928DF80C30FFF7A0F84FF0FF30AF
:1063600005B05DF804FB00BF05650408C8E7002020
:1063700030B54FF48073ADF5077D04464FF4FF72DE
:106380000DF11605ADF81430022301A82946ADF829
:10639000143200230AF0CEFE2246002301A80AF0A0
:1063A000D0FE0199BDF8143205A8491B194489B2E1
:1063B000ADF81412FFF7C2FE0DF5077D30BD0000E9
:1063C0001FB50023114C01216846CDE90033104B65
:1063D0009A1CB3F80032023B02928DF80C30FFF7A2
:1063E0005DF80346207020B10A4A45200A490AF0A8
:1063F00019FC0A4A492008490AF014FC2078FFF7E2
:10640000B7FF4FF0FF3004B010BD00BF84D20020B2
:10641000C8E70020004D0608304C0608354D060838
:1064200040220021044808B51CF0CBFD0023034A9C
:106430001360034A136008BDCAE900200CEA00207B
:10644000C4E700202DE9F047254F0A463B685C1859
:106450003F2C03D9BDE8F047FFF7E2BFDFF8988093
:106460000146DFF8989008EB0300DFF894A01CF0D9
:1064700081FD3C6099F800403D68AC4201D3BDE825
:10648000F08718F804300A2B26D1D9F8000004222E
:10649000514640441CF05EFD0646A8B90321114850
:1064A0000CF070FA10480BF089FE30460CF0E6F95B
:1064B0000E4A0F4949200AF0B5FB0AF023FC0D48AB
:1064C000BDE8F047FFF718BE013D631CA542C9F8BF
:1064D000003001D8FFF7A4FF0134E4B2CCE700BFDD
:1064E0000CEA00205B4D0608B56104085F4D060804
:1064F000304C0608E1610408CAE90020C4E7002026
:10650000564D060808B5034630B1044A45200449F3
:106510000AF088FB002008BD0120FCE77E4D06083C
:10652000304C060810B50446FFF73AF8FFF78EF92D
:1065300000B36422104811460BF0B8FD0F4A104911
:1065400049200AF06FFB4FF4E1330E4A49200C4911
:106550000AF068FB00214FF4E1300CF0FDF80A4826
:106560000CF06AFA01200CF089F90CF005FA074BDF
:106570001C6010BD064AE2E7B5610408BD4D06087F
:10658000304C0608174E06084564040810EA00203F
:10659000D84D06080F4B49200F4A104910B51C680A
:1065A0000AF040FB0E4A00210E481CF00AFD0C4B7D
:1065B0000D4A492009490AF035FB34B90B4A4520F8
:1065C0000649BDE810400AF02DBB2346BDE8104047
:1065D000184700BF14EA0020384E06085A4E060835
:1065E000882D000070D20020634E0608784E060801
:1065F000F7B5144E0546144C4920144FA41B0096C1
:106600003946134A23460AF00DFB22463046114C08
:10661000114E1249A41B1CF0ADFC33463946104AFA
:10662000492000940AF0FEFA2246002130461CF070
:10663000C8FC0C4B0C481D60FFF774FF012003B031
:10664000F0BD00BF70D2002085D200205A4E06084F
:10665000834E060818EA002088D2002050A40608BD
:10666000A64E060814EA0020956504080522034B8F
:10667000002103481A70034A0BF018BD3AC10020EC
:106680000D670408B88201000028054B4FF0000197
:1066900004480CBF012204221A70034A0BF006BD05
:1066A0003AC100200D670408B882010070B5114D91
:1066B0000446114E28680C3013F026FD5CB92B6897
:1066C000C3F80C420223337000210C4A0C48BDE889
:1066D00070400BF0EBBC23460A4A0B4945200AF0F8
:1066E000A1FAFA2CEBDD2868183013F0AEFE042373
:1066F000E9E700BF3CC100203AC10020B882010098
:106700000D670408CA4E0608DE4E06082DE9F04F54
:106710000023A5B0B54EB6480B938DF828300C93E6
:106720008DF8293000F098FB3478052C00F2C280F7
:10673000DFE814F00600C200D5019302A402A8020B
:10674000AC4F3B6893F81082B8F1030F00F2A780BA
:10675000DFE808F00602999E0AA90BA807F0BAF82C
:106760000DF129010CA807F065FE386801250C30F1
:1067700013F09AFC3868183013F02CFE38689E4BE2
:106780002A46294678300495CDE90253CDE90053D5
:106790002B4612F01DFE3C6804F5867004F1780962
:1067A0000DF070FC0B9B484629460295CDE900830D
:1067B00000231A4612F078FC386884F8D050002381
:1067C00090F81022C0F81432002A3FD000F505706E
:1067D0000D93109304F59C758DF82A308DF82B30AD
:1067E00009F0E4FB10AA0DF12A010DF12B030DA80D
:1067F00007F0A1F830232846A4F80C310CF0BCFFB8
:10680000284604F588759DF82B2010990CF03CFF64
:1068100028460CF0B1FF284604F594759DF82A200F
:106820000D990CF031FF28460CF0A6FF9DF8293099
:106830000C9928461A460CF07BFF3B6804F59A70C9
:1068400003F50573C4F86C3109F0A4FB0C2009F0C2
:1068500097FFC4F850010CF006FE9DF829300C9902
:106860001A46D4F850010CF063FF4FF41803634844
:10687000C4F8D8303B6893F8101201F0F1F8B8B9B9
:106880004FF0FF3421E10AA90BA807F032F867E7BF
:106890000AA90BA84FF0020807F03CF860E7584A35
:1068A00045205849A0460AF0BDF90523337057E743
:1068B00005233370002408E1DFF83881D8F8007030
:1068C000FC88002C00F0078100F0C2FA044610A8F2
:1068D000012513F07FFD00238DF86F5010AA394673
:1068E00007F1780087F8D03007F10C0914F0B0F9FF
:1068F00087F8D050002840F0DE809DF85030002B03
:1069000000F0D9809DF84010002940F0D4809DF817
:106910004120002A00F0CF80BDF84C30002B00F061
:10692000CA80BDF84A50013BD8F80000022D84BF50
:106930001199897880F808129DF84210002918BF33
:106940000A4680F80922ADF84C3090F81032ABB905
:1069500094F835A0BAF1000F00F08580BAF1010F6C
:1069600056D04FF481752B46274A264945200AF018
:1069700059F94846002413F0C7FB60E031B9234AB7
:10698000452020490D250AF04DF9ECE720460FF08F
:10699000C0FA40B394F890309B0724D5D4F8CC507B
:1069A000D4F8BC3020469DF842209DF8411094F860
:1069B00094A009930FF0BAFA11AA099B5146CDE9A8
:1069C0000252D4F8B020CDE90002032204F1940071
:1069D0000EF05AF8D4F8BC3005460133C4F8BC3088
:1069E0000028C0D1B4E704F19805D9E73AC10020E6
:1069F000995106083CC1002039C10020896604086D
:106A0000E74E0608DE4E0608364F0608F64E060824
:106A10000C2009F0B5FE82460CF025FDD8F80010D8
:106A2000534611AA91F80912204610F0C8FF0546F6
:106A30005146484613F044FB002D94D1012410A880
:106A400013F003FD38460CF097FE002C36D0D8F832
:106A500000000123A14A00F1180180F847300C30F2
:106A600003F07EFE0CE711A9204611F0E7FD11A806
:106A70000CF0ECFC0028E1D00C2009F081FE8346EC
:106A80000CF0F1FC51465B4611AA204610F0D3FBF6
:106A900005465946484613F013FB002D7FF463AFBB
:106AA00011A80CF0D3FC0028E1D02946204612F0B2
:106AB00057FC8246DBE70346894A56E7894A572056
:106AC00089490AF0AFF80423337000F0D3F9204667
:106AD00025B0BDE8F08F854A45208349F1E7844F12
:106AE0003D68D5F80C3205F118081BB105F11C0002
:106AF0000CF042FE3B6893F80922C03A0B2A00F2E0
:106B00008D80DFE802F006758B778B8B8B8B797F1E
:106B10008B85C4224FF0000983F8092293F80942BB
:106B2000002C00F089800DA800240CF09CFC6A8CDD
:106B3000AB8C05F1780A39684FF0010B9A4291F855
:106B4000093291F8082214BF05F11C000020CDF88D
:106B50001090CDE9054491F80C12019010A8CDF8E1
:106B600000B0CDE90241514613F010FC0DA910A868
:106B700011F0C2FD8146002857D1396805F168033C
:106B800085F8D0000DAA91F80912504610F017FFB1
:106B90000346002847D04C46564A534945200AF040
:106BA00041F8012385F8D0300DA80CF0E5FD4046F2
:106BB00013F04BFC002C45D03B6849204E4AB3F8FB
:106BC0006E3049490AF02EF8386820230022B0F8C8
:106BD0006E10806E00F04AFB002838D1474A5720DB
:106BE000414942F210740AF01DF8032333706CE738
:106BF000C5228FE7C7228DE7C4224FF0CC0983F866
:106C000009228BE7C5224FF0CD0983F8092285E7D9
:106C1000C7224FF0CF0983F809227FE7002291466F
:106C200083F809227AE75C46BBE70346344A2E49DB
:106C3000452009F0F7FFB7E7324A45202A4909F015
:106C4000F1FFB4E7304A5720274909F0EBFF3868D5
:106C500068300CF091FD04232BE6254C2023002204
:106C60002068B0F86E10806E00F000FB20B9274A53
:106C700045201D4909F0D6FF2068E9E7244800F0C7
:106C800047FFFCE51A4C2368002B5BD093F81032C9
:106C9000002B43D010A809F089F92368109AD3F883
:106CA0001432934218D91B4A49200F49012509F093
:106CB000B9FF2368D3F8140209F072F910A809F09B
:106CC00069F92368D3F83401109B984224D909F05C
:106CD0005BF909F0CDF821E00025EFE7AD66040887
:106CE000594F0608794F0608DE4E0608934F0608EE
:106CF0003CC10020BE4F0608717306081A500608F2
:106D0000DC4F0608FA4F060848500608645006088B
:106D10006D6604088F500608002DDAD120680C300B
:106D200013F0F2F92068183013F08FFB20680CF094
:106D300023FD2068783012F07DFA206809F0E8FD24
:106D40000023236010A81CF045F9189B094A49202C
:106D50000193179B08490093109B09F063FF09F00A
:106D6000A5FC064A0449492009F05CFF012004F013
:106D700045FD85E5BA500608DE4E0608E5500608D2
:106D80002DE9F74306460DF107000F46904609F03E
:106D90008DF99DF8075045B91F4A45201F4909F054
:106DA00041FF284603B0BDE8F083012200211046D0
:106DB00004F0C6FC0128044606D0194A17494520AC
:106DC000002509F02FFFECE7164A49201349DFF8A8
:106DD000689009F027FF4FF40671204609F008FD7E
:106DE000C9F8000008B9104AE8E780F810820CF0F2
:106DF0003AFBD9F8000068300CF035FB3146BAB2E6
:106E0000D9F800000CF040FC0021084B084A094862
:106E100019700BF04BF9C4E7F8500608DE4E06086F
:106E20002951060851510608665106083AC100204A
:106E3000B88201000D6704083CC1002008B5034B6F
:106E40001B685B6898474FF0FF3008BD6CCB002093
:106E50000048704764C10020044A1388072B9CBF78
:106E6000034941F8230001331380704760C10020BB
:106E700040C10020024A1388013B1380704700BFC5
:106E800060C1002010B5A8B0104C9B22002101A8C1
:106E90001CF097F8207801280CD90AF047FE9B21B6
:106EA00001A80AF06DFE38B1094A4520094909F0E8
:106EB000B9FE012028B010BD074A4920054909F054
:106EC000B1FE9DF89E002070F4E700BF04C00020D2
:106ED000AD510608D9510608E251060810B5A8B010
:106EE000114C9B22002101A81CF06BF8206800289F
:106EF0000DDC0AF01BFE9B2101A80AF041FE40B107
:106F00000A4A45200A4909F08DFE4FF4165028B070
:106F100010BDDDF897304920064A0549236009F085
:106F200081FE2068F3E700BF00C000201C52060865
:106F3000D95106083F520608034613B508461146C4
:106F40005A791C79120402EB04629C7902EB042248
:106F5000DC7922440092024A1CF01EFB02B010BDF4
:106F60007752060810B503460446074A49200749E8
:106F700009F058FE4FF47A71054A61430548BDE8AF
:106F800010400BF093B800BF7F520608D951060895
:106F9000B88201003D6E040803885BBA0B80438809
:106FA0005BBA4B8083885BBA8B80C3885BBACB802B
:106FB00070470000014B1870704700BF60C200208E
:106FC000014B5870704700BF60C2002010B5144CD0
:106FD000207848B90CF076F86378042B11D8DFE8F4
:106FE00003F0080D08131C00012100200CF054F8D8
:106FF000F2E7002101200CF04FF802E001200CF034
:1070000061F84FF4FA7010BD01200CF05BF8C82253
:10701000FA2104480BF04AF8F3E701210846EAE7B1
:1070200060C200202970040808B5054B5B78032B6B
:1070300002D101200CF046F84FF0FF3008BD00BF30
:1070400060C20020002108B508460CF025F8002198
:1070500001200CF021F8064800F06CF9054800F01A
:10706000EDFCC82200210448BDE808400BF01EB822
:10707000B56F0408C16F0408CD6F040830B54B7CB0
:1070800087B00C460A68022B0CD18B7CA3F120013F
:107090001F2907D9224A2349452009F0C3FD0020B2
:1070A00007B030BD138861685BBA07299BB205D869
:1070B0001D4A1C49452009F0B5FDF0E7012B01D020
:1070C0001A4AF6E753880DF1170195885BBA9BB20F
:1070D0001846039300F054FD039B08B9144ADAE7FD
:1070E0006ABA92B2642A10D1236AD4E900010093EB
:1070F0009DF8173005F09CF80028D0D0A27C0D4BED
:107100001A70627C0C4B1A70C9E7012A06D19DF8EF
:107110001720D4E90001FFF733FEEDE7074AC8E77F
:10712000A0520608AD520608B6520608C652060816
:10713000DC5206086CC200206DC20020F652060820
:1071400038B504460D46054A5720054909F06AFD41
:1071500029462046BDE83840FFF790BF1153060886
:10716000AD5206082DE9F041204E0C463368002B45
:107170003AD01F4D062805D8DFE800F00D120404B0
:107180001416180028782B7883422DD03368287085
:10719000BDE8F0411847174A1749492009F042FD58
:1071A0000020F0E7154AF7E7154AF5E70B78022BC0
:1071B00018D1144F49204B68134A0F4909F032FD8A
:1071C0003B6813B1984700233B60104F62683B68EF
:1071D0009A4205D013B1102005F06CFF63683B6044
:1071E0000120D0E70A4AD7E7BDE8F08170C200204D
:1071F00074C200204C530608AD5206085A530608C4
:107200006D53060868C200208053060864C200203F
:107210009953060810B50C4630B90D4A45200D4962
:10722000BDE8104009F0FEBC0B4B4FF0FF31186079
:107230000A480AF0A3FD0AF093FD2CB908480AF0A9
:10724000B5FA08480AF0B2FA074A49200149E7E7C7
:10725000A2530608AD52060868C2002065710408F2
:1072600008C0002020C00020C55306082DE9F043C7
:10727000074689B00E461C461546002A3ED01FFA26
:1072800082F94FF00108A31E092B12D9202C38D106
:10729000214B1C782CB90124204A2149572009F0A0
:1072A000C1FC204B1B782BB91F4A57201C4909F001
:1072B000B9FC01230022294601A8ADF810900792DD
:1072C0008DF81380CDE905226FF001028DF815408D
:1072D0008DF8143003920122CDE901768DF8122049
:1072E0000AF082FB0828044604D1104A45200C49C4
:1072F00009F098FCB4FA84F0400909E09046914600
:10730000C1E723460A4A0649452009F08BFC0020C4
:1073100009B0BDE8F08300BF6CC20020D553060859
:10732000AD5206086DC20020F95306082E54060817
:107330001D540608014B1860704700BF70C2002042
:1073400010B50C4688B011468DF801401C468DF8EA
:1073500000002BB122B11A460DF102001BF00AFE0B
:107360001022002102340DEB02001BF02AFE6FF008
:107370000103E4B200210393012301A8CDF804D056
:107380008DF81230402302948DF814308DF81530AA
:107390000AF02AFB20B1034A4520034909F042FCC8
:1073A00008B010BD525406086A54060813B50DF112
:1073B000070008F07BFE9DF8074024B9034A4520EA
:1073C000034909F02FFC204602B010BD7254060894
:1073D0006A54060873B54C680D465CB92D4A4520C1
:1073E0002D4909F01FFC2346224605210320FFF703
:1073F000A7FF20E00E683478022C09D9274A4520DF
:10740000254909F00FFC00231A4605212046EEE726
:107410002346234A2049492009F004FC012C0DD0C1
:10742000022C18D00023012118461A46FFF788FFC6
:107430000A20FFF797FD002002B070BDFFF7B6FFEE
:1074400003460028E0D001A807F088FE022301AA25
:1074500021462046CBE76D68FFF7A8FF03460028CA
:10746000D2D0ABB2DA1E1F2A04D900230321022096
:107470001A46BCE771784A1E1F2AF6D8023B9BB217
:107480008B42F2D1B01C07F0F5FD03460028D2D1A3
:107490000246DDE7AF5406086A540608B7540608EA
:1074A000C75406080223024601211846FFF748BFC9
:1074B00001480AF07BB900BF38C00020F0B50023B6
:1074C000A9B04A4A02930EAF106851688DF8053092
:1074D0000EAB128903C31A8001230DF1050102A826
:1074E0008DF8423008F0D8FD9DF805408DF84340F6
:1074F000002C76D02246029911A81BF03BFD11AB5F
:107500001C440DF1060103A806F052F9002303996B
:1075100023606360A360D1B107A80EF0B9F9BDF88C
:10752000063004A8ADF820300BF09DFF04A907A891
:1075300013F05CFD40B9BDF81620204604990C2AD2
:1075400028BF0C221BF016FD04A80CF015F90DF154
:10755000050102A806F06EFF0C349DF80550029953
:1075600020462A4666191BF005FD04A808F01EFDFA
:10757000049B0DF1050102A86351042306F10A04DE
:1075800033711B4B1B68C6F8053008F04DFD9DF8A4
:10759000055075722DB120462C442A4602991BF0E5
:1075A000E9FC002110220AA8E41B1BF00AFD6FF081
:1075B00001030894012409934223002107A8079797
:1075C0008DF82A408DF82C308DF82D300AF00CFA09
:1075D00048B1084A4520084909F024FB002029B099
:1075E000F0BD11AC8DE72046F9E700BF76C2002060
:1075F000D354060852540608D85406084B68022B88
:1076000070B50C4606D8194A1949452009F00AFBFD
:10761000002070BD0D682B780BB1164AF4E7164EAA
:107620004920164A124909F0FDFA337823B1FFF7D1
:1076300045FF13480AF0C2FD0123A878337020B13A
:107640004FF47A73584306F08DF80E4B80220146B2
:107650001A706A78C3F806005A70226A0848C3F89C
:107660000220094A0AF022FDD2E700BFAF54060803
:10767000D8540608B754060875C20020E05406081E
:107680008D76040876C20020B882010008B5FFF7A5
:1076900015FF28B1044B00224FF0FF301A7008BDCF
:1076A0004FF4FA60FBE700BF75C2002001480AF002
:1076B0007DB800BF50C00020054B052200211B688B
:1076C0005866044B04481A70044A0AF0EFBC00BF25
:1076D00088C2002081C2002051770408B8820100CE
:1076E0000322034B002103481A70034A0AF0DEBC50
:1076F00081C2002051770408B8820100064B30B9DE
:1077000001221A700021054A05480AF0CFBC054A3B
:10771000126850660522F4E781C20020B882010099
:107720005177040888C20020054B012200211B6804
:107730005866044B04481A70044A0AF0B7BC00BFEC
:1077400088C2002080C20020AD780408B882010001
:10775000F7B5494DFFF77CFB07464848FFF77CFB30
:107760002B78052B0FD8DFE803F003195A5E3C692C
:107770000021434C434A0846266803F001FD236874
:1077800070665B6E13B94FF0FF3402E005230024EE
:107790002B70FFF76FFB204603B0F0BD384E00247E
:1077A000306812F081FC3068083012F013FE316846
:1077B0000223009401910122C96D384613F036F975
:1077C000034630B93068304A00F1080102F0C8FFC2
:1077D000D9E72E4A45202E4909F024FA04232B70BC
:1077E000D7E7274E0024306812F05EFC306808307E
:1077F00012F0F0FD3368082226490193384602232F
:10780000009413F013F9034610B93068224ADBE7FD
:10781000224A45201E4909F005FA0223DFE72048E5
:1078200003F0F0FCAFE7164E1E4A3468A16D94F8E1
:10783000600003F0A5FC33686066A2E7104C236883
:10784000D3E919029047184B1B684BB121684A6E67
:1078500091F8601059B1002A0CBF0420032098470A
:10786000002620682E7009F053F826608BE7002A66
:107870000CBF02200120F2E781C20020F756060863
:1078800088C20020FD760408C1790408F254060875
:10789000075506080B5706080D7904081055060809
:1078A000E1760408B976040884C20020F8B5134DC7
:1078B0001348FFF7D1FA2C7824B1012C12D04FF0E5
:1078C000FF340BE00F4E1048376803F09BFC336821
:1078D00078665B6E002BF2D001232B70FFF7CAFA9B
:1078E0002046F8BD074C00262368D3E919029047CB
:1078F00020682E7009F00CF82660E0E780C20020B6
:10790000E256060888C200202977040830B50346ED
:1079100085B0224C00283ED1256895F82030092BEF
:1079200033D1AA6A8AB3684613F05BFB6A46192111
:1079300005F1200010F0DBFA0346C0B1184A4520DB
:10794000184909F06FF9684613F05EFD206812F0DF
:10795000DBFB2068083012F078FD134B0222002177
:1079600012481A70124A0AF0A1FB05B030BD029B02
:107970004920104A1B680B4909F054F9029BB3F9DE
:107980000410186805F000FFDDE70B4A05494520A3
:1079900009F048F9DAE7094AF8E700BF88C2002091
:1079A000265506080755060881C2002051770408AD
:1079B000B8820100435506084D5506086255060871
:1079C00010B50346154C38BB226892F82030062BC0
:1079D0001CD1936A492012499365124A09F022F991
:1079E0002268936D0BB101339365206812F08CFB14
:1079F0002068083012F029FD04220B4B00210B48AF
:107A00001A700B4ABDE810400AF050BB094A0449FD
:107A1000452009F007F9E8E7074AF8E788C200209F
:107A2000075506087B55060881C2002051770408D7
:107A3000B882010092550608C05506080346054A5B
:107A4000054910B50446492009F0ECF8034B1C60C9
:107A500010BD00BFE65506080755060884C2002081
:107A6000F8B50C46064630B91E4A1F49452009F0B4
:107A7000D9F8FB20F8BD1D4F3D680DB11C4AF4E755
:107A80007021012008F0B4FE386038B9194A452049
:107A9000154909F0C7F84FF48270EBE7164B85657E
:107AA0001D70C0E91956032C08D8DFE804F0020E57
:107AB000121603221A70002380F860300F4A00214A
:107AC0000F480AF0F3FA0020D4E70E4BC3650123F8
:107AD000F2E70D4BC3650223EEE70C4BC3650323AE
:107AE000EAE700BF0D5606080755060888C20020C1
:107AF0002E5606085156060881C20020B8820100A1
:107B000051770408175706081D570608115706082D
:107B100070B5054630B9124A1249452009F082F87D
:107B2000FB2070BD104E34680CB1104AF4E7702190
:107B3000012008F05DFE306038B90D4A4520094942
:107B400009F070F84FF48270EBE70A4B21460A4ABD
:107B50001C70C0E9194509480AF0A8FA2046E0E778
:107B6000765606080755060888C20020985606086B
:107B7000BC56060880C20020B8820100AD78040817
:107B8000302811D005D8102807D0202809D000208F
:107B900070475028FBD1032300E0002301200B7025
:107BA00070470120087070470223F7E7037B4920E4
:107BB000014A024909F036B8235706084857060813
:107BC0000028054B4FF0000104480CBF022205229B
:107BD0001A73034A0AF06ABA8CC20020657E040850
:107BE000B88201000122034B002103481A73034AA3
:107BF0000AF05CBA8CC20020657E0408B8820100DD
:107C000073B50D460646264C00283CD1CB88218909
:107C100062688B4218D94AB1224A45200091224914
:107C200009F000F860681BF08DF92681EE88304677
:107C30001BF080F903466060E8B9238945201B4AA0
:107C4000194908F0EFFF01E0002AEFD0606840B169
:107C5000EA882389934204D329681BF08BF9EB88C7
:107C600023810323124A00211248237302B0BDE886
:107C700070400AF01BBA104A49200B490096268131
:107C800008F0D0FFE2E703460C4A0749452008F018
:107C9000C9FF60681BF056F900236360E1E700BF8D
:107CA0008CC2002051570608485706087757060827
:107CB000B8820100657E0408A8570608CF57060859
:107CC00013B5002101A805F073FD0DF1020008F0C5
:107CD00017F9134ABDF802305189019C99421EBF21
:107CE0000021538111605CB90E4A45200E494EF6C1
:107CF000602408F097FFBDF80200604302B010BD99
:107D00003C200A4A08494343B4FBF3F003FB104408
:107D100049201C1B234608F085FF4FF47A70ECE7DE
:107D20008CC20020E9570608485706080F58060875
:107D300038B51B4C65681DB3002003F05FFD0423BC
:107D40002373FFF7BDFF23680BB1834211D91BF0EA
:107D500087FF11A3D3E900231BF0FCFF1CF034FACA
:107D600005F000FD0F4A034620600F49492008F046
:107D700059FF0E4A21680E48BDE838400AF096B90E
:107D80000C4A5720084908F04DFF0523074A2946A9
:107D90002373F0E7AFF30080CDCCCCCCCCCCEC3F60
:107DA0008CC200202D58060848570608B8820100EA
:107DB000657E040849580608FFF7BABF10B5214C84
:107DC00086B0636873B9204A4520204908F02AFF2D
:107DD00005231F4A00211F48237306B0BDE8104049
:107DE0000AF064B90DF1020008F0A8F8BDF90230FC
:107DF000002B20DA01A812F057F92389616803A843
:107E00001A460BF095FC01AB03AA1349022005F0BA
:107E10002BFE38B1019B114A18680423C188006801
:107E2000FFF724FA01A812F06FF960681BF08AF8D6
:107E300000236360CCE70A4A4920044908F0F2FEB7
:107E4000F3E700BF8CC200205958060848570608BF
:107E5000B8820100657E0408D4590608AD7B040889
:107E60006C58060830B55D4D8FB05D48FEF7F4FFE5
:107E70002B7B052B15D8DFE803F003234B78808F8D
:107E8000584A4920584908F0CDFE012257490020A0
:107E900003F056FC012802D1287300240BE00328CC
:107EA00002D14FF0FF3406E047F23054504A4E49B9
:107EB000452008F0B7FEFEF7DDFF20460FB030BDCD
:107EC0002B89ABB16B683BB14A4A4520464908F063
:107ED000A9FE68681BF036F82C8920461BF02AF8AA
:107EE0000346686068B9444A45203F4908F09AFE55
:107EF00002214248FFF7B4FD0028D2D005232B739E
:107F0000CBE73F4A49203849009408F08BFEEFE761
:107F1000002104A8049105F04BFC0DF10E0007F0C0
:107F2000EFFF3C23BDF80E20049C5A43B4FBF2F350
:107F300002FB1344141B04D13249334803F086FB7F
:107F4000AFE70A23B2FBF3F29442F5D24FF47A730F
:107F50002E4A254949205C43234608F063FE2C4AFB
:107F600021462C480AF0A2F89BE72B48FFF7D0FDEA
:107F7000002896D0FFF7DCFE93E7284A49201A49EB
:107F800008F050FE01222649002003F0D9FB012809
:107F900085D1FFF713FF84E704A81BF01BF80C9BA7
:107FA000204A492001930B9B0F490093049B08F042
:107FB00039FE08F07BFBFFF783FE4FF47A731A4A11
:107FC00004460949B0FBF3F3492008F02BFE0020DA
:107FD00003F014FC00232B736DE700BF8CC200205C
:107FE000AF5906088858060848570608E57B040874
:107FF000A6580608C358060800590608C17B04089D
:10800000A8570608017C0408CE5906082559060819
:10801000B8820100657E0408B97D0408435906084A
:10802000BD7D0408BA5006086659060810B5FFF76A
:1080300047FE04460346064A0649492008F0F2FD79
:108040002146054A0548BDE810400AF02FB800BF98
:108050007E59060848570608B8820100657E040864
:108060000422034B002103481A74034A0AF01EB885
:108070009CC20020C1800408B88201000028054B82
:108080004FF0000104480CBF022204221A74034A74
:108090000AF00CB89CC20020C1800408B88201001C
:1080A0000122034B002103481A74034A09F0FEBF62
:1080B0009CC20020C1800408B882010000000000BA
:1080C00070B54F4C8CB04F48FEF7C6FE237C042B96
:1080D00015D8DFE803F003232C6E72004A4A4920CA
:1080E0004A4908F09FFD01224949052003F028FB79
:1080F000012802D1207400250BE0032802D14FF0A3
:10810000FF3506E047F23055424A4049452008F025
:1081100089FDFEF7AFFE28460CB070BD02213E4837
:10812000FFF79EFC0028EAD004232374E3E7002134
:1081300002A805F03DFB2168029B994232D90091CB
:108140004920364A314908F06DFDE668A37C002ECF
:1081500008BF4FF4E1660BB32068029D451B304613
:108160001BF07EFD24A3D3E900231BF0F3FD1CF0DC
:108170002BF805F0F7FA637C2844294A012B4FF0CD
:108180000003A06008BF8019A37408BFA060A368A3
:108190001E49492008F046FD0323C6E73346214A1D
:1081A000A660F5E7204B4FF4E162204803F06EFA39
:1081B000A5E71F48FFF7ACFCB4E702A81AF00AFFD6
:1081C0000A9B1C4A49200193099B10490093029B7A
:1081D00008F028FD08F06AFAA5684FF47A73164A89
:1081E0000A4949205D432B4608F01CFD052003F099
:1081F00005FB002323748CE7CDCCCCCCCCCCEC3F5E
:108200009CC20020E15B0608DA590608F559060809
:10821000A1800408A65806087D800408FE590608B7
:108220003F5A0608675A060841820408FD5B0608A3
:1082300061800408BA500608925A0608000000003F
:108240002DE9F0410128684C86B00746884615465E
:108250001E46E36079D80DF10A0007F06FFEBDF805
:108260000A305B0432D504A811F01EFF04AB42466D
:108270005E49022005F0F8FB40B1049B5C4A186897
:1082800005236560C1880068FEF7F0FF04A811F0BF
:108290003BFF002103A805F08BFA039A7319AA4249
:1082A00002D9617C012904D19A4219D9617C012942
:1082B00016D1009257204F4A4F4908F0B3FC0323D0
:1082C000B6FBF3F60123A660A37426E04B4A4920CF
:1082D000494908F0A7FC2846256007F075FBD8E758
:1082E000A17C71B3AA421AD83046AD1A1BF0B8FC73
:1082F0003BA3D3E900231BF02DFD1BF065FF05F028
:1083000031FA022305446374A56000233C4AA37438
:10831000A3683949492008F085FC03274FE09A42B9
:10832000F3D830469D1A1BF09BFC2DA3D3E9002304
:108330001BF010FD1BF048FF05F014FA2844A06064
:10834000E3E733462F4AA660E3E7022840D1002145
:1083500003A8A2EB030805F02BFA039B434508D2C0
:10836000294A45202449A660CDE9008508F05AFC39
:10837000D3E7AB421AD801223046EF1A62741BF0E1
:108380006FFC17A3D3E900231BF0E4FC1BF01CFFD8
:1083900005F0E8F9039A3B181749AD1A49201B4A22
:1083A0000095A36008F03EFC00238DE7184A4520A5
:1083B000114908F037FC002323600123A374154AF8
:1083C00000211548277409F071FE06B0BDE8F08160
:1083D0000346124A0849452008F024FCA6609CE7A1
:1083E000CDCCCCCCCCCCEC3F9CC20020035C0608AE
:1083F00021840408C05A0608F5590608A85A060838
:108400003F5A0608675A0608CF5A06080C5B06084A
:10841000295B0608B8820100C1800408425B060897
:1084200010B50446037B0A4A49200A4908F0FAFBC2
:10843000237B63B1084C4920084A6368054908F06A
:10844000F1FB60682060BDE8104007F0BDBA10BDC8
:10845000575B0608F55906089CC200207F5B06089A
:108460000368013303BF00230360184601207047EF
:108470001FB50F4C204607F0BBFA002103A805F0FA
:1084800097F90C490C4A492008F0CCFB039B0B4A96
:10849000492000930749236808F0C4FB084A0021DB
:1084A000084809F003FE0123A37404B010BD00BF07
:1084B0009CC20020F55906089B5B0608C55B0608B0
:1084C000B8820100C18004080422034B0021034844
:1084D0001A73034A09F0EABDB0C2002029850408D6
:1084E000B8820100064B38B940F202529A81054A1F
:1084F0000021054809F0DABD04221A73F7E700BF2E
:10850000B0C20020B8820100298504080122034B73
:10851000002103481A73034A09F0C8BDB0C2002005
:1085200029850408B882010010B5334C8CB033485B
:10853000FEF792FC237B042B15D8DFE803F003231E
:108540002C4246002E4A49202E4908F06BFB01229E
:108550002D49062003F0F4F8012802D120730024ED
:108560000BE0032802D14FF0FF3406E047F230540D
:10857000264A2449452008F055FBFEF77BFC20469F
:108580000CB010BD02212248FFF76AFA0028EAD099
:1085900004232373E3E7002102A805F009F96168C9
:1085A000029B994205D81B4B1B4A1C4803F06EF8EE
:1085B000D9E7009149201A4A124908F033FB0323F6
:1085C000E7E71848FFF7A4FAE0E702A81AF002FD6F
:1085D0000A9B154A49200193099B0A490093029B73
:1085E00008F020FB08F062F8062003F007F90023EA
:1085F00023730E4CC1E700BFB0C20020255D060802
:10860000095C0608245C06080D850408A6580608BF
:10861000E58404083186040880510100415D0608A4
:10862000FE590608C9840408BA50060880EE3600D0
:10863000F0B587B004460F46002103A81646314D19
:1086400005F0B6F84CBB0DF10A0007F077FCBDF859
:108650000A309B0417D504A811F026FD04AB3A4656
:108660002949022005F000FA40B1049B274A186806
:108670000623AE60C1880068FEF7F8FD04A811F07B
:1086800043FD032420E0224A4920224908F0CAFA87
:1086900030466E6007F0B2F9F3E7022C26D11E4A8D
:1086A00049201C4908F0BEFA039BB34214D96B68F9
:1086B00057201A4A1749009608F0B4FA6B7B6E608F
:1086C000002BDED0013B6B73154A002115482C733B
:1086D00009F0ECFC07B0F0BD6A689342D1D2009279
:1086E0005720114A0B4908F09DFACAE723460F4A62
:1086F0000849452008F096FA6A68039B9A42C0D957
:10870000EDE700BFB0C20020475D060831870408CE
:108710002D5C0608245C0608455C0608515C0608CA
:10872000B8820100298504088D5C0608425B0608B2
:1087300010B50446037B0A4A49200A4908F072FA38
:10874000237B5BB1084A4920064908F06BFA074BC6
:108750009868BDE81040586007F050B910BD00BFE0
:10876000B05C0608245C0608D85C0608B0C200208D
:108770000368013303BF00230360184601207047DC
:1087800010B50446074807F04DF9074A2346074944
:10879000492008F047FA2146054A0648BDE810403E
:1087A00009F084BCB4C20020F75C0608245C06080B
:1087B000B882010029850408037B4920014A024947
:1087C00008F030BA4D5D0608715D06080422034BBF
:1087D000002103481A70034A09F068BCC0C2002097
:1087E00005880408B88201000122034B00210348D8
:1087F0001A70034A09F05ABCC0C200200588040858
:10880000B882010030B52F4D8DB02F48FEF724FB04
:108810002B78042B15D8DFE803F003232C31350027
:108820002A4A49202A4908F0FDF9012229490B204A
:1088300002F086FF012802D1287000240BE00328F3
:1088400002D14FF0FF3406E047F23054224A20496B
:10885000452008F0E7F9FEF70DFB20460DB030BDCE
:1088600002211E48FFF7FCF80028EAD004232B70F1
:10887000E3E71B491B4802F0E9FEE2E71A48FFF76D
:1088800047F9F1E702A84EF660241AF0A3FB0A9B11
:10889000164A49200193099B0D490093029B08F059
:1088A000C1F907F003FF0B2002F0A8FF0023287A8C
:1088B0002B7098426B6818BF4FF0FF34002BCAD062
:1088C0009847C8E7C0C20020D25D06087A5D060856
:1088D000715D0608E9870408A6580608658904083A
:1088E000F1880408EE5D0608CD870408BA50060832
:1088F0001FB50346144C0191F8B902A811F0D4FB3E
:1089000002AB019A0220114905F0AEF848B1029B72
:108910000F4A18680323C1880068FEF7A7FC0123EB
:10892000237202A811F0F0FB03230A4A00210A482F
:10893000237009F0BBFB04B010BD084A452008496C
:1089400008F070F9F0E700BFC0C20020F45D06082F
:10895000B9870408B882010005880408955D0608F7
:10896000715D060808B5084B40B902221A70074A23
:1089700000210748BDE8084009F098BB0422082000
:108980001A7004F097FBF2E7C0C20020B882010021
:108990000588040810B5084A04460849492008F02B
:1089A00041F9074B0021074A5C60197006481972AB
:1089B000BDE8104009F07ABBAD5D0608715D0608A0
:1089C000C0C20020B882010005880408044B0622BA
:1089D000002118601A730348034A09F067BB00BFFF
:1089E000D0C20020318A0408B88201000028064B5A
:1089F0004FF000010CBF0222062218601A730348D0
:108A0000034A09F053BB00BFD0C20020318A0408DA
:108A1000B88201000122034B002103481A73034A64
:108A200009F044BBD0C20020318A0408B88201009A
:108A3000F0B55A4D8DB0FEF70BFA07465848FEF7D1
:108A40000BFA2B7B062B16D8DFE803F004242D62EB
:108A500080879200534A4920534908F0E3F80122E5
:108A60005249082002F06CFE012802D1287300242C
:108A70000BE0032802D14FF0FF3406E047F23054F8
:108A80004B4A4949452008F0CDF8FEF7F3F9204656
:108A90000DB0F0BD02214748FEF7E2FF0028EAD002
:108AA00006232B73E3E7444E5821012007F0A0FE74
:108AB0000446306038B9414A45203B4908F0B2F8D5
:108AC00005232B73E1E73E4A49203749002408F08B
:108AD000A9F8306811F0E8FA3068083011F07AFC33
:108AE000336807223749019338460823009411F070
:108AF0009DFF034630B93068334A00F1080101F0A8
:108B00002FFEB8E7314A2849452008F08BF8D7E70F
:108B1000294E49202E4A0024234908F083F8306862
:108B200011F0C2FA3068083011F054FC336825495E
:108B300038460193072300941A4611F077FF034645
:108B400010B93068234AD8E7234ADCE7234B0122D7
:108B5000E9881C4802F0BEFD8DE7174C206818B16B
:108B600007F0D6FE002323601D48FEF7D1FF95E7EE
:108B700002A81C4C1AF02EFA0A9B1B4A49200193AA
:108B8000099B09490093029B08F04CF807F08EFD01
:108B9000082002F033FE00232B7376E7D0C20020BA
:108BA00093600608FA5D0608125E0608158A040836
:108BB000A6580608ED890408CCC200201B5E0608F2
:108BC000295E0608AC6006088D8C0408465E06081F
:108BD000655E0608ED8B0408815E0608458D040875
:108BE000CD89040800974901BA50060870B51D4E9A
:108BF0001D4D80BB336893F82020062A2BD19C6A38
:108C000049201A4A23461A4908F00CF81CB9194A97
:108C10001749492005E0AB88A34206D2164A5720DF
:108C2000134907F0FFFF052406E0012C01D1134A88
:108C3000EEE7013CEC800424306811F065FA3068FE
:108C4000083011F002FC2C730D4A00210D48BDE8DC
:108C5000704009F02BBA03460B4A0549452007F03E
:108C6000E1FFE0E7CCC20020D0C200209E5E0608F3
:108C7000125E0608B15E0608BA5E0608C35E060804
:108C8000B8820100318A0408E25E060870B5184D0A
:108C9000184E30BB2B6893F82020062A21D19C6AFD
:108CA0004920154A2346154907F0BCFFB4F5803F1B
:108CB00006D3134A4520114907F0B4FF052401E00B
:108CC000B4800324286811F01FFA2868083011F0D6
:108CD000BCFB34730B4A00210B48BDE8704009F01F
:108CE000E5B90346094A0549452007F09BFFE5E73A
:108CF000CCC20020D0C20020FF5E0608125E06082B
:108D00001D5F0608B8820100318A0408545F060816
:108D100010B50446037B084A4920084907F082FF42
:108D2000237B3BB1064843890430BDE81040838073
:108D300006F028BE10BD00BF725F0608125E06086E
:108D4000D0C2002030B5314C87B003460D462060BC
:108D5000002854D1C988286808F018F823892C4ABB
:108D60006081009049202B4907F05CFF62892389CC
:108D70009A423ED00DF10E0007F0E0F8BDF80E303B
:108D8000DB042BD5244A4920224907F04BFF04A8D5
:108D900011F08AF904AB2A462049022004F064FE4F
:108DA00080B91F4A1B49452007F03CFF04A811F079
:108DB000ABF905231B4A00211B48237309F076F900
:108DC00007B030BD049B194A18680723C1880068A2
:108DD000FEF74CFA0028E9D1154AE3E7154A492085
:108DE0000C4907F01FFF6389201D238106F0CAFD8F
:108DF000DFE7114A4920074907F014FFD9E70F4A76
:108E00004920044907F00EFFD3E700BFD0C200207D
:108E1000975F0608125E0608B85F0608B26006088B
:108E2000D45F0608B8820100318A0408118D040855
:108E3000EC5F060800600608166006084560060834
:108E400010B50446074806F0B5FD074A2346074912
:108E5000492007F0E7FE2146054A0648BDE81040D4
:108E600009F024B9D4C2002068600608125E060822
:108E7000B8820100318A04080922034B002103480B
:108E80001A70034A09F012B920C30020A195040802
:108E9000B882010010B50346084C40B90223237084
:108EA0000021074A0748BDE8104009F0FFB8064A0C
:108EB0004520064907F0B6FE0923F0E720C300204D
:108EC000B8820100A1950408B8600608C5600608CC
:108ED0000122034B002103481A70034A09F0E6B847
:108EE00020C30020A1950408B88201002DE9F04FAD
:108EF0002F4F85B02F4C002855D13B6893F8202088
:108F0000062A50D1DFF8D4A04FF014099D6A4920F9
:108F10009AF80060DFF8C880A3F85A5038F8362075
:108F200008EBC60B244B029209FB0633BBF8022068
:108F300022491B69CDE90052214A07F073FE0DB9A1
:108F4000082313E0BBF8042038F836309A4205D9DC
:108F50001C4A1A49572007F065FEF1E7AA4201D9D9
:108F6000194AF6E701D3AB4210D1042338682370C5
:108F700011F0CAF83868083011F067FA134A002176
:108F8000134805B0BDE8F04F09F090B89AF80030EA
:108F90004920094A094909FB03290E4AD9F810302A
:108FA00007F040FECCE703460B4A04494520F7E7AB
:108FB00024C3002020C300208C640608C560060876
:108FC000CE600608BA5E0608F5600608B8820100A1
:108FD000A19504081A6106082A610608E0C200206B
:108FE000E2C2002038B5194C194D38BB226892F8FE
:108FF0002030062B22D1936AB3F5803F06D3154A61
:109000004520154907F00EFE082308E09BB21349DE
:10901000A2F858300978124A22F831300323206828
:109020002B7011F071F82068083011F00EFA0D4A1B
:1090300000210D48BDE8384009F038B803460B4A16
:109040000549452007F0EEFDDEE700BF24C3002000
:1090500020C300201D5F0608C5600608E0C200208E
:10906000E2C20020B8820100A19504084861060808
:109070002DE9F047DFF84C818AB0DFF84CA1894632
:10908000D8F800309AF80040B3F85E20424D00282E
:1090900069D1424E0DF1180C06EBC40756F83400A6
:1090A0007968BA80ACE80300B3F858100DF11600E7
:1090B00026F83410B3F85A10B3F864307980FB8086
:1090C00006F03CFF9AF80020BDF81630C2F10B0202
:1090D0001341DB073AD508A810F0E6FF142108ABCE
:1090E0004A4601FB04510220073104F0BDFCD8B10F
:1090F000089B2B4A18680823C1880068FEF7B6F859
:1091000090B1D8F80030012208A883F8662010F04A
:10911000FBFF244B0822002123481A70234A0AB07F
:10912000BDE8F04708F0C2BF1423214A2149572067
:1091300003FB04552B6907F075FD06AB002203CB3A
:10914000D8F8003046F834007960DDE714231A4A75
:109150001849492003FB0454236907F063FD304696
:1091600006F066FCD5E7B3F85C101423914203FBCC
:109170000454236908D000910E49CDE901200F4A1B
:10918000572007F04FFDC4E7CDE900100C4A5720E7
:10919000084907F047FDBCE78C640608E2C20020DE
:1091A0009594040820C30020A1950408B88201000A
:1091B00065610608C560060893610608B261060885
:1091C000E261060824C30020E0C2002037B5134A3C
:1091D0000B46134C156878B91868C98807F0D6FD96
:1091E0000723A5F864000F4A00210F48237003B03D
:1091F000BDE8304008F05ABF0C4B14211A780C4BD4
:109200000190572001FB0233B5F85E2009491B6924
:109210000092094A07F006FD0823E4E724C3002072
:1092200020C30020B8820100A1950408E0C20020FC
:109230008C640608C5600608E261060837B52A4A4C
:109240000B462A4C157800283CD11868C98807F0CD
:109250009DFD274B226803EBC503DB888342B2F8F0
:109260005C3012D10133B2F86010B2F85A009BB2F0
:109270005C18A2F85C308442DEBF01F1FF315B185C
:1092800098B2A2F85E00062305E0012B0DD9013B40
:10929000A2F85C300523174A002117481370174ABB
:1092A00003B0BDE8304008F001BFB2F86000B2F88A
:1092B0005A1003448B42DCBF03F1FF3399B2A2F88A
:1092C0005E10E0E714220E4B0190572002FB05339D
:1092D00022680C49B2F85C201B6900920A4A07F028
:1092E000A1FC0823D7E700BFE0C2002024C3002070
:1092F000E2C2002020C30020A1950408B88201002A
:109300008C640608C5600608E2610608554B2DE925
:10931000F04F1426544C8A4683462DED028B93F869
:10932000008089B006FB08F6A3191F69002840F0E9
:1093300090800B6806A8B1F8069008EE103A4B4BE7
:109340001B68DB689847079D04A810F0ADFEF11D6F
:1093500005EB450504AB214452460220ADB204F0B2
:1093600083FB044648B1049BBAF806001B68DC88FE
:10937000A04236BF241A5C46A4B204A83C4E10F0AA
:10938000C3FE2B1B326893FBF9F39BB23BB3A2F8ED
:1093900060304920B2F860303649374ACDF8009045
:1093A000CDE901433B4607F03DFC494618EE100A63
:1093B000346807F0EBFC314AA4F862004FEAC800B9
:1093C00092F83930022B0CD033680244B3F85A10AB
:1093D000B3F8623091805180D380082318E00123D4
:1093E000D5E731681044B1F85A4083889C421BD9B4
:1093F0000133B1F860209BB29818A1F85C30A0420C
:10940000DEBF02F1FF329B189CB20623A1F85E403A
:109410001B4A00211B4813701B4A09B0BDEC028B8C
:10942000BDE8F04F08F042BE32F83830A342D4D144
:10943000C088B1F86220904206D13B46134A0D49DC
:10944000492007F0EFFBC8E7013BA1F85C3005239A
:10945000DEE700903B460E4A5720064907F0E2FB44
:10946000BBE700BFE0C200208C64060854CB00209C
:1094700024C30020C56006080A620608E2C2002074
:1094800020C30020A1950408B88201001A610608D3
:109490004862060810B50446037B0C4A49200C4973
:1094A00007F0C0FB237B7BB10A4B07220A481B78DD
:1094B0000133B3FBF2F2C2EBC2029B1A80F83830E0
:1094C000BDE8104006F0B4BA10BD00BF75620608D2
:1094D000C5600608E0C20020E2C20020254907223C
:1094E00010B50B780133B3FBF2F2C2EBC2029B1A48
:1094F000214ADBB20B7092F83910022900D190B9E1
:1095000092F83800984206D01C4A00211C48BDE859
:10951000104008F0CBBD022905D00223164882F87E
:10952000393006F085FA174C23681B689847236882
:10953000154A01465B6910689847144B984212D847
:109540004FF47A73124A1349B0FBF3F0C0F55B1481
:10955000492004F53A54B4FBF3F307F063FB074AE0
:1095600021460D48D3E70D4A57200A49002407F049
:1095700059FBF4E7E0C20020E2C20020B8820100FB
:10958000A195040878CB00201CC30020FFA393D62C
:1095900066590608C5600608099904089462060819
:1095A0002DE9F041AA4F8CB0AA4DFDF751FC0646BB
:1095B000A9483C78FDF750FC2B78092B44D8DFE80C
:1095C00013F00A002D004E008900B200C700DF0032
:1095D000F5001E012201A1481421A14A01FB040447
:1095E000A0494920236907F01DFB01229E490A205A
:1095F00002F0A6F8012807D100242870FDF73AFCF4
:1096000020460CB0BDE8F08103281DD0974A4520C4
:10961000944947F2305407F005FBEFE76821012039
:1096200007F0E6F8924B0446186080B14FF0FF3522
:10963000904B0221A0F86450C0E91753002380F832
:1096400066308D48FEF70CFA4FF0FF34D6E78B4AB0
:109650005720844907F0E6FA09232B70CEE714213E
:109660007E4FDFF80C8249204C43854A7D493B19E7
:109670001B6907F0D7FAD8F8000010F015FDD8F8EC
:109680000000083010F0A6FED8F80030611C00245D
:1096900001930722082339443046009411F0C6F99B
:1096A000034638B9D8F80000764A00F1080101F005
:1096B00057F8C9E7744A6B49452007F0B3FAD8F860
:1096C000000010F021FDD8F80000083010F0BDFEB9
:1096D0000823C2E71421614FDFF8948149204C43ED
:1096E0006A4A60493B191B6907F09CFAD8F80000E8
:1096F00010F0DAFCD8F80000083010F06BFED8F853
:109700000030611C002401930723394430461A4677
:10971000009411F08BF9034618B9D8F800005C4AA0
:10972000C3E75C4AC7E714204C4D5B4A44434D49AC
:1097300049202B1901341B6907F074FA4C4B0122A4
:109740001968564BB1F85A10281901F0C3FF7BE78E
:1097500039781420524B4443404D03EBC103492058
:109760002A194049DB880134009313694D4A07F0F8
:1097700059FA3F4B012219684B4BB1F85C10E3E7F3
:1097800014203B4E354D4443326836494920B2F8E7
:109790005E202B1901341B690092444A07F042FAFB
:1097A0003168434B0122B1F85E10CDE7304E2B4DAE
:1097B0003368B3F85C20B3F85E1014238A4203FBCD
:1097C00004531B6914D24920CDE90021394A2549A7
:1097D00007F028FA33681420B3F85E2000FB045029
:1097E000B3F85C100132344B0130521A92B2ACE73C
:1097F00000924920314A1B4907F014FAEAE7304841
:10980000FEF786F920E71A4C2068F0B190F8660060
:10981000FFF764FE206807F07BF80023236002A8AE
:10982000284C19F0D7FB0A9B274A49200193099B32
:109830000C490093029B07F0F5F906F037FF0A2068
:1098400001F0DCFF00232B70D8E6FFF747FEE6E7C8
:10985000E0C2002020C30020776406088C6406085C
:10986000BF620608C5600608D18E0408A65806081F
:1098700024C300200000FFFF958E0408DC62060868
:10988000F6620608E58F04081B63060837630608BE
:10989000ED8E04085B630608776306080D930408E1
:1098A000E2C200208E6306083D920408B1630608F8
:1098B000CD910408CF63060871900408F56306088B
:1098C000798E040880EE3600BA50060810B590F87C
:1098D0003930013B012B14D9034600F13801002235
:1098E0004FF6FF741A80083323F8062C23F8042C53
:1098F00023F8024C8B42F5D14FF48073038700208C
:1099000010BD0120FCE7000010B50E4806F0A2F8DB
:109910000C480C4CFFF7DAFF10B9204606F088F827
:10992000094B1B681B689847084B94F838200021A6
:109930001860074B07481A70074A08F0B7FB4FF04A
:10994000FF3010BDE2C2002078CB00201CC30020F5
:10995000E0C20020A1950408B882010010B50446B9
:109960000346064A4920064907F05CF92146054AA4
:109970000548BDE8104008F099BB00BF1364060815
:10998000C5600608B882010009990408F0B58FB0D7
:109990000646002107A803F00BFF044638B9254A04
:1099A0004520254907F03EF920460FB0F0BD079944
:1099B00008A80BF06DFF08A80BF07AFE08A80BF0C2
:1099C000CBFE054608A80BF003FF044608A80BF0E1
:1099D0003DFF2146074628460BF07AFFB04203467A
:1099E00028BF3346DBB2BB420ED80134E4B20C2CA4
:1099F00082BF01350124ADB2214628460BF068FF35
:109A0000B04228BF3046C3B2002229460BA80092BC
:109A1000CDE90322CDE9012222460BF09DFD0BA8E2
:109A20000CF06EF9054A044603460349492007F045
:109A3000F9F8B9E7186506082865060831650608CB
:109A40000522034B002103481A70034A08F02EBB7D
:109A500034C300209D9A0408B88201000028054BF9
:109A60004FF0000104480CBF022205221A70034A7D
:109A700008F01CBB34C300209D9A0408B882010082
:109A80000122034B002103481A70034A08F00EBB61
:109A900034C300209D9A0408B8820100F0B5514DEE
:109AA0008DB0FDF7D5F907464F48FDF7D5F92B786E
:109AB000052B1BD8DFE803F003293267717C0124F2
:109AC0004A4B4B4A49201C704A4B4B491A604B4A3F
:109AD00007F0A8F822464A49072001F031FEA042CB
:109AE00002D1287000240BE0032802D14FF0FF348C
:109AF00006E047F23054434A3F49452007F092F8C8
:109B0000FDF7B8F920460DB0F0BD02213E48FDF743
:109B1000A7FF0028EAD005232B70E3E73B4E602126
:109B2000012006F065FE0446306038B9384A452009
:109B3000314907F077F804232B70E1E7354A4920D3
:109B40002D49002407F06EF8306810F0ADFA306847
:109B5000083010F03FFC33682F4938460193072343
:109B600000941A4610F062FF034630B930682B4A61
:109B700000F1080100F0F4FDB8E7294A45201E492C
:109B800007F050F8D7E7214B012223481968254BED
:109B9000B1F8581001F09EFDA8E71C4C206818B1E0
:109BA00006F0B6FE002323601F48FDF7B1FFB0E7C3
:109BB00002A8002619F00EFA0A9B1C4A49200193BC
:109BC000099B0D490093029B07F02CF806F06EFDEF
:109BD00007202E7001F012FE064B1C68034B1E700E
:109BE0008EE700BF34C30020926706082CC3002014
:109BF000804F120030C3002028650608486506081B
:109C0000819A0408A65806085D9A040828C3002013
:109C10006A65060891650608B5670608319C040860
:109C2000815E0608919E0408419A0408BA5006080D
:109C300070B5184C184D30BB236893F82020062AC5
:109C400021D19E6A4920154A3346154906F0EAFF9C
:109C50003EB9144A4920124906F0E4FF04232B7050
:109C600003E003232B7023689E65206810F04CFAF4
:109C70002068083010F0E9FB0B4A00210B48BDE8D2
:109C8000704008F013BA0346094A0549452006F01A
:109C9000C9FFE3E728C3002034C300209E5E060806
:109CA00028650608B15E0608B88201009D9A04087E
:109CB000E25E060813B5044640B9194A572019490F
:109CC00006F0B0FF4FF0FF3002B010BD002101A838
:109CD00003F06EFD18B9144A45201249F0E70198C7
:109CE000A0420BD3041B4FF47A70104B44439C42A8
:109CF00013D80F48001B03F035FDE5E7241A0C4884
:109D000003F030FD4FF47A7303FB04008442DBD987
:109D1000084A4520034906F085FF0020D4E700BF2C
:109D2000C46506082865060818650608FF964901F7
:109D300000974901F065060810B5FFF7BBFF044620
:109D40000346064A0649492006F06CFF2146054AAB
:109D50000548BDE8104008F0A9B900BFFF65060836
:109D600028650608B88201009D9A0408A0F1200326
:109D7000DBB2DE2BF0B506468BB00C4607D80346A7
:109D8000274A2849452006F04DFF002046E0FF28DD
:109D9000FBD049B9FFF7FAFD04462346224A214980
:109DA000492006F03FFF38E0002106A803F000FD3F
:109DB000054660B30027069B9C42EED8214607A8C3
:109DC0000BF066FD07A80BF0C7FC044607A80BF0D4
:109DD000FFFC0130C5B20C2D82BF01340125A4B2B5
:109DE000294620460BF074FDB04221462A4628BF82
:109DF00030460097C3B207A8CDE90377CDE90177D4
:109E00000BF0AAFB07A80BF07BFF0446D3E72C4618
:109E1000064A0449452006F005FF20460BB0F0BD78
:109E200034660608286506085E6606081865060892
:109E300013B50446037B124A4920124906F0F2FE8C
:109E4000237BABB101A90DF1030006F057F901998D
:109E50009DF80300FFF78AFF014601909DF803007B
:109E600006F04AF9084B01981B781BB9FFF764FF0D
:109E700002B010BDFFF71EFF044B1860F8E700BFEB
:109E80007E660608286506082CC3002030C3002023
:109E90001FB50C46034658BB0DF1060006F04EF800
:109EA000BDF80630DB0419D5144A4920144906F0E0
:109EB000B9FE02A810F0F8F802AB224611490220C0
:109EC00003F0D2FD38B1029B0F4A18680723C188FE
:109ED0000068FDF7CBF902A810F016F90B4B04222D
:109EE00000210B481A700B4A08F0E0F804B010BDCE
:109EF000094A4920024906F095FEEFE7AD660608DB
:109F000028650608BB670608319E040834C3002094
:109F10009D9A0408B88201004560060807B501A9AA
:109F20000DF1030006F0EAF89DF80330FF2B07D18E
:109F3000154A4920154906F075FE03B05DF804FB8B
:109F4000A3F12002D2B2DE2A09D8114A45200F49D6
:109F500006F068FE0021FF2006F0CEF8EDE70D4A7E
:109F600049200A4906F05EFE019B4BB90A4A572078
:109F7000064906F057FE9DF80300FFF707FD019024
:109F80000198FFF7D9FED8E7D166060828650608CC
:109F9000FC6606083967060864670608044B062253
:109FA000002118601A730348034A08F07FB800BF05
:109FB0003CC3002001A00408B88201000028064B21
:109FC0004FF000010CBF0222062218601A730348EA
:109FD000034A08F06BB800BF3CC3002001A004088E
:109FE000B88201000122034B002103481A73034A7F
:109FF00008F05CB83CC3002001A00408B88201004E
:10A00000F0B55A4D8DB0FCF723FF07465848FCF7D2
:10A0100023FF2B7B062B16D8DFE803F004242D62E8
:10A0200080879200534A4920534906F0FBFD0122E4
:10A030005249092001F084FB012802D12873002431
:10A040000BE0032802D14FF0FF3406E047F2305412
:10A050004B4A4949452006F0E5FDFCF70BFF204639
:10A060000DB0F0BD02214748FDF7FAFC0028EAD008
:10A0700006232B73E3E7444E5821012006F0B8FB7A
:10A080000446306038B9414A45203B4906F0CAFDD4
:10A0900005232B73E1E73E4A49203749002406F0A7
:10A0A000C1FD306810F000F83068083010F092F907
:10A0B000336807223749019338460823009410F08B
:10A0C000B5FC034630B93068334A00F1080100F0AE
:10A0D00047FBB8E7314A2849452006F0A3FDD7E7FA
:10A0E000294E49202E4A0024234906F09BFD306862
:10A0F0000FF0DAFF3068083010F06CF9336825494A
:10A1000038460193072300941A4610F08FFC03464B
:10A1100010B93068234AD8E7234ADCE7234B0122F1
:10A12000E9881C4801F0D6FA8DE7174C206818B171
:10A1300006F0EEFB002323601D48FDF7E9FC95E7E0
:10A1400002A81C4C18F046FF0A9B1B4A49200193A9
:10A15000099B09490093029B06F064FD06F0A6FAEC
:10A16000092001F04BFB00232B7376E73CC3002052
:10A1700099680608C1670608E0670608E59F0408B5
:10A18000A6580608BD9F040838C300201B5E0608B9
:10A19000295E0608B96806085DA20408465E06083E
:10A1A000655E0608BDA10408815E060829A30408AF
:10A1B0009D9F040800974901BA50060870B51D4ECE
:10A1C0001D4D80BB336893F82020062A2BD19C6A52
:10A1D00049201A4A23461A4906F024FD1CB9194A97
:10A1E0001749492005E0AB88A34206D2164A5720FA
:10A1F000134906F017FD052406E0012C01D1134A8E
:10A20000EEE7013CEC80042430680FF07DFF3068FD
:10A21000083010F01AF92C730D4A00210D48BDE8E2
:10A22000704007F043BF03460B4A0549452006F03E
:10A23000F9FCE0E738C300203CC300209E5E06081E
:10A24000E0670608B15E0608BA5E0608C35E060847
:10A25000B882010001A00408E25E060870B51C4D3A
:10A260001C4E30BB2B6893F82020062A29D19C6A0B
:10A270004920194A2346194906F0D4FCB4F5803F19
:10A2800006D3174A4520154906F0CCFC052401E009
:10A29000B480032428680FF037FF2868083010F0D6
:10A2A000D4F834730F4A00210F48BDE8704007F01E
:10A2B000FDBE0B2801D0042803D10C4A49200749D0
:10A2C000E2E703460A4A0549452006F0ABFCDDE714
:10A2D00038C300203CC30020FF5E0608E067060884
:10A2E0001D5F0608B882010001A00408E96706089E
:10A2F000545F060810B50446037B084A4920084904
:10A3000006F090FC237B3BB1064843890430BDE84E
:10A310001040838005F08EBC10BD00BFFF670608AB
:10A32000E06706083CC3002030B5314C87B00346D7
:10A330000D462060002854D1C988286806F026FD03
:10A3400023892C4A6081009049202B4906F06AFC41
:10A35000628923899A423ED00DF10E0005F0EEFD90
:10A36000BDF80E30DB062BD5244A4920224906F0E1
:10A3700059FC04A80FF098FE04AB2A46204902209D
:10A3800003F072FB80B91F4A1B49452006F04AFCC6
:10A3900004A80FF0B9FE05231B4A00211B482373B4
:10A3A00007F084FE07B030BD049B194A18680B23E0
:10A3B000C1880068FCF75AFF0028E9D1154AE3E795
:10A3C000154A49200C4906F02DFC6389201D238184
:10A3D00005F030FCDFE7114A4920074906F022FC6E
:10A3E000D9E70F4A4920044906F01CFCD3E700BF17
:10A3F0003CC30020975F0608E06706082B68060844
:10A40000BF680608D45F0608B882010001A00408EE
:10A41000F5A20408EC5F06084A68060816600608FC
:10A420004560060810B50446074805F01FFC074ABA
:10A4300023460749492006F0F5FB2146054A064810
:10A44000BDE8104007F032BE40C300206768060830
:10A45000E0670608B882010001A0040808B5084AB0
:10A460004520084906F0DEFB074BFD220021074886
:10A470005A62642207F01AFE4FF0FF3008BD00BF99
:10A48000C5680608D06806084CC3002091A40408DB
:10A4900010B50A4C0A4800F08FFA04F10C0009F0DC
:10A4A0006BF9A369606A9847E06906F031FA0548DC
:10A4B00007F084FE4FF0FF3010BD00BF4CC30020FA
:10A4C000C9A404085DA404082DE9F043604D89B0D7
:10A4D00006460C46FCF7BCFC0746D5E90089FCF7AC
:10A4E000D1FC00284AD1052C3ED85A4A5A49572057
:10A4F00006F098FBA3B2314605A81A46039309F06B
:10A5000017F94A4605A9384610F0A2FB40F21D1281
:10A51000044690421BD197F83620012A19D197F8AA
:10A520009420302A15D14D4A49204B4906F07AFB38
:10A53000039B2022314605A887F894201A4609F08B
:10A54000F7F84A4605A9384610F082FB0446002C6D
:10A5500037D002266422002141486C6207F0A6FD34
:10A56000304609B0BDE8F08333787E2B04D133192F
:10A5700013F8013C7E2BBDD03A4AB7E70128B9D188
:10A58000072C01D8384AB1E705A93046FCF704FD8D
:10A59000BDF81430012B01D0344AA7E7BDF81A20CA
:10A5A000A4F108039A4206D900924920304A2A4968
:10A5B00006F038FB9EE79DD2009245202D4A2649A1
:10A5C000F6E799F81030002B3FD048460FF0FDFE1B
:10A5D000064600B3284A384699F8001010F03BFBB5
:10A5E000064680B1244809F0C7F8244A1A49334680
:10A5F000452006F017FB6422214619486E62264664
:10A6000007F054FDACE7698AE86800F013FA6422A9
:10A61000296A1B48F3E7AB680133AB6098F8052063
:10A6200093420DD0D8F8002052F82330D98818680A
:10A6300000F000FA6422296A114807F037FD8FE71D
:10A640006422214606486C62F7E7012688E700BFCE
:10A650004CC30020D9680608D06806089D69060822
:10A6600091A40408FB680608176906083C690608F7
:10A670005B6906087C69060858C30020F76906086C
:10A680005DA40408704700002DE9F04106460F461E
:10A690001D4632B92A4A45202A49BDE8F04106F054
:10A6A000C1BA294CA26190F80580B8F1000F09D118
:10A6B000264A5720234906F0B5FAA3694046BDE86B
:10A6C000F041184740F2112006F05AF80146E061C7
:10A6D00038B91F4A45201B4906F0A4FAA369022095
:10A6E000EDE740F211221B4800F026F960B91A4A42
:10A6F0004520144906F096FAA36902209847E069BC
:10A70000BDE8F04106F004B90023C4E90067C4E9DC
:10A710000233C4E9043385B14FF47A735D4333687F
:10A7200025621B68D988186800F084F9216A6422C0
:10A730000A48BDE8F04107F0B9BC43F69825EEE7BA
:10A740000B6A0608D06806084CC30020AF54060800
:10A750001A6A0608C9A40408346A06085DA4040835
:10A760000F23FFF791BF0000104B1B6870B50D461B
:10A77000D3B10F4E0F4A346812686118914281BFFD
:10A78000151B01210C4A11702A460146181918F0B0
:10A79000F1FB2C44094B44F62062346019680848E8
:10A7A000BDE8704007F082BC70BD00BF68C00020EB
:10A7B00078C500206CC000207CC5002080C500202A
:10A7C000CDA70408002010707047000000232DE979
:10A7D000F3413E4E8DF8073033684BB93C4A452073
:10A7E0003C4906F01FFA4FF0FF3002B0BDE8F0819F
:10A7F000394C4920394A2368364906F013FA0DF1DD
:10A80000070221683068FFF7DDFF0546A8B9376801
:10A81000334B9F4225D19DF80750002DE3D1314E97
:10A820005720314A33782B4906F0FCF92188384605
:10A8300006F042FA35702560D5E72368834205D2D9
:10A840002A4A4520234906F0EDF9256830682A4652
:10A85000411918F09CFB2268551B2560002DD6D1AC
:10A86000C1E7204D2B7833B1214A4520194906F024
:10A87000D9F900232B701F4B25681B68EBB130689A
:10A88000D8B12946984710F0FD07ACD1DFF86C80AD
:10A89000D8F80030DB6898472268AA420BD93068A4
:10A8A000561B4119324618F072FB2660D8F800306A
:10A8B0001B69984797E72760F8E72B460E4A05493A
:10A8C000572006F0AFF9002323608CE768C0002012
:10A8D0004A6A0608576A060878C50020606A0608B2
:10A8E00074C300207CC500208B6A0608686A0608CD
:10A8F0009E6A060874C50020AD6A060874CB002065
:10A9000010B50021044607F027FF094808F094F825
:10A91000012007F0B3FF08F02FF842F21073B3FBE9
:10A92000F4F04000034B012838BF0120186010BD2F
:10A9300069A7040880C500202DE9F843174F064693
:10A94000DFF86C800D463B681446DB689847D8F802
:10A95000003003BB1249DFF85C900A6842B1A242A2
:10A96000284628BF22460A60D9F8001018F002FBDA
:10A970000C4BC9F800501C600124C8F800603B680B
:10A980001B69984724B9084A4520084906F04AF946
:10A990002046BDE8F8830024F1E700BF74CB002017
:10A9A00078C500206CC00020C56A0608576A0608F2
:10A9B00074C5002068C0002070B5164D0446164EC0
:10A9C0002B68DB6898473368A34221D1134B144CA2
:10A9D0001A684AB1B2F5007F2168124828BF4FF4C7
:10A9E00000721A6018F0C6FA0E4B4FF40072236022
:10A9F00001240D4B1A60002333602B681B699847B4
:10AA000024B90A4A45200A4906F00CF9204670BDCF
:10AA10000024F2E774CB002074C5002078C5002024
:10AA200068C0002074C300206CC00020DF6A0608E4
:10AA3000576A060838B505460C460B46054A0649CE
:10AA4000492006F0EFF821462846BDE8384007F0D7
:10AA500099BF00BF046B0608576A060838B50D4B4E
:10AA60001C68034604F1080520B10B4A45200B4938
:10AA700006F0D8F828460FF0E8FC20460FF044FB1B
:10AA8000074B0522002107481A70074ABDE83840E5
:10AA900007F00CBBA8C500200C6B06081E6B06084F
:10AAA000A4C50020B9AC0408B882010038B50E4B2B
:10AAB0001C6804F10805206628B103460B4A0C49BE
:10AAC000452006F0AFF828460FF0BFFC20460FF0F7
:10AAD0001BFB084B0222002107481A70074ABDE8F9
:10AAE000384007F0E3BA00BFA8C500200C6B060889
:10AAF0001E6B0608A5C5002031B00408B88201000D
:10AB000038B50E4B1C6804F10805206628B10346D1
:10AB10000B4A0C49452006F085F828460FF095FCB5
:10AB200020460FF0F1FA084B0122002107481A7065
:10AB3000074ABDE8384007F0B9BA00BFA8C50020F1
:10AB4000276B06081E6B0608A5C5002031B0040857
:10AB5000B88201002DE9F041134F0546FCF778F962
:10AB6000124E3C6804F108082566ADB13B684520EB
:10AB70000F4A1B6E0F4906F055F805232046337027
:10AB80000FF0C2FA40460FF060FC0B4A00210B4860
:10AB9000BDE8F04107F08ABA04F10C010FF0DAFECB
:10ABA00020660028E2D1E8E7A8C50020A4C500205F
:10ABB000366B06081E6B0608B8820100B9AC0408A3
:10ABC0002DE9F843DFF87C800646FCF741F9184F81
:10ABD000D8F80040054604F10809266666B1D8F8A1
:10ABE00000304520134A1B6E134906F01BF895F8F8
:10ABF000353073B105230DE004F10C010FF02CFE8C
:10AC000020660028EBD195F83630012BF2D90323CA
:10AC100000E0042320463B700FF076FA48460FF020
:10AC200014FC064A00210648BDE8F84307F03EBA86
:10AC3000A4C50020466B06081E6B0608B8820100FA
:10AC4000B9AC0408A8C500202DE9F041144F054611
:10AC5000FCF7FEF8134E3C6804F108082566ADB118
:10AC60003B684520104A1B6E104905F0DBFF0523A9
:10AC7000204633700FF048FA40460FF0E6FB0C4ACE
:10AC800000210C48BDE8F04107F010BA04F10C01B6
:10AC90000FF05FFD20660028E2D10223E8E700BF45
:10ACA000A8C50020A4C50020566B06081E6B060828
:10ACB000B8820100B9AC04082DE9F043A64C93B06A
:10ACC000DFF8D882FCF7C4F80646A4482568FCF7EC
:10ACD000C3F898F8009005F10807B9F1050F00F2E4
:10ACE000C980DFE819F00600C900EA00FA000A018D
:10ACF0005D01236849209A4993F85820994B53F8ED
:10AD00002230994A05F08EFF28460FF0CDF93846DB
:10AD10000FF060FB236893F85850032D3AD8DFE812
:10AD200005F0022F32354FF010090027FCF7AAF882
:10AD300001234A46029030461946CDE900570EF0ED
:10AD4000B3F94FF0022373664FF40073A6F8523044
:10AD5000FCF77EF82368089705460D9793F858305E
:10AD60008DF814708DF815708DF816708DF81770B9
:10AD7000CDE90677032B14D8DFE803F0610E6D737D
:10AD80004FF02009D1E74FF03009CEE702254FF010
:10AD90005009CAE74D46C8E70DF1150107A802F0B2
:10ADA00099FD05F13807384608F0E6FC9DF81520B6
:10ADB0000799384608F068FC302300226B49A5F853
:10ADC0009430281D102308F0B3FC1023002268499A
:10ADD000E81808F0ADFC236805F1C0040DAADB6D8E
:10ADE0000DF1160108A8C5F8BC300DF1170302F0EB
:10ADF000A2FD204608F0C0FC204605F198049DF80D
:10AE000017200D9908F040FC204608F0B5FC9DF88D
:10AE100016200899204605F1B00408F035FC05A974
:10AE200006A803F007FB204608F0A6FC9DF81420B6
:10AE30000699204608F028FC0023C5F8CC3096F887
:10AE40003540A4B9012388F80030FCF713F82046F8
:10AE500013B0BDE8F0830DF1150107A802F049FD1C
:10AE60009FE70DF1150107A802F054FD99E70223B1
:10AE700088F800300024E8E729463046D4F80090EE
:10AE80000FF0ACFB2368C9F860001B6E43B90523C3
:10AE9000384A39462846FFF7F7FB4FF0FF34D4E72E
:10AEA000354A2F49452005F0BDFE28460FF02CF904
:10AEB00038460FF0CAFA0523DAE729463046D4F8B7
:10AEC00000900FF056FC2368C9F860001B6E13B9A0
:10AED00005232A4ADDE72A4AE3E729463046D4F823
:10AEE00000900FF0E9FC2368C9F860001B6E13B9ED
:10AEF0000523244ACDE7244AD3E728460FF0D4F8A7
:10AF000038460FF067FA294630460FF022FF034615
:10AF1000B0B96C7964B91D4A4920114905F082FE27
:10AF200038460FF092FA28460FF0EEF805238AE72C
:10AF3000174A49200A4905F075FE0523154AA8E776
:10AF4000154A4520064905F06DFE38460FF07DFA9A
:10AF500028460FF0D9F8AEE7A8C50020886D06088E
:10AF60001E6B06089C6D0608666B060884C50020EB
:10AF700094C5002049AC0408746B0608C1AB0408F2
:10AF80008E6B060855AB0408A86B0608D76B06083D
:10AF9000EB6B06085DAA0408066C0608A4C5002031
:10AFA00023681A6E002A36D193F8582049201C4B8A
:10AFB0001C4953F822301C4A05F034FE96F836300E
:10AFC000012B13D90DAD112208A9D6F8B000FBF75B
:10AFD000B3FF1122294606F11C00FBF7ADFF08ABB9
:10AFE000124A49200F49009505F01CFE23680025F0
:10AFF000196E93F85800B1FA81F1490902F090F8FE
:10B000002368D3E918029047206888F8005005F0BB
:10B010007FFC256041E730460EF0BEF8E6E700BF52
:10B020009C6D06081E6B0608206C0608326C06082C
:10B030002DE9F047474EFBF70BFFDFF840918046C4
:10B0400045483568FBF708FF99F8004005F1080707
:10B05000012C3AD0022C6ED0002C6AD128460FF079
:10B0600023F838460FF0B6F93C4A3D49492005F02F
:10B07000D9FD4FF4007322462946A8F852304046C5
:10B08000D6F800A00FF0E9FD3368CAF860001B6E27
:10B0900043B90523334A39462846FFF7F5FA4FF0FE
:10B0A000FF340DE0304A45202D4905F0BBFD384600
:10B0B0000FF0CBF928460FF027F8012389F800306C
:10B0C000FBF7D8FE2046BDE8F08728460EF0ECFFDF
:10B0D00038460FF07FF92946404634680FF039FEB4
:10B0E000336820661B6EB3B96C7964B91F4A492076
:10B0F0001B4905F097FD38460FF0A7F928460FF0D9
:10B1000003F80223DAE71A4A4920154905F08AFDB7
:10B110000523184ABFE7184A4520114905F082FD6A
:10B1200038460FF092F928460EF0EEFF022389F818
:10B1300000300024C4E733680024D3E918029047A4
:10B14000404689F800400EF027F8306805F0E0FB33
:10B150003460A4E7A8C50020796D0608596C06087C
:10B160001E6B060801AB0408666C0608D76B060860
:10B17000EB6B0608ADAA0408066C0608A5C50020FE
:10B180002DE9F04107460E4615463AB9154A1649CB
:10B19000452005F047FDFB20BDE8F081DFF8608029
:10B1A000D8F800400CB1114AF1E76821012005F000
:10B1B0001FFBC8F8000038B90D4A45200A4905F0C0
:10B1C00031FD4FF48270E7E70A4B214680F8587052
:10B1D000C665094A1C70C0E91845084806F066FFB4
:10B1E0002046D9E77D6C06081E6B0608A66C06088B
:10B1F000D16C0608A4C50020B8820100B9AC0408CF
:10B20000A8C50020F8B50546FBF722FE064635B96D
:10B21000144A1549452005F005FDFB20F8BD134FE4
:10B220003C680CB1124AF4E76821012005F0E0FA0D
:10B23000386038B90F4A45200B4905F0F3FC4FF44C
:10B240008270EBE796F835200B49B2FA82F2520988
:10B25000C0E918450A702146084A094806F026FF49
:10B260002046DBE7FE6C06081E6B0608A8C500201A
:10B27000216D0608466D0608A5C50020B8820100AC
:10B2800031B0040810B5114CB0B9226892F82830DA
:10B29000062B11D1136B49200D49D3660D4A05F0D9
:10B2A000C1FC2368012200210B4883F860200B4A6F
:10B2B000BDE8104006F0FABE0346094A044945209D
:10B2C00005F0B0FC23689A6FDA66EBE7ACC50020A6
:10B2D000BA6D0608AC6D060819B30408B8820100FF
:10B2E000C36D06087FB505914379094A0493037934
:10B2F00008490393C37802938378019343780093BA
:10B300000378492005F08EFC07B05DF804FB00BF10
:10B31000EA6D0608BA6D06082DE9F047724D9AB03D
:10B32000FBF796FD8046D5F800A0704856460AF116
:10B33000100756F8049BFBF78FFD286890F86040D3
:10B34000012C2CD0022C00F0B280002C40F0C480E4
:10B3500030460EF0A9FE38460FF03CF804230722D1
:10B3600049464046CDE900460FF060FB034638B938
:10B370005F4A39463046FFF7F3F94FF0FF3408E0F3
:10B380005C4A45205C4905F04DFC2B68022283F89D
:10B390006020FBF76FFD20461AB0BDE8F08730460D
:10B3A0000EF0B2FE38460FF050F830460EF07CFE3C
:10B3B00038460FF00FF82B688AF83F4007211A68CB
:10B3C00009A809F0F1FD2A6892F86830012B0FD026
:10B3D000022B3DD0002B56D1072249464046CDE9ED
:10B3E000003602230FF022FB002853D1434AC0E766
:10B3F000116F41B902A802F0DBF920B12A68029B63
:10B40000D16E5B1A13672868D0E91B13B3FBF1F206
:10B4100001FB12329B1A4A1E1A44036742674920F5
:10B42000CDE90021364A344905F0FCFB2B6803A81E
:10B43000196F0AF02DFA2B6806A8596F0AF028FA3E
:10B4400006AB03AA09A9404600960FF055FBCBE7CF
:10B45000B2F87E302B482C49B2F87C20012B98BFE3
:10B4600001464920CDE90012284A234905F0DAFBBC
:10B470002A6809A94046B2F87E30B2F87C200096CE
:10B480000FF02EFBB0E7224A45201B4905F0CAFB0E
:10B490004FF0FF3003461F4A1749452005F0C2FB15
:10B4A0002B6840F60202A3F86020002471E7C36E07
:10B4B00000F11401026F446E1A4490F86100A04735
:10B4C00030460EF021FE38460EF0BFFF286805F02A
:10B4D0001FFA00232B6050E723460F4A06494520F8
:10B4E00005F0A0FBE1E700BFACC500203C6F0608FB
:10B4F00085B204080B6E0608BA6D06081DB504086F
:10B50000196E060808820608425E0608436E0608A1
:10B51000606E06086B6E0608866E0608F7B5244C4A
:10B52000054602264FF6FF732068ADF8063080F816
:10B53000606004300EF0E8FD85B12B461D4A1E49BF
:10B54000452005F06FFB2368082283F861201B4A21
:10B5500000211B4806F0AAFD03B0F0BD20680DF1E4
:10B560000601878B143009F087FD014610B10346B0
:10B57000144AE4E7BDF806302268012B97830ED900
:10B5800092F86800022804D0012382F861300B4A47
:10B59000DFE7B2F87E00984205D00723F5E713B93C
:10B5A00082F86160D3E7002182F86110EFE700BF05
:10B5B000ACC50020976E0608BA6D0608B882010077
:10B5C00019B30408A96E06082DE9F04107460D4697
:10B5D00039B9194A4520194905F024FB0020BDE876
:10B5E000F081DFF86480D8F8006056B1144A452035
:10B5F000124905F017FB002305201A461946A847F3
:10B60000ECE78021012005F0F3F80446C8F80000BB
:10B6100048B90C4A4520094905F004FB2346224657
:10B6200021460620EBE74566076080F861604667C3
:10B63000C0E91B660120D2E7C96E0608BA6D06088C
:10B64000DB6E06080A6F0608ACC5002038B5054653
:10B65000FFF7BAFF90B10A4B0024012228461B686D
:10B66000214683F8602083F86840FFF73BFE2146BF
:10B67000044A0548BDE8384006F018BD38BD00BF93
:10B68000ACC50020B882010019B30408F8B50E4615
:10B69000194604461546FFF797FF98B10A4B01215A
:10B6A000002720461B6883F8681083F860701E67C7
:10B6B0009D67FFF717FE3946044A0548BDE8F84084
:10B6C00006F0F4BCF8BD00BFACC50020B882010094
:10B6D00019B3040870B50E46194604461546FFF71F
:10B6E00073FFA8B10B4B0221012220461B6883F88F
:10B6F000681083F86020A3F87C60A3F87E50FFF701
:10B70000F1FD054A00210548BDE8704006F0CEBCB9
:10B7100070BD00BFACC50020B882010019B3040899
:10B7200008B578220021044817F04BFC034B102287
:10B7300000201A7008BD00BFB4C50020B0C50020AD
:10B740000E2838B50346144605D9224A2249452019
:10B7500005F068FA07E0EFF3058038B11F4A45208D
:10B760001D4905F05FFA4FF0FF300CE01C4D2A78C0
:10B77000102A09D12B70012C1A4B18BF01201B680D
:10B78000DB699847012038BD9A4207D11346124918
:10B79000154A452005F046FA0420F4E731B9134A6A
:10B7A00049200D4905F03EFA0220ECE7104800EB75
:10B7B000C30255790DB10F4AC8E740F83310012193
:10B7C0001471492051710C4A034905F02BFA0320EA
:10B7D000D9E700BF556F06086C6F0608756F06083D
:10B7E000B0C5002054CB0020846F06089C6F06086B
:10B7F000B4C50020C36F0608E26F06080E28034692
:10B8000073B508D9254A4520254905F00BFA4FF0B4
:10B81000FF3002B070BDEFF30582224D29783AB1B6
:10B82000814207D1322200211F4806F03FFCEEE79B
:10B83000814206D0009145201C4A194905F0F2F9D1
:10B84000E5E710231A4C2B7004EBC203D1B25879F0
:10B85000D8B1297000214920597113461049154A61
:10B8600005F0E0F92B78144E102B12D054F8333039
:10B8700098472B7804EBC30433682479DB69012CE7
:10B8800009D1002098470120C3E701320F2ADBD1FC
:10B89000E8E73368DB690120F4E700BF556F06086D
:10B8A0006C6F0608B0C50020BDB80408F86F060824
:10B8B000B4C500201B70060854CB002008B5084909
:10B8C0004520084A05F0AEF9074A0549492005F028
:10B8D000A9F9064B1878FFF791FF4FF0FF3008BD2C
:10B8E0006C6F06083870060863700608B0C5002043
:10B8F0000E28034607B509D9154A4520154905F014
:10B9000091F94FF0FF3003B05DF804FBEFF30580D1
:10B9100028B1114A45200F4905F084F9F1E70F4A93
:10B9200012789A4206D0009245200D4A094905F046
:10B9300079F9E6E70B4B01291B6818BF0120DB6989
:10B940009847094A0349492005F06CF90120DAE7D4
:10B95000556F06086C6F0608756F0608B0C50020A5
:10B960008570060854CB0020AF7006080B22034BED
:10B97000002103481A70034A06F098BB30C6002025
:10B98000E9BA0408B882010010B50346084C40B972
:10B990000A2323700021074A0748BDE8104006F03B
:10B9A00085BB064A4520064905F03CF90B23F0E724
:10B9B00030C60020B8820100E9BA0408C170060848
:10B9C000DB7006080922034B002103481A70034A62
:10B9D00006F06CBB30C60020E9BA0408B88201004A
:10B9E00010B50346084C40B9072323700021074ACD
:10B9F0000748BDE8104006F059BB064A45200649F5
:10BA000005F010F90923F0E730C60020B8820100E4
:10BA1000E9BA0408E4700608DB7006080622034B46
:10BA2000002103481A70034A06F040BB30C60020CC
:10BA3000E9BA0408B882010010B50346084C40B9C1
:10BA4000052323700021074A0748BDE8104006F08F
:10BA50002DBB064A4520064905F0E4F80623F0E729
:10BA600030C60020B8820100E9BA0408FE7006085A
:10BA7000DB7006080422034B002103481A70034AB6
:10BA800006F014BB30C60020E9BA0408B8820100F1
:10BA900010B50346084C40B9022323700021074A21
:10BAA0000748BDE8104006F001BB064A452006499C
:10BAB00005F0B8F80423F0E730C60020B882010092
:10BAC000E9BA040818710608DB7006080122034B66
:10BAD000002103481A70034A06F0E8BA30C6002075
:10BAE000E9BA0408B8820100F0B5734D8DB0FBF7D8
:10BAF000AFF907467148FBF7AFF92B780B2B18D835
:10BB0000DFE803F006223F6D747C8088A8ACAFB3F9
:10BB10006B4A49206B4905F085F801226A490C20DF
:10BB2000FFF70EFE012802D1287000241BE0032835
:10BB300002D14FF0FF3416E0644A4520614905F018
:10BB400071F84EF660240EE06021012004F050FEF2
:10BB50005F4B0446186058B95E4A4520594905F0C4
:10BB600061F80B232B70FBF785F920460DB0F0BD73
:10BB700000215948FBF774FF0028DAD00B232B7003
:10BB8000D3E7534E0024306804300EF08DFA30684D
:10BB900010300EF01FFC3368012250490433384640
:10BBA0000094019302230EF041FF034638B9306838
:10BBB0004B4A00F110010430FEF7D2FDB9E7494AC3
:10BBC0004520404905F02EF8032330682B700430DF
:10BBD0000EF09AFA306810300EF037FCC3E7424896
:10BBE000FBF796FF0028A4D00423C8E701213F48B3
:10BBF000FBF736FF00289CD00623C0E73C48FBF744
:10BC000087FFF7E702213B48FBF72AFF002890D087
:10BC10000923B4E72E4E0024306804300EF044FAB5
:10BC2000306810300EF0D6FB3368012232490433FD
:10BC300038460094019302230EF0F8FE034610B933
:10BC400030682E4AB5E7274A45201E4904F0EAFF2E
:10BC50000823BAE72A48FBF75BFFD7E70321294807
:10BC600088E72948FBF754FF86E7194C0C20FFF7BB
:10BC7000C5FD2068E8B10678C6B1244B01201B68D9
:10BC80009847206804F044FE002302A8236017F0C0
:10BC9000A1F90A9B49201E4A0193099B0949009377
:10BCA000029B04F0BFFF04F001FD42E704F030FE08
:10BCB000266000232B7044E730C6002084720608FB
:10BCC00032710608DB700608CDBA0408A6580608CB
:10BCD00034C600206B71060891BA04089E720608EB
:10BCE000C9BD04080B6E060875BA040839BA040801
:10BCF0001DBA0408E1B904089872060815BD0408C5
:10BD0000C5B9040889B904086DB904082CC6002017
:10BD1000BA50060870B5034686B0234E002840D1BD
:10BD2000326892F828300A2B14D1136B1C689D7965
:10BD30000DF1070102A804F0AFF99DF8072022B128
:10BD40002146029817F006F9C8B12946204604F0AA
:10BD500075F914E0092BE8D0062B0BD1136B0B21DE
:10BD6000124A03A817F018FC03A818F037FC03AC1C
:10BD7000C5B2DDE70E4A0F49572004F053FF306883
:10BD800004300EF0C1F9306810300EF05EFB0A4B43
:10BD90000822002109481A70094A06F087F906B0FE
:10BDA00070BD084AE7E700BF34C60020B897060810
:10BDB00088710608DB70060830C60020E9BA04085E
:10BDC000B8820100AD710608F0B5044689B03A4F5B
:10BDD000002845D13A6892F828300A2B27D1136BF6
:10BDE00001241D689E7904F0CBFB3B681C7064B194
:10BDF0000DF10F0104A804F017F99DF80F20002A97
:10BE000038D13146284604F0E1F8386804300EF0A5
:10BE10007BF9386810300EF018FB284B0322002104
:10BE200027481A70274A06F041F909B0F0BD092BDE
:10BE3000D5D0062B0CD1136B0B21234A05A817F084
:10BE4000ABFB05A818F0CAFB0124C6B205ADCAE7D2
:10BE50001E4A45201E492646254604F0E3FEC2E759
:10BE6000002403461B4A452019492646254604F06E
:10BE7000D9FEBAE72946049817F06CF80028C4D018
:10BE8000701C04F07DFC044680B13246294617F050
:10BE900071F80023104A4520A355049B0C490094D7
:10BEA00004F0C0FE204604F033FDAAE70B4A45200B
:10BEB000074904F0B7FEA4E734C6002030C60020CE
:10BEC000E9BA0408B8820100B8970608CA710608E2
:10BED000DB700608EE7106080A7206083B72060857
:10BEE00010B5044630B90F4A45200F49BDE810404F
:10BEF00004F098BE0D4B196849B10D4A45200A4916
:10BF000004F090FE23460020BDE810401847094B7E
:10BF1000094A1970094BBDE810401860084806F03E
:10BF2000C5B800BF51720608DB70060834C6002091
:10BF30007172060830C60020B88201002CC60020AD
:10BF4000E9BA040808B501F077FD20B10B4B0122D6
:10BF50001B6883F8AD2101F036FD20B101F049FDE9
:10BF6000074B01221A70074B0222002106481A7063
:10BF7000064ABDE8084006F099B800BF40C6002058
:10BF80003DC600203EC600208DC00408B8820100D6
:10BF900073B52A4C256825B395F8AC31022B09D12D
:10BFA00095F8AD61FEB1264A4920264904F03AFED3
:10BFB00004F002F800F030FC20680C3007F0DCFBE5
:10BFC000206818300DF036F92368586804F0A0FC9A
:10BFD0002368986804F09CFC206804F099FC002316
:10BFE000236002B070BD01A803F0E0FF2368019A4E
:10BFF000D3F8A83193420AD9134A4920114901269E
:10C0000004F010FE2368D3F8A80103F0C9FF01A8CB
:10C0100003F0C0FFD5F8D430019A93420BD90B4AF4
:10C020004920084904F0FEFDD5F8D40003F0ACFF28
:10C0300003F01EFFBEE7002EBCD0F9E740C600208B
:10C04000A4720608F1720608FA7206082073060840
:10C0500007B503F08BF910B90220FFF7CFFB0DF104
:10C06000070004F023F8074B9DF807201B789A423D
:10C0700002D1054B1B7813B10020FAF773FF03B010
:10C080005DF804FB3CC600203DC60020F0B5454DE0
:10C090008FB0454F45482E68FAF7DEFE3C78012CFC
:10C0A00040D0022C61D0002C7AD1286806F10C0215
:10C0B00010F8181B13F06BFB012302463B7048B1CC
:10C0C0003B4A3C49452004F0ADFDFAF7D3FE20463B
:10C0D0000FB0F0BD748A0CB9374AF2E7202321462D
:10C0E000F068FBF7C3F8738A044698B9334A4520D1
:10C0F000304904F097FD28680C3007F03DFB2B68B1
:10C100000022A3F86E21A3F87021A3F82221A3F83E
:10C110002421DAE72A4A492026494EF6602404F011
:10C1200081FDE8E701F04FFC88B1264A492021490A
:10C1300004F078FD01210220FFF7DAFB012811D17C
:10C14000214802F07FF868B14FF0FF3407E00DF1AD
:10C150000E0104A801F064FB0028E6D100240223AC
:10C160003B70B2E701F045FCF8E7FFF711FF174A13
:10C170001049492004F056FD04A816F02BFF0C9B33
:10C18000134A492001934FF0FF340B9B0949009358
:10C19000049B04F047FD04F089FAFFF759FF94E788
:10C1A000002492E740C600203EC60020A87406087E
:10C1B00038730608F1720608537306086A73060896
:10C1C000717306088673060845BF04089B7306084A
:10C1D000BA5006080122034B002103481A70034A93
:10C1E00005F064BF3EC600208DC00408B88201007F
:10C1F00008B5074A4520074904F014FD064B022202
:10C20000002106481A70064ABDE8084005F04EBFF6
:10C21000AE730608F17206083EC600208DC0040801
:10C22000B8820100014B1868704700BF38C6002073
:10C230002DE9F04F914C8DB01D46914B169A074653
:10C24000266888461A60002E40F0E7808D4A492013
:10C250008D4908968DF81C6009968DF81D600A9628
:10C260008DF81E600B968DF81F6004F0DBFC022237
:10C2700031461046FFF764FA01280AD0042808D096
:10C28000824A4520804904F0CDFC00200DB0BDE875
:10C29000F08F7F484FF0000A03F008FF7D4B4FF40A
:10C2A000D871012083F800A004F0A2FA4FF4B56120
:10C2B0002060012004F09CFA4FF4B461064601208E
:10C2C00004F096FA8346206828B116B1BBF1000F3E
:10C2D00014D104F01DFB16B1304604F019FBBBF17C
:10C2E000000F02D0584604F013FB6B4A4520664904
:10C2F00004F098FC0220FFF7ABFEC6E74FF4B469E8
:10C300004FF4B5630122C0E9016B11461830CDF836
:10C310000090CDE90163CDE903B90DF059F820682B
:10C3200000F5D47003F042FE2268022DD2F8A83145
:10C3300082F850A103F1FF33A2F86C90A2F86A9042
:10C34000C2F8A83182F8AC5158D107A908A801F069
:10C35000D0FA0DF11E030AAA0DF11D0109A801F082
:10C36000EAFA0DF11F010BA802F064F8266806F145
:10C37000500986F84E50484607F0FEF99DF81C20FB
:10C380000899484607F080F9302306F1D80906F1EC
:10C39000D400A6F8AC3003F0FDFD484607F0ECF9F8
:10C3A000484606F1B0099DF81E200A99C83607F0E4
:10C3B0006BF9484607F0E0F99DF81D2009994846B9
:10C3C00007F062F9304607F0D7F99DF81F200B9966
:10C3D000304607F059F9236803F5D472C3F80C21ED
:10C3E0002068294600F5D472183000F02BFAA0B965
:10C3F0002A4A2549452004F015FC09E015B982F8C0
:10C400004E50EDE72B46264A1F49452004F00AFC12
:10C41000FFF7BEFDFFF71CFE37E74346214A1A49E6
:10C42000492004F0FFFB206890F8AC31AB4207D004
:10C43000009345202B461C4A134904F0F3FBE7E721
:10C440000C3007F010F8206808F1FF32394600F18F
:10C450000C03183092B213F08FF9014608B1134A59
:10C46000C7E7134B4744187017F8012C236811488D
:10C470001A70114A05F01AFE012007E740C6002095
:10C4800038C60020C1730608F17206082951060853
:10C490003CC600203DC60020D57306082E74060851
:10C4A00008740608687406087F740608387306085E
:10C4B0003EC600208DC00408B8820100094B1A68EE
:10C4C000002352F8231059B1814206D10E3352F89D
:10C4D0002330054A1B01D05C704701330E2BF0D18D
:10C4E0000E20704744C60020D47806080B4B37B5A1
:10C4F00003EB01122021558813462A46043308F025
:10C50000DFFC044630B100902B46054A4520054922
:10C5100004F088FB204603B030BD00BFD478060885
:10C52000B6740608D4740608044B09010A1D1944A0
:10C5300013444A884C2108F0C3BC00BFD4780608D5
:10C540002DE9F341234F04460D4601A80DF10301E7
:10C5500001F0CFF93B6820481A1F343352F8046FBA
:10C56000916B3EB1090110F80180B8F1020F09D0BA
:10C570009A42F3D1194A452019494FF0FF3504F08A
:10C5800051FB23E029010B1D014403444A88204646
:10C59000782108F095FC0546C0B9396804F114000B
:10C5A00084F85380B1F870200DF0F0FD30230D4A6F
:10C5B00004F1540084F820300B4B0199C4E90D2399
:10C5C0009DF803301A4607F0B3F82666284602B0F5
:10C5D000BDE8F08144C60020D4780608DD74060862
:10C5E000D47406080078B800A005A005F0B589B09D
:10C5F00005460E46174605A806F035FFEB88182BB2
:10C6000008D01822174945200092174A04F00AFB67
:10C6100000240BE00DF10F0104A801F0A4F9044679
:10C6200050B9124A45200F4904F0FCFA05A807F05A
:10C63000A3F8204609B0F0BD05AB2A469DF80F10BF
:10C64000049808F06FFB30B13B46094A0549452084
:10C6500004F0E8FADCE79DF81A100598B0470446A4
:10C66000E4E700BFD47406080E750608377506089F
:10C67000597506081FB50C46C18820290BD92023FF
:10C6800000240C4A452000930B460B4904F0CAFADB
:10C69000204604B010BDC9B200680392A047039BB6
:10C6A00004460028F4D1054A4520034904F0BAFAAB
:10C6B000EEE700BF71750608D47406089475060885
:10C6C00038B50546FFF712FF044630B902F04EFEBA
:10C6D000014605F110000FF089FC204638BD37B542
:10C6E0000446FFF703FF0546C8B90DF1060003F045
:10C6F00025FCBDF806300C2101201A0A8DF8053002
:10C7000004238DF80420237404F072F8A06130B182
:10C7100007F032FA0C2201A9A06907F0BDFA2846F9
:10C7200003B030BD37B50546FFF7E0FE044648B913
:10C730000DF1060003F0E4FBBDF8061005F1100052
:10C740000EF0BAFE204603B030BD0000094B0901CF
:10C750000A1D194410B513444A882021044608F0E4
:10C76000AFFB30B986232374034B1B68D3F88830A2
:10C77000A36110BDD478060844C6002038B509016D
:10C780000F4B04460A1D194413444A88782108F0C7
:10C7900097FB054688B90B4B04F114001968B1F8F2
:10C7A00070200DF0F3FC10234FF4C01284F85350A6
:10C7B00084F82030044BC4E90D23284638BD00BF5F
:10C7C000D478060844C60020A005A005104B090136
:10C7D0000A1D194470B513444A883C21044608F0E8
:10C7E0006FFB054690B90B4E082304F11400316825
:10C7F0001A467C3106F09CFF0823316804F12000C2
:10C800001A46743106F094FF03232382284670BD34
:10C81000D478060844C6002038B5094C236873B1A3
:10C820000025236853F8250008B104F071F801359C
:10C830000E2DF6D1206804F06BF80023236038BD7C
:10C8400044C600202DE9F74F474F06468846012091
:10C850008C211546002403F0CBFF3860002834D02B
:10C86000DFF820B1DFF80CA10467C0E921653F4D76
:10C87000B8F1000F2CD1AB7A002B3ED0D7F8009046
:10C88000D9F8703001936B880F2B2AD025D8012B53
:10C890002CD0082B2CD05A465146452004F0C2F922
:10C8A00000203968019B49F823000B6F51F8239051
:10C8B00001EB8300B9F1000F1CD12D4A45202D4911
:10C8C00004F0B0F9FFF7A8FF002003B0BDE8F08F37
:10C8D000B8F1020F11D1EB7ACEE7402BDBD13C212E
:10C8E00000E07821012003F083FFDAE72021F9E757
:10C8F0004C21F7E7013384630B67013410350E2CAC
:10C90000B6D1396806F180050024B1F870202846B8
:10C910000DF03CFC3B681A6FA2420AD828460DF085
:10C92000CAFC18B9304610F0DBFFB0B10346124A1A
:10C930000CE003EB840253F82400916B0B4A02EBEA
:10C940000112D2689047034628B10C4A0949452094
:10C9500004F068F9B6E70134DCE7094A49200549E3
:10C9600004F060F90120B0E744C60020D47806083E
:10C97000D4750608D474060800760608E275060821
:10C980001E760608AE7506080B880F2B10B509D168
:10C9900090F83630012B35D1072A14BF012203222B
:10C9A000104610BD012B04D1022A02D190F8361096
:10C9B00041B315490968D1F8841091F8024134B99E
:10C9C000124A4520124904F02DF90022E8E7012A15
:10C9D000E6D090F83610A9B1282B05D1012911D045
:10C9E000022A0DD0042AD8E7032B0BD0012B07D045
:10C9F000402B07D0082BE8D1022A18BF0022CFE72E
:10CA00000322CDE70122CBE744C600202C7606089E
:10CA1000D474060890F83600012894BF0020012045
:10CA200070472DE9F3470E4600254FF006084FF0FA
:10CA300001097379AB4202D102B0BDE8F08701AAC7
:10CA4000294630460DF035F80028F5D1019C94F8C0
:10CA500018A0BAF1010F15D067693B880F2B11D0D0
:10CA60000C2B0FD03846FFF729FD04280AD1BAF164
:10CA7000020F07D1BB691B6884F80080013384F87A
:10CA80001190A3600135D4E72DE9F04F00258BB05C
:10CA90008846DFF8B8A22E46A9462F46914CDFF80B
:10CAA000B0B298F80530BB4244D1B9F1000F01D1C2
:10CAB000002E3CD00DF1120003F0F8FAB9F1000F8E
:10CAC0001FD09DF81230002B00F0FE804FF47A74D6
:10CAD000FFF7A8FB089B8349B0FBF4F401944920BD
:10CAE000B3F904200092804A1B6804F09BF8089B6D
:10CAF0001868B3F90410204400F07EFE06A80EF07A
:10CB000083FCA6B19DF81230002B00F0E680002DCA
:10CB100000F0E08002F094FB48B90223734A7149A7
:10CB200045203386012373742B4604F07BF80BB049
:10CB3000BDE8F08F05AA394640460CF0BAFF28B18F
:10CB40006B4A4520674904F06DF8F0E7059B58698A
:10CB50000393FFF7B3FCC21E039B0A2A00F2AC80CA
:10CB6000DFE802F08BAA061215181E21243D76007C
:10CB7000604A61499868FFF77DFD40BB059B0C2228
:10CB80001A8601225A7422E05C4A5D49F2E75D4A46
:10CB90005D49EFE75D4A5E499868FFF727FDECE7DE
:10CBA0005C4A5D49F8E75D4A5D49F5E71B8940F25B
:10CBB0009151A3F10F0292B28A420AD8594A2146F2
:10CBC000492004F02FF8059B188903F091F90137EB
:10CBD00067E7554A2146452004F024F8CEE71A7845
:10CBE000042A0AD0092119860121597413464F4A93
:10CBF0002146452004F016F8E9E79B68D88806F03E
:10CC00009DFF0228059B03D19A68D1880C2909D081
:10CC10000C22214645201A8601225A74444A04F007
:10CC200001F8D4E713680DF112001B885BBA9BB2C0
:10CC3000039303F083F9BDF81220039B9A4203D1BA
:10CC40003C4A21464920EAE7184603F061F9BEE76D
:10CC50001A78032A06D0092119860121597413462E
:10CC6000354AC5E702F082FB059B1D7A003D18BFDF
:10CC70000125A84223D1314AE3E71A78092A14D1C1
:10CC8000996891B106A80EF0ACF906AA1921059889
:10CC90000BF02DF90346A0B1294A2146452003F0A7
:10CCA000C1FF06A80EF0B0FB91E70921198601210A
:10CCB000597413465A469BE70346524698E71E4668
:10CCC00085E74FF0010982E71E4A5720054903F026
:10CCD000A9FF13E702F028FB1EE71B4A5720014972
:10CCE00031E700BFD474060887770608E4770608A2
:10CCF00044760608706D060885D90408736D060829
:10CD00008DD90408766D060895D904086276060860
:10CD10009DD904085E760608ABD90408617606083A
:10CD2000B9D90408657606088B760608B776060832
:10CD3000DC760608FE7606081B77060842770608AA
:10CD400026550608B3770608097806085D770608B1
:10CD50004D55060837B50D4600246B79A34201D125
:10CD600003B030BD01AA214628460CF0A2FE0028DF
:10CD7000F6D10134F1E7FFF7EDBF7047FFF7EABFE7
:10CD80002DE9F0470F2990B006460F461C46DDF806
:10CD9000608010D106220AA907A80DF0F7F9002338
:10CDA00007AA394606F18000ADF822300DF0C8FA26
:10CDB0000546002842D0D8F8143083B9637957204B
:10CDC000214A0493237921490393E3780597029339
:10CDD000A378019363780093237803F023FF002066
:10CDE00010B0BDE8F0870135A9B2BDF822308B4202
:10CDF000E1D006AA07A80DF052FA0028F3D1069A4E
:10CE0000492096F8361092F920300291514692F856
:10CE100053200192F28D00924A4603F003FF069BD5
:10CE2000F28D93F920109142DDD193F8531096F8CA
:10CE300036209142D7D1C8F81430BCE7DFF8109003
:10CE4000DFF808A0D0E700BF6C780608D4740608A5
:10CE500053780608044A4920044908B503F0E2FE65
:10CE6000FFF7B8F9002008BD9C780608D4740608BE
:10CE7000034A4920034908B503F0D4FE002008BD49
:10CE8000AD780608D4740608044A4520044908B55C
:10CE900003F0C8FEFFF7ACF9002008BDBB78060818
:10CEA000D47406080020704701207047704770470F
:10CEB00008B5044B1B689B6898474FF47A73584336
:10CEC00008BD00BF78CB0020F8B5144A05460C46D3
:10CED00049201349012703F0A5FE0023114E1A46ED
:10CEE00019462B7007FA03F0014316F81300984017
:10CEF0000133C9B20243042BD2B2F3D1D3072A7053
:10CF00005EBF237843F0010323702B788B421EBF52
:10CF1000237843F008032370F8BD00BFB4790608F6
:10CF2000C879060848C6002010B588B003A80DF0DF
:10CF3000BBF8002305A801938DF8023006F093FAA0
:10CF4000062105A808F0E2F920B14A4A45204A49DD
:10CF500003F068FE0DF1020101A801F06BFA9DF8E3
:10CF60000220019905A808F063F920B1434A452041
:10CF7000414903F057FE02A803F018F8029905A8EA
:10CF800008F093F920B13E4A45203B4903F04AFEA0
:10CF900004223C4905A808F04BF920B13A4A452043
:10CFA000354903F03FFE394C0DF103002146FFF7F0
:10CFB0008BFF0822217805A808F0CDF820B1344A6B
:10CFC00045202D4903F02EFE08229DF8031005A8E8
:10CFD00008F0C1F820B12F4A4520274903F022FE6E
:10CFE0000DF1020101A803F01FF89DF8022001993C
:10CFF00005A808F01DF920B1274A45201E4903F075
:10D0000011FE03AB05AA2549002000F02DFD0446C2
:10D0100005A806F0B1FB3CB3039B214A1868022324
:10D02000C1880068FAF722F900BB1E4A42F2107468
:10D030001149452003F0F6FD03A80DF065F805A899
:10D0400006F09AFB02A803F031F89DF8083043B9C6
:10D05000631C06D1144B154A1C6894429CBF6200A5
:10D060001A60204608B010BD114ADFE74FF0FF34C8
:10D07000E2E700BFD1790608C8790608EB7906080F
:10D08000FD790608D35406080E7A060850C600201B
:10D090002D7A06084A7A0608707A0608E07A0608A9
:10D0A000D5D00408847A060870C00020FF5207001B
:10D0B0009B7A0608044B42F210711A781043034A17
:10D0C0001870034804F0F2BF50C60020B882010077
:10D0D00029CF040813B50446037B0E4A49200E49A4
:10D0E00003F0A0FD207B20B902B0BDE81040FFF79F
:10D0F000E1BF0DF1070002F0D9FF9DF80730074AA4
:10D100002BB9137803F0FD03137002B010BD002398
:10D11000FAE700BFB67A0608C879060850C60020AC
:10D12000114B420010B403EB400464781CB113F8B7
:10D1300010408C4215D01A44012403F8101054708A
:10D1400018B911B9997019719971074B04205A785F
:10D150003AB1013803F10203F9D15DF8044BFFF74E
:10D16000A9BF5DF8044B704748C6002038B5044697
:10D170000D46054A4920054903F054FD294620463D
:10D18000BDE83840FFF7A0BED27A0608C879060885
:10D190000422034B002103481A70034A04F086BF9F
:10D1A00054C60020EDD10408B88201000028054BC8
:10D1B0004FF0000104480CBF022204221A70034AF7
:10D1C00004F074BF54C60020EDD10408B8820100F9
:10D1D0000122034B002103481A70034A04F066BF82
:10D1E00054C60020EDD10408B8820100F0B55F4DAF
:10D1F0008DB0F9F72DFE07465D48F9F72DFE2B7827
:10D20000042B1DD8DFE803F0032B346B6F000124DF
:10D21000584A5949492085F8284003F003FD574BE7
:10D220001B681B6898472246686003205449FEF734
:10D2300087FAA04202D1287000240BE0032802D113
:10D240004FF0FF3406E047F230544E4A4A49452039
:10D2500003F0E8FCF9F70EFE20460DB0F0BD022108
:10D260004948FAF7FDFB0028EAD004232B70E3E7D6
:10D27000464E5821012003F0BBFA0446306058B3F3
:10D280000CF012FF3068002408300DF0A3F833686A
:10D2900001223F4901933846022300940DF0C6FB5A
:10D2A000034630B930683B4A00F10801FDF758FAEF
:10D2B000C6E7394A4520304903F0B4FC03233068FF
:10D2C0002B700CF021FF306808300DF0BEF830688C
:10D2D00003F01EFB3460BDE703232B70BAE72F4831
:10D2E000FAF716FCBFE702A8244C15F073FE0A9B60
:10D2F0002B4A49200193099B1F490093029B03F08D
:10D3000091FC03F0D3F923681B6898472368014612
:10D3100068685B699847234B984220D24FF47A7330
:10D32000214A1549B0FBF3F0C0F56A444920603446
:10D33000B4FBF3F303F076FC03200026FEF75EFA5D
:10D3400095F829302E7085F82860002B82D0174A76
:10D350004920094903F066FC85F829606CE7144A06
:10D3600057200549002403F05DFCE5E754C6002082
:10D370008C7F0608E67A0608F27A060878CB002049
:10D38000D1D10408A6580608ADD1040880C60020F3
:10D39000997F0608E5D404080B6E060891D10408AD
:10D3A000BA5006080087930366590608FB7A0608F8
:10D3B000946206082DE9F3471C4A49201C490024C1
:10D3C0001C4F03F02FFCDFF874801021DFF8709001
:10D3D000184803F071FC17F8013BDBB1254607261E
:10D3E000DFF84CA017F8013C3341DB070ED50020D5
:10D3F00018F83030AB4214D108EBC00043680093FA
:10D400004A462B465146492003F00CFC0135013EAB
:10D41000EDB2E7D10834E4B2802CDCD102B0BDE833
:10D42000F08701301528E3D1034BE8E7207B06089D
:10D43000F27A06086CC60020147B0608A87F06084E
:10D44000257B060830B587B0054603A806F00BF823
:10D4500001A80CF029FE2B461C4A49201C4903F068
:10D46000E1FB042103A806F085F8044630BB03A9BC
:10D4700080200CF0B4FB044600BB1022154903A821
:10D4800006F002F90446C8B901AB03AA124902200A
:10D4900000F0EAFA90B1019B002D104A186814BF01
:10D4A00009230A23C1880068F9F7E0FE01A80CF0FF
:10D4B0002BFE03A806F060F907B030BD2346084AEA
:10D4C0000349452003F0AEFBF0E700BF307B0608C0
:10D4D000F27A06086CC600209F7F060889D60408E9
:10D4E0004D7B0608F8B50346264D274E002847D148
:10D4F0002A6892F82030042B3ED1916ACB88DA0852
:10D50000102A33D10C6806F10800214615F022FDDF
:10D5100030B3234606F1180403F1100718680833E6
:10D5200053F8041C2246BB4203C21446F6D1FFF74F
:10D5300041FF0020FFF786FF0323286833700CF0BB
:10D54000E3FD286808300CF080FF286803F0E0F95C
:10D5500000210E4A29600E48BDE8F84004F0A6BD3F
:10D560000C4A49200C4903F05DFBE5E70B4A5720C4
:10D57000094903F057FBDFE7094A07494520F8E767
:10D58000084AFAE780C6002054C60020B88201008D
:10D59000EDD10408767B0608F27A0608857B06083A
:10D5A000A67B0608C57B060870B5154E06F1080572
:10D5B00006F1180495E80F0084E80F0096F8223071
:10D5C00023F0020343F0040386F82230FFF7F2FE53
:10D5D00010222946204615F0BDFC50B1094A4920C9
:10D5E000094903F01FFB0120FFF72CFF4FF0FF302C
:10D5F00070BD064A4920044903F014FBF6E700BF5A
:10D6000054C60020DC7B0608F27A0608117C060866
:10D61000022804D1054A0021054804F047BD03282B
:10D6200003D1024A00210348F7E77047B88201009E
:10D6300039D60408A9D5040810B50D4C49200D4968
:10D640000D4A03F0EFFA94F8281051B10B4A492023
:10D65000084903F0E7FA012384F829304FF0FF303E
:10D6600010BD074A0748217004F020FDF6E700BF0F
:10D6700054C60020F27A0608377C0608427C060869
:10D68000B8820100EDD1040810B50446037B0B4AB3
:10D6900049200B4903F0C6FA207B58B1094C4920B8
:10D6A000094A074903F0BEFA04F110030FCB84E8DE
:10D6B0000F0010BDBDE81040FFF7C4BE627C060835
:10D6C000F27A06085CC60020807C0608134B13B56E
:10D6D00093E803006C4684E803002146022004F02E
:10D6E0007FFE20B10E4A45200E4903F09BFA2146E9
:10D6F000032004F075FE20B10B4A4520094903F0D0
:10D7000091FA0A4A4920074903F08CFA084A002195
:10D71000084802B0BDE8104004F0C8BCC4A2060826
:10D720008E7C0608F27A0608C37C0608FE7C060892
:10D73000B8820100EDD10408084B1B6807B55B698E
:10D7400001A8984728B9019803F040FC03B05DF8A0
:10D7500004FB034B1B681B689847F5E768CB002068
:10D7600078CB002038B504466FF0004503F036FC56
:10D77000B5FBF4F304FB1353EB1A8342F6D9B0FB69
:10D78000F4F304FB130038BD08B5054B1860054BD6
:10D790001980054B1B689B689847044B186008BDAF
:10D7A00088C6002084C6002078CB002098C60020C0
:10D7B000F8B50D4F05460D4E0C463B6830680343E7
:10D7C0000FD045B10A4B1B689B6898473B6832688D
:10D7D0009B1A03442B6014B1064B1B882380012045
:10D7E00000E01846F8BD00BF88C6002098C600209B
:10D7F00078CB002084C6002008B5054B1860054B87
:10D800001980054B1B689B689847044B186008BD3E
:10D810008CC6002094C6002078CB002090C6002043
:10D8200070B50A4E05460C46306868B1084B1B6857
:10D830009B689847074A336812689B1A0344012083
:10D840002B60054B1B88238070BD00BF8CC6002059
:10D8500078CB002090C6002094C6002037B504463F
:10D860000D46012001A902F029FB019B2046591910
:10D8700004F1100350F8042B984241F8042BF9D11D
:10D880000199012002F0FCFA012003B030BD2029EB
:10D89000F7B507460C4615461E4618D801A90120C3
:10D8A00002F00CFB019820220021284415F089FB8E
:10D8B000019822463946284415F05CFB019B012063
:10D8C0009C55019902F0DCFA012003B0F0BD002064
:10D8D000FBE7704737B505460C46002001A902F06A
:10D8E000EDFA019B01202B6093F89030237003B078
:10D8F00030BD37B505460C46002001A902F0DEFA1E
:10D90000019B012003F120022A6093F891302370DB
:10D9100003B030BD37B505460C46002001A902F022
:10D92000CDFA019B012003F140022A6093F8923066
:10D93000237003B030BD2DE9F34180460F4600202F
:10D9400001A91D46164602F0B9FA019C012004F116
:10D9500060037034C8F8003010233B7034602B70C3
:10D9600002B0BDE8F08137B505460C46002001A99C
:10D9700002F0A4FA019B012080332B601023237056
:10D9800003B030BD90230022FFF781BF91232022F6
:10D99000FFF77DBF92234022FFF779BF102902D104
:10D9A0006021FFF75BBF00207047102902D1702172
:10D9B000FFF754BF00207047102902D18021FFF7E4
:10D9C0004DBF0020704713B5002469460120CDE902
:10D9D000004402F073FA01A9204602F06FFA932284
:10D9E000DDE9000115F0B6FA001B18BF012002B0F6
:10D9F00010BD13B5002401A90120019402F05EFAC4
:10DA00000199204602F03CFA012002B010BD00232B
:10DA100007B5012001A9019302F050FA019803B063
:10DA20005DF804FB07B5002001A9019002F046FA59
:10DA3000019803B05DF804FB13B5002401A901208F
:10DA4000CDE9004402F03AFA6946204602F036FA7F
:10DA50000099019810226031603015F07BFA001BAC
:10DA600018BF012002B010BD2DE9F041D6B0074625
:10DA7000884616460DF11F0109A81D4602F00CFB51
:10DA8000FC22002117A815F09CFA0CA805F0EBFC6D
:10DA90003FB1022F4FF0000462D0002056B0BDE825
:10DAA000F08101214023642217A80097CDE901717C
:10DAB0000BF0FAFA04210CA807F028FC0446002811
:10DAC0003FD19DF81F200CA8099907F0B1FB04462F
:10DAD000002836D1062241460CA807F0A9FB0446CF
:10DAE00078BB0FAC0AA90BA8FFF762FE19232046EA
:10DAF0000B9914948DF8483007F0CAFEBDF8283011
:10DB000012AA09210CA8ADF8403008F0A4FA044686
:10DB1000B8B932893046059205F098FC059A03465B
:10DB200031460CA805F0CFFD044650B9014612A8B5
:10DB3000FFF73EFE21462B460CAA17A80FF08FFEDA
:10DB4000044617A80BF028FB0CA805F015FE002CC6
:10DB500055D023462B4A2C49452003F063F89CE717
:10DB600008A90AA80F948DF820408DF821408DF85F
:10DB7000224012948DF82340CDE90A44FFF7B9FE04
:10DB80000DF1230112A800F055FC0121402364226D
:10DB900017A80097CDE901410BF086FA25A805F0FA
:10DBA000EBFD9DF820200A9925A805F06DFD302396
:10DBB0000FAA0DF12101ADF8F0300BA80DF12203F1
:10DBC000FFF7B9FE47A805F0D7FD9DF822200F9971
:10DBD00047A805F059FD3DA805F0CEFD9DF8212090
:10DBE0000B993DA805F050FD43A805F0C5FD9DF833
:10DBF0002330129943A81A4605F09AFD5AE70120EE
:10DC00004CE700BF50800608708006080A4B1B686E
:10DC100093F82821D10703D5022283F834217047D5
:10DC200012F0060F01D00322F7E712F0700F14BFB5
:10DC300004220522F1E700BF9CC60020044B062207
:10DC4000002104481B6883F83421034A04F02EBAEB
:10DC50009CC60020E9DE0408B88201000028074BBA
:10DC60004FF000011B680CBF01220622C3F83001EF
:10DC700083F834210248034A04F018BA9CC60020F5
:10DC8000E9DE0408B882010010B5094C2068D030E4
:10DC90000CF00AFA2068D8300CF09CFB2068B430F5
:10DCA00005F0E1FB2068BDE81040C0300DF099B9E7
:10DCB0009CC6002010B5094C2068D0300CF024FA26
:10DCC0002068D8300CF0C1FB2068B43005F054FD5A
:10DCD0002068BDE81040C0300DF096BB9CC6002007
:10DCE00008B50346B8B90F4A49200F4902F09AFF18
:10DCF000FFF7E0FF0D4B0E481A6892F8283123F029
:10DD0000700382F82831FFF781FF0A4A0021BDE83D
:10DD1000084004F0CBB9084A4520034902F082FFCD
:10DD2000E6E700BF7A800608948006089CC60020BB
:10DD3000E9DE0408B88201009D80060813B51B4C7B
:10DD4000236893F8282102F00202F0B9184949200B
:10DD5000184B002A18BF0B46174A184902F062FFF9
:10DD6000FFF7A8FF226892F82831980719D523F009
:10DD7000020382F82831FFF749FF1148114A0021B8
:10DD800002B0BDE8104004F091B90949094B009078
:10DD90004520002A18BF0B460B4A084902F042FFF3
:10DDA000DEE75907E7D523F00403E2E79CC600202D
:10DDB000736D0608766D0608B7800608948006081D
:10DDC000E9DE0408B8820100DA80060808B50346D7
:10DDD000B8B90F4A49200F4902F024FFFFF76AFF44
:10DDE0000D4B0E481A6892F8283123F0010382F88F
:10DDF0002831FFF70BFF0A4A0021BDE8084004F074
:10DE000055B9084A4520034902F00CFFE6E700BF78
:10DE1000FD800608948006089CC60020E9DE040800
:10DE2000B88201001D81060808B5034698B90D4A5D
:10DE300049200D4902F0F6FE00210846FFF7DCFC00
:10DE4000FFF738FF0948FFF7E1FE094A0021BDE866
:10DE5000084004F02BB9074A4520034902F0E2FECE
:10DE6000EAE700BF3D81060894800608E9DE040861
:10DE7000B882010059810608F0B587B006460F4602
:10DE8000144668461D4605F0EEFA03A805F0EBFAC5
:10DE900010220C99684605F0F7FB48B1002468464B
:10DEA00005F06AFC03A805F067FC204607B0F0BD4A
:10DEB00003AB6A463946304606F0BEFE0028EDD177
:10DEC0000221204607F022FA0028E7D12946204601
:10DED00007F038FA0028E1D1204603A907F08AF9B3
:10DEE000B0FA80F46409DAE72DE9F04FA24D8DB065
:10DEF000F8F7AEFF00232F688046A048089307F18B
:10DF0000C009ADF81E3007F1B40BD7F82C41F8F773
:10DF1000A3FF2B6807F1D00607F1D80A93F8342144
:10DF2000062A4BD8DFE812F00700160058008200DE
:10DF3000C70079017D01022191480593F9F790FD11
:10DF4000059BC3F83001002838D02B68062283F8DF
:10DF500034213FE00DF11E0108A8FFF761FC002805
:10DF600036D0BDF91E304920864A87490093089B68
:10DF700002F058FEFFF788FE089909A807F088FC10
:10DF8000BDF81E3009A95846ADF8283007F0D0F882
:10DF9000B8B9594648460DF0B5FA90B901230822A0
:10DFA0007A4940460296CDE9009302230CF038FFEF
:10DFB00038B9774A51463046FCF7D2FB4FF0FF3470
:10DFC00019E1744A4520704902F02CFEFFF772FEF9
:10DFD000FFF71CFE00240EE1FFF756FE94F8902098
:10DFE0002146584607F024F988B9594648460DF0AD
:10DFF00089FA60B901230F22674940460296CDE9AC
:10E00000009307230CF00CFF08B9644AD2E7644A76
:10E0100057205D4902F006FEFFF74CFE2A6892F891
:10E02000283123F0010382F82831D1E793F8282121
:10E0300097071FD504F120075A4A94F891400F2101
:10E04000184606F0B1FFFFF71FFE22463946584634
:10E0500005F01AFBD8B9594648460DF053FAB0B945
:10E060004B4602222968404600960CF040FF70B9EA
:10E070004D4A9FE712F004020FBF144604F1400717
:10E080004A4A94F8924004BF27462246D7E7484AB6
:10E0900057203D4902F0C6FDFFF70CFE2A6892F8B2
:10E0A00028319C0702D523F00203BCE758078FD51F
:10E0B00023F00403B7E703F178003E4A402106F05D
:10E0C00073FFFFF7E1FDD5F80090002399F8284190
:10E0D000D9F82CB104F07004002C48D10DF11D01C9
:10E0E00009A80593FFF73FFC002874D009F1B4029A
:10E0F000059B104699B2059207F016F900286AD1DF
:10E100002B68059A93F8283113F0100F56D12B681D
:10E1100093F8283199060CD50BF160039DF81D107A
:10E120000998009300230592FFF7A6FE059A0028A0
:10E1300051D02B6893F828315B0662D4B9F8BA2025
:10E1400009F1C000D9F8B4100DF0C0F9002842D18F
:10E1500001960222B7F8BA30404629680093D7F8F2
:10E16000B43078310CF02AFFA8BB134A22E7621EB4
:10E1700001331440B0E700BF9CC600200E820608A1
:10E180005DDC040874810608948006083D82060858
:10E1900029DE04089481060831820608CDDD0408D2
:10E1A000A8810608378206083DDD04082B82060890
:10E1B000C181060843820608E1DC04080BF1700304
:10E1C0009DF81D100998009302230592FFF754FE55
:10E1D000059A00289BD1184A5720184902F022FDC1
:10E1E000FFF768FD2A6892F8283123F0700382F85F
:10E1F0002831FFF70BFDF8F73DFE20460DB0BDE8D6
:10E20000F08F0BF180039DF81D10099800930323F4
:10E21000FFF732FE002891D1DDE70948F9F778FCD5
:10E2200091E6D3F83001D3F838219047286802F0FE
:10E230006FFB00232B60C1E6DA8106089480060894
:10E240003DDC0408F8B5054630B94A4A4A4945203C
:10E2500002F0E8FC0020F8BD484E37680FB1484A8C
:10E26000F4E74FF4A071012002F0C2FA04463060D6
:10E2700008B9444AEAE7C0F83851C0F8307180F86C
:10E280002871FFF7C4FBC4F82C01FFF7C0FB04465C
:10E29000FFF7C8FB90F8902094F8903005469A421A
:10E2A00004D10146204614F055FE30B1326892F890
:10E2B000283143F0010382F8283194F8913095F821
:10E2C00091209A4206D105F1200104F1200014F0BA
:10E2D00041FE30B1326892F8283143F0020382F8EF
:10E2E000283194F8923095F892209A4206D105F19F
:10E2F000400104F1400014F02DFE30B1326892F874
:10E30000283143F0040382F82831102205F160011E
:10E3100004F1600014F01EFE366828B196F828312A
:10E3200043F0200386F82831102205F1700104F132
:10E33000700014F00FFE28B196F8283143F0100356
:10E3400086F82831102205F1800104F1800014F0D4
:10E3500001FE28B196F8283143F0400386F82831B1
:10E360000021094A094886F8341103F09FFE012074
:10E3700071E700BFEC810608948006089CC6002067
:10E38000FF8106080A820608B8820100E9DE040857
:10E3900010B5AAB09B2200211F4C03A814F011FE57
:10E3A00003F0C4FB9B2103A803F0EAFB00282DD057
:10E3B0001A4A45201A4902F035FC1A4B1A889B78F4
:10E3C0002280A37002A8184B1B685B69984730B184
:10E3D0000023164A12494520029302F023FC002331
:10E3E0000F494920E370029B1A0EE37100932271DA
:10E3F0001A0C62711A0A084BA2710D4A02F012FC43
:10E400000821054802F058FC2AB010BDBDF8A33021
:10E4100023809DF8A530D4E7A0C6002049820608D5
:10E42000788206087482060868CB0020818206087C
:10E43000A7820608024B0360082301200B70704777
:10E44000A0C6002010B50B4C40B903232370002157
:10E45000094A0A48BDE8104003F028BE084B0822CC
:10E4600008495A700346084A452002F0DBFB0D2399
:10E47000ECE700BFB4C60020B8820100C1EA04087E
:10E48000B5C60020CC820608C0820608064B0021D3
:10E4900006481B68002B064B0CBF01220B221A708A
:10E4A000044A03F003BE00BFA8C60020C1EA040866
:10E4B000B4C60020B882010038B504460C4D40B9FE
:10E4C0000C232B7000210B4A0B48BDE8384003F0A9
:10E4D000EDBD002001F0F2FD084B0822084945205F
:10E4E0005A702346074A02F09DFB0D23E9E700BF5F
:10E4F000B4C60020B8820100C1EA0408B5C60020F5
:10E50000CC820608D582060810B5094C20680BF0AD
:10E51000CBFD206808300BF05DFF206868300CF000
:10E5200060FD2068BDE81040583004F09CBF00BF7B
:10E53000B8C6002010B5094C2068583005F01CF909
:10E54000206868300CF060FF206808300BF07DFF19
:10E550002068BDE810400BF0D7BD00BFB8C6002052
:10E56000F8B50A222A4F2B4E044639682A4D3270DC
:10E57000002844D191F82030162B39D191F8283059
:10E580006870062B25D0072B2AD0052B2DD1234AC6
:10E590004920234902F046FB3A6892F8CC30ABB1EF
:10E5A0000C21013B317082F8CC3047F23054337883
:10E5B0000A2B02D1002001F081FDFFF7BBFF2146AD
:10E5C000184A1948BDE8F84003F070BD0B236B7082
:10E5D000EBE7164A4920124902F024FB6C70E6E78B
:10E5E000134A45200E4902F01DFB0B236B70DEE73A
:10E5F0006A7045200F4A0A4902F014FBD7E7034628
:10E600006A70074945200C4A002402F00BFBCEE754
:10E61000B8C60020B4C60020B5C60020E3820608B4
:10E62000CC820608B8820100C1EA0408018306080A
:10E630002C830608478306086E83060870B50446D7
:10E64000104E114D70B9012001F038FD0A2374708D
:10E650002B70FFF76FFF0D4A00210D48BDE8704099
:10E6600003F024BD022803D10D2373700523EFE7C7
:10E670000A23084A084973702B700346452002F0AC
:10E68000D1FAE6E7B5C60020B4C60020B882010082
:10E69000C1EA040893830608CC82060808B50F4A2D
:10E6A0000F4B58B9507005221A70FFF743FF0D4AFF
:10E6B00000210D48BDE8084003F0F8BC022802D153
:10E6C0000D215170EFE70A21517019700346074A76
:10E6D0004520074902F0A6FAE7E700BFB5C60020CB
:10E6E000B4C60020B8820100C1EA0408BA83060853
:10E6F000CC820608144908B5D8B9144B1A68D2F868
:10E70000B030D2F8C0000133C2F8B030D2F8AC203B
:10E710005343834222BF0E4B08221A7000234B70D2
:10E72000FFF708FF0B4A00210B48BDE8084003F043
:10E73000BDBC0A23064A4B7013700346074A4520A6
:10E74000074902F06FFAEBE7B5C60020B8C6002013
:10E75000B4C60020B8820100C1EA0408DF830608BD
:10E76000CC82060808B50C490C4B58B905224870F4
:10E770001A70FFF7DFFE0A4A00210A48BDE8084088
:10E7800003F094BC0A224A701A700346064A4520D8
:10E79000064902F047FAECE7B5C60020B4C60020EF
:10E7A000B8820100C1EA040808840608CC82060881
:10E7B000F8B50A21324F334E04463A68324D317073
:10E7C000002854D192F82030162B49D192F82830E5
:10E7D0006870072B07D8DFE803F004082F0F212902
:10E7E00039410623337000240FE00723FAE70B2397
:10E7F0006B7047F2305408E0244A49202449002431
:10E8000002F010FA09236C703370FFF793FE214673
:10E81000204A2148BDE8F84003F048BC1F4A1C4983
:10E82000452002F0FFF90B236B70DCE71C4A4920FE
:10E83000174902F0F7F93A6892F8CC30002BD6D09D
:10E840000521013B317082F8CC30D2E70024154A13
:10E850000F49492002F0E6F96C70D6E7124ADEE76C
:10E8600069704520114A0A4902F0DCF9CDE70346F8
:10E8700069700F4A4520064902F0D4F9B3E700BF9A
:10E88000B8C60020B4C60020B5C6002034840608EF
:10E89000CC820608B8820100C1EA04086184060837
:10E8A000E3820608018306082C83060847830608CE
:10E8B0006E8306082DE9F7430A23284FDFF8C0804E
:10E8C00004463968264D88F80030002841D191F877
:10E8D0002060062E35D18B6AD1F8C000C1F8AC306B
:10E8E000B0FBF3F203FB1200002818BF01324920ED
:10E8F000C1F8B4201B4900921B4A02F093F9D7F8E3
:10E9000000900121D9F8AC0001F072FF3B68C9F812
:10E91000C800D3F8C83063B16C7088F80060FFF7A6
:10E9200009FE124A0021124803B0BDE8F04303F08B
:10E93000BDBB07230F4A0B4945206B7002F072F9EB
:10E94000EDE76B7033460C4A0649452002F06AF940
:10E95000E5E76B700346094AF6E700BFB8C600203A
:10E96000B5C60020CC8206087E840608B882010065
:10E97000C1EA0408D47506089A840608B08406081B
:10E98000B4C6002038B50A21194B1A4C1D6803463D
:10E99000194A217040BB95F82030032B1DD195F802
:10E9A0002830012B11D10523144949205370144AF2
:10E9B00002F038F904232370FFF7BCFD114A00214F
:10E9C0001148BDE8384003F071BB06230B494920CC
:10E9D00053700E4A02F026F9EEE751700C4A0749CF
:10E9E000452002F01FF9E7E751700A4AF7E700BF38
:10E9F000B8C60020B4C60020B5C60020CC820608E8
:10EA0000D3840608B8820100C1EA0408E684060837
:10EA1000FA8406081385060807B50DF1070001F012
:10EA200063FB9DF80710084B49B10B2207491A7088
:10EA3000074A084803F03AFB03B05DF804FB0D22D7
:10EA40001A70034AF5E700BFB4C60020E093040043
:10EA5000B8820100C1EA0408F0B585B00D4604464D
:10EA600016461F46F8F7F4F90390FFF74DFD002313
:10EA700012220F4900932346039801950BF0D6FF0D
:10EA8000044648B93A4631462846FBF769FEB4FACF
:10EA900084F0400905B0F0BDFFF74CFD054B09229D
:10EAA000054945205A702346044A02F0BBF8EEE7B8
:10EAB000B1860608B5C60020CC8206080B6E060893
:10EAC0002DE9F04F964C974E2DED028B8FB0F8F755
:10EAD000BFF907469448D4F80080F8F7BDF93378B9
:10EAE0000D2B27D8DFE813F00E0031007A008500E7
:10EAF0009900A900B6005201E301100239023F0259
:10EB00004D026702022289490D20FCF719FE0128F7
:10EB10000ED1874B1C6844B93070F8F7ABF920462A
:10EB20000FB0BDEC028BBDE8F08F0B23337071E1A9
:10EB3000032802D14FF0FF34EFE77E4A45207E499B
:10EB400047F2305402F06EF8E7E701207B4FD02106
:10EB5000387001F04DFE05462060002835D0784B16
:10EB600000F1B801002277481B681C681023A047F9
:10EB7000044650B1744A45206F4902F053F802230D
:10EB80003B7007237B700D23D0E7D5F8B8206F4B7F
:10EB90009A4207D002236E4A7B706749492002F0EF
:10EBA00041F8F0E7D5F8BC301BB90323694A7B7004
:10EBB000F3E70423684A604949207B70D5F8C030E8
:10EBC00002F030F802233370A7E7644A45205A491F
:10EBD00002F028F807237B700A23A7E7574C03218C
:10EBE0005F482170F8F73CFF0028A3D0082363702A
:10EBF000C9E721680422514B05201A7001F108026F
:10EC0000584BFFF729FF0446002893D1564A4A493A
:10EC1000572002F007F80A23D5E721680522474B61
:10EC200002201A7001F10802504BFFF715FF04464D
:10EC300000287FF47FAF4E4AE9E7216806204D4B5C
:10EC400001F10802FFF708FF044600287FF472AFC5
:10EC5000494ADCE720680723DFF8E0B01221474A81
:10EC600078308BF8003006F09FF9FFF74DFCD4F8B0
:10EC70000090022109F15805284604F0FCFC002808
:10EC800042D10221284604F0F6FC00283CD109219B
:10EC9000284604F0F0FCB8BBDFF8ECA029469AF84F
:10ECA00004000AF09CFF78BB9AF804202846DAF8A2
:10ECB000001004F0E9FC38BB0621284604F0DBFC18
:10ECC00010BBD9F8C010284604F0DAFCE0B9B9F856
:10ECD0005E2009F16800D9F858100CF0F7FB98B9DC
:10ECE00021680122384601917831B8F85E300093EE
:10ECF000D8F858300CF062F930B92068204A00F199
:10ED00000801FBF72DFD15E7FFF714FC09231D4A49
:10ED1000572009498BF8013001F084FF5CE700BF00
:10ED2000B8C60020B4C600209B8606088DE40408FF
:10ED3000A8C60020A6580608CC820608B5C6002042
:10ED40005CCB002080E20A862E850608C9D8B3ACC9
:10ED5000518506085D850608788506081B5E06084D
:10ED600045E4040885E9040896850608B5E8040822
:10ED7000A4850608B1E70408AF850608B186060831
:10ED800065E70408BB850608ACC60020A44B082232
:10ED9000A44949201A702268D2F8B430013B00938C
:10EDA000D2F8B030A04A01F03DFF20689F4A1221FE
:10EDB000783006F0F9F8FFF7A7FB25689C48D5F8EE
:10EDC000C060D5F8C890D5E92BBA49460BFB0AF3C9
:10EDD000F61A03F11002974B5E4503921B6828BF99
:10EDE0005E461B6808EE106A1E4618EE103AB047E1
:10EDF000039A88B113468B498F4A4520CDF800B05D
:10EE000001F010FFFFF796FB854B09225A700A228A
:10EE10008A4B1A70002480E605F1580B02215846EF
:10EE200004F029FC0028EDD10221584604F023FC0F
:10EE30000028E7D10621584604F01DFC0028E1D146
:10EE40005146584604F01CFC0028DBD109215846E5
:10EE500004F011FC0028D5D1594618EE100A0AF02A
:10EE6000BEFE0028CED118EE103A494658469AB256
:10EE700004F00AFC0028C5D1B5F85E2005F1680051
:10EE8000A96D0CF023FB0028BCD121680222384672
:10EE900001917831B8F85E300093D8F858300CF012
:10EEA0008DF80028AED1664B664A186827E75C4BA0
:10EEB000092203255B491A7049202368624A83F8B6
:10EEC000CC5001F0AFFE2068584A1221783006F08D
:10EED0006BF8FFF719FB21680F232A46384681F8A3
:10EEE0006830002381F8703001F1680300917831B7
:10EEF0000BF0FDFF002885D120685A23534A00F10A
:10EF00000801FBF7C1FB15E6454B0A22454949209C
:10EF10001A700322236883F8CC204D4A01F082FE48
:10EF20002068424A1221783006F03EF8FFF7ECFAEA
:10EF300021680F230422384681F86830002381F8C5
:10EF4000703001F16803009178310BF0D0FF002898
:10EF50007FF458AF20683F4AD1E6FFF7EBFA3E480E
:10EF6000F8F7D6FDE6E52E4C0B2303213B48237032
:10EF7000F8F776FD00283FF4DDAD002001F09EF8A3
:10EF800034E6274B0A25216806201D70032301F172
:10EF9000080281F8CC30324BFFF75EFD04460028B2
:10EFA0007FF4C8AD01F08AF82E4A1E49572001F0BF
:10EFB00039FE3570B1E52C4D286818B12B790BB1AD
:10EFC00013F0C0FF0023C5E9003323684BB1D3F829
:10EFD000C80008B101F09CFC206801F099FC0023F6
:10EFE000236004A8214C13F0F5FF0C9B204A492014
:10EFF00001930B9B0B490093049B01F013FE01F05E
:10F0000055FB0D20FCF7FAFB0548F8F74BFA23688F
:10F01000002B3FF48FAD9847002323608AE500BFA3
:10F02000B5C60020CC820608C8850608B186060849
:10F0300080E20A865CCB0020E2850608B4C6002088
:10F04000B8C60020F5E60408138606089DE6040805
:10F05000358606083DE6040819EA0408B9E4040800
:10F0600061E5040855860608ACC60020A8C6002045
:10F07000BA500608F8B50D46064600B131B90F4A38
:10F080000F49452001F0CEFD0020F8BD0D4F0120B5
:10F0900013F040FF386008B90B4AF1E72A463146C1
:10F0A00013F068FF0021094B094A1960094B0A480F
:10F0B0003D71197002F0FAFF0120E6E76386060849
:10F0C000CC820608ACC60020D4750608A8C600206D
:10F0D000B8820100B4C60020C1EA040837B505466D
:10F0E0000DF1070001F000F89DF8073013B3124A44
:10F0F0004920124901F096FDD021012001F078FB52
:10F100000F4B0446186050B10E4B00210E4A1D6093
:10F110000E4B0F48197002F0C9FF03B030BD0D4A05
:10F120004520064901F07EFD204600F0C7FF0A4B4E
:10F1300007225A70A847F0E774860608CC820608B2
:10F14000B8C60020A8C60020B8820100B4C60020BE
:10F15000C1EA04081B5E0608B5C6002013B50446C4
:10F160000DF1070000F0C0FF064B1B8823809DF8BF
:10F17000073013B9044B1B680BB10123637002B055
:10F1800010BD00BFB5C60020B8C6002013B50DF1F4
:10F1900007000C4600F08AFF9DF807302BB90E4A95
:10F1A0000E49452001F03EFD11E00D4B1B788BB15F
:10F1B000D4E90001FBF73EFC6368984201D0094A9C
:10F1C000EEE70346084A0549492001F02BFD0020DF
:10F1D00002B010BD054AE3E7B7860608E8860608D0
:10F1E000BCC60020F1860608178706082A8706088D
:10F1F00030B5102289B005460C460DEB0200002107
:10F2000013F0DFFE6FF00103002101A80393012337
:10F210008DF812304123CDE901548DF814308DF86A
:10F22000153002F0E1FB20B1034A4520034901F00B
:10F23000F9FC002009B030BD53870608E8860608AF
:10F2400070B5154D2C7834B1144A1549452001F09C
:10F25000E9FC204670BD134E40F2DC5013F06AFE0C
:10F260000146306008B9104AEFE740F2DC520F481F
:10F27000FBF762FB044640B90D4A4520084901F0FE
:10F28000D1FC306813F05EFEE3E7012000F05EFE83
:10F2900001232B70DDE700BFBCC600207387060882
:10F2A000E8860608C0C6002083870608F1F1040836
:10F2B000AD87060837B5002516488DF8075002F0CF
:10F2C00075FA0DF1070000F057FE9DF80730124A5D
:10F2D0004920124901F0A6FC9DF80740BCB1104A34
:10F2E00049200E4901F09EFC022229461046FCF7F7
:10F2F00027FA012808D02C460A4A0849452001F07F
:10F3000091FC204603B030BDFFF79AFFF9E70124D6
:10F31000F7E700BF74C00020D3870608E886060818
:10F32000F38706081988060838B50B4D2C7834B9D0
:10F330000A4A45200A4901F075FC204638BD0948B3
:10F34000FBF73AFB084B186813F0FCFD002028700F
:10F3500000F0FCFDF1E700BFBCC600202D880608C8
:10F36000E8860608F1F10408C0C60020014B1878B1
:10F37000704700BFBCC600200A4B10B51B688EB09A
:10F38000044609481B6901A9984728B10023C4E92C
:10F390000033A3600EB010BD0A232360079B636097
:10F3A000089BF6E75CCB0020BA73E58A2DE9F047AD
:10F3B00086B0DFF8949004460E4603A81546FFF782
:10F3C000DBFFD9F80030324621461F682B461A4829
:10F3D000B84758B100242B46184A452018490096D2
:10F3E00001F020FC204606B0BDE8F087DFF85C8025
:10F3F000DFF844A0D8F80030DC681B689847039910
:10F40000A0470746D9F800305046DB68984788B1D6
:10F41000D8F800301C691B6898473946A047044655
:10F420000028EFD12B46074A05494520009601F0F8
:10F43000F9FBD7E70124D5E7BA73E58A49880608BE
:10F44000738806087C8806085CCB002078CB0020F7
:10F450002DE9F0431E46264B93B004461B688946AF
:10F46000244805A91B6990469847074600283CD1C7
:10F470004FF6FF73204A089DA381BDF8683005FB55
:10F4800009F16681E3811368A4F8088005FB08335D
:10F490001360079A9642C4E900150BD900923346CF
:10F4A000164A02271649452001F0BCFB384613B026
:10F4B000BDE8F083B5FBF6F206FB12521AB13346F3
:10F4C000104A0095EDE7069A934202D900920E4A3F
:10F4D000E7E7AD0A009123460C4A09494920039603
:10F4E000CDE9018501F09EFBE0E70127DEE700BFE3
:10F4F0005CCB0020BA73E58AC4C60020AE8806083B
:10F5000073880608F2880608378906087B8906088A
:10F510002DE9F04F0E46044689B0FF213046924651
:10F5200013F04FFD636827894FF0FF394FF0000853
:10F530004AF25A5B5F4363894D46B7FBF3F7B84520
:10F5400008D16B1C59D123462E4A2F49492001F07E
:10F5500069FB3EE06189102223680DEB020008FB85
:10F560000131FFF723FF08B9032033E0059B4B452A
:10F5700005D2BDF810205A4504BF9946454608F10A
:10F580000108DCE722683046B4F80A8005FB082849
:10F5900052464146FFF70AFF0028E5D032884AF27A
:10F5A0005A539A4219D1718962898A4215D972884F
:10F5B00004395846039201F0E9FB039A82420CD1C8
:10F5C0002346124A10494920CDE9008501F02AFB63
:10F5D000A581002009B0BDE8F08F09F1010960683C
:10F5E000228961891DB900FB02F5B5FBF1F5013DEA
:10F5F000B945C7D12346064AA7E74FF0000906F1EF
:10F60000040BF5E7C289060873880608EC8906082A
:10F61000208A06082DE9F04F0E46904604462DED4F
:10F62000048B8DB0002800F02C81002900F0298186
:10F630004189914240F225812289A389D0E900576E
:10F6400001337A43B2FBF1F2B7FBF1F09A4298BF73
:10F650000023A3819BB2B3FBF0F201FB035500FB37
:10F660001233002B3DD10123DFF868A209A80795CA
:10F670000893FFF781FEDAF8003008AA07A9894845
:10F680009B68984768B1079B874A8849452001F0E5
:10F69000C9FA2346864A45208449009501F0C2FAFA
:10F6A0005DE0DFF83492DFF8FCB1D9F80030DF68B4
:10F6B0001B6898470B99B8470746DAF80030584658
:10F6C000DB68984768B1D9F800301A691B68039263
:10F6D00098473946039A90470028EED1079B754A10
:10F6E000D3E7E389A6F80A8033817368013B73602E
:10F6F0005A2333706FF05A037370331D08EE103ABB
:10F70000A8F1040318EE100A194608EE903A01F029
:10F710003DFB0490708009A8FFF72EFE15F003034F
:10F72000039314D1DFF8ACB128F0030A29465D48F1
:10F73000DBF80020534657683246B8470746A8B161
:10F7400053465D4A00955949452001F06BFA23461E
:10F750005A4ACDE900855549452001F063FA03274F
:10F7600038460DB0BDEC048BBDE8F08FDFF8689132
:10F77000D9F80010CA680968059288470A99059A5D
:10F78000904709EE100ADBF800204648D2689047FF
:10F79000002878D0D9F800100A69096805928847CE
:10F7A00019EE101A059A90470028ECD1534600959F
:10F7B0004DE04FF0FF32A8EB0A0906EB0A01089270
:10F7C0009DF80C20039B4A4503F1010B13D305EB75
:10F7D0000A03DFF800B108AA32480393DBF80030CF
:10F7E0000399D3F804A00423D04770B1039B344A93
:10F7F00000934B46A7E702F130038A5CCDF80CB0CA
:10F800000DEB030000F8102CDAE7DFF8CCA0DAF8F3
:10F810000030DA681B68059298470A99059A904764
:10F8200009EE100ADBF800301E48DB68984760B329
:10F83000DAF800301A691B680592984719EE101A19
:10F84000059A90470028EDD1039B00934B461D4A33
:10F8500079E718EE901A18EE100A01F097FA049B57
:10F86000834206D02346184A1049452001F0DAF9B0
:10F8700075E72346154A0D494920009501F0D2F954
:10F880006EE702276CE7D04593D1424629463046C1
:10F89000FFF78CFD0028DCD123460D4ACDE9008519
:10F8A00059E700BFBA73E58A508A060873880608CC
:10F8B000708A0608CB8B06089B8A0608E98A060828
:10F8C000C68A0608998B06084B8B0608698B0608C2
:10F8D000188B06085CCB002078CB00204AF25A53E4
:10F8E00010B504889C4209BF038900200B8043891E
:10F8F00004BF0120138010BD0E4A034630B51146E7
:10F9000000F138041D8808330832D58233F8045CCE
:10F91000558333F8065C158333F8025CA342958364
:10F92000F0D190F8383081F8563090F8393081F8BD
:10F93000573030BDD8C6002038B50C4D2C7834B9BE
:10F940000B4A57200B4901F06DF9204638BD5E2265
:10F9500009490A48FFF75EFE0028F6D00024084A4D
:10F960000449572001F05EF92C70EEE736C70020FD
:10F97000FA8B06082F8C0608D8C60020C8C60020BF
:10F98000388C060810B50446074A0849492001F09A
:10F9900049F92288064B1A8362885A83A288BDE8F7
:10F9A00010409A83FFF7C8BF6F8C06082F8C06089B
:10F9B000D8C60020034B1A8B02805A8B9B8B428047
:10F9C00083807047D8C6002010B5064A0446064911
:10F9D000492001F027F9054B1C61BDE81040FFF7F5
:10F9E000ABBF00BF8D8C06082F8C0608D8C6002040
:10F9F000014B1B6903607047D8C6002010B5064A4A
:10FA000004460649492001F00DF9054B5C61BDE84B
:10FA10001040FFF791BF00BFB28C06082F8C06087C
:10FA2000D8C60020014B5B6903607047D8C6002030
:10FA300010B50446054A0649492001F0F3F820466E
:10FA4000FFF75AFFBDE81040FFF776BFD78C0608D6
:10FA50002F8C060838B5124A04461249492001F095
:10FA6000E1F8114A234604F138001146D58B0833DA
:10FA7000083223F8085C558B23F8045C158B23F8B7
:10FA8000065C958B23F8025C8342EFD191F85630E7
:10FA900084F8383091F8573084F8393038BD00BFD9
:10FAA000EF8C06082F8C0608D8C6002030B51A4CFB
:10FAB00093B0236902A80293F8F7D2FC48BB029BDB
:10FAC0004920164A012500931549236901F0AAF837
:10FAD000029B2361636902A80293F8F749FE50B9BB
:10FAE000029B49200F4A012500930D49636901F0EB
:10FAF00099F8029B636103A8FFF7ACFF03A8F9F72D
:10FB0000E5FE18B9012503A8FFF7F6FE284613B055
:10FB100030BD0025DEE700BFD8C600200F8D0608E7
:10FB20002F8C0608518D06084E22FF21054808B586
:10FB300013F047FAFFF7BAFFFFF7FEFE80F001006F
:10FB4000C0B208BDE8C6002030B5022385B005224A
:10FB50000321009380232D48FFF77AFC002851D120
:10FB60005E222B492948FFF7D3FC012304460028D5
:10FB70004AD1284A03A9264813700DF10E02FFF757
:10FB8000ADFE054690B9244A4920244901F04AF8BF
:10FB9000FFF7CAFFFFF78AFF00B925B1FFF7CCFED8
:10FBA00080F00100C4B2204605B030BDBDF80C3075
:10FBB0004FF6FF72934218D0022B16D0012B12D1B0
:10FBC000BDF80E30582B08D0154A1449492001F0D1
:10FBD00029F8FFF7A9FF0025DCE7124A49200F4961
:10FBE00001F020F8D6E7104AEFE7BDF80E305E2BA3
:10FBF000F1D05E220949452000920C4A01F012F82A
:10FC00000B4AE2E70424CEE71C46CCE7C8C6002036
:10FC1000D8C6002036C70020938D06082F8C060812
:10FC2000AF8D0608CD8D0608F28D06080F8E0608EA
:10FC3000728E060810B50446094A0A49492000F0A8
:10FC4000F1FF2288084BA3F858206288A3F85A20B5
:10FC5000A288BDE81040A3F85C20FFF76DBE00BF8E
:10FC60006F8C06082F8C0608D8C60020054BB3F809
:10FC700058200280B3F85A20B3F85C304280838069
:10FC8000704700BFD8C6002038B50D4D2C7834B968
:10FC90000C4A57200C4900F0C5FF204638BD4FF4F0
:10FCA000B9720A490A48FFF7B5FC0028F5D00024CC
:10FCB000084A0549572000F0B5FF2C70EDE700BF5A
:10FCC000BAC800208E8E0608C38E060848C70020DA
:10FCD00038C70020CC8E060870B5A6B04FF4B172BC
:10FCE000FF21234813F06DF90021932201A813F09E
:10FCF00068F901F01BFF932101A801F041FF90BBBF
:10FD00001C4A49201C491D4C00F08CFF01A993227C
:10FD100004F1AB00002513F02DF901A9932204F1A1
:10FD2000180013F027F901260F232822294604F290
:10FD30004310A4F83E3184F842512561666113F006
:10FD400040F94FF47F4384F86B61A4F87051C4F814
:10FD50006C314FF6E073A4F84031FFF795FF704027
:10FD6000C0B226B070BD064A45200349CBE700BFAC
:10FD700058C70020038F0608C38E060848C7002016
:10FD80001D8F060830B5022285B04FF400730121A3
:10FD90002D480092FFF75CFB002850D12B4D4FF40B
:10FDA000B97229482946FFF7B3FB0123044600280E
:10FDB00047D1274A03A9284613700DF10E02FFF719
:10FDC0008DFD38B9234A2449492000F02BFFFFF765
:10FDD00083FF20E0BDF80C304FF6FF7293421FD036
:10FDE000022B1DD0012B19D1BDF80E30B3F5B97F10
:10FDF00001D01A4AE7E71A4A4920174900F012FFD2
:10FE0000B5F8403123F01003A5F84031FFF73CFF6F
:10FE100080F00100C4B2204605B030BD114AD2E7DF
:10FE2000BDF80E30B3F5B97FF5D04FF4B9720A4979
:10FE3000452000920C4A00F0F5FE0C4AC3E704246A
:10FE4000E9E71C46E7E700BF38C7002048C70020A5
:10FE5000BAC80020388F0608C38E0608548F0608DB
:10FE6000728F0608978F0608B48F06081790060849
:10FE700008B5FFF709FF80F00100C0B208BD00001F
:10FE800008B540B101280ED0084A4520084900F0C5
:10FE9000C9FE002008BD9322064813F06BF8BDE8A8
:10FEA0000840FFF7F1BE93220348F6E733900608B7
:10FEB000C38E0608F3C7002060C7002008B540B114
:10FEC00001280AD0064A4520064900F0ABFE002072
:10FED00002E0054B01200B6008BD044B0B60FBE703
:10FEE0004B900608C38E0608F3C7002060C70020A9
:10FEF000024BA3F83E01FFF7C7BE00BF48C7002072
:10FF0000024BB3F83E310380704700BF48C7002062
:10FF10000346074A074910B50446492000F082FE0F
:10FF2000054BA3F84041BDE81040FFF7ADBE00BF50
:10FF300062900608C38E060848C70020024BB3F83B
:10FF400040310380704700BF48C700200346074A7E
:10FF5000074910B50446492000F064FE054B83F8BC
:10FF60004241BDE81040FFF78FBE00BF85900608F4
:10FF7000C38E060848C70020024B93F84231037035
:10FF8000704700BF48C70020014B1861704700BF91
:10FF900048C70020014B1B690360704748C7002019
:10FFA000014B5861704700BF48C70020014B5B6997
:10FFB0000360704748C70020034B00210122C3E9BA
:10FFC0000412FFF761BE00BF48C700200C290A4693
:10FFD00073B5114C28BF0C220E460546014604F2AB
:10FFE000431084F8682112F0C5FF0C2E0BD804F2E0
:10FFF00043130A4A0A49492000F014FE02B0BDE842
:020000040805ED
:100000007040FFF741BE04F24313064A04495720EB
:10001000009500F007FEF1E748C70020A39006080E
:10002000C38E0608B7900608034B03F24312026022
:1000300093F868310B70704748C700200F290A46B3
:1000400073B5114C28BF0F220E460546014604F534
:10005000A87084F8692112F08DFF0F2E0BD804F5DB
:10006000A8730A4A0A49492000F0DCFD02B0BDE845
:100070007040FFF709BE04F5A873064A04495720EB
:10008000009500F0CFFDF1E748C70020D5900608A5
:10009000C38E0608ED900608034B03F5A8720260B4
:1000A00093F869310B70704748C70020024B93F8F2
:1000B0006B310370704700BF48C700200346074AF2
:1000C000074910B50446492000F0ACFD054B83F804
:1000D0006C41BDE81040FFF7D7BD00BF0F91060887
:1000E000C38E060848C70020024B93F86C3103709A
:1000F000704700BF48C7002070470000034B93F8CB
:100100006D210270D3F86E310B60704748C7002034
:100110000C4A49200C4908B500F084FD0B4802F058
:100120004DF80B4801F07EFB0A4801F05DFE0A48DD
:1001300002F044F8094802F041F8094B00221A7015
:1001400008BD00BF4491060852910608B502050893
:100150008CC00020BD0305084503050825030508DC
:10016000E2C8002013B51C4C04F11A0104F11B0075
:10017000FCF7FCFF194B1022002118681B79206145
:100180002046237512F01DFFA37EDA070AD40DF175
:10019000030101A8FFF748FF9DF803200199E01C27
:1001A00012F0E8FEE37E5B070AD50DF1030101A81A
:1001B000FFF772FF9DF803200199074812F0DAFE5D
:1001C000074A0C2192F825304B43D1184968216227
:1001D000D35AA38302B010BDBCC80020D354060874
:1001E000E4C8002007B503460190264A4920264965
:1001F00000F018FD019B062B3BD8DFE803F0041646
:100200001E3A35041900214B01221A70FFF7AAFF8C
:100210001F4B1B78002B32D01E4B64221E481968DE
:1002200003B05DF804EB01F041BF194B00221A70D6
:1002300003B05DF804EBFFF76BBF184B1B78F3B10D
:1002400011494920164A00F0EDFC114B01221548D6
:100250001A7001F0E7FA144801F0C6FD0B4B1B7849
:100260006BB1FFF77FFFD7E7642246F2A8110F4872
:10027000D6E70F4A4520044900F0D4FCD8E703B084
:100280005DF804FB5B91060852910608E3C8002064
:10029000E1C800200CC9002045030508E0C8002083
:1002A0006D9106088CC00020BD03050825030508D4
:1002B0007E910608134B1B7810B553B9124A49209A
:1002C000124900F0AFFC0120FFF78CFF4FF0FF3424
:1002D00010E00F4B1A7852B10E4B1C78002CF5D160
:1002E0000D4A4920094900F09DFC2046ECE7012217
:1002F0000A4C1A7023460A4A0449492000F092FC2D
:10030000204610BDE0C800208F91060852910608D3
:1003100010C90020E3C80020AE910608C0D4010037
:10032000C3910608054A4920054908B500F07AFC42
:100330000520FFF757FF4FF0FF3008BDDB9106089F
:100340005291060830B5164B89B04FF0FF34154A6C
:1003500001932423144D0021CDE90234134BCDE940
:1003600004232B78022BCDE9061114D801A801F043
:100370003BFB2B7858B90E4A49200E4900F052FC3D
:100380002B784FF47A6001332B7009B030BD0A4AE4
:1003900045200849F2E70620FFF724FF2046F4E74E
:1003A000BCC80020FFFF010C11C900204646010017
:1003B000EB9106085291060802920608032808B538
:1003C00009D10A4A49200A4900F02CFC0220BDE864
:1003D0000840FFF707BF022806D1064A4920044912
:1003E000BDE8084000F01EBC08BD00BF239206080F
:1003F000529106082E920608F8B54B68032B06D8D2
:10040000434A4520434900F00DFC0020F8BD0B682D
:100410001B68013303D0404A49203E49F3E73F4B74
:1004200001223F4C00271A708D68234691F91C6009
:1004300091F91D2094F82410F8B288421FD30329A3
:100440004ED193F9000093F90C400028ACBF002076
:100450000021A042C8BF204693F91840C8BF01211F
:10046000A042C4BF204602218242CEDD0C200024DF
:1004700048431F181C50C7E90144084605E0D4F85A
:1004800004C001370C346545D6D10228BDD80C21F3
:1004900001FB003741433C7A072C9CBF01343C727E
:1004A0005C1865606670247A012C05D95956521A79
:1004B00092FBF4F20A4452B20C2193F824404843D0
:1004C000012C1A54A1D993F90000002293F90C10C1
:1004D00083F825208842D88415DB022C06D194E7C6
:1004E000481C83F82400C8E70846012293F9181035
:1004F000814206DC002A88D00146D98483F8252071
:1005000083E70222F9E7022CEED10122F5E700BFD2
:10051000AF540608529106083B920608E0C8002036
:10052000E4C8002008B50F4801F040F90C210E483E
:1005300001F024FC64224EF660210C4801F0B6FD67
:100540001420FDF70FF94FF47A730122084958433C
:10055000084B18604920084B1A70084ABDE808404B
:1005600000F060BB8CC00020BD030508B502050883
:10057000529106080CC90020E2C8002046920608E5
:10058000054B1B7813B10420FFF72CBE034A45200E
:10059000034900F047BB00BFE2C8002052920608A2
:1005A0005291060880EA9073194A30B5A3FB0212F3
:1005B0000446184800FB0322CB0E174843EA4213B7
:1005C0004B4082EAD261154A5A4300FB012214498A
:1005D000A3FB00300244D80F40EA4200D1F80021CA
:1005E0004340013A134001EB830251F8230050B11C
:1005F000D0E9005345B1AC4206D11360D1F80431C3
:10060000013BC1F8043130BD021D1846EFE700BFC1
:10061000B9E5E41C6D4758BFEB113113BB49D094C9
:1006200014C9002070B504681B4A84EA94731B4DFA
:10063000A3FB021205FB0322CB0E194D43EA421322
:100640004B4082EAD261174A5A4305FB0122A3FBC1
:1006500005352A44DD0F45EA4205134AD2F8001158
:100660006B4001390B4052F82350294671B945605F
:1006700042F82300D2F80431D2F80C1101338B4236
:10068000C2F8043188BFC2F80C3170BD0E680EB1DB
:10069000B442FAD04968E9E7B9E5E41C6D4758BFB0
:1006A000EB113113BB49D09414C900202DE9F34755
:1006B000214CD4E94031D4F80C2141B900924920B1
:1006C0001E4A1F4900F0AEFA02B0BDE8F087274687
:1006D0000026DFF874804520DFF86490CDE9002122
:1006E000184A174900F09EFAD4F80031B3420DD8E9
:1006F000002140234FF480720F48C4F80C11C4E964
:10070000403102B0BDE8F04712F05BBC57F8045B23
:100710000DB90136E8E7D4F81431D5F804A09B07E9
:1007200005D52B6842464946452000F07BFA28460D
:10073000554612F007FCEBE714C900206E9206083C
:100740009D920608A6920608E49206080B4BD3F881
:10075000101110B5044671B940221846C3F80C11A7
:10076000C3E940214FF4807212F02BFC0122C0F843
:100770001441C0F81021002010BD00BF14C9002092
:10078000F8B50546EFF3058717B100242046F8BDFC
:100790000220FFF7DBFF012D38BF012505F108001E
:1007A00012F0C8FB0F4B044650B9D3F814319B0725
:1007B000EBD52B460C4A0D49452000F033FAE5E70E
:1007C000D3F8182100F108062A443446C3F818214A
:1007D000D3F81C210132C0E90067C3F81C21FFF7E0
:1007E00021FFD3E714C90020ED9206089D92060868
:1007F000F8B504460D46EFF3058717B100242046EF
:10080000F8BD65430220FFF7A1FF0120012D38BF8D
:10081000012505F1080112F07DFB104B044650B98B
:10082000D3F814319B07E9D52B460D4A0D494520D5
:1008300000F0F8F9E3E7D3F8182100F108062A449C
:100840003446C3F81821D3F820210132C0E90067EB
:10085000C3F82021FFF7E6FED1E700BF14C900204E
:10086000179306089D920608F8B506460D46EFF365
:1008700005830BB1002416E00220214FFFF766FF2D
:10088000012D38BF012586B13046FFF78BFE0446A7
:1008900060B9D7F814319A07ECD53346194A1A498A
:1008A000452000F0BFF92046F8BD344605F10801A7
:1008B000204612F059FE76B178B92046FFF7B2FE15
:1008C000D7F814319B07D5D52B46104A0E49452041
:1008D00000F0A8F9CEE70028F2D0002300F10804C8
:1008E0004360D7F8183104602B44C7F81831D7F8A3
:1008F00024310133C7F82431FFF794FED3E700BF5A
:1009000014C90020419306089D920608A893060882
:1009100010B50446EFF30583CBB9C0B1FFF742FE33
:100920000B4B58B9D3F814319B0710D52346094A0D
:1009300009494520BDE8104000F074B9D3F82821DA
:100940000132BDE81040C3F8282112F0FBBA10BDF7
:1009500014C90020D39306089D920608F8B50A4DE5
:100960000A4F2B68DC681B6898474FF4FA61A04770
:1009700004463B783BB12B681E691B6898472146AB
:10098000B0470028F5D1F8BD78CB002044CA00203C
:10099000684620F007018D46144931B5144C0120FA
:1009A000C8642288638892B29BB29A4215D0114DD6
:1009B000AB6C5B0615D52288638892B29BB29A42D3
:1009C0000FD063882846DBB22344197902F0F1F88E
:1009D000638801339BB26380EAE7074B0022086516
:1009E0001A70BDE831408546704700BF00200A40BC
:1009F0004CCA002000000A4044CA0020F8B5264F27
:100A000006460D463B680BB1DB689847234C2388AC
:100A100062889B1A9BB2C3F58073AB421DD32188B9
:100A20007019628889B292B286421DD191420FD16B
:100A30001B4B01221B4E1A65B36C5B0605D5228841
:100A4000638892B29BB29A421AD1174B01221A7054
:100A50003B683BB11B69984704E03D6815B12B69C1
:100A6000002598472846F8BD238816F801CBDBB24D
:100A7000234483F804C0238801339BB22380D3E747
:100A800063883046DBB22344197902F092F8638818
:100A900001339BB26380CFE774CB00204CCA0020A7
:100AA00000100A4000000A4044CA002070B53B4DC7
:100AB00088B006466C460FCD0FC495E80F0084E859
:100AC0000F000023364A374C53801380364A137088
:100AD000364A1360236813B1DB690D2098472368F9
:100AE00013B11B6A0D209847236813B1DB690E20F0
:100AF0009847236813B11B6A0E209847012157209D
:100B0000F3F72EFD03214FF44060F3F707FF0023B6
:100B1000694627488DF80030602302968DF80C3026
:100B200002F0A2F9234B5A6E22F00F025A661A6F96
:100B300022F001021A671022C3F8E4240122C3F84C
:100B4000FC2403F5CC231C4A1A65DA64236813B12C
:100B50001B6A0E20984723682BB19C690022174B13
:100B60000E210120A0470621114802F01DF80121A5
:100B70005720F3F7F5FC012002F058FA0D4A10480F
:100B8000536EB0FBF6F023F00F03013043F0040383
:100B900053660C4B186008B070BD00BFCCA20608AD
:100BA0004CCA002074CB002044CA002040CA002058
:100BB00000000A4000C00340FF3F0D0391090508F3
:100BC0000010270048CA00200FB410B5C2B04FF47F
:100BD000807144AB02A853F8042B019312F044FD3A
:100BE000FF28044606DD2323FF248DF806310A235F
:100BF0008DF80731214602A8FFF700FF50B9FFF733
:100C0000ADFE214602A8FFF7F9FE18B901210448FC
:100C1000FFF7F4FE204642B0BDE8104004B0704734
:100C2000186106080CB430B5ADF5097D04468CAAF0
:100C3000059152F8045B07921C4A1268526890476B
:100C40007D22059B4FF480715043194A0009CDE97C
:100C50000145009048A812F09FFC079B48AA4FF45A
:100C6000807108A812F000FDFF28044606DD23234A
:100C7000FF248DF81E310A238DF81F31214608A864
:100C8000FFF7BCFE50B9FFF769FE214608A8FFF741
:100C9000B5FE18B901210748FFF7B0FE20460DF553
:100CA000097DBDE8304002B0704700BF78CB00201E
:100CB00005940608186106082DE9F04707460D4619
:100CC0000024DFF83C8001F1FF39DFF830A0AC42AE
:100CD000A6B204D10948BDE8F047FFF775BF06F09A
:100CE0000F06395D4046FFF76FFF0F2E04D1A14577
:100CF00002D05046FFF768FF0134E8E7A6930608E4
:100D00001994060870B50A4D2B68DC681B68984773
:100D1000084B4FF47A711B685943A04704462B686F
:100D20001E691B6898472146B0470028F7D170BD5F
:100D300078CB002048CA00201FB50F4B08211B6844
:100D40000DEB01009B6A984730B10C4A57200C49C3
:100D5000FFF768FF04B010BD039B2024094A492017
:100D600000930749029B0194FFF75CFF2146064868
:100D7000FFF7A2FFEEE700BF74CB00201F94060828
:100D800039940608429406082004002002460144D3
:100D90004FF6FF7010B5074C8A4200D110BD12F813
:100DA000013B83EA102334F8133083EA002398B21E
:100DB000F2E700BF589406080023C0E900338360BF
:100DC00070470068704703683BB9016000234160C9
:100DD0000B60836801338360704743681960F5E7EF
:100DE00003461A461B6873B18B42FAD10B68136035
:100DF0008368013B836043688B4204D182420ABF0F
:100E000000234260436008467047006800B970479D
:100E10008842FAD101207047401AC00F7047000085
:100E20002DE9F0410C4F06460C463B689B689847FD
:100E3000054620B940F2FF18013C444502D128463E
:100E4000BDE8F0813B68214630469B689847002802
:100E5000F2D00546F3E700BF50CB00202DE9F84F54
:100E6000374B40F20E21DFF81CB118603548FFF710
:100E7000D7FF354B4FF40271DFF80CA118603348EF
:100E8000FFF7CEFFDFF8049140F20E21CBF800000F
:100E90002F48FFF7C5FFDFF8F88040F20121CAF8BC
:100EA00000002C48FFF7BCFF2B4F4FF40071C9F82E
:100EB00000002A48FFF7B4FF294E40F20321C8F88A
:100EC00000002848FFF7ACFF274D4FF40071386051
:100ED0002648FFF7A5FF264C40F202213060254846
:100EE000FFF79EFF4FF4007128602348FFF798FF3B
:100EF0004FF4007120602148FFF792FF124B204A07
:100F00001B681060B3B1DBF800309BB1DAF8003039
:100F100083B1D9F800306BB1D8F8003053B13B68D9
:100F200043B1336833B12B6823B130B12368003B40
:100F300018BF01231846BDE8F88F0346FAE700BF43
:100F400050CB002061F1030054CB002076D6CE7444
:100F500065C1F902D51BDB7758CB00204DC21300C9
:100F600070CB002015FF4E0160CB0020AFD6137769
:100F70005CCB002038230F00493BFD01B70B086E06
:100F800064CB002068CB00206CCB002074CB002009
:100F900078CB002010B5084C08492268084B01FBAB
:100FA00002332360074B1B681B689847236818446B
:100FB000054B186010BD00BF7CCB00200D661900EA
:100FC0005FF36E3C78CB002080CB002080F00100E6
:100FD000014B1860704700BF7CCB002008B5FFF7BD
:100FE000D9FF014B186808BD80CB002038B50F4CE5
:100FF000021E0F49236819440BDB9D180D488542DA
:1010000010DD11F08FFF0C234FF0FF310360084615
:1010100038BD981A002805DA0023236011F082FFFA
:101020000E23F1E713442360F1E700BF84CB0020D7
:1010300070D20020882D0000F8B504461546D0E98E
:101040000006331A9F1A002F0ADA1EB1D51A0023A0
:10105000C4E9003322684FF000402A44226005E0D2
:1010600011F088FF226800202A442260F8BD30B5C4
:1010700019BA85B014BA182A9DF82050CDE9021487
:1010800073F100010DF10F0109D205EB14658DF824
:101090000F5004AB5A1AFFF7CFFF05B030BDB2F5C1
:1010A000807F73F100042CBF01240024B2F5803F3F
:1010B00073F1000228BF01340BB10134E4B2012303
:1010C0001835A3402C44C91A0C70E2E7816810B4AB
:1010D0009DF8044009B10139816001945DF8044B29
:1010E000FFF7C5BF1FB50446084621680160616867
:1010F0004160A16809B10139A160541C03F02001CD
:10110000B2F1FF3F8460C1600CD141F004011F3394
:101110000122C1600DF10F018DF80F30FFF78CFF38
:1011200004B010BD09B11444846000930023FFF79C
:101130009EFFF5E70A44016042600222C0E90223F3
:10114000704707B500210091FFF7C0FF03B05DF8BD
:1011500004FB30B5402385B00446154600930023B8
:101160000391FFF7B3FF2A460399204605B0BDE877
:101170003040FFF761BF30B5602385B004461546A7
:10118000009300230391FFF7A1FF2A46039920460D
:1011900005B0BDE83040FFF74FBF02F1004310B487
:1011A0006FF00044A34204D3A0235DF8044BFFF783
:1011B00099BF4FF480605DF8044B70470B6813B51E
:1011C000036004464A68CB68426013F004000AD00A
:1011D000FF2301220DF1070120468DF80730FFF7AC
:1011E0002BFF02B010BD8B68012B06D0002B40F204
:1011F000013008BF4FF44070F3E7002A08BF4FF0FA
:101200000040EEE700F0DF00402803D0803818BF30
:10121000012070470020704701207047FF210368BC
:10122000024670B5817341681D68A94202D140F23F
:10123000011070BD0B7803F0E00403F01F0384730A
:101240001B2B4FF000009381D07317D91F2B07D0B1
:1012500040F2051040F20313E02C08BF1846E8E7FF
:101260002046FFF7CFFF10B90423D373E1E7E02C4A
:1012700040F2051008BF4FF48170DAE7172B07D949
:10128000A3F1180601206D1AB0400130A842CED853
:10129000202C4FEA541009D14FF40070D081172B45
:1012A00013D9182B21D14B7893810EE00728F6D162
:1012B000143B072B09D8DFE803F0040C0C0C0F0CCF
:1012C0000A0A0023F521938191730020B1E70123DD
:1012D000D3730B789373F8E74B781F2B9381F4D873
:1012E000FF234FF483709373A3E7192B03D1B1F855
:1012F00001305BBAD8E7D37B43F00103D373E4E753
:101300008268531C07D1D0E9001309688B4202D0D0
:101310001978FF2901D0FFF781BF01338273436041
:10132000002383601846704783685A1C05D0827B6F
:10133000C02A02D0013B83600BB1FFF7E1BFFF225F
:1013400082731846704711F015BE73B505460068E4
:10135000034613F8014B04F01F042B60172C04D82C
:101360000020C2E9004002B070BD1B2C27D8183CF9
:101370000126C91A06FA04F4A14223D3B44207D1C4
:101380004178116000212344516000202B60EAE77E
:10139000022C04D1B0F8011049BA89B2F1E7042C4B
:1013A00003D1D0F8011009BAEBE7D0F801006E467E
:1013B000596803C601BA019800BA1060E3E740F229
:1013C0000510D0E740F20110CDE713B5044650F800
:1013D000043B6A461968FFF7B8FFA37B204603F079
:1013E000DF03402B01BF6368009A9B186360FFF71F
:1013F0009BFF02B010BD73B5C37B0E461546044675
:10140000990703F0040209D57AB900232046336016
:101410002B6002B0BDE87040FFF786BF2AB142687A
:1014200043F002030132C3734260D4E90023116820
:101430008B4203D140F2011002B070BD1A78FF2A2E
:1014400002D101336360E0E7A37B02F0E002934244
:101450001CD16A46201DFFF778FF10B100232B60D6
:10146000EAE7DDE900232A606BB9D4E900130968D3
:10147000C91A9142DED3336013446360E37B43F0C7
:101480000203E373D8E74FF48060D5E74FF482702E
:10149000D2E72DE9F04F87B0894690461D46DDE939
:1014A000106A06B902AE00240FC8A34686E80F00F2
:1014B00001232B7001AA69463046FFF79CFF0746BF
:1014C000A8B90099D1B1019AA7180ED22B7893B17F
:1014D000D8F80030BB420ED309EB0400D0470038E7
:1014E00018BF012028703C46E4E74FF48067384677
:1014F00007B0BDE8F08F85F800B0F4E72B7873B142
:10150000D8F80030A3420AD98DF80400012201A9BD
:1015100009EB0400D047003818BF01202870C8F834
:101520000040E4E7426882B0117811F0010104D173
:10153000D2F8010000BA02B07047D2F805106B462D
:10154000D2F8010003C308BA009909BAF3E710B44E
:10155000044601982144C3E90012C0E90034012384
:101560005DF8044B8360FFF759BE83680BB1FFF74A
:101570002CBF0320704737B505460C460FC884E8DA
:101580000F00EB7B13F004030AD04FF0FF3301315F
:10159000A3606160204603B0BDE83040FFF7B0BEF5
:1015A0006A460168201DFFF7D0FEDDE90032A36026
:1015B0000AB9591C05D16B684FF48060636003B0B1
:1015C00030BDA17BA02903D1002BF4DB5900A16021
:1015D0001343DFD1FF230020A373F0E74B68436080
:1015E000FFF7A2BE38B5C37B05460C4613F00103D6
:1015F00006D0FFF797FF0B1E03DA4FF480600BE075
:101600008089C4E90003EA7B12F0020205D0C043DE
:10161000DB43C4E90003002038BD1046FCE738B5C1
:10162000C37B05460C4613F001030ED0FFF77AFF8B
:10163000EB7B13F002030BD0B0F1004F71F100030C
:101640000BD2C0432060002038BD80891946EFE7E7
:10165000B0F1004F71F10002F4D34FF48060F3E772
:101660007FB50A4C0A4D002908BF2C46CDE900344D
:101670000DF10F03FFF70DFF28B99DF80F30002B78
:1016800008BF4FF0004004B070BD00BF471305080D
:101690001912050830B5837B85B004460D461846FF
:1016A000FFF7B0FD014628B1204605B0BDE8304047
:1016B000FFF78BBE03F0DF03802B09D04FF0FF3321
:1016C0006A46204600932346FFF7CAFF05B030BDA7
:1016D000A5B169462046FFF74EFF0028F6D1013D2F
:1016E000029B23B969462046FFF778FFEEE72946BB
:1016F0006846FFF7CFFF0028F2D0E7E740F201404D
:10170000E4E783681BB14FF48061FFF7C3BF032098
:10171000704743680020B3F801305BBA0B80704714
:101720000189084A70B452F831404CB102EBC1054E
:1017300000262346AD8842F83160058170BC184709
:1017400070BC704798CB002038B50F4D2C78CCB9C1
:101750000E48FFF731FB0E4B214680221C700D4CCA
:101760000D4811F02EFC23680C481B6898470C4B61
:101770000C481B68DB6D984723680B485B689847EB
:1017800001232B70002038BD88CB00208CCB00209B
:1017900089CB002054CB002098CB0020F5180508F9
:1017A00068CB0020BD1805082117050838B51A4B6D
:1017B00004461B784BB383684BB3027B032A28D8BB
:1017C000038A01339BB2B3F5807F22D8C3890133EA
:1017D0009BB2B3F5807F1CD8023A012A01D9436934
:1017E000BBB90E4D2B68DB68984721460C48FFF7C4
:1017F0000CFB20B9207121460948FFF7E4FA2B6859
:101800001B6998470020607138BD0620FCE7042062
:10181000FAE70320F8E700BF88CB002074CB002054
:101820008CCB00200F4B1B7870B50446BBB90E4D16
:101830002B68DB68984721460C48FFF7D1FA8442B1
:1018400008D063790BB100F0ADF8182200212046D2
:1018500011F0B7FB2B68BDE870401B6918470123E6
:10186000037170BD89CB002074CB00208CCB00208D
:1018700070B50F4E0F48FFF7A4FA3368DB6898473E
:101880000D4B00220B481A70FFF79BFA044624B94F
:101890003368BDE870401B6918472046FFF791FA8E
:1018A0002379054613B12046FFF7BCFF2C46EEE72F
:1018B00074CB00208CCB002089CB002038B50546A6
:1018C0000B48FFF77EFA044618B9FFF7D1FF204610
:1018D00008E0237B023B012B01D92046F1E7636935
:1018E0000BB9012038BD284698470028F5D0F8E705
:1018F0008CCB0020F8B5012506462848FFF761FA91
:101900002F46274B04461D701CB9FFF7B1FF284630
:10191000F8BD237B70695BB9431C04D000F07F43A2
:10192000B3F1004F08D12046FFF74BFA0446EBE72E
:10193000012B16D10130F6D1B4F90E30591C22D149
:10194000B4F910305A1C03D0B27CDBB29A42EAD10F
:10195000A368314620469847D0B9012D08BF00251D
:10196000E1E7022B00F07F4209D1B2F1004FDAD15A
:101970006369002BE0D098470028DDD1D3E7B2F1AE
:10198000004FF5D0D8E7727CDBB29A42CBD1D7E7D3
:10199000022804BF05466771C5E700BF8CCB002055
:1019A00089CB00200D4810B5FFF70BFA0C4B012234
:1019B0001A7050B90124FFF75BFF6CB1094B01208D
:1019C0001B68BDE81040DB691847437913B9FFF77E
:1019D000F8F9EEE70024EEE710BD00BF8CCB002045
:1019E00089CB002054CB0020264B1B78F7B504464A
:1019F0000E46002B3AD0A9B9C37B23F00103C37371
:101A00004FF6FF73A38120461F4B1B689B699847C5
:101A1000054678BB1D4B01A81B685B6998472846A3
:101A200003B0F0BD1A4A00204FF0FF33114615688D
:101A3000A5B9B3F1FF3F08BF0346013008321028B3
:101A4000F5D15A1C14D041F8336001EBC301A289CF
:101A50008A80E27B42F00102E273D3E7B542ECD127
:101A60009788A589AF42E8D10825D8E70C25D6E7A5
:101A70000725D4E7002ED2D0A2890021044B43F8D9
:101A80003210CCE788CB002054CB002068CB00205C
:101A900098CB00202DE9F743114E01903368114F88
:101AA000DC681B6898470199A047DFF83C80054631
:101AB0003B684046DB68984733680446D3F810908B
:101AC0001B68984701462846C84714B10028EFD044
:101AD000044684F00100C0B203B0BDE8F08300BF4B
:101AE00078CB00205CCB0020BA73E58A13460B4A02
:101AF000126810B514680A4601460948A04750B953
:101B0000084B094893F83030002BBDE8104008BF5F
:101B10000020FFF7BFBF002010BD00BF5CCB00203E
:101B2000BA73E58A20CC0020A086010038B50E4D9E
:101B30002B78A3B90D4B0E4C1B6821460D481B6931
:101B4000984770B923690C4A042B38BF04231360EB
:101B50006268D31A094A136001232B7038BD002034
:101B6000FCE70120FAE700BF18CC00205CCB002086
:101B700020CC0020BA73E58A1CCC002054CC002075
:101B8000164B1B7837B505460C46F3B1144B1B6852
:101B90008B421CD3042200210DEB0200FFF7A6FFAD
:101BA00080B1019B44200F4A0F49FFF73BF80F4BD0
:101BB000019A9A420DD10E4B224628461968FFF72A
:101BC00095FF40B9062003B030BD0220FBE703209B
:101BD000F9E70420F7E70020F5E700BF18CC002064
:101BE00054CC00205896060867960608D8FE751E45
:101BF0001CCC00202DE9F043002385B02F4E8046F9
:101C000001930C462E4BF06802932E4BD6F81090A1
:101C10001B78002B4DD02C4B1B688B424BD3451EA1
:101C20002A4F03AA0D443B6801A99B68B5FBF0F558
:101C300027480395984720B10624204605B0BDE803
:101C4000F083F06968434000FFF724FF00282ED09E
:101C500009F1FF331F4D42461D481C443B6829686B
:101C6000B4FBF9F409FB04F4D3F804902346C84705
:101C700080460028E0D1306A73690344634358000A
:101C8000FFF708FF98B13B6802AA414610485C681C
:101C90002B68A04704460028CED1336A70691844E7
:101CA0002B6858434000FFF7F5FE0028C5D10524F6
:101CB000C3E70224C1E70324BFE700BF20CC002014
:101CC000D8FE751E18CC002054CC00205CCB002020
:101CD000BA73E58A1CCC002073B5124E33682BB161
:101CE000DB68CDE900019847DDE900010E4D0124D4
:101CF0002B6884403BB16A68144204D0CDE90001EE
:101D00009847DDE90001AB681BB1EA68144200D0D6
:101D10009847336823B11B6902B0BDE8704018478B
:101D200002B070BD74CB00205CCC002010B5084C14
:101D300023785BB9074A084813609360074B1B6818
:101D40001B6B984708B90123237010BD0020FCE7E6
:101D500058CC00205CCC0020D91C05086CCB00209E
:101D6000044B1B781BB1044B1B681B6818470320EE
:101D7000704700BF58CC00206CCB0020174B1B785D
:101D800070B504460D463BB320B329B3144E3368F7
:101D90000BB1DB689847134B1A681AB194420DD007
:101DA0004FF0FF32996889B18C420DD07AB1062488
:101DB00033680BB11B699847204670BD002203EBC6
:101DC000C20300245D60F3E70122F8E7012243F833
:101DD0003240F4E70424EFE70324EDE758CC002079
:101DE00074CB00205CCC00200E4B1B7870B50546F0
:101DF000B3B10D4E33680BB1DB6898470B4B1A68D3
:101E000095429A680ABF002403241C60954204BFCF
:101E100000249C6033680BB11B699847204670BD55
:101E20000324FBE758CC002074CB00205CCC0020BE
:101E300070B502790446164E33688AB11B6898471C
:101E40003368054601461B692068984708B10020A1
:101E500070BD3368284621685B69BDE8704018474B
:101E60005B689847054601462068FEF7D5FF0028C5
:101E7000EDD12068074B401B984297BF4FF47A730F
:101E80004FF0FF305843C00998BF5843E0E700BF08
:101E900078CB00207B63080002790B7970B50C4683
:101EA00042B173B10C4B09681B6800681B69BDE83F
:101EB000704018472BB909680068BDE87040FEF70C
:101EC000ABBFFFF7B5FF05462046FFF7B1FF8542E0
:101ED0002CBF0020012070BD78CB0020174A184B82
:101EE00012681B688A4270B505460C460AD9012261
:101EF000DE681B68027198474FF47A716143B047FE
:101F0000286070BD00225B6802719847630E09D09B
:101F100004F07E434FF47A7224F07E44B3FBF2F374
:101F200000EBC310E4014FF47A72B4FBF2F102FB50
:101F300011440844002CE3D00130E1E770CC0020CC
:101F400078CB00202DE9F743DFF800813A4E98F86E
:101F50000030E3B9394C2068C8B10430FFF768FF9E
:101F6000A8B92468637C93B9236883B19847336820
:101F700005460BB1DB689847237C23B9637C13B912
:101F80006A1C48D1236033680BB11B6998473368DA
:101F90000BB1DB6898470027294D3C46B94655F8F8
:101FA000043C23B16B7B002B3AD045F8049C0537E9
:101FB0001435822FF3D1DFF88490C9F80040F4B1D2
:101FC0006D46204B271D19682846FFF787FF2946D5
:101FD0003846FFF761FF68B3E46897E803002334ED
:101FE00085E803002846FFF723FF336801462246B1
:101FF0009B6815489847D9F8003000221A740023CE
:1020000088F8003033680BB11B6998474FF0FF30F8
:1020100003B0BDE8F0832946201DFFF75FFFB2E75C
:102020000CB92C1FC3E7211D2846FFF735FF0028F8
:10203000F7D1BCE72324D5E774CB002074CC002073
:102040007CCC002070CC0020451F05086CCC002003
:1020500038B5104D2C78DCB90F4B1B689B6998473D
:102060004FF47A730D4A2146B0FBF3F00A23C00007
:10207000B0FBF3F00A4B18600A4B1C600A4B1C7053
:10208000234642F823100533822BFAD101232B700B
:1020900038BD00BF6DCC002078CB002078CC00206C
:1020A00070CC002074CC00206CCC00202DE9F043D3
:1020B00087B00D468046144602AF102200213846F4
:1020C00010F07FFF29463846CDF804800494FFF7CE
:1020D00005FF334B93F80090B9F1000F5AD004F18B
:1020E0002302304B9A4257D8002C57D02E4E3368DB
:1020F0000BB1DB68984733680BB1DB6898472B4A14
:102100000023019D1C4611461068A84225D11422C7
:1021100002FB031397E803001A1D82E80300012263
:102120001A8233680BB11B699847B9F1000F2FD0A1
:102130001F4B196811BB1F4B012200211E481A704A
:10214000232233689B689847002433680BB11B69CE
:102150009847204607B0BDE8F08310B9002C08BFAF
:102160001446013314321A2BCED12CB101AD0FCD50
:102170000FC42B682360D4E7A146D2E70B68434520
:10218000D9D004313846FFF787FE0028D3D1DBE7EA
:102190000124DAE70324DCE70424DAE70524D8E79E
:1021A0006DCC0020A086010074CB002078CC0020EC
:1021B00074CC00206CCC0020451F05081C4B1B78FC
:1021C00070B50646002B30D01A4D2B680BB1DB687A
:1021D00098472B680BB1DB68984700231421164CF5
:1021E00001FB03F21059864218D1144440F2011346
:1021F00023822B680BB11B699847A4B12B6801217E
:102200000E4A00249B681170232200210C48984735
:102210002B680BB11B699847204670BD01331A2B00
:10222000DED10024E5E70224F2E70324F4E700BF4F
:102230006DCC002074CB002078CC00206CCC00202A
:10224000451F050808B5FFF703FFFFF77DFAFFF705
:102250006DFDBDE80840FFF769BC08B500F03AF82D
:10226000BDE8084000F0FEBE03280CD819B1074BAA
:1022700013F810300B7022B1044B03EB400043788D
:102280001370002070470320704700BF799606083E
:1022900037B50A790DF10601C2F38104621ED2B28C
:1022A000022A97BF0A4B002404F001049D5C88BFFA
:1022B00025460DF10702FFF7D7FF23462A469DF872
:1022C00007109DF80600F2F7DFFD03B030BD00BF38
:1022D000739606082DE9FF413A4D00209DF80C3019
:1022E0002C7823F00F0302908DF80C30002C5BD17A
:1022F0000DF107020DF10601E0B2FFF7B5FF9DF801
:102300000630002B53D0012B54D0022B54D0032B7A
:1023100055D13F239DF80720D340DB074FD501342B
:10232000042CE5D1284C23680BB1DB689847274B78
:102330004FF08062264F0026DFF8A0805A66F0B288
:1023400002A9FFF7A5FF029B47F8043B9DF80C305C
:10235000C3F301035B0063F0070308F8063001369E
:10236000042EECD11B4B40F6FF721B21C3F8242432
:102370000122236810469E69174BB047012223684B
:102380001A2110469E69144BB04723681B201B6A14
:10239000984723681A201B6A984723680BB11B696A
:1023A0009847012300202B7004B0BDE8F08140F273
:1023B000FF73AFE70F23ADE740F2FF33AAE7042036
:1023C000F2E700BF94CE002074CB002000900040C4
:1023D00084CE002000E003405125050880CE002077
:1023E0002DE9FF413E4B05460E461B78002B66D07B
:1023F000032866D8002964D0DFF8F080D8F80030D0
:102400000BB1DB68984731462846FFF741FF337927
:10241000344F13F0030F33D17B5DDC0843F0F80336
:102420001F2C7B5518D00DF10F020DF10E0128461F
:10243000FFF71AFF33799DF80F1013F003029DF890
:102440000E0018BF01220192C3F3400203F0010302
:1024500000922246F2F7C0FC3268234BD8F8000005
:1024600043F8252033797A5D5B0022F0070203F000
:10247000060313437B5578B30369984700202BE08C
:102480007C5DE4081F2CCED10DF10F0200212846FF
:10249000FFF7EAFE9DF80F4004F0FC04E21CD2B204
:1024A0000023F95CB4EBD10F0DD00133042BF8D12C
:1024B0007B5D64F3C703B3E71B6998470BE001201A
:1024C0000AE0032008E00134E4B2A242E8D2D8F8DE
:1024D0000030002BF0D1062004B0BDE8F08100BF31
:1024E00094CE002080CE002084CE002074CB00202B
:1024F00037B5154A0C46127802B3032820D8F9B133
:10250000124A135C13F001051CD10DF107020DF105
:102510000601FFF7A9FE30229DF8063028465343F6
:1025200002F18042143302F570329B589DF8072067
:10253000D34003F00103237003B030BD0120FBE75B
:102540000320F9E70520F7E794CE002080CE002095
:102550002DE9F74300241D4E1D4FDFF87C80355DCB
:102560005FFA84F9ED081F2D1DD0D7F82034EB4019
:10257000DB0718D50DF107014846FFF7B9FF58F8FA
:10258000242052B1335D9DF80710C3F34103032BA0
:1025900015D001290DD1D80714D4012303FA05F56C
:1025A0000C4BC3F820540134042CD8D103B0BDE83F
:1025B000F0830029F1D19B07EFD5022102E0012928
:1025C00018BF022148469047E7E700BF80CE0020B1
:1025D00000C0034000E0034084CE00201A4B1B786B
:1025E000F7B504460D465BB303282BD851B30B78DF
:1025F00003F00300032821D0144B154E1F5C3368F1
:102600000BB1DB6898470DF107020DF1060120467A
:10261000FFF72AFE2B783A469DF80600C3F38003A5
:102620009DF80710F2F730FC0A4A3068135D43F05A
:102630000103135510B103699847002003B0F0BDA2
:102640000120FBE70320F9E794CE002076960608E8
:1026500074CB002080CE0020174A127813B50C46A8
:1026600022B3032824D8154A135CDB0722D50DF1C9
:1026700007020DF10601FFF7F7FD012C9DF806207A
:102680009DF807100E4B09D18C40302101FB02331D
:1026900003F5825300201C6002B010BD01248C4061
:1026A000302101FB023303F50153F3E70120F3E787
:1026B0000320F1E70520EFE794CE002080CE002034
:1026C00000C0034007B5114A1278CAB1032819D8CF
:1026D0000F4A135CDB0717D50DF107020DF1060158
:1026E000FFF7C2FD9DF8073001229DF8061000207B
:1026F0009A4030235943074B5A5003B05DF804FB0E
:102700000120FAE70320F8E70520F6E794CE002041
:1027100080CE002040F0034068460C4B042220F09D
:102720000701DB6B8D4601B582B0ADF80630084B72
:10273000DA64084B1A6822B11B6801210DF106000A
:10274000984702B0BDE80140854670470000014B44
:102750000020014B9CCE002070B53C4D88B0064651
:102760006C460FCD0FC495E80F0084E80F000023DE
:10277000374A384C53801380374A1360374A1370F6
:10278000374A1360236813B1DB690B20984723682D
:1027900013B11B6A0B209847236813B1DB690C2027
:1027A0009847236813B11B6A0C20984701215620D3
:1027B000F1F7D6FE03214FF44060F2F7AFF8112194
:1027C0005620F2F7ABF80023694626488DF8003012
:1027D000602302968DF80C3000F046FB224BDA6E37
:1027E00022F00F02DA661A6F22F480721A675A6BAF
:1027F00022F070425A631A6C22F080021A6410228E
:10280000C3F8C424194AC3F8DC244FF4E022C3F807
:10281000D424174B174A1A65DA64236813B11B6A6C
:102820000C20984723682BB19C690022124B0C2185
:102830000120A04706210B4800F0B6F900215620E0
:10284000F1F78EFE012008B070BD00BFECA20608B3
:10285000A2CE002074CB00209CCE0020A0CE002071
:1028600098CE00200000014B00C00340010008008A
:102870000020014BFF3F0D030529050870B51E4DD3
:1028800006462B680BB1DB6898471C4C2368BEB129
:102890006BB901215620F1F763FE012000F0C6FB61
:1028A000174AD36E23F00F0343F00403D366236863
:1028B000013323602B68EBB11B69BDE870401847FA
:1028C00013B12368013B23602468002CF2D10C4A29
:1028D0000120D36E23F00F0343F00203D366136F7E
:1028E00043F48073136700F083FB21465620F1F711
:1028F00037FEDFE770BD00BF74CB002098CE00200C
:1029000000C00340684620F007018D46164931B5E6
:10291000164C0120C8642288638892B29BB29A4206
:1029200016D0134DAB6C5B0619D52288638892B222
:102930009BB29A4213D063882846C3F3080323440A
:10294000197900F036F9638801339BB26380E9E7B7
:1029500008650020FFF792FF064B00221A70BDE8C1
:1029600031408546704700BF0020014BA2CE0020B9
:102970000000014BA0CE00200521014800F014B951
:102980000000014BF8B5274F06460D463B680BB1DA
:10299000DB689847244C238862889B1A9BB2C3F556
:1029A0000073AB423BD321887019628889B292B21E
:1029B00086421AD1914212D101201C4EFFF75EFFD0
:1029C0001B4B01221A65B36C5B0605D52288638810
:1029D00092B29BB29A4215D1164B01221A703B68F3
:1029E0000BB11B6998472846F8BD238816F801CB20
:1029F000C3F30803234483F804C0238801339BB244
:102A00002380D5E763883046C3F30803234419794C
:102A100000F0CFF8638801339BB26380D3E70025D1
:102A2000DDE700BF74CB0020A2CE00200000014BE8
:102A30000010014BA0CE002070B5234C0546236842
:102A40000BB1DB689847214B012156201D60F1F73F
:102A500087FD236835B32BB19D6900221C4B0B21E8
:102A60000120A8471B4B04221A651B4A536B23F015
:102A7000704343F000535363136C43F080031364BB
:102A8000164B042200215620DA64F1F769FD236811
:102A900013B11B6A0B2098472368A3B11B69BDE8DB
:102AA0007040184713B1DB690B2098470B4B042289
:102AB0001A65094B5A6B22F070425A631A6C22F065
:102AC00080021A64DCE770BD74CB00209CCE00202D
:102AD000192705080010014B00C003400020014BDE
:102AE000436D0B42FCD1704708B54368DA0714D533
:102AF0008368DB0702D50369D90707D50A2350216C
:102B00008363FFF7EDFF836C9A07FCD100F5005358
:102B100001225A6043689B07FCD408BD38B50C46B7
:102B200000F580530121024604F00F05596040F67C
:102B3000FF71FFF7D5FF78218563FFF7D1FF04F020
:102B40000103610748BF43F00203916C01F00301E8
:102B50009942FAD138BD000010B5FFF7C5FF042334
:102B600000F5805100F500520B6113610B61136198
:102B70000B6113610B6141F20201136120230361B8
:102B80000023C360836041614FF4A02183614162EF
:102B90000449C36103628362C36243630365D16412
:102BA000036310BDFF3F0D0309B9FFF79DBFFFF79A
:102BB000B5BF836C5B06FCD541647047F8B504462D
:102BC000154669B9364B984235D0364B984234D0C9
:102BD000354884420CBF58200020F1F7DDFC014647
:102BE000A368D80731D56668B1FBF5F116F0010688
:102BF00001F1FF3527D028212046FFF771FFA36C94
:102C00009A071CD1A36CDB071BD4A36C13F0020F33
:102C10000CBF002706272046FFF766FF236923F035
:102C20007F4343EA05652561CEB139462046BDE8BC
:102C3000F840FFF7B9BF5620CFE75720CDE705276B
:102C4000E9E70927E7E73746E8E76368A06800F0A7
:102C5000E00040281BD003D8D8B120281BD0F8BDF5
:102C600060281AD08028FAD1012305FB03F249011C
:102C70002046B1FBF2F10D4A203902EAC1020121DE
:102C8000FFF72EFF2263BDE8F840FFF729BF0623B8
:102C9000EBE71023E9E70823E7E70423E5E700BFB4
:102CA0000000014B00000A4000400A40F8FF7F008E
:102CB000436870B504460D4616461BB140F6FF71D9
:102CC000FFF70EFF2046FFF747FF6269E9896B7B3C
:102CD00022F44C520B43298A22F00F020B43134378
:102CE0006361A2682B7B297E22F080420B4322F095
:102CF000E20213436A691343A360AB681BB9A3687C
:102D000043F00043A360EB69002B62D0A268197AFC
:102D100042EA8152997AA260A26842EA4142A260E4
:102D20009A88A16802F4C0420A435978A260A26856
:102D300042EA8102597BA260A26842EAC102997B01
:102D4000A260A26842EA01129978A260A26842EAEF
:102D500081229979A260DA79520242EA8122E26004
:102D60001A7802F0FD01023A012902BFE16841F040
:102D70000401E160012A364A4AD8944244D0354AD7
:102D8000944243D034498C420CBF02214FF0FF31B2
:102D90004901324A0A440221516004F580515A7AAD
:102DA0008A621AB1E26842F40062E260DA7A82B1C1
:102DB000E268294942F40042E260254A1B7B9442C2
:102DC000274A03F00F0308BF53668C42136708BFFE
:102DD000D36736B196F8203004F5805153B3012300
:102DE0000B6205212046FFF799FEAA6812B16968B7
:102DF000FFF7E4FE29782046FFF7D6FEA36CDB43FD
:102E000013F4405FFAD170BD0021C1E70121BFE793
:102E100094420BD00F4A94420AD00F498C420CBF07
:102E200002214FF0FF3149010E4AB3E70021FAE7D2
:102E30000121F8E7E26996F8223096F8210022F0A5
:102E400009020343134343F00103CB61C9E700BF09
:102E50000000014B00000A4000400A40C0D403407B
:102E600000900340C0E403400022FFF721BF0000B0
:102E7000014B1868704700BFA8C00020084B1B6FAB
:102E800003F00703022B04D0032B05D0012B05D040
:102E9000FEE7044B18687047034BFBE70348704795
:102EA00000800040A8C00020ACC00020002D3101EF
:102EB00008B5FFF7E3FF054B1B6FC3F30333013383
:102EC000B0FBF3F0024B186008BD00BF008000406B
:102ED000A4C000200048704700B4C404014B186827
:102EE000704700BFACC0002000487047002D310182
:102EF0004FF094439868C0F304400C2822D8DFE8D0
:102F000000F0092121212121071719211B1D1F0074
:102F10000F4870479B6803F04073B3F1807F13D074
:102F2000B3F1007F12D00B4A002B08BF1046704748
:102F30000948704709487047094870470948704771
:102F40000948704700207047084870470848704794
:102F5000405DC60000093D000024F400C0EA2101E4
:102F600080BA8C010048E801005A620280841E0089
:102F700040420F004FF4004070474FF47A707047A2
:102F8000014B1868704700BFB0C0002038B51D461F
:102F9000036804469847B0F5007F1AD30E480F4ADD
:102FA0000F49121A0FF0E6FF0E480F4A0021121ABD
:102FB00010F007F82046FDF751FFFFF74EF9F1F743
:102FC000A5FFFFF73FF9204600F00CFA074B1B68FE
:102FD0002B60002038BD00BF00C0002038C1002099
:102FE00018A3060838C1002070D20020BCC0002001
:102FF00070B50C4C054623680BB1DB6898470A4B4B
:103000001A6822EA05021A60186818B923680BB119
:103010005B69984723681BB11B69BDE8704018477E
:1030200070BD00BF74CB0020A8D0002070B50B4C41
:10303000054623680BB1DB689847094A13682B43A0
:103040001360236813B15B690120984723681BB1A3
:103050001B69BDE87040184770BD00BF74CB0020ED
:10306000A8D0002013B59DF804300A4C23F00703C4
:10307000207843F004038DF8043040B901A9FFF72C
:10308000ADFA01A90120FFF7A9FA0123237002B0CC
:1030900010BD00BFACD0002008B5084B1B784BB169
:1030A000012809D8064B81F00101185CFFF7D4FA1A
:1030B000002008BD0220FCE70120FAE7ACD0002088
:1030C000A196060808B5074B1B783BB1012807D825
:1030D000054B185CFFF7F6FA002008BD0220FCE75C
:1030E0000120FAE7ACD00020A196060808B5FAF74F
:1030F000F0FBF7F7C7FAFCF7DDF8F3F7A3FFFBF7F0
:1031000047F906480021F4F785F8F4F7CFFAF4F709
:10311000CFF90348BDE80840F8F7E2BE9D31050845
:1031200071310508034B1B7813B90348F5F732BC1E
:10313000704700BFAED00020AD31050807B50DF1D6
:103140000700FCF7B3FF9DF8073043B1054B1B7830
:103150002BB1054B1B7813B10448FBF7BFFF03B03D
:103160005DF804FBADD00020AFD00020253105086C
:10317000094B07B518700DF10700FCF797FF9DF894
:103180000730002B14BF02200620F9F793FFFFF74A
:10319000D5FF03B05DF804FBADD00020024B012247
:1031A0001A70FFF7CBBF00BFAFD0002007B538B310
:1031B000FAF78CFAFAF7C0FA0DF10600FCF7A0FE58
:1031C000F4F734FFF5F754F91148FAF7CBFAF5F7AD
:1031D000D7FA1048FAF7C6FAF5F732FE0D48FAF7B3
:1031E000C1FAF7F71FF90C48FAF7BCFAF6F7B6FB85
:1031F000F6F794FE094B01221A7003B05DF804FB48
:10320000074A5720074903B05DF804EBFDF70ABDF4
:1032100000DD6D000097490180EE3600AED0002041
:10322000A3960608C2960608004700002DE9F04361
:10323000002393B00393F3F725FEF0B9574A58499A
:103240004920FDF7EFFCFDF777FDFDF76BF9012055
:1032500010F0D6F901301AD10FF064FE03680C2B80
:1032600015D14F4945204F4AFDF7DCFC01214E485E
:10327000F3F7D0FF13B0BDE8F083F3F703FE0128A6
:1032800001D14A4ADBE74A4A45204549D9E74FF090
:10329000FF30484D10F0B4F90220FDF757FAFCF763
:1032A00071FDFCF751FC2B6805A943481B69984741
:1032B00078B9089C04A92B68043C3F481E68042385
:1032C0002246B047D0B123463C4A35494520FDF758
:1032D000A9FC3B4B03A81B685B699847039B394AD1
:1032E00049202F49FDF79EFCF3F7F8FDF7F708FB9F
:1032F000F8F716FA3448FFF797FFBBE7049B013352
:10330000E7D1324A49202649FDF78CFCFCF7E4FC62
:1033100020B12F4A45202249FDF784FCFCF704FC2C
:1033200020B12C4A45201E49FDF77CFC002305A94D
:10333000214804932B681B6998470028C9D1089C31
:1033400004AA2B68043C1C485E6804232146B0474D
:1033500010B12346204AB8E7204FDFF85C903B6865
:10336000DE681B6898470B99B04706462B684846AD
:10337000DB6898470028ACD03B68D3F810801B6806
:1033800098473146C0470028F0D10423144A044925
:1033900045200094FDF746FC9BE700BFCB9606084E
:1033A000C2960608E59606089D310508D0960608DF
:1033B000D89606085CCB0020BA73E58A0697060803
:1033C00068CB0020AA970608ED3005082E9706085E
:1033D0003D9706085F9706088197060878CB00207E
:1033E000998B060810B5436888B0984704464FF497
:1033F000E120FDF75BFB0F4B30220F490793E3B24F
:1034000049200693C4F307230593C4F30743240E0E
:103410000493A0230394CDE90132BC23074A00930F
:103420002223FDF7FFFB064808B0BDE81040F3F784
:10343000DFB800BFD3540608C2960608BC9706083A
:103440002D32050808B18088C00B704718B1C388B9
:103450000089181A80B270478088C0F30E00704748
:1034600000B1C08870470023C0E9003303811846CB
:10347000704738B504460D46FFF7E4FFD8B931B9B7
:103480002068B8B1FDF744FA2560E58012E0A38812
:103490003BB90846FDF774F9206040B94FF48270DB
:1034A00038BD2068FDF7E0F90028F7D02060E388F8
:1034B000AB42EAD8A580A388C3F30E03AB42EDD399
:1034C0000020EDE7F8B58F18838804460D469F422B
:1034D00016460ADCE3889F420DDC20683246002154
:1034E00028440FF06EFD002004E0B9B2FFF7C1FFE1
:1034F0000028EFD0F8BDE780EFE770B504460E4630
:103500001546FFF79FFF20B9A388C3B18A189A42D6
:1035100013DCA3883544C3F30E03AB420ADB00205F
:103520000AE03233A3800EE02846FDF729F9206037
:103530000028EED14FF4827070BD322DF1D9EA1817
:10354000A280002BF0D0A1882068FDF78DF900281B
:10355000F0D02060DDE770B50D461646044630B168
:103560000122FFF7CAFF08B923685E5570BD4FF40A
:103570008170FBE710B50A46044640B1C188204679
:10358000FFF7E9FF10B9E3880133E38010BD01467E
:10359000F5E770B50C46C18805461646631C8B429C
:1035A00002DB0222FFF7A9FF2B68320A00201A551E
:1035B00029680C44667070BD10B50A46C18804467F
:1035C000FFF7E7FF10B9E3880233E38010BD70B561
:1035D0001446042206460D46FFF78FFF68B933688C
:1035E000220E5A55220C33682B445A70220A336833
:1035F0002B449A7031680D44EC7070BD10B50A46CA
:10360000C1880446FFF7E3FF10B9E3880433E38081
:1036100010BD70B5C1881646082204461D46FFF746
:103620006CFF38BBE28823681344DE71E2882368AC
:103630001344320A9A71E28823681344320C360E1E
:103640005A71E288236813441E71E2882368134488
:10365000DD70E288236813442A0A9A70E28823689E
:1036600013442A0C2D0E5A70E3882268D554E3883F
:103670000833E38070BDFFF77DBF89B2FFF79CBFC1
:10368000FFF7BCBFFFF7C5BFF8B504460F461546A8
:10369000A2B1C188FFF731FF064668B9E388A28866
:1036A000591991420CDC20682A46394618440FF01B
:1036B00061FCE2881544E5803046F8BD1646FBE71C
:1036C0004FF48276F8E770B516461C460D4699B160
:1036D000A3B14FF6FF739C4208BFCC88096808BFAE
:1036E000A41A314408BFA4B22246FFF7CDFF10B997
:1036F0002A8914442C8170BD0846FCE71846FAE775
:1037000038B504460D46084689B110F067FF70B120
:10371000421C2946204692B2FFF7B6FF38B9E2882C
:103720002368134403F8010CE388013BE38038BDB0
:1037300011B94FF4827070479342FAD301601904B3
:10374000F7D46FEA4343C2806FEA53438380002378
:1037500003811846704738B50C460546084610F0F8
:103760003DFF214682B22846FFF78EFF05462046E0
:10377000FDF7CEF8284638BD38B50446FFF762FE9F
:10378000054630B9206810B1FDF7C2F82560002366
:10379000A3800020E080208138BD0389C2889A423E
:1037A00081BF0268D35C0B70038983BF013303813F
:1037B00000204FF4827070470389C2889A4281BF0B
:1037C0000268D35C0B70038983BF0133038100203F
:1037D0004FF482707047C3888B4285BF0368002016
:1037E0004FF482705B5C88BF137070470289C38896
:1037F00010B5541C9C420BDA03689C5C13445B7844
:1038000043EA04230B80038902330381002010BDA7
:103810004FF48270FBE70289C38830B5D41C9C4208
:1038200010DA0468A55C14440432E37843EA0563C3
:103830006578A47843EA054343EA04230B600281D8
:10384000002030BD4FF48270FBE70289C38810B5B9
:10385000541C9C420BDA03689C5C13445B7843EA7B
:1038600004230B80038902330381002010BD4FF431
:103870008270FBE710B5CC1C70B1C3889C420DD898
:103880000068445C014400208B78497843EA044393
:1038900043EA0123136010BD0346EFE74FF4827043
:1038A000F9E710B504460A460189FFF7E3FF2389CB
:1038B0000333238110BDC38810B50C1D9C420ED864
:1038C0000068445C0144CB78487843EA0463897813
:1038D00043EA0043002043EA0123136010BD4FF484
:1038E0008270FBE710B504460A460189FFF7E3FF43
:1038F00023890433238110BDC38810B501F1080466
:103900009C421AD80068445C0144CB78487843EA6A
:10391000046343EA0043887843EA00230020C2E9B5
:1039200000034B790C791B0443EA0463CC79897951
:10393000234343EA0123136010BD4FF48270FBE779
:1039400010B50A4601890446FFF7D6FF10B923894E
:103950000833238110BDFFF7F3BFC38810B58C1C5B
:103960009C4297BF03684FF48270585CC9189FBF90
:103970004B7843EA00230020138010BD002337B5A5
:1039800005460DF10202084601A9019306F0A0F9CF
:10399000044648B9019939B1BDF802202846FFF71D
:1039A00073FE0198FCF7B4FF204603B030BDC18818
:1039B000006806F043B910B588B0044601230092B0
:1039C00003A80A46142106F0DFF903A92046FFF7F1
:1039D00097FE08B010BD0022FFF7EDBF91422DE920
:1039E000F0410446884616461F4603EB020512D9ED
:1039F000C388AB421FDB67B120683A46ADB200EB2B
:103A0000080130440FF0C3FA2389E580AB4288BF38
:103A1000258100200DE08388C3F30E03AB42EADA70
:103A2000FFF710FD38B9A9B22046FFF722FD0028A4
:103A3000E1D0BDE8F0814FF48170FAE770B5164629
:103A40004A1CC388044692B20D46FFF7C7FF58B917
:103A50001DB9E3880BB90123E3803246294620468D
:103A6000BDE87040FFF777BD70BD2DE9F0410F460E
:103A7000D188804615461E4631B93A460146284649
:103A8000BDE8F041FFF700BE3944104689B2FFF7A8
:103A9000F0FC044688B9EB88BA19314628469B1BCE
:103AA00092B29BB2FFF79AFF044630B928683A46B3
:103AB00008EB060130440FF06AFA2046BDE8F081B9
:103AC000C38801898B4210B5044604D10023C3800A
:103AD0000020208106E05B1A00229BB2FFF77EFFE8
:103AE0000028F5D010BD70B50446FFF7AFFC90423A
:103AF000064609D12589206828440FF02BFA18B909
:103B000035440120258170BD0020FCE738B50B4607
:103B10001546044678B171B10189C088401A9042B7
:103B200009DB2068014418460FF024FA228900209E
:103B30001544258138BD4FF48270FBE710B504466B
:103B400010F08EF802460B4674B100224FF07F53FE
:103B500010F000F9640702460B4605D00022054B21
:103B60000FF042FF02460B461046194610F02CFBA0
:103B700080B210BD0000F03F0023C0E90033038194
:103B800070476FEA43430160C2806FEA534383800A
:103B9000002303817047B0F90430002B70B505464F
:103BA0000C461BDB0668818031B91EB13046FCF73C
:103BB000AFFE2C6000200AE00846FFF7BFFF014679
:103BC00036B9FCF7DDFD286040B94FF4827070BD56
:103BD0003046FCF749FE0028F7D02860AB88C3F3D5
:103BE0000E039C42E6D9F0E7F8B507460E461546A7
:103BF000003DB7F90430B98818BF0125002B20DB40
:103C00008E421ED30831384689B2FFF7C4FFB8B9D7
:103C1000BB88B342ECD90124BB88B3421CD93046DF
:103C200010F02EF800224FF07F5310F093F810F0B0
:103C3000A3FA72073B6800D02CB1ED011D5400209F
:103C4000F8BD0024E8E7F64306F0070605FA06F695
:103C50001D5C2E431E54F2E74FF48270F0E710B55E
:103C60000A46C1880446FFF7BFFF10B9E388013355
:103C7000E38010BDB0F90430002B10B5044607DB1B
:103C8000006818B1FCF744FE002323600023A380E2
:103C90000023E380238110BDF8B5144606460F4685
:103CA000FFF7E8FF8CB121463046FFF774FF054669
:103CB00048B92046FFF742FF3946024630680FF008
:103CC00059F9F48035812846F8BD2546FBE7C388BD
:103CD0008B4270B505460C4616461CDD08460FF0B3
:103CE000CFFF00224FF07F5310F034F810F044FA69
:103CF00062422B6804F0070402F007021B5C4FF0DD
:103D0000000058BF5442C4F1070443FA04F404F01D
:103D10000104347070BD4FF48270FBE773B500246A
:103D200006460D460C60F388A34202D1002002B083
:103D300070BD0DF1070221463046FFF7C8FF00288D
:103D4000F5D19DF8073003FA04F22B6801341343D0
:103D50002B60E8E773B50646C08800240130FCF705
:103D60000FFD0546F388A34204D1002328462B55B6
:103D700002B070BD21460DF107023046FFF7A7FFE4
:103D80009DF80730002B0CBF302331232B55013415
:103D9000E8E7431E01390F3010B513F8012F11F871
:103DA000014F834282EA04021A70F6D110BDC36843
:103DB000C17A1BBACA074FEA530348BF43F0004316
:103DC0001A0EC37302731A0C42731A0A037A8273AF
:103DD000427A120442EA0362837A0A43C17942EAD0
:103DE0000322CB074FEA520248BF42F00042130EB3
:103DF000C2720372130C4372130A027983724379FD
:103E00001B0443EA026382790B4343EA0223C2782C
:103E10005B08D10748BF43F00043190EC37101711D
:103E2000190C4171190A437881711B04017843EA26
:103E3000016313438278590E43EA02225B0C01703E
:103E40004370530A52088370C2707047C3681BBA2C
:103E500001331A0EC37302731A0C42731A0A827367
:103E600070472DE9FF4116460C46102207460021F7
:103E700030460FF0A6F86A46234604F11005904636
:103E80001868083353F8041C1446AB4203C4224696
:103E9000F6D1002507247B5D2341DA0703D541468F
:103EA0003046FFF776FF9DF80F304046DB070FD511
:103EB000FFF77DFF9DF8003083F0E1038DF80030BF
:103EC000013CE8D20135102DE4D104B0BDE8F08109
:103ED000FFF76DFFF4E7002A2DE9FF471646B8BF4C
:103EE00002F10F0680460F4615461C4636114FF06C
:103EF00000090DF1100AB14507EB09112BDB26EA89
:103F0000E67607EB06112F443201B94220D2AD1AF2
:103F100068462A460FF02EF8C5F1100200210DEB7D
:103F200005000FF04EF86946204604ADFFF731FF5B
:103F30006A4641462046FFF794FF6B461A4608340E
:103F400003CAAA4244F8080C44F8041C1346F5D1ED
:103F500004B0BDE8F0872046FFF71BFF6A464146E4
:103F60002046FFF77EFFEC4622466346083203CB2D
:103F7000534542F8080C42F8041C9C46F5D109F15F
:103F80000109B8E72DE9FF41DDE90A4706469846F1
:103F900015463B46FFF79FFF3B46224641463046CB
:103FA000FFF799FFC5F34F32EB0000218DF8052094
:103FB000C4F347528DF80730E3008DF80C20C4F3AA
:103FC0004F328DF80010C5F357158DF80110C4F36A
:103FD00057148DF8021030468DF803108DF8041038
:103FE0008DF808108DF809108DF80A108DF80B1057
:103FF00069468DF80D2010228DF80F303B468DF864
:1040000006508DF80E40FFF766FF04B0BDE8F08162
:1040100070B50025061D0446856205808570304612
:10402000FFF721FA304604F1100610221149FFF77C
:104030002BFB3046FFF717FA304604F11C0610221E
:104040000D49FFF721FB3046FFF70DFA304604F12A
:104050002C0608220949FFF717FB3046FFF703FA41
:10406000102207493046FFF70FFBA56384F83C5048
:1040700070BD00BF1398060823980608FB97060832
:104080000398060838B5012300250446043043622E
:1040900000F8045C00F8025CFFF76EFB04F110000E
:1040A000FFF76AFB04F11C00FFF766FB04F12C002C
:1040B000FFF762FBA06B28B1FFF75EFBA06BFCF77C
:1040C00027FCA56338BD0000F0B50B68802A1BBA39
:1040D00003604B681BBA43608B681BBA8360CB6874
:1040E0001BBAC36035D1564C00F1A0055549C268D2
:1040F000103014F8017BD3B250F8106C51F8233013
:1041000086EA076603F47F437340C2F3072651F83B
:10411000266006F47F067340160E51F82660C6F33B
:1041200007267340C2F3074651F82660360206F0B0
:104130007F46734050F80C6C0360734050F8086C75
:104140004360734083605340C3608542CFD10020F9
:10415000F0BDB2F5807F6FD10B6900F1C005384C1E
:104160001BBA384A03614B691BBA43618B691BBA9E
:104170008361CB691BBAC361C169854214F8017BB5
:10418000CBB2066852F8233086EA076603F47F4311
:1041900083EA0603C1F3072652F8266006F47F0679
:1041A00083EA06034FEA116652F82660C6F3072633
:1041B00083EA0603C1F3074652F826604FEA062653
:1041C00006F07F4683EA06034668036283EA060335
:1041D0008668436283EA0603C668836283EA06034D
:1041E000C362B4D0C3F30726DFB2203052F8266092
:1041F00052F8277006F47F46C7F307273E4350F86E
:10420000107C7E401F0EC3F3074352F8277052F80C
:1042100023303F0203F47F0307F07F473B437340A3
:1042200050F80C6C0361734050F8086C43617340A4
:1042300083614B40C3619FE74FF4817088E700BF03
:1042400043980608509806082DE9F04F14688BB083
:1042500005688446576824BA96686C403FBA45683A
:1042600036BA6F4085686E40D568C2682DBA554031
:104270004A1093460192A44A4FEA146EDCF81010DB
:104280005FFA85F8BBF1010B52F82EE05FFA84F972
:1042900052F828805FFA87FA8EEA010EDCF81410D3
:1042A00052F829908EEA386EC7F3074852F82AA0D0
:1042B00052F828808EEA382EC6F3072852F8288054
:1042C0008EEA384E4FEA1768C7F3072752F828805E
:1042D00088EA0108DCF8181088EA3968C6F307494B
:1042E00052F8299088EA3928C5F3072952F829900D
:1042F00088EA39484FEA1669F6B252F8299052F81E
:10430000266089EA0109DCF81C1089EA3A69C5F3DC
:10431000074A4FEA156552F82AA052F8255089EA53
:104320003A29C4F3072A85EA0105C4F3074452F881
:104330002AA052F8244085EA366589EA3A4985EA96
:10434000342552F8274085EA34455CF8204F4FEA7F
:10435000156652F82610CEF30746029152F8261041
:10436000C8F30726039152F826105FFA89F60491E4
:1043700052F826105FFA88F6059152F82610CEF30F
:104380000726069152F82610C5F30746079152F802
:1043900026104FEA1966089152F826105FFA8EF639
:1043A0004FEA1E6E52F82670C5F307260991EDB24A
:1043B00052F826A0C9F30746C9F3072952F8255039
:1043C00052F826104FEA1866C8F3074852F82990A9
:1043D00052F8266052F8288052F82EE02CD084EA59
:1043E0000E0484EA3564DCF804507540DCF808609B
:1043F00084EA382485EA376584EA394485EA312538
:10440000069985EA3A47099D754085EA316608991B
:10441000DCF80C5086EA3126079986EA3146029983
:1044200069400D46059985EA3165039985EA31258C
:10443000049985EA31451FE74FEA0E2E09F47F49BA
:10444000C5F3072508F47F080EF07F4E019A45EA70
:10445000090501F47F0B4EEA080800EB42100AF44C
:104460007F4AC7F3072785EA080547EA0A076C4031
:10447000220EDC701A70220C5A70220A9A703202D4
:1044800002F07F4242EA0B02574042687A40110E26
:10449000DA711971110C5971110A069A9971C2F3E6
:1044A0000726079A089902F47F4201F47F01164318
:1044B000099A120202F07F420A4305995640826827
:1044C0005640320EDE721A72320C5A72320A9A72E8
:1044D000029A1502039A05F07F4502F47F022A43EF
:1044E000C1F30725049901F47F410D435540C2688B
:1044F00055402A0EDD731A732A0C5A732A0A9A73CE
:104500000BB0BDE8F08F00BF509806082DE9F04FC2
:1045100089B092461D464FEA231B6A460646129F03
:104520000B4601F1100C91461868083353F8041C2F
:104530001446634503C42246F6D14FF00008C34534
:104540004FEA081207EB08130AEB081418D1AD1A4A
:10455000984612D0254404AB4A46D6F8F0103046AF
:10456000FFF772FE14F8012B19784A400FBB04F8CC
:10457000012CA54203F10103F4D109B0BDE8F08F8D
:10458000D6F8F01077B904AB30464A46FFF75CFE28
:1045900019462046FFF7FDFB484608F10108FFF7E2
:1045A00055FCCCE730464A46FFF74EFE21461846FA
:1045B000F0E708F8012BDCE7F0B5074689B01D46A7
:1045C000CBB104AB0C4601F1100E9C4620680834B8
:1045D00054F8041C1E46744503C63346F6D16046A3
:1045E0000392FFF733FC00230146039A00933846F9
:1045F0002B46FFF78BFF09B0F0BD00002DE9F04F0F
:104600002DED028BDDB0002408EE103A06469DF831
:10461000A0318B4604920021F4221FA803936B9DC6
:104620009DF8B0710EF0CDFC102221461BA81A9403
:10463000CDE90A44CDE90C44CDE90E44CDE910445E
:10464000CDE91244CDE914440EF0BBFC0822AF4979
:1046500069980EF07FFC002800F00F822246142398
:104660001AA907A8FFF764F80C2107A8ADF82240A3
:10467000FEF7FFFE0446002840F0428108226999B7
:1046800007A8FFF701F80446002840F0398118EE2A
:10469000101A07A8FEF7B2FF0446002840F0308148
:1046A00073781FA8022B6A9B0CBF4FF48072802284
:1046B0001968FFF709FD0446002840F0218173784E
:1046C0001FA8022B0AAB0CBF0E210A211A465B91D0
:1046D000FFF7BAFD9DF82280DDF81C90B8F10C0FB1
:1046E00040F0CA80D9F800000EABD9F8041003C31B
:1046F000D9F8080018600123ADF844408DF8464011
:104700008DF84730BBF1200F00F0EC80002F40F017
:10471000E98007A8FFF730F8EB8829680C220C3BEA
:1047200007A81944FEF7B0FFEB8881460C3BEB80ED
:104730007378022B0CBF4FF021084FF01108BBF12A
:10474000100F40F0E58029891FFA88F82846059166
:10475000FEF77CFE4246034605992846FFF73EF9E0
:104760008146002840F08E812881014672782846D3
:104770000DF1480A42F01002FEF7EDFE2868728E35
:10478000F16A01300EF0F6FB0AA8CDE9009A2B6819
:10479000EA881946FFF7F6FBEB884A464146A3EB49
:1047A000080328469BB2FFF719F9002840F06881FA
:1047B000EA880EA92B681FA81344524600935B4653
:1047C000FFF7A4FEEB88002F00F08F800C33EB8006
:1047D000B36A0133B362049B032B40F0918007A8B6
:1047E000FEF7CAFF0446002840F08A80039907A814
:1047F000FEF7C0FE0446002840F08280039B25336C
:10480000DBB2012B08D807A9082005F0E8F9082237
:10481000699907A8FEF738FF777896F83C304BEA9D
:1048200007070BB147F04007E88807A9053005F0F6
:10483000D6F90446002863D1394607A8FEF79AFE48
:10484000044600285CD118EE101A07A8FEF7D6FE21
:104850000446002854D103462A46BDF82210079882
:10486000FFF703F9044600284AD1BDF82220079932
:1048700028680EF07FFB43E0214610220EA80EF0C0
:10488000A0FB0EAB424649460AA8FFF724FB1022C4
:104890004FEAC80316A94FEA58180AA88DF86730DE
:1048A0000EAB8DF858408DF859408DF85A408DF870
:1048B0005B408DF85C408DF85D408DF85E408DF872
:1048C0005F408DF860408DF861408DF862408DF852
:1048D00063408DF864408DF865408DF86680FFF781
:1048E000FAFA0FE74FF0000922E729680C221AA80C
:1048F00019440EF02FFB40F20F13002818BF1C467E
:1049000020465DB0BDEC028BBDE8F08F3398060801
:10491000BBF1200F2BD112AB0AA801930023009307
:104920002B68EA881946FFF72DFB67B929892846C5
:104930000591FEF78BFD3A46034605992846FFF799
:104940004DF881462F812B8928462A681A44059202
:10495000FEF77CFD059A03460EA91FA8FFF72CFE63
:10496000B9F1000F40F08E80002FC9D030E7BBF1C5
:10497000300FF5D167B12B8928462A681A44059271
:10498000FEF764FD059A03460EA91FA8FFF714FE63
:1049900029891FFA88FA28460591FEF757FD5246E5
:1049A000034605992846FFF719F88146002869D182
:1049B000288101467278284642F03002FEF7CBFD8E
:1049C0002868728EF16A01300EF0D4FA12AB2968B1
:1049D000424601930AA8EB88A3EB0803009301EB7E
:1049E0000803FFF7CFFAEB884A465146A3EB0A03C8
:1049F00028469BB2FEF7F2FF002841D1B7B9EA88FA
:104A00000EA92B681FA8134412AA00931023FFF7C6
:104A10007DFD2B892A6828461A440592FEF716FD6B
:104A2000059A03460EA91FA8FFF7C6FDEA880EA93E
:104A30002B681FA8134412AA00931023FFF766FDEA
:104A4000EB88002F7FF4C2AE29680C221AA8194403
:104A50000EF080FA18B140F20F142F8150E7298927
:104A600028460391FEF7F2FC3A460346039928468E
:104A7000FEF7B4FF2F81044642E74FF481743FE70D
:104A800004463DE74C463BE710B5012486B004944C
:104A90000B9C03940A9C0294099C01949DF820406D
:104AA0000094FFF7ABFD06B010BD00002DE9F04704
:104AB0008AB006460D469046DDF850901C46DDE96A
:104AC000127A13B94FF481709FE0DB8822899B1A18
:104AD000012BF7DD0DF119012046FEF75EFE0028DF
:104AE00040F093809DF81930DC2BEBD8C72B23D8EE
:104AF0002D2B51D8202BE5D9213B0C2BE2D801A23C
:104B000052F823F0A14B0508C54A0508C54A050817
:104B1000C54A0508A14B0508A14B0508C54A05086B
:104B2000A14B0508C54A0508C54A0508C54A050838
:104B3000A14B0508A14B0508C83B142BC2D801A204
:104B400052F823F0A14B0508A14B0508A14B05081D
:104B5000A14B0508A14B0508A14B0508C54A05084E
:104B6000A14B0508A14B0508A14B0508A14B050861
:104B7000A14B0508A14B0508A14B0508C54A05082E
:104B8000A14B0508C54A0508C54A0508C54A0508D8
:104B9000114C0508114C0508412B01D0482B91D12F
:104BA0000DF11A01204604F0E9FF70BB0DF1190167
:104BB0002046FEF7F2FD40BB9DF8193003F03002AD
:104BC0003A70BAF1000F03D003F003028AF8002014
:104BD0005B063FF577AF3B78002B3FF473AF07A937
:104BE0002046FEF718FE80B9079BB9F1000F01D0EF
:104BF000C9E9003000223046CDE90342009202228A
:104C0000CDE901583978FFF7F9FC0AB0BDE8F08723
:104C10000DF11A01204604F0B1FF0028F5D1BDF8CE
:104C20001A20002ABCD0082A7FF44CAF08A92046DD
:104C300008ADFEF76BFFB3E72DE9F04F002489B014
:104C400015461E468146CDE90044CDE90244CDE932
:104C50000444CDE9064400285CD010295AD1002A2A
:104C600058D0D388102B55D1002E53D01821304660
:104C7000FEF7FFFB2A49182332683481F3800B6862
:104C8000B5F8068013604B68C8F3C70853603068F6
:104C9000EA882968062508300EF06CF908FB04FB49
:104CA000012727E032686B464FEAC70A106851684F
:104CB00003C302EBC70152F83700496803C310234E
:104CC000494668460DEB030204F0B6FD07EB0B0303
:104CD0000DF11702C3B904AB3268013703CBFFB241
:104CE00010605160326803CB02EB0A0C42F80A00F4
:104CF000CCF804104745D5D9681E013410F0FF05E3
:104D0000E4B2CBD1284607E0117859401B0A02F8DB
:104D10000119DFE74FF4817009B0BDE8F08F00BFE3
:104D2000F29706082DE9F04F8FB01D460F46164644
:104D300001901046FEF794FB019B002B00F08B8046
:104D4000102F40F08880002E00F08580C0F3C7044B
:104D5000F38800F4FF6083427DD1002D7BD039467B
:104D60002846FEF786FB002838D1EF80013C3768E3
:104D700004ABF288E4B2288106263868083A7968DC
:104D80000DF1180B03C307F1080128680EF0F2F8C3
:104D9000012C38BF0124A3B24FFA84FA04EB840437
:104DA00002930AF1FF335444DB00A4B20393A146FB
:104DB000039FD046B8F1000F13DC013E029B16F0B2
:104DC000FF06A4EB0304A4B2F1D10822234904A8EE
:104DD0000EF0C0F810B14FF0FF30EE800FB0BDE81C
:104DE000F08F04AB2A6808F1FF3893E8030008ABA2
:104DF0004FFA88F88BE80300D119D0594A46496820
:104E000003C30123C3F1080101333831DBB2694424
:104E100011F8200C5040C2F30F2201F8200C002A98
:104E2000F0D10AAA10230199584604F01BFD0AAAE2
:104E300004AB09F1FF3992E803002A681FFA89F9E7
:104E400083E803000CAB02EB070C03CBD051083F07
:104E5000CCF80410AEE74FF48170BFE73B9806082A
:104E600017281FD00ED8082819D005D8012819D026
:104E700007281BD0002070470F2815D01228F9D121
:104E800034200DE03E2808D005D81E280ED0282852
:104E9000F0D1482004E04028ECD13C2000E04C2038
:104EA00080B270472020FBE77820F9E74420F7E73D
:104EB0000B68C0F803308B88A0F8073000207047DB
:104EC00070B5044610461546FFF7CAFF1E46024657
:104ED000002860D009B188425FD1002120460EF041
:104EE00070F8258033781D2DE37073782371B378C3
:104EF0006371F378A3713379E371737923720ED8F8
:104F00000E2D13D90F3D0E2D10D8DFE805F0160F2A
:104F10000F0F420F0F0F34420F0F420F31005A2D67
:104F200037D005D82F2D34D0482D32D0002033E093
:104F30005B3D012DFAD803231BE00622022384F8EF
:104F40003C2041F20202A3706285154A84F8523077
:104F50000123E26240F201126384228602F13D7273
:104F600002F60172E26440F60502A4F85020DDE783
:104F70000223A370DAE780220123A2831922A370FF
:104F80006283084A2376226102F575020832626163
:104F9000CCE70123EDE70B2070BD0C20FCE700BF40
:104FA000F40205087800100013460A460021FFF7B6
:104FB00087BF000038B504460D46FFF751FF014694
:104FC00058B10120FBF714FC286040B12146048051
:104FD000044ABDE83840FFF7E7BF0B2038BD4FF467
:104FE0008270FBE7C0C0002037B50C460DF105010B
:104FF0000546FEF7D2FB60B99DF80530022B0AD1B9
:105000000DF10601284604F0B9FD10B9BDF80630CF
:10501000238003B030BD0C20FBE713B50C460DF127
:105020000601FFF7E1FF20B9BDF80630A34218BF23
:10503000092002B010BD37B505460C463AB90DF14E
:105040000601284604F09AFD68B103B030BD0DF1A9
:105050000501FEF7A2FB0028F7D19DF80530012BD2
:10506000EDD00C20F1E7BDF8063022889A4201D33A
:105070002380EAE70920E8E70122FFF7DCBF37B524
:105080000D460DF107010446FEF787FB38B99DF880
:105090000730112B05D129462046FEF77EFB03B0D1
:1050A00030BD0C20FBE737B50D460DF10701044676
:1050B000FEF773FB38B99DF80730122B05D129464E
:1050C0002046FEF793FB03B030BD0C20FBE7F7B59D
:1050D0000C460DF10501054617461E46FEF75DFB21
:1050E000A8B99DF80530BB421CD10DF10601284638
:1050F00004F044FD58B966B92046FEF73DFB30B9CF
:10510000BDF8063029462A892046FEF7DCFA03B0AE
:10511000F0BD2046FEF7A0F9BDF806308342EBD083
:105120000920F4E70C20F2E700230922FFF7CFBFA4
:1051300038B50D4609210446FEF71CFA50B90C217A
:105140002046FEF717FA28B921462846BDE8384020
:1051500005F04CBF38BD2DE9FF4105460F46164608
:1051600072B34FEAD20808F103082846FEF778F92F
:10517000404484B22846FEF76FF9A04223D30421AD
:105180002846FEF7F7F9044620BB2946304604F0CE
:1051900026FD0446F0B92868A046E9882346224641
:1051A000014401A8FEF7EDFC46451FFA88F115D130
:1051B00000243046FEF7C2FCEB881844E88009E082
:1051C0004FF00208D1E721462846FEF752F904467F
:1051D0000028D4D0204604B0BDE8F08107F00102D9
:1051E00001A8FEF701FD08F1010804460028E0D1FE
:1051F0007F08D9E738B50C460546092144B9FEF7C2
:10520000B9F9A0B901462846BDE83840FEF7B2B961
:10521000FEF7B0F958B9A1792846FEF7ABF930B9D5
:10522000E28828462168BDE83840FEF72DBA38BD2F
:1052300070B50E4604461546092106B14AB9204606
:10524000FEF798F9A0B901462046BDE87040FEF788
:1052500091B9FEF78FF958B9E9B22046FEF78AF9FD
:1052600030B92A4631462046BDE87040FEF70CBAF8
:1052700070BD38B50D4611210446FEF77BF928B9FB
:1052800029462046BDE83840FEF774B938BD38B528
:105290000D4612210446FEF76DF928B9294620462D
:1052A000BDE83840FEF788B938BD38B50D4606214F
:1052B0000446FEF75FF928B929462046BDE8384084
:1052C000FEF79CB938BD38B50D460F210446FEF7F0
:1052D00051F928B929462046BDE83840FEF7CBB938
:1052E00038BD38B50D4610210446FEF743F928B9FC
:1052F00029462046BDE83840FEF7BFB938BD0A460A
:10530000097809B9FEF736B900F0A5BE38B50C46E4
:1053100002210546FEF72EF928B929462046BDE8A8
:10532000384004F05CBC38BD38B50C460121054658
:10533000FEF720F928B929462046BDE8384004F098
:105340004EBC38BD38B50D4616210446FEF712F99D
:1053500028B929462046BDE83840FEF78CB938BD4B
:1053600038B50D4603210446FEF704F928B929464D
:105370002046BDE83840FEF77EB938BD2DE9F04F34
:10538000804687B00F4691460026FA88B3B29A420B
:1053900006D0B1B204AA384606F0CEF8014618B1DC
:1053A000002007B0BDE8F08F049B05AA986806F0BE
:1053B000C3F80028F4D1059806F04CFB05AA83B287
:1053C00001210093049B986806F0B6F80028E7D105
:1053D000059B05AA02219B68D3F800B0049B98683E
:1053E00006F0AAF80028DBD1059806F033FB049BF1
:1053F000054605AA0321986806F09EF80446002891
:10540000CED10598EDB206F025FB8246A1B2B8F8E0
:1054100006308B4221D003AA404604F0ACFA0028A3
:10542000BFD1039B0099186802888A4217D15A6835
:1054300092F90010A94212D1528852450FD106228A
:105440005946033001930DF085FD019B38B919468B
:10545000484604F04CFA0028A3D1013695E7013400
:10546000D4E7F7B51746044618461D460E4604F025
:1054700075FA3B78022B02D0002003B0F0BD012E5C
:1054800023D1B868C388032B12D80026B1B2E388B1
:105490008B42F1D06A46204604F06DFA0028ECD128
:1054A00000992846013604F022FA0028EED0E4E7FD
:1054B00001AA032106F040F80028DED1019B2A460C
:1054C00020469968FFF75AFFD7E7022EDDD1B8686A
:1054D000C388022B1BD901AA314606F02DF80028FB
:1054E000CBD1019806F0B6FA86B2B868C388032B10
:1054F0000FD901AA032106F01FF80028BDD1019899
:1055000006F0A8FA012E87B206D137B9BDE700260A
:10551000EBE7012EB9D0E78897B1013EB6B2BE42A3
:10552000AAD06A463146204604F025FA0028A4D1C4
:105530000099284604F0DBF900289ED10136EDE7FA
:10554000E788BF1BBFB2E8E70023038043804FF426
:105550008073838070470000F0B5DFF850C1BDF95B
:1055600024409DF81470B4F1FF3F08BF6446022A3E
:105570009DF818609DF81C5008D84FF6FF7C0C323F
:105580006145D2B21CBF01F1FF3189B24FF0000C6E
:1055900040F26D1EA0F806C0A0F808C04FF6FF7CD0
:1055A000614502BF0121C18040F2B271FF2A4FEA7A
:1055B000910C0EFB01CC4FF4C87EB1FBFEFEF4440F
:1055C0004FF0640EB1FBFEF1ACEB010105D1C288D6
:1055D00042F48172C280012203E0FE2A50D10122EE
:1055E0000272FF2B51D1C38843F48273C38001231D
:1055F00002F1010C4FF01E0E5FFA8CFC0EFB021242
:1056000005210CEB4C0CBCFBF1FC62441344254A15
:10561000934205D9A3F52F23A3F6C923002B3DD12F
:105620000023FF2F036084800DBFC3884FF46162A5
:10563000036843F0100316BF02FB0733C380036007
:10564000FF2E0DBFC3883C22036843F0200316BF22
:1056500002FB0633C3800360FF2D0BBFC3880368C2
:1056600043F040035B190CBFC380036014F5004F87
:10567000C38814BF43F0800343F4C073C380F0BDFC
:10568000FD2AAED102220272A5E7FE2B02D104232D
:105690000372ACE7FD2BABD10823F9E7024A534371
:1056A000BFE700BFC8FA0A00805101000080FFFF79
:1056B00003689BB13C21B3FBF1F201FB12324FF4C2
:1056C00061619B1AB3FBF1F201FB123206499B1A8E
:1056D000B3FBF1F201FB12329B1A0360C38823F083
:1056E000F003C380704700BF80510100174B47F2A1
:1056F0002421174AB0FBF3F000F5C74300F515105D
:10570000243300F281309B00B3FBF2F30F331422F9
:105710001844A0EB930041F689434243A2F68A1253
:10572000B2FBF3F3B2FBF1F2801A40F26D1202FB0E
:1057300013004FF47A725043064A9042A3F59350F7
:1057400094BF0C380B3880B2704700BF8051010005
:10575000B13A02007D8906000068FFF7C7BF00006C
:10576000184B194AB0FBF3F000F5C74300F51510CC
:10577000243300F281309B00B3FBF2F30F33142289
:105780001844A0EB930047F224234243A2F68A1266
:10579000B2FBF3F3C01A41F68943B2FBF3F340F2D4
:1057A0006D1202FB13034FF47A7247F28970534370
:1057B000064AB3FBF0F0934294BF00F1FF300D387E
:1057C000C0B2704780510100B13A02007D890600E5
:1057D0000068FFF7C5BF00001A4B47F289711A4AEB
:1057E000B0FBF3F000F5C74300F51510243300F2C9
:1057F00081309B00B3FBF2F30F3347F224221844AD
:10580000A0EB930014234343A3F68A13B3FBF2F2F5
:10581000801A41F68942B3FBF2F340F26D1202FBAB
:1058200013004FF47A7202FB00F3B3FBF1F31E2175
:1058300001FB130040F259214B43B3FBF2F3C01AB2
:10584000C0B2704780510100B13A02000068FFF712
:10585000C3BF00684FF46163B0FBF3F203FB1200B7
:105860003C23B0FBF3F0C0B2704700683C23B0FBB0
:10587000F3F203FB1200C0B2704703684FF4616299
:1058800002FB0131016070470368194401607047F1
:105890000023016043600381704700230360C380DD
:1058A00003817047830706D16422B0FBF2F302FB49
:1058B00013039BB253B94FF4C873B0FBF3F203FB6D
:1058C000120080B2B0FA80F04009704701207047A2
:1058D00008B50B2909D8DFE801F00F080F060F06FD
:1058E0000F0F060F060F1E2008BDFFF7DBFF002875
:1058F0000CBF1C201D20F7E71F20F5E70B7A037271
:10590000CB88C3804B7A43720B680360B1F90430D3
:105910008380704710B53C2404FB023203681A44AC
:105920004FF4616303FB0121016010BD02294FF0B8
:10593000640302F105029FBF00F1FF300C3180B219
:10594000C9B230B5B0FBF3F44FF4C87503FB1403D0
:1059500004EB84049BB2B0FBF5F01A44104400EB56
:1059600093001A2301FB03330A212044B3FBF1F314
:105970001844072380B2B0FBF3F3C3EBC303C01A90
:105980000130C0B230BD0000F8B5DDE908640D4655
:105990001146DDE9067C36B14FF03C0EB0FBFEF25D
:1059A0000EFB120232703C26B0FBF6F0BCF1000F89
:1059B00005D0B0FBF6F206FB12028CF800203C2268
:1059C000B0FBF2F02FB11826B0FBF6F206FB120284
:1059D0003A701822284E47F22427DFF8A0C0B0FB07
:1059E000F2F000F5C74200F51510243200F28130C4
:1059F0009200B2FBF6F20F3241F689461044A0EB5A
:105A0000920014224243A2F68A12B2FBF6F6B2FBCF
:105A1000F7F2801A40F26D124FF47A7702FB16000B
:105A200047F28972A6F593564743B7FBF2F26745F2
:105A300099BF0C3E02F1FF370B3EA2F10D0705B1F5
:105A40002E8001B10F705BB11E2606FB120040F2E2
:105A5000592672434FF47A76B2FBF6F2821A1A7024
:105A600044B13DB131B12BB11A7809782888FFF7DC
:105A70005DFF20700020F8BDB13A02007D8906006C
:105A80002DE9F04186B0002406460D460DF11503C0
:105A90000DF1110203940DF11601029305ABADF85F
:105AA000164001930DF113038DF8114000930DF191
:105AB000120300688DF812408DF813408DF81440E1
:105AC0008DF81540FFF760FFF28802F00703072BFF
:105AD00000F0DC80337A13F0010716D07F492846A6
:105AE000FDF70EFEF388590700F1AB801CB92F219A
:105AF0002846FDF73FFD337A13F0040423D078499C
:105B000028460024FDF7FCFD23E013F0020406D034
:105B1000744928463C46FDF7F3FD0127E2E790076C
:105B200006D402229DF811102846FDF744FFD9E75C
:105B300013F00C0705D06C4928462746FDF7E0FD19
:105B4000D0E70124CEE71A0774D568492846FDF747
:105B5000D7FDF388DB0700F18780002C7AD0BDF8F1
:105B600016102846FDF737FF0024F78807F0700766
:105B70001CB920212846FDF7FDFCF38813F010081E
:105B800040F0868002229DF813102846FDF713FF8F
:105B90000024F388990600F188801CB93A21284630
:105BA000FDF7E8FC02229DF814102846FDF703FFDC
:105BB0000024F3885A0600F184801CB93A21284653
:105BC000FDF7D8FC02229DF815102846FDF7F3FEDC
:105BD000B6F9044014F5004F21D0F388DB051ED43C
:105BE00043492846FDF78CFD002C4FF03C07284622
:105BF000B4BF40494049FDF783FD0222284694FB8B
:105C0000F7F63146FDF7D7FE3C492846FDF778FD0B
:105C100007FB16410222284609B2FDF7CCFE0021FF
:105C20002846FDF7A7FCEB880020013BEB8006B07F
:105C3000BDE8F08102229DF812102846FDF7BBFE58
:105C400087E7002F85D01CB92F212846FDF792FC4D
:105C5000254955E72F212846FDF78CFCF388D80706
:105C60007FF57DAF21467CE7337A13F00C0F09D026
:105C70001CB92F212846FDF77DFC1B492846FDF75E
:105C80003FFD71E7002F3FF470AFF1E701246CE7AF
:105C9000002F3FF47EAF1CB93A212846FDF76AFC7D
:105CA0002A212846FDF766FC72E7002F81D01CB937
:105CB0003A212846FDF75EFC2A212846FDF75AFCCA
:105CC00076E7002F84D01CB93A212846FDF752FC14
:105CD0002A212846FDF74EFC7AE700BF509C0608B3
:105CE0005C9C0608569C06085A9C0608649C06089C
:105CF0006D9C0608729C0608749C0608237B0608A7
:105D0000037A5B072DE9F04104460568B0F9048089
:105D100011D5FFF79BFD06462046FFF71DFD074600
:105D20002046FFF755FD01463846FFF7D1FD064BEB
:105D3000801B03FB0055C8F30E0313B13C2303FB88
:105D400018552846BDE8F08180510100F0B54F1C80
:105D500089B006460D46144600F08280FFF7D0FF5A
:105D600000230DF1120207A903930DF1160300277A
:105D700002930DF11503019305AB00930DF113038D
:105D8000FFF702FE14F5004F0DF117020DF11E0191
:105D900018BF3C23039718BF03FB14550DF11B03D9
:105DA00002930DF11A03284601930DF11903009394
:105DB00006ABFFF7E9FDF28812F077044AD05606E9
:105DC0004DBF3B469DF816009DF81B3018469506C2
:105DD00008D49DF815403C2101FB04009DF81A40B1
:105DE00001FB0433D40609D49DF814404FF46161DB
:105DF00001FB04009DF8194001FB0433510708D44E
:105E00009DF81340174901FB04009DF8184001FB61
:105E1000043302F00101920715D451B9BDF81C10EA
:105E2000BDF81E20914204D01AD24FF0FF3009B0C5
:105E3000F0BD9DF812109DF817209142F4D19842C0
:105E4000F2D10020F3E70029F9D1BDF81C10BDF80C
:105E50001E20F2E73046FFF753FF8542F1D0E4D829
:105E60000120E4E78051010010B504460846FFF721
:105E700047FF0146B4F904202046BDE81040FFF773
:105E800065BFB0F90420C2F30E035BB103686FF085
:105E90003B0101FB0233036000238380437A03F05C
:105EA0007F03437200207047F0B54FF6FF73002563
:105EB000094FAEB20135B24203D8D84340BA80B2DE
:105EC000F0BD04683444645C5C40E4B237F81440CC
:105ED00084EA1323EDE700BF7E9C060810F0FB0F59
:105EE00003D0831F58425841704701207047C38D2B
:105EF0004BB1036B53B1B0F852303F2B8CBF002035
:105F00004FF48170704740F2071070474FF484706F
:105F10007047D0F8CC00003818BF01207047D0F887
:105F2000D800003818BF012070470000036E9B079F
:105F300010B516D4D0F8D840003C18BF0124D0F8D2
:105F4000CC301BB190F89030C3F3400302F1250030
:105F5000C0B201284FD934B12AB903F1DB01C9B26B
:105F600029E00124EBE7C72920D8BF2907D86229F7
:105F700021D063291FD00F29EFD000211BE0C039A9
:105F80000729FAD801A252F821F000BFBB5F05082B
:105F9000C55F05087B5F0508CF5F0508D95F050869
:105FA000E35F05087B5F0508ED5F0508DB2902D08C
:105FB000DC2918BF0021084610BD002B14BFD021DA
:105FC000C821F8E7002B14BFD121C921F3E7002B2A
:105FD00014BFD321CB21EEE7002B14BFD421CC2159
:105FE000E9E7002B14BFD521CD21E4E7002B14BF36
:105FF000D721CF21DFE71146DDE700BF90F82C3035
:10600000012B90F82D300CBF80220022012B08BFFD
:1060100042F0400231B190F82430013303F00F0315
:1060200080F8243090F824001043704790F82C300A
:10603000012B90F82D300CBF4FF000420022012BB5
:10604000836A08BF42F08042591C23F07F4381627B
:1060500043EA0200704770B5064610460D461446E6
:1060600005F0B2FE30B9324629462046BDE8704000
:1060700005F0A1BB70BD70B50E460231154603F0A8
:106080007DFD044618B14FF48274204670BD08208F
:10609000FAF776FBA8600028F5D005F03BF9718887
:1060A000A86805F03BF901232B70EEE7C38810B414
:1060B00004891B1B032B0DDD92F90030002B07DB3D
:1060C0001146062301F8083B5DF8044BFDF7A3BB1E
:1060D0009168F9E7002048715DF8044B7047C38868
:1060E00010B404891B1B032B0DDD92F90030002B2B
:1060F00007DB1146052301F8083B5DF8044BFDF76B
:10610000F1BB9168F9E7002048715DF8044B7047D6
:1061100073B51D46002304460E46ADF80630AAB1FD
:10612000C388ADF806300A23BDF806002B70D0B145
:106130000C20FAF725FBA860FDF795F9BDF80630AD
:1061400022892146A868FDF7BEFA0CE00DF1060190
:1061500003F014FD48B92289E3889B1ABDF8062094
:106160009342E0DA707102B070BD4FF48270FAE7CA
:10617000F7B51D4617460023044628460E46ADF8DF
:10618000063005F041F9AFB1E388ADF80630BDF84F
:106190000600F8B10C20FAF7F3FAA860FDF763F9EE
:1061A000BDF8063022892146A868FDF78CFA0C2339
:1061B0002B700DE00DF10601204603F0DFFC58B90D
:1061C0002289E3889B1ABDF806209342DFDA7071BA
:1061D00003B0F0BDA860FBE74FF48270F8E773B539
:1061E00005460C461E4652B1C388ADF80630BDF8D0
:1061F00006409CB9304605F007F920460CE00DF149
:10620000060103F0BBFCB0B92A89EB889B1ABDF8E4
:1062100006209342EBDA607102B070BD2B892246F2
:1062200029683046194405F051F92B89BDF806203C
:1062300013442B81F0E74FF48270EDE72DE9F34131
:1062400005460E461C46D2B1C388ADF806300C2078
:106250000027FAF795FAA060FDF705F9BDF80610DA
:106260000A23DFF874804900A068237089B2FDF723
:1062700000F9BDF80630BB4213D100200EE00DF14D
:10628000060103F07BFC20BB2B89EA88D21ABDF8FB
:1062900006305B009BB29A42D9DA707102B0BDE859
:1062A000F0810DF105012846FDF777FA0028F5D1B8
:1062B0009DF805600137A068330906F00F0618F84D
:1062C0000310FDF7D8F918F80610A068FDF7D3F908
:1062D000CFE74FF48270E1E7849E0608C38810B5CB
:1062E000144602899B1A002B02DC0020487110BD65
:1062F00094F90030002BACBF04F10801A168FDF750
:106300004CFA0028F3D194F90030002BA4BF1123DC
:106310002370ECE7C38810B5144602899B1A012B41
:1063200002DC0020487110BD94F90030002BACBF96
:1063300004F10801A168FDF788FA0028F3D194F967
:106340000030002BA4BF10232370ECE7C38810B5E6
:10635000144602899B1A002B02DC0020487110BDF4
:1063600094F90030002BACBF04F10801A168FDF7DF
:1063700023FA0028F3D194F90030002BA4BF0F2397
:106380002370ECE7C38810B5144602899B1A012BD1
:1063900002DC0020487110BD94F90030002BACBF26
:1063A00004F10801A168FDF721FA0028F3D194F95E
:1063B0000030002BA4BF12232370ECE7C38810B574
:1063C000144602899B1A072B02DC0020487110BD7D
:1063D00094F90030002BACBF04F10801A168FDF76F
:1063E000AFFA0028F3D194F90030002BA4BF142396
:1063F0002370ECE7C38810B5144602899B1A072B5B
:1064000002DC0020487110BD94F90030002BACBFB5
:1064100004F10801A168FDF79EFA0028F3D194F970
:106420000030002BA4BF15232370ECE7C38810B500
:10643000144602899B1A002B02DC0020487110BD13
:1064400094F90030002BACBF04F10801A168FDF7FE
:10645000A4F90028F3D194F90030002BA4BF16232F
:106460002370ECE72DE9F043C3881646028989B012
:1064700005469B1A032B06DC002004464871204683
:1064800009B0BDE8F0830DF11F01FDF786F9044660
:106490000028F4D10DF11F0128469DF81F70FDF76B
:1064A0007CF904460028EAD10DF11F0128469DF829
:1064B0001F80FDF772F904460028E0D10DF11F019D
:1064C00028469DF81F90FDF768F904460028D6D1AC
:1064D0009DF81F30FF2B16BF03EB83034FF6FF75AC
:1064E0005D0096F90030002B03DB0C20FAF748F929
:1064F000B060084B4FF6FF71B0680097CDE90353C9
:10650000FF23CDE901891A46FFF726F81B233370D4
:10651000B5E700BF0080FFFF2DE9F041C3881546B5
:10652000028988B006469B1A042B06DC002004462C
:106530004871204608B0BDE8F0810DF11E01FDF75D
:1065400055F904460028F4D10DF11D013046FDF740
:1065500024F904460028ECD10DF11D0130469DF8C8
:106560001D70FDF71AF904460028E2D10DF11D0156
:1065700030469DF81D80FDF710F904460028D8D15B
:1065800095F90030002B03DB0C20FAF7F9F8A8602E
:10659000FF220C4BBDF81E100092A868CDE9032322
:1065A000CDE9012243463A46FEF7D6FF9DF81D305D
:1065B000072B81BFAA68D38843F00803D3801A232E
:1065C0002B70B6E70080FFFF2DE9F041C388174626
:1065D00002898AB005469B1A0B2B06DC0020044674
:1065E000487120460AB0BDE8F08109A9FDF7FEF820
:1065F00004460028F5D197F90030002B80F2C080C6
:10660000BE6800230DF11F0128468DF81F308DF85C
:1066100020308DF821308DF822308DF82330FDF7B1
:10662000BCF804460028DCD108A92846FDF7B5F8D7
:1066300004460028D5D10DF11E012846FDF7ADF81E
:1066400004460028CDD10DF121012846FDF7A5F81B
:1066500004460028C5D10DF122012846FDF79DF81A
:1066600004460028BDD10DF123012846FDF795F819
:1066700004460028B5D10DF11E012846FDF78DF81E
:1066800004460028ADD10DF126012846FDF7DDF8BE
:1066900004460028A5D10DF11E012846FDF77DF81E
:1066A000044600289DD1BDF824304FF6FD729DF8B8
:1066B0001E70013B77729BB2934285BF40F2B2736A
:1066C00081258025ADF824309DF81F305A1E0B2AF5
:1066D00008D90333DBB2012B82BF012345F0020549
:1066E0008DF81F309DF820305A1E1E2A08D903331A
:1066F000DBB2012B82BF012345F004058DF8203069
:106700009DF821304FF000089DF81F203046182BCF
:10671000BDF82410CDF80C8082BF002345F0100591
:106720008DF821309DF822303C2B82BF002345F0AC
:1067300020058DF822309DF823303C2B82BF0023AA
:1067400045F040058DF82330ADB2BDF926300493F5
:106750009DF8233002939DF8223001939DF821305B
:1067600000939DF82030FEF7F7FEFF2FF58008BF5D
:1067700045F40075777204BF86F80980F58030E72C
:106780000C20F9F7FDFF19230646B8603B7038E787
:10679000CB882DE9F04F074687B00E4691461BB9CE
:1067A00091B2304604F0BAFD4FF0000ACA4501D15B
:1067B000002430E00DF101013846FCF7EEFF0446FD
:1067C00048BB9DF80180B8F1010F70D10DF10201B5
:1067D0003846FDF70BF80446E8B902A804F001FCBE
:1067E0000820F9F7CDFF8DF80880049010B94FF418
:1067F000827410E004F08EFD424604993846FFF79B
:10680000C7FF214601AA049804F096FE044630B161
:10681000304604F0D4FD204607B0BDE8F08F1020CC
:10682000F9F7AEFF05460028E1D004F0DAFB0820B6
:1068300085F80080F9F7A4FFA86030B9284604F075
:10684000E3FD2846FAF764F8D1E704F063FDBDF8EC
:106850000230A34209D102A804F0D6FD29463046F1
:106860000AF1010A04F082FDA0E71020F9F788FF81
:1068700080460028E2D004F0B4FB0199404604F0C1
:10688000D7FF834668B140465C4604F0BDFD4046F4
:10689000FAF73EF8284604F0B7FD2846FAF738F82C
:1068A000B9E74146A868013404F060FDCFE7B8F1CC
:1068B000020F4FF0100029D1F9F762FF05460028BA
:1068C00095D004F08EFB0DF101013846FCF765FF11
:1068D000044648B1304604F072FD284604F094FDA9
:1068E0002846FAF715F896E7082085F80080F9F7AA
:1068F00047FFA86000283FF47AAF04F00BFD9DF835
:106900000120A9683846FFF743FFA7E7F9F738FFEA
:10691000044600283FF46BAF04F063FBF3881BB917
:106920000121304604F0FAFC4146204604F0BAFD4D
:10693000214694E72DE9FF410646B0F8088010464D
:1069400015460C4604F060FD3289F3889A4204D162
:106950000020607104B0BDE8F081012327796371E4
:106960004FB90DF10D013046FCF717FF0028F1D1AA
:106970009DF80D30237123790BB90020EAE73089A7
:10698000F1888842E4D023F080033A1E03F1FF33FC
:1069900018BF01221A2B00F2C980DFE803F00E0EA7
:1069A000193A5F65C7C7776BC7717DC783898F95B4
:1069B0009BA3A9AFC7C7B5BBC1002B464246214622
:1069C000304600F0B6F823792B700028C2D104E0DD
:1069D000091A002906DC0023637195F90030002BA9
:1069E00011DACAE70DF10E013046FCF7D6FE002899
:1069F000B0D19DF80E3095F90020003B18BF01235F
:106A0000002A03DB2B7223792B70B6E7AA68137078
:106A1000E3E700230DF10E013046ADF80E3003F030
:106A2000ADF8074610B14FF4827093E7BDF80E0041
:106A3000FDF784F8F38832899B1A834201DA677183
:106A4000CBE70C20F9F79CFEA860FDF795F8BDF8A0
:106A50000E203146A86803F0E7FAB6E72A46214639
:106A60003046FFF73CFBB0E72A4621463046FFF7A9
:106A70001DFBAAE72B4621463046FFF749FBA4E75A
:106A80002B4621463046FFF773FB9EE72B462146F7
:106A90003046FFF7A4FB98E72B4621463046FFF728
:106AA000CDFB92E72A4621463046FFF74FFC8CE7A4
:106AB0002A4621463046FFF72DFC86E72A46214626
:106AC0003046FFF70BFC80E72A4621463046FFF7A9
:106AD00059FC7AE700202B4622463146009000F010
:106AE00045F972E72A4621463046FFF767FC6CE716
:106AF0002A4621463046FFF77DFC66E72A462146B6
:106B00003046FFF793FC60E72A4621463046FFF700
:106B10005BFD5AE72A4621463046FFF7FDFC54E765
:106B20002A4621463046FFF79DFC4EE74FF4817020
:106B300010E72DE9F34799464B8807460D469046E6
:106B400053B94A46FFF797FA044618B1204602B0F7
:106B5000BDE8F0876B8833B1FA883B899A4202D14D
:106B600000246C71F2E7B5F800A06B88534523D080
:106B70001020F9F705FE0646A0B304F032FA684685
:106B8000FEF7E2FC324669463846FFF7D3FE04467C
:106B900030B1304604F038FC3046F9F7B9FED5E79D
:106BA0009DF8054064B9304604F02EFC3046F9F7F4
:106BB000AFFEA7F808806C710024A5F800A0C5E717
:106BC000BDF80220BDF800309A4206D13146D9F80E
:106BD0000800B7F8088004F0C9FB0AF1010A1FFA9F
:106BE0008AFAC2E74FF48274B0E72DE9F7430D4605
:106BF0000446684617461E46FEF7A6FC1020B4F869
:106C000008808DF80450F9F7BBFD8146002860D05C
:106C100004F0E7F90A2D1FD12389A3EB0803B3423F
:106C200016D2484604F0F0FB6846FEF78DFC4B4652
:106C30000022694620468DF80450FFF769FA40B9F2
:106C40004946384604F092FB9DF80530002BE3D10D
:106C5000002003B0BDE8F083092D34D12389A3EBD4
:106C60000803B342F4D2484604F0CEFB6846FEF770
:106C70006BFC4B460022694620468DF80450FFF716
:106C8000AEFA0028E5D14946384604F06FFB9DF87E
:106C90000530002BE2D1DBE7484604F0B5FB68463F
:106CA000FEF752FC4A46694620468DF80450FFF72D
:106CB00041FE0028CDD14946384604F057FB9DF8E7
:106CC0000530002BC4D02389A3EB0803B342E3D3E0
:106CD000BEE74FF48270BCE72DE9F74380461020F1
:106CE0000F469146F9F74CFD054628B94FF48274DA
:106CF000204603B0BDE8F08304F073F901230820B7
:106D00002B70F9F73DFDA8600028EFD0002604F0B5
:106D100001FBFB88B34205D129464846002404F014
:106D200025FBE5E701AA3146384604F005FC044698
:106D300030B1284604F068FB2846F9F7E9FDD7E7AB
:106D40000199AA680B78013B012B4FF0010308D889
:106D500089684046FFF7C0FF04460028E9D10136A4
:106D6000D7E7097A4046FFF740FFF5E72DE9F04FF6
:106D70000E468BB01846154698469DF8507004F0A4
:106D800043FBF38832899B1A012B03DC00206871D6
:106D9000044637E00DF109013046FCF7FEFC0446DD
:106DA00080BB9DF80950012D00F0F4800DF10A011F
:106DB000304602F0E3FE044620BB0820F9F7E0FC71
:106DC0000122C8F8080088F80020002800F0E580BB
:106DD00004F0A0FA022D40F0D48006A804F09AFA3C
:106DE000BDF80A2006A93046FFF7D2FC044618B1C8
:106DF00006A804F0E4FA05E047B106A9D8F80800AF
:106E000004F090FB20460BB0BDE8F08F3289F38888
:106E10009A422AD1ADF80A0033890193019A338945
:106E20009B1ABDF80A209342E2DA0820F9F7A8FC81
:106E30000746002800F0A2804FF0000904F06AFA2B
:106E4000BDF81E30994579D003AA494606A804F03A
:106E500073FB0546B0B106A804F0B1FA384604F059
:106E6000AEFA3846F9F754FD0AE00DF10A01304652
:106E700002F084FE05460028CED006A804F09FFA52
:106E80002C46BFE703990D78022D09D101233A461C
:106E900089683046FFF720FF054600284AD0DAE728
:106EA000012D61D108A804F035FA03992B4608AAF0
:106EB00089683046FFF710FF834630B9014604AABF
:106EC00008A804F039FB834660B308A85D4604F0C7
:106ED00076FA06A804F073FA384604F070FA3846D9
:106EE000F9F716FDCCE705AA594604F025FB05463F
:106EF00018B108A804F063FAADE71020F9F740FCD8
:106F0000824600283AD004F06CF80599504604F007
:106F10008FFC05460028B3D10BF1010B51463846D2
:106F200004F024FA049B9868C3889B45DBD108A829
:106F300004F045FA3289F3889A421CD1FA88BDF8E8
:106F40001E309A42FFF454AF1020F9F719FC0546A1
:106F5000A0B104F046F80123AF6029462B70D8F8A1
:106F6000080004F003FA59E701233A46097A30464B
:106F7000FFF73BFE90E709F1010961E74FF48275E5
:106F80007EE7BDF80A302946D8F808203046FFF7DA
:106F90002CFEFDE64FF4817434E74FF4827431E740
:106FA00038B502460B680D890C46581992F85830CE
:106FB00003223BB106490BF0CDFF28B90335002071
:106FC000258138BD0349F6E74FF48170F9E700BF2A
:106FD000819E06087E9E06082DE9F34104460D4673
:106FE0001746B0F80880002608EB0601E38889B24E
:106FF0008B420AD00DF1030220460136FCF7EBFB71
:10700000A8B99DF80330DB07EED527B1012E04D0D7
:1070100040F207100BE0012E0CD10DF103012046C8
:10702000FCF7BBFB18B99DF803305B082B6002B07E
:10703000BDE8F081022E0ED101A92046FCF7D6FB57
:107040000028F4D1BDF80430C3F346029B1003F4CA
:107050007E531343EAE7042E14D101A92046FCF71E
:10706000DAFB0028E3D1019B9908C3F3460201F43F
:107070007E510A43D9081B0901F4FE1103F07E6317
:107080000A43E6E74FF48170D1E7B0F5804F39BF8E
:10709000C30900F07F00830BC0F30D0034BF0B6009
:1070A0000B60106070472DE9F041164686B08046AF
:1070B0000D46002201A930461F46FFF78DFF04460A
:1070C000A8B9424669463046FFF786FF044670B9C4
:1070D000019BB8F1000F23D02A6B62B19A420AD00B
:1070E0004FF4847405AA31893046FCF774FB2046BE
:1070F00006B0BDE8F081EA8D2B63009B72B193422C
:107100000CD005AA31893046FCF765FB04460028FF
:1071100033D19DF81430932B2FD1009BEB85E6E7FC
:10712000EA8D00989A4209D0824204D12A6B9A4291
:1071300001D1013737814FF0FF34D8E72B6B834201
:10714000D5D003F07F027F2AD1D0C3F30D0343F6DD
:10715000FF729342CBD003AA02A9FFF796FF05AABC
:1071600004A9286BFFF791FF029A049B9A42E2D18F
:10717000039A059B9A42BAD0DDE740F20714B6E7BE
:107180007F2810B508DC4000012340F00100C0B2A8
:1071900008600020136010BDB0F5804F0BDA124B71
:1071A00003EA80034000C0B2034343F001039BB2F3
:1071B0000B600223EDE7B0F1805F12DA03014400B7
:1071C00003F07E43E4B22343C400800004F47E0451
:1071D00000F47E4023431843042340F0010008607C
:1071E000D7E74FF48170D6E700FEFFFF37B50D46B5
:1071F0006A4601A9FFF7C4FF044638B9009B012B7A
:1072000007D19DF804102846FCF7B4F9204603B0D6
:1072100030BD022B05D1BDF804102846FCF7CCF98F
:10722000F4E7042B04D101992846FCF7E7F9EDE7D0
:107230004FF48174EAE72DE9F04389B0804618469F
:10724000894617461D46FCF797FA04230022694633
:1072500002A8FCF76DFA0423002205A80DEB030138
:10726000FCF766FA98F85830002B00F09B8001215B
:1072700002A8FCF7FEF80446002840F0268104210D
:1072800005A8FCF7F6F80446002840F01E8129F016
:10729000100302A9032B40F08280B8F8880100286F
:1072A0007DD0FFF7A3FF0446002840F00E8105A91A
:1072B000D8F83000FFF79AFF0446002840F0058117
:1072C00008212846FCF7D5F80446002840F0FD8048
:1072D0007E212846FCF74EF90446002F00F0F1808D
:1072E0003A89B8F864600AB9033EB6B2002C4CD1B2
:1072F000FB88002B72D1A0212846FCF73BF90446FD
:10730000002842D1BDF80E102846BDF81A300026DC
:1073100019440531C9B2FCF72DF90446ACBB22462D
:10732000BDF80E3002A92846FCF7CDF9044660BB33
:107330000246BDF81A3005A92846FCF7C4F90446F0
:1073400018BBB9F1000F40F086800121404602F0E1
:1073500007F801462846FCF70DF90446A8B9EA8863
:1073600001212846013AFEF79FFD01462846FCF719
:1073700023F9044648B9002E70D17E212846FCF737
:10738000F9F80446002800F0818002A8FCF7F4F91F
:1073900005A8FCF7F1F9204609B0BDE8F083B8F87C
:1073A0002E007EE7042102A8FCF763F804460028BB
:1073B00040F08B80012105A8FCF75BF8044600280B
:1073C00040F0838002A9D8F83000FFF70FFF044691
:1073D00000287AD105A9B8F82E006BE79B1AB342B2
:1073E0002DDC3846FCF732F8BDF80E10BDF81A3027
:1073F0000646073119440144C1F3022141F0A001BE
:107400002846FCF7B7F804460028BED1002E3FF40A
:1074100079AF06F10B01284689B2FCF72AF8044639
:107420000028B2D1BDF80E102846BDF81A30194414
:1074300007313144C9B2FCF79DF804466EE7BDF848
:107440000E30BDF81A1007330B443344C3F3022344
:1074500043F0A801D4E75FFA89F17BE733463A8924
:1074600039462846FCF72FF9044600288DD1EA88D2
:1074700001212846013AFEF717FD01462846FCF790
:107480009BF8044600283FF478AF7EE798F8583020
:10749000002B3FF47AAF002F3FF477AFFB88398998
:1074A0008B4204D13846FCF767F904466DE75B1A56
:1074B000024638469BB2FCF791FA002304463B8112
:1074C00063E700283FF417AF5FE7002F7FF408AFB2
:1074D0005BE72DE9F8438C8D054603890E46174678
:1074E000B1F80A809C4216D3E41AA4B29CB101F10F
:1074F000040908EB0401484689B2FBF7BAFF68B9F2
:1075000023462A8929464846FCF7DDF830B917B1E9
:107510002B8903332B810020A6F80C80BDE8F8836B
:107520002DE9F04F8DB01F46B2F808B082469DF8A5
:107530005C300E461546DDF8589005939DF8603096
:107540000693D388A3EB0B03082B03DC00203874CD
:10755000044683E00123D8463B74EB88434520D89A
:10756000D8462A89EB889A42F0D049462846FCF74B
:1075700014F90446002871D199F8003003F0F002A4
:10758000A02A1FD02B89013B2B81069B2A4631461E
:1075900050460293059BCDE900933B46FFF7C0FFA1
:1075A000D6E70DF12D012846FCF7F7F80446002830
:1075B00054D19DF82D307E2BD3D008F101081FFA4D
:1075C00088F8CAE713F0070B0DF12D0128461CBF00
:1075D0001B0203F4E06BFCF7E0F8044600283DD101
:1075E0009DF82D302A895B440793EB889B1A079AF4
:1075F0000133934203DA3874A5F808802EE0079B24
:107600000DF12D02284643449BB2089301339BB2EF
:1076100019460993FCF7DFF80446F8B99DF82D20C8
:10762000099B7E2A02D02B89023BADE72A463146D0
:107630005046FFF738FD0446D8B140F20713984290
:107640000CD0B0F5847F0DD12B89EA8804339342A6
:107650000AD100232846BB85FCF78EF820460DB0E2
:10766000BDE8F08F013490D008F10108A5F808803A
:107670008BE74946284699F800B0FCF78EF8044697
:107680000028EBD13B781BF0080F14BF43F0010337
:1076900003F0FE033B70059B83B999F80010304658
:1076A00001F0DAFD50B9089B02332B8196F858306F
:1076B000002B3FF46AAF40F21914CFE72A8908F192
:1076C000010B2846A2EB08025946013AFEF7ECFBF3
:1076D0000DF12E0109902846FCF788F80446002891
:1076E000BCD1BDF82E30099A2989934207D0EB8886
:1076F0005B1A082B3FF749AF40F20D14AEE7079B2A
:10770000984408F101038B4233D009935946079BF3
:1077100028469A1EFEF7C8FB0DF12E02834608F19B
:10772000FF312846FCF719F900287FF411AFBDF8A6
:107730002E205A45E0D1089B5A1E099BBA8599F81C
:10774000002002F0EF01032966D002F003010329B3
:107750001FD12A89934214D099F80030732B7B7083
:1077600029D00AD81F2B26D0532B24D06FF0010428
:1077700074E7089A013ABA85E1E703F0FB03932B1B
:10778000F3E70DF12D012846FCF707F80028E3D0B8
:10779000DEE6D10740D5C2F38102013A012AE5D9DC
:1077A0002A89934207D10DF12D012846FBF7F5FFF9
:1077B00000287FF4CDAE96F85830002B3FF44EAF42
:1077C000069B1BB97B78932B7FF448AFF28D304634
:1077D000316BF5F769FB00287FF440AFB5F80880FE
:1077E000EB883063A3EB0803F085082B2BDD069BA9
:1077F0002A46314650460293059BCDE900933B460D
:10780000FFF78EFE336B0446002B3FF427AFF38D5A
:10781000002B3FF423AFEFE62A8993420ED10DF1FE
:107820002D012846FBF7B9FF00287FF491AE99F8A7
:107830000030DB07BFD501233B70BCE7294630464B
:10784000FFF7AEFBB7E740F2071407E7F7B5089F6D
:107850001D4600230E4604460DF106013B7090F8CC
:10786000583030460BB3FBF7C1FF38B9E38D3BB15D
:10787000BDF806209A4203D040F2071003B0F0BDD5
:10788000BDF806300DF106013046E385FBF7AEFF8B
:107890000028F3D1226BBDF8063022B19A4202D003
:1078A0004FF48470EAE72363E8E7FBF79FFF0028C3
:1078B000E4D1226BBDF80630DAB19A4219D0002D1E
:1078C000EED0A5F8483001233B700DF1060130469B
:1078D000FBF78CFF0028D1D1E28DBDF8063052B104
:1078E0009A4208D0002DC7D0A5F84A3001233B703A
:1078F000C4E72363E9E7E385C0E72DE9FF47DDF847
:10790000308000241F46824688F800400D46B1F8BA
:1079100008901646CB881474A3EB0903072B01DCEF
:10792000002033E007B13C742A89EB889A42F7D0F3
:107930000DF10E012846FBF759FF38BBBDF80E309C
:10794000012B26D13B46324629465046CDF80080D1
:10795000FFF77CFFD0B927B198F80030002B18BF93
:107960003E460DF10E012846FBF740FF70B92B890A
:10797000EA88BDF80E10D21A8A42AABF012200225C
:107980005B183274ACBFB385A5F8089004B0BDE8AD
:10799000F0872B89013B2B81C6E738B50D46C3889C
:1079A00001890446994203D1FBF7E6FE002038BD69
:1079B0005B1A2A469BB2FCF711F82581F6E7F8B569
:1079C000054618460F4614461E46FBF7D5FE00280E
:1079D0004ED1E188304623890831C91A89B2FBF7B4
:1079E00048FD002844D101213046FBF7E5FD002881
:1079F0003ED195F8583063B3298E3046FBF7DCFD55
:107A0000002835D1B5F8881109B30F2F01D0C22F46
:107A10001DD13046FBF7D0FD50BBE1883046FBF767
:107A2000CBFD28BB22892146E38830469B1A9BB2B6
:107A3000FBF749FEE0B995F85830CBB1E3882189CE
:107A40008B420DD12046BDE8F840FBF795BEE98D8D
:107A5000DFE7E98D3046FBF7AFFD48B9298ED8E75F
:107A60005B1A024620469BB2FBF7B8FF0023238136
:107A7000F8BD10B590F8E0300BB9002010BD91F8BA
:107A800039400021FEF7BAFA8442F6D040F21B10CA
:107A9000F4E72DE9F7430E1D07460D460DF10101F0
:107AA00030469046FBF779FE044630BB05F13901BC
:107AB00030469DF80190FBF770FE0446E8B9294670
:107AC0003846FFF7D6FF0446B8B9B9F1010F0FFAEF
:107AD00089F31CD10DF101013046FBF75EFE04462F
:107AE00058B99DF8013063B10DF101013046FBF743
:107AF00054FE044608B99DF80140204603B0BDE895
:107B0000F08301463046FFF748FF0446F5E7022BB5
:107B10005DD10DF101013046FBF73FFE0446002820
:107B2000EBD19DF801202B78002A42D143F00203CB
:107B300001A930462B70FBF76EFE04460028DCD10D
:107B4000019BD7F88C20012B36D0012A34D1C7F8FD
:107B50008C300DF101013046FBF71FFE0446002872
:107B6000CBD19DF80130002BBED10DF10201304682
:107B700002F004F804460028BFD12B78DB0707D4B5
:107B80003046FBF763FCBDF80230834226D86C70A8
:107B9000BDF80230A3B9A5F80A802B78002BACD130
:107BA00095F82E30002BA8D13846AB8101F06CFA45
:107BB000A3E703F0FD03BBE79342CAD013249CE77D
:107BC00041463046FFF7E9FE0028E6D09DE7032B4B
:107BD0000CBF4FF0FF344FF481748EE74FF4827482
:107BE0008BE72DE9F04389B00C46804604AD02A82E
:107BF000FDF7AAFC284603F0F4F9237E012B07D1F8
:107C00008DF80C30238DADF80A306389ADF808305B
:107C1000638D2A46B4F80C9002A9201DA381FEF7BB
:107C200089FE064630B1284603F0EEFB304609B027
:107C3000BDE8F0839DF81030002B36D0013B012BBE
:107C40001FD99DF80C3084F8303004F1180795E8FE
:107C50000F0087E80F00A3896385BDF80A302385EC
:107C60006378A4F80C900F2BE0D09DF80D30002B1A
:107C7000DCD02578002DD9D1404601F005FAA58148
:107C8000D4E7237E002BE0D0054609E001AA29466F
:107C900003F052FC98B901350199206A03F066FBA4
:107CA0000698C388AB42F1D1D5E79DF80D30002B83
:107CB000D6D063780F2B04BFA3896385D0E706462F
:107CC000B4E7F7B50F1D05460E460DF1070138461E
:107CD000FBF763FD0446D8B906F139013846FBF7D6
:107CE0005CFD0446A0B931462846FFF7C2FE0446B3
:107CF00070B99DF80730012B51D10DF106013846BE
:107D0000FBF74BFD044618B99DF806301BB11C4625
:107D1000204603B0F0BD284601F0B6F9B289738958
:107D20009A42F5D20DF106013846FBF736FD0446BE
:107D30000028EDD19DF806302BB921463846FFF7D3
:107D40002CFE0446E4E7012B2CD10DF10601384648
:107D5000FBF723FD04460028DAD19DF80630002BFE
:107D6000EBD0092B10D10DF10602B1893846FBF793
:107D700032FD04460028CBD19DF80630102B03D1EC
:107D8000B389013BB381D8E70DF106013846FBF713
:107D900004FD04460028BBD19DF80640B8E74FF427
:107DA0008074B5E740F20F14B2E773B50C1D0646B8
:107DB0000D460DF103012046FBF7EFFCC8B905F1B4
:107DC00039012046FBF7E9FC98B929463046FFF710
:107DD00050FE70B99DF80330012B0CD10DF102015A
:107DE0002046FBF7DAFC20B99DF80230002B18BFC3
:107DF000184602B070BD9A1E012A04D801A9204677
:107E0000FBF709FDF5E7052B19D101A9204601F083
:107E1000B5FE90B14FF48270EBE70DF10201204600
:107E20000135FBF7BAFC0028E3D19DF80200BDF84C
:107E30000420ABB29A42F0D1DBE70546F7E74FF4F6
:107E40008170D6E7F7B51446074668460E46FDF73B
:107E50007BFB204603F0D8FAFB884BB90A2E05D0ED
:107E60000C2E03D00025284603B0F0BD2670F9E79C
:107E70009EB93846FBF79BFD05460C20F8F780FCC1
:107E8000A060FBF7F0FA2946A068FBF739FC28460A
:107E9000F8F73EFD0A232370E4E722466946384698
:107EA0008DF80460FEF746FD05460028DBD19DF8FD
:107EB00005303881C3B1092ED4D12378092BD1D113
:107EC0003846FBF774FD06460C20F8F759FCA06015
:107ED000FBF7C9FA3146A068FBF712FC3046F8F709
:107EE00017FD0A232370BEE74FF48275BBE77FB509
:107EF0000D4681680446164649B1CB8801A8096839
:107F00001A46FBF715FCA3681B89ADF80C30324606
:107F1000294601A8FFF796FF04B070BD2DE9F04196
:107F20000E1D8CB0B1F80C8007460D46304601A9F5
:107F3000FBF771FC044698BB68630DF10301304602
:107F4000FBF72BFC044658BB9DF80330DBB108A8B7
:107F500003F047F822460C2305A902A8FBF7E8FB2B
:107F60009DF80330AA89314602A8FBF7ACFB044612
:107F7000B0B908AA192102A8FFF764FF044678B92E
:107F80000A9B1B686B6308F1FF31304689B2FFF72B
:107F900004FD044620B929463846FFF722FE044670
:107FA00020460CB0BDE8F0818B8970B5013B0A78A2
:107FB00088B004469BB2D2070D468B8100F18980C0
:107FC000D0F8CC2000F11C06A2B190F890309B07AD
:107FD00010D506AB02930DF1150301930DF11703B4
:107FE00000930B1D314604F19400FCF75FFD00285F
:107FF00047D020E0D4F8D830002B5BD00822364997
:1080000030460AF0A7FF002854D194F85830A3B99D
:1080100006ABD4F8D81004F1980204F1940002934E
:108020000DF1150301930DF1170300932B1D096842
:10803000FCF73CFDF8B108B070BD94F89030002B0F
:10804000E6D195F83830002BE2D1E28D2046216B45
:10805000F4F72AFF48B994F8903013F0020301D1E5
:10806000E385236340F20710E5E72046F4F700FFBD
:108070000028CDD0DFE795F8383013B9012385F813
:108080003830D4F8F42042B11168069B8B4207992E
:1080900071F100011AD3013313600DF11601281D8F
:1080A000FBF77BFB0028C6D16B78AB709DF81630D0
:1080B0006B70C0E706AB04F1980202930DF1150353
:1080C00001930DF1170300932B1D8BE74FF48E7076
:1080D000B1E70020AFE700BF769C060873B50DF14D
:1080E00007010546FBF759FBB8B90DF10701284612
:1080F0009DF80740FBF751FB78B90DF107012846C1
:108100009DF80760FBF749FB38B920049DF807404C
:1081100040EA0620204340F0804002B070BD37B5F1
:108120000DF103010446FBF738FBC0B90DF1030163
:108130002046FBF732FB90B99DF803500190062DC5
:1081400008D12046FBF782F9032803D901A920466C
:10815000FBF761FB019845EA002040F0004003B0C6
:1081600030BD0000F0B54E7885B005460C46002EB7
:1081700040F0D6800F1D3846FBF768F9D0B1A289D0
:108180000DF10F0138460192FBF707FB002840F084
:1081900093809DF80F60E02E66700BD8BF2E019A79
:1081A0000BD8182E6CD051D80E2E00F09C800F2EBC
:1081B00000F0B1804FF481707EE0A6F1C003202B67
:1081C000F8D801A151F823F08182050881820508C1
:1081D0008182050881820508A7820508BD820508FD
:1081E000B5810508CB8205085D8205085D8205081A
:1081F000B58105085D8205086F8205086F82050854
:10820000B58105086F8205085D8205085D82050855
:108210006F8205085D8205086F8205086F82050878
:10822000B58105086F820508EF820508B58105084C
:10823000B5810508F7820508F78205080D83050852
:10824000B5810508B5810508D5820508612E13D8CA
:108250005F2E44D8262E06D8242EABD92146284698
:10826000FFF7A2FE2EE0A6F12C03012BA2D8214697
:10827000284600F048F925E0A6F16203012B99D8C1
:1082800094F82F30BBB9A28963899A4213D0C42EC7
:1082900011D1237813B194F82E3063B121462846CA
:1082A000FFF79FFC08E021462846FFF7F2FB002875
:1082B000E6D0441C00D1002005B0F0BD2146284680
:1082C000FFF773FD0028F7D1DAE721462846FFF7CC
:1082D000F8FCF7E72146284600F094F8F2E7A38976
:1082E000013BA381CCE73846FFF7F8FEEAE73846C2
:1082F000FFF715FFE6E795F85830002BB7D095F853
:1083000090309907AAD440F21D10D5E7214628469F
:1083100000F05EF9D6E721462846FFF7FFFDD1E7DA
:108320000B78DA07ACD491F82E00184308D195F8F1
:1083300058301BB1A6F16003012B05D80023A3819F
:10834000E02E05D000200EE00123E02E8B810DD120
:10835000638E214628460133A38100F053F86389D8
:1083600063860023637095F858309BB1C92E0ED8F0
:10837000C72E03D8A6F12503012BA3D80022638EB4
:108380006270A38121462846FFF7ECFE9AE7CB2EC8
:1083900098D1F3E72D2E637005D82B2E92D9638EDA
:1083A0000022A381EEE706F13403DBB2102B89D85B
:1083B000A6F1CC03102B85D801A252F823F000BF00
:1083C0009F8305089F830508C58205089F830508CC
:1083D000C5820508C5820508C5820508C58205084D
:1083E0009F8305089F830508C58205089F830508AC
:1083F000C5820508C5820508C58205089F83050852
:108400009F8305082DE9F34101F104088E89074691
:108410000D4640460DF10101FBF7BFF9044618BBBC
:108420009DF801300DF102014046C3F3801203F0C4
:108430003F032A646B64FBF7D9F90446A0B901A98C
:108440004046FBF7D3F9044670B9BDF80210BDF8F9
:10845000042001290CD0D7F88C30013E013BB6B284
:108460009A4206D06E816870204602B0BDE8F08165
:1084700006460023698740460DF10601AA876B7006
:1084800001F07CFB044600283AD16B89A989BDF82C
:1084900006205B1A9A4201D02874E5E7314640462F
:1084A000FFF77BFA04460028DED19DF901202B78E6
:1084B000002A03DB43F004032B70D5E723F0040309
:1084C0002B706B89002BCFD00246A88129463846F5
:1084D000FFF748FE90B9AA896B899A42C4D06B789D
:1084E000C42BC1D12B781BB195F82E30002BBBD0FB
:1084F000002329463846AB81FFF773FB0446B3E7F8
:108500004FF48274B0E7F0B50B788FB005460C4697
:10851000DB075BD497B20E468F8156F8041F1144D7
:1085200030460591FAF792FF04903046FAF794FF2F
:1085300003460BA80DF11E06DDE90421FBF7F8F850
:1085400095F8903005F1940005F11C0113F0020F2D
:1085500008AA0DF11F032CD0D5F8CCC0BCF1000F38
:1085600027D000930BABCDE901626246FCF79EFA7F
:10857000E8B9BDF832303B4463819DF81F3095F86F
:1085800094209A421CD1D5F8F42042B1089B10687F
:108590000999002908BF984215D1013313600022C0
:1085A000214628466270FFF7DDFD638963860FB0C0
:1085B000F0BDCDE90162009305F198020BABD5E760
:1085C00040F21D10F3E74FF48E70F0E70020EEE765
:1085D000F0B50B7889B006460D46DB072BD48B89A6
:1085E0000F1D00F19802013B8B8106AB00F11C01CD
:1085F000943002930DF1170301930DF116030093CC
:108600003B46FCF753FA044690B90DF11501384684
:10861000FBF7C3F8044658B99DF8163068703BB1B3
:10862000024629463046FFF79DFD002818BF044644
:10863000204609B0F0BD0024FAE7000090F8583059
:108640000A4623B1002303210248FBF70EBA032197
:108650000148FAE77E9E0608819E060830B50C4662
:1086600089B0014628B9204609B0BDE83040FAF784
:1086700081BF01A81923E58806908DF81030FDF719
:1086800007F904AA09212046FDF7E5FC48B9E3886B
:10869000691C2A462046013B89B25B1B9BB2FBF753
:1086A0009DF909B030BD70B50446C0680D46164648
:1086B000FAF7CCFEA3680BB1DB88184406B116307C
:1086C000637D53B9EB8822680233B2F85220034429
:1086D0009342D4BF002301236375A37D53B1EB887C
:1086E000083318442368B3F852309842CCBF0020B6
:1086F0000120A07570BD00002DE9F04F037989B00D
:1087000004460F46A3F16002012A03D9026892F8D9
:108710009420FAB994F80580B8F1000818BF4FF01A
:108720000108602B5FFA88F917D1A168002238464A
:10873000CB88FAF7C8FF064646B9226892F835009A
:10874000FDF7CCFB002840F09B810646304609B07F
:10875000BDE8F08F4FF00108E3E7236893F8583045
:10876000002B39D005AD46230022994905A8FAF718
:10877000DFFF2179E02931D02846FAF7FBFE0646D3
:108780002379C22B0BD00F2B04D003F12702D2B2D6
:10879000012A2AD8217F19B32846FAF72FFF294644
:1087A0002069FFF75BFF0646002E40F0C480A368F7
:1087B000002B4ED12379C22B54D1237DFF2B40F0C7
:1087C000F780E068002840F00581236893F858306E
:1087D000002B00F0228113E13D46CAE70026CFE7D7
:1087E0002068FDF723FC0146D6E7622BDCD0C02BC6
:1087F00008D0E36833B1DB8823B14A4629462046D6
:10880000FFF751FF2279A379C12A13D1627D1AB1F2
:10881000012B0BD10223A371A1792846FAF7AAFEF6
:10882000217F79B12846FAF7A5FEBCE7022BF3D1E8
:108830000323F0E7C42AEFD1627D002AECD0012B9C
:10884000EAD1E7E7206890F8E010FDF7D7FB014692
:10885000E8E7DA8838461968FAF716FF0028A9D041
:10886000064668E00F2BA8D023681B6E5907A4D4D6
:10887000637D002BA1D0A17D01B101212846FAF72B
:1088800079FEA1692846FAF7B9FEA3690133A3610D
:10889000237DFF2B0BD033B12379C42B03D10121CE
:1088A0002846FAF767FE217D2846FAF763FEE0685E
:1088B000002870D0B0F806B00089ABEB00001FFABA
:1088C00080FBEA880BEB0203B8F1000F00D01633EF
:1088D0002168B1F852A09A4511DAAAEB020A1FFAF0
:1088E0008AFAB8F1000F03D0AAF1160A1FFA8AFA21
:1088F000504601F035F9AAEB00001FFA80FB29462B
:10890000584601F06CF90028AAD1236893F8583032
:10891000002B42D003463A46E9882868FBF7A5F8C1
:1089200000287FF412AFBBF1000F3FF446AFB8F15F
:10893000000F77D146462379E02B08D0637D002BCA
:108940003FF4FAAE23681B6E5B077FF5F5AEE021BE
:108950002846FAF70FFE29464A462046FFF7A3FEAF
:10896000A17D002940F08A802846FAF703FE002105
:108970002846FAF7FFFD217E2846FAF7FBFDA3699A
:10898000002128460133A361FAF7F4FD00212846AF
:10899000FAF7F0FDD0E6834693E7E1680029C2D0FC
:1089A0005B460A893846FAF78EFE0028BBD057E7A7
:1089B00033B12379C42B03D101212846FAF7DAFD1C
:1089C000217D2846FAF7D6FD00287FF4FEAEF8E6B2
:1089D000B0D00020C3881BB3FAF738FD2168FB88AC
:1089E000B1F852200344934207DDE368D8881B891D
:1089F0001844121AE888101A80B291F8583033B12E
:108A000000233A46E9882868FBF72FF805E0E1687B
:108A1000034638460A89FAF756FE002887D01FE732
:108A20001846D2E6FB88002B85D02179622982D0B6
:108A3000266896F8D030ABB106F1A40862793046CA
:108A4000FDF774FAB44603221CF8941FCDE902879F
:108A5000D6F8B030CDE900036046D6F8BC30FCF75C
:108A600013F8FDE6D6F8CC80B8F1000F03D096F8E5
:108A700090309A07E2D406F19808DFE7802173E787
:108A80003946104609B0BDE8F04FFFF7D7BD00BF2B
:108A90002DE9FF470379054688460F2B30D0C22BBE
:108AA0000CBF4FF013094FF000092C6A1CB901AC40
:108AB00001A8FAF7D8FC4FF0010A21462846FFF733
:108AC0001BFE064668B9AB6885F816A02BB92A6864
:108AD000D2F88C300133C2F88C302289E3889A4274
:108AE00011D12046FAF748FE36B9EB6823B11A894E
:108AF000B146DB889A42E0D1304604B0BDE8F08749
:108B00004FF01309D1E798F80630CBB198F805304B
:108B100098F804209A4244D9D8F8002052F82370DB
:108B20000133384688F80530FAF726FE286890F8B1
:108B30003530042B30D8DFE803F0180F282F180049
:108B40000C20F7F71DFE074658B3FAF78CFC3946A0
:108B5000404601F0B5FAE9E73B4622462979FEF79F
:108B60002EFF0028B9D00646BBE749463B462246C1
:108B7000FEF761FB014690B92289E3889A42ACD0A6
:108B8000286800F0EDFB8146A7E7E3880022214634
:108B90003846FAF798FDE4E74FF48176A1E70646F8
:108BA0009FE74FF48276A7E7F0B50D4697B00446ED
:108BB00010461646FAF7E0FD25B94FF481742046B9
:108BC00017B0F0BDEB070ED5204600F0D8FB94F8A7
:108BD00035200146002AF0D13346204617B0BDE8C3
:108BE000F040FEF728BB94F83430002BE5D094F821
:108BF00058300AAD002B284614BFC427C027FAF707
:108C000032FC94F834309BB3D4F88C102846FAF731
:108C1000F5FCD4F88C3008A80133C4F88C3001F08E
:108C200043FA94F834304BB30022FF2321460DA8B9
:108C300004920195CDE902230223CDE90522009398
:108C40003B4601F0A3FB08A90DA8FFF721FF04464E
:108C500038B9089B024630461968CB88FAF733FDCD
:108C600004462846FAF788FD08A801F04DFAA6E761
:108C7000B4F88C102846FAF79FFCCAE74FF48174C9
:108C8000EFE72DE9F04387B01C4600230546DDF8E9
:108C90003C900E4617469DF838808DF81730B9F194
:108CA000000F01D089F8003095F83530042B63D8D7
:108CB000DFE803F003161F62030097F838303246EE
:108CC000294695F8580001930DF11703CDF8088057
:108CD00000933B46FEF724FC88B107B0BDE8F08363
:108CE00023463A4631462846CDF80090FEF705FE69
:108CF000F2E7F388BB85003B18BF01233B7499F86A
:108D0000003023B11CB1237C2BB90020E5E73B7C6C
:108D1000002BFAD03C4695F8350006281CD19DF86A
:108D2000173003F0EF02032A01D12278F2B1DB07FA
:108D30001CD595F83500FDF7D1F838B163892BB112
:108D40003389F2889A421CBF033333816378972BAF
:108D5000DBD16FF00100C0E7FDF7C0F82146024605
:108D60003046FEF7B6FB0028D9D0B6E7424621468A
:108D70002846FFF7F7F9B0E74FF48170ADE71FB56C
:108D80000DF10F04CDE900340023FFF77AFF04B0A2
:108D900010BD38B510240546FAF7EEFC01F020F9B5
:108DA00001462846FAF7E6FB08B9013CF6D138BD82
:108DB0002DE9F0438FB0804699460F46169D164622
:108DC0002846FAF7D9FC04A8FAF74DFB98F8363094
:108DD000022B53D1F788102300220AA907A8FAF71B
:108DE000A7FC3B0705D0F288103702F00F02BF1A2C
:108DF000BFB2B9F80620F388934207D212F00F03EE
:108E000017BF02F110071746FF1ABFB2D9F80010BA
:108E100007A8FAF739FC044630BBBDF8221007A8B2
:108E20007A1A92B2FAF74EFB0446E8B9F28804A81F
:108E30003168FAF729FC0446B0B9BDF8161004A849
:108E40007A1A92B2FAF73EFB044668B9BDF81610DA
:108E50002846FAF70EFB044630B9BDF822302A68DE
:108E60000799049800F0E8FCBDF8223007A8EB80D1
:108E7000FAF782FC04A8FAF77FFC07E0052B09D17A
:108E800098F83630DA1E012A19D8FE2420460FB091
:108E9000BDE8F083062BF8D0F28804A83168FAF711
:108EA000F3FB04460028F1D1B9F8062004A8D9F84C
:108EB0000010FAF7E9FB04460028E1D0E6E7062BAC
:108EC000E3D0052B2DD108F198030122102108F1E0
:108ED00094000293D9F80030039601930023009385
:108EE0003B46FBF7D1FD04460028C3D198F8951006
:108EF000284641F01001FAF73DFB04460028B9D19D
:108F000039462846FAF77AFB04460028B2D1F2889F
:108F10000C23314628460C3A92B2FAF7D4FB0446A9
:108F2000A8E70024B2E7CA880B899A4230B5054603
:108F300085B00C466FD00DF107012046FAF72DFCE5
:108F400078B90DF107012046FAF727FC48B90DF171
:108F500007012046FAF721FC18B92289E3889A42D2
:108F600001D305B030BD02A92046FAF716FC00284F
:108F7000F7D10DF109012046FAF70FFC0028F0D1D6
:108F80009DF80930022B16D0042B1CD0012B44D1A4
:108F90000DF107012046FAF700FC9DF80730039316
:108FA0000028DED19DF80830053B032B30D8DFE8E0
:108FB00003F00F171F270DF10A012046FAF716FCE0
:108FC000BDF80A30EBE703A92046FAF724FCE7E7EF
:108FD000039BB5F866209A42BFD9A5F86630BCE776
:108FE000039BB5F864209A42B7D9A5F86430B4E77A
:108FF000039B95F869209A42AFD985F86930ACE7B0
:10900000039B95F868209A42A7D985F86830A4E7B1
:109010004FF48170A1E70020A3E74FF48170A0E72F
:10902000FF2938B505460C4608D80121FAF7A2FAFF
:109030002846E1B2FAF79EFA002038BD0221FAF77D
:1090400099FA21462846FAF7B7FAF5E770B50546CA
:1090500008460E461446FAF7F5F990B124B1238874
:109060000BB9F3882380248895F89420F3884AB1BB
:109070002A331C44B5F85200A4B2A0422CBF0020F1
:10908000012070BD1433F4E70123C0F88C30704721
:1090900090F8583023B14FF61E63A0F85630704751
:1090A00040F6FE63F9E700002DE9F34104469DF820
:1090B000287000250E469DF820004FF0010823631C
:1090C000062384F8357004F138070999E28584F89D
:1090D000503084F8346084F83600384684F8E05024
:1090E000A4F8D650C4F8D850C4F88C800191FAF78F
:1090F000BAF901993846FAF703FB04F14400E56137
:109100004FF6FF772562FAF7AEF94FF48063204AF5
:1091100004F18000A4F854301E4BA4F85270AE4203
:1091200008BF134640F2011684F85850E3654FF02B
:109130008013A5626366A4F8686084F8905001F01B
:1091400005F8201D84F89050257084F82480FAF7E3
:109150008AF904F11000FAF786F904F19400A68563
:10916000FAF756FF2046A4F8D470FFF791FF04F1F8
:10917000E400C4F8DC5000F0E9FF04F17400A4F846
:10918000F070C4E93D5502B0BDE8F04100F0DEBF2B
:1091900038C004000278B80070B50025044680F895
:1091A000D650D0F8D80038B1FAF7E6FAD4F8D8009B
:1091B000F7F7AEFBC4F8D850002504F138000126BB
:1091C000E5612562FAF7D8FA04F14400FAF7D4FA17
:1091D00094F8581004F18000B1FA81F1490901F0C6
:1091E00005F8201D84F89050257084F82460FAF763
:1091F000C3FA04F11000FAF7BFFA40F2011304F1C8
:109200009400A385FAF73EFF4FF6FF73314604F151
:10921000E400A4F85230A4F8D43000F0E7FF04F1E1
:109220007400294600F0E2FF2046FFF731FFC4F842
:10923000F45070BDFFF7B0BF00F1200300F00E0046
:10924000184340F01000C0B27047831C20F00F009C
:1092500003F00E03184370471329F8B5054649D0AB
:1092600001F00303032B26D1932917D190F858203E
:1092700092B990F85630102B01D0FE2B05D195F8FD
:109280005720A2F10E004242424182F001022846DC
:10929000FFF7FEFE1046F8BD0022F6E7732929D13C
:1092A00090F8583033BBB0F8562040F6FE63D11A20
:1092B0004A424A41EEE711F0010290F856600AD0A6
:1092C00006F0F106B14233D090F85700FFF7B4FF33
:1092D00085F85700DEE790F8577006F0010638462B
:1092E000FFF7B3FF04462EBBFFF7A6FF814203D171
:1092F00085F857100122CDE720F01000814203D1FC
:1093000095F86930012BF3D1FB060CD495F8693040
:10931000012B08D044F01004E4B2A142E8D024F0BC
:109320001004A142E4D095F85830B3B9FE2FDFD035
:109330000022AFE7814203D1324685F85710A9E7F2
:1093400020F010039942D3D095F86930012BEAD070
:1093500040F01004E4B28C42E4E70E2F9AD1C7E744
:1093600008B5024690F85600FFF76FFF034611B1AB
:10937000FFF762FF0346184682F8563008BD0246E2
:1093800008B590F8560040F00100FFF755FF82F84D
:10939000560000F0F10008BD90F8563043F001028D
:1093A00080F8562023F00E0040F00100704700784E
:1093B000003818BF01207047002310B5044600F89C
:1093C0000C3BFAF750F8201DBDE8104000F01CBB24
:1093D0007FB5002504461E4602922B462A46CDE95B
:1093E0000055FFF761FEE36D2A46099943F0020339
:1093F00004F5A870E365BDF82830FAF799F904F58B
:10940000807000F0E7FFBDF830302A460B9904F574
:109410008270FAF78DF9BDF8203004F5AE70A4F82B
:109420006460A4F854300123A4F8666084F85830CE
:1094300084F87451FFF7C0FF2046C4E95E55C4E9C3
:109440006055FFF725FEA4F8885104B070BD0023D5
:1094500010B5044600F80C3BFAF78EF9201DBDE864
:10946000104000F05ABBCB0980F82C30C1F38013B8
:1094700001F00F0180F82D3080F8241070470000B3
:10948000224B1A68224B02F110001946F0B51478ED
:109490000432043101F8044C12F8034C01F8034C77
:1094A00012F8024C01F8024C12F8014C824201F809
:1094B000014CECD10421174E174F11F0030F1A7B0A
:1094C0005D7B9C7BD87B08D116F805C0355D345C8C
:1094D000B05C8A08BA5C8CEA020293F800C00131E1
:1094E000043382EA0C022C291A7313F8032C85EA40
:1094F000020513F8022C84EA020413F8012C5D73B0
:1095000080EA02009C73D873D7D1F0BDF8D0002058
:10951000FCD000209F9F0608949F06080A4B00017C
:109520001968F0B50A1D094E1431131F35181C783F
:1095300015F8017B7C4003F8014B9342F7D11A1DCB
:1095400004308A42F1D1F0BDACD10020FCD0002023
:10955000084B09481B68191D10B5002213F822405A
:10956000045D03F822400132042AF7D101338B4213
:10957000F3D110BDACD100209F9F06080D4B1B6896
:1095800059795A785970597A5971597B5A73597265
:10959000997A9A789970997B9A729A799971D97B0C
:1095A0009A73DA78D970D97AD973D979DA71D9728C
:1095B000704700BFACD10020C30903EB430303EBAA
:1095C000C30383EA4000C0B270470000084B09485B
:1095D0001B68191D10B5002213F82240045D03F822
:1095E00022400132042AF7D101338B42F3D110BD5E
:1095F000ACD10020949E06080D4B1B68597A5A7B0B
:1096000059735979597259785A705971997A9A7867
:109610009970997B9A729A799971D9799A73DA7853
:10962000D970D97AD971D97BDA73D972704700BFF2
:10963000ACD100202DE9F84F0124254F0020FFF781
:109640006DFFFFF785FFFFF799FF3A6802F1100AF7
:1096500092F80090043212F8035C12F8021C12F81F
:10966000018C89EA050081EA080B8BEA0006FFF706
:10967000A3FF89EA0000704002F8040C85EA0100AB
:10968000FFF79AFF6840704002F8030C5846FFF756
:1096900093FF4840704002F8020C89EA0800FFF787
:1096A0008BFF88EA0000464002F8016C9245CFD15A
:1096B00020460134FFF732FFE4B20A2CC1D1FFF794
:1096C00047FF2046FFF75AFFBDE8F84FFFF726BFD8
:1096D000ACD100202DE9F04F092689B00A20FFF710
:1096E0001DFFFFF789FFFFF771FF3046FFF716FFF9
:1096F000504B196801F11003069391F80090043162
:1097000011F8038C484611F8027CFFF755FF0090D2
:10971000FFF752FF0190FFF74FFF8346404611F8D5
:1097200001ACFFF749FF0246FFF746FF0290FFF743
:1097300043FF05463846FFF73FFF0390FFF73CFF26
:109740000790FFF739FF04465046FFF735FF0490B6
:10975000FFF732FF0590FFF72FFF8646DDE9003067
:1097600083EA000C0298079B8BEA0C0C82EA0C0C33
:109770008BEA02024240039885EA0C0C6A4083EAB5
:109780000C0C4240059884EA0C0C62408EEA0C0CEA
:109790004240039888EA0C0C82EA0E0287EA0C0C1D
:1097A00089EA02028AEA0C0C7A4001F804CC8AEABF
:1097B000020201F8032C019A82EA0B026A4042403D
:1097C0005A40049B62405A4082EA0E0289EA020231
:1097D00088EA02028AEA020301F8023C009B83EA5B
:1097E0000B0B029B83EA0B0B049B85EA0B056C4079
:1097F0005C40059B83EA040A8EEA0A0089EA0009B4
:1098000088EA090887EA080701F8017C069B8B4271
:109810007FF473AF013E16F0FF067FF462AFFFF7EF
:10982000EBFEFFF7D3FE304609B0BDE8F04FFFF77F
:1098300075BE00BFACD1002038B514460D461A469F
:109840000146204609F096FB044B1C60044B1D604A
:10985000FFF716FEBDE83840FFF7ECBEACD10020A4
:10986000F8D0002038B514460D461A460146204669
:1098700009F080FB044B1C60044B1D60FFF700FEE9
:10988000BDE83840FFF726BFACD10020F8D000205B
:109890000023C0E90033836070478088C0F30E0066
:1098A000704738B5B0F9043004460D46002B06DB8E
:1098B000006859B910B1F7F72BF82560A580A38887
:1098C000C3F30E03AB4209DB002009E0890040B975
:1098D0000846F6F755FF20600028EFD14FF482705C
:1098E00038BDF6F7C1FF0028F8D02060E6E738B5AC
:1098F0000D46C388818804468B4207D2E388002046
:10990000226842F823500133E38038BD0A31FFF763
:10991000C8FF0028F2D0F8E738B5C38804468BB9F1
:10992000B4F90420A388002A0EDA0023A36038BD0E
:10993000236853F825000135F6F7EAFFE388AB42C8
:10994000F6D1EDE70025F9E72BB12068F6F7E0FF47
:1099500000232360A3800023E380E6E7C38810B5DB
:10996000044623B10068F6F7D3FF002323600023E9
:10997000C4E9013310BD48B142B1C3888B4208D954
:109980000368002053F82130136070474FF4817052
:1099900070474FF482707047838870B50446BBB936
:1099A00070BD50F8256001353068F6F7B1FF70687A
:1099B000F6F7AEFF3046F6F7ABFFE3882068AB4220
:1099C000EFD1F6F7A5FF0023C4E90033A360E7E772
:1099D0000025F2E7C3888B4210B512D91AB104688A
:1099E00054F8214014608B4203D1013BC380002016
:1099F00010BD026802EB8104646842F82140013125
:109A0000F1E74FF48270F3E70023036083808371F2
:109A1000704738B590F9043004460D46002B07DB3B
:109A200001718900006860B90846F6F7A9FE206058
:109A3000207900F07F0085428CBF4FF482700020B7
:109A400038BDF6F711FFF2E738B590F90420044667
:109A50000D460379002A08DA2279637902F07F0241
:109A600093420CD34FF4827008E042799A42F3D3C8
:109A70000233D9B2FFF7CDFF0028EDD038BD226800
:109A8000002042F8235001336371F7E710B590F9D5
:109A900004300446002B08DB437923B10068F6F755
:109AA00037FF002323600023237100236371A37118
:109AB00010BD43798B42C5BF036800204FF482700C
:109AC00053F82130C8BF1360704738B504460025ED
:109AD00001F087FA04F1200025826561258301F0F9
:109AE00080FA256384F83450A4F84050C4E90E5538
:109AF00038BD38B50446002501F086FC04F120008D
:109B000025826561258301F07FFC256384F834504C
:109B1000A4F84050C4E90E5538BD38B590F904306A
:109B20000446002B03DB4379C3B9002323710023D0
:109B30006371A37138BD50F82500FFF7DAFF236881
:109B400053F825000135F6F7E3FE63792068AB4250
:109B5000F1D1F6F7DDFE00232360E6E70025F4E708
:109B60007F2807D9FF2807D9B0F5803F34BF0320ED
:109B700005207047012070470220704737B50C461A
:109B80000DF103010546F9F708FEA0B99DF8033071
:109B9000802B08D9812B08D10DF103012846F9F754
:109BA000FCFD9DF80330238005E0822B05D1214682
:109BB0002846F9F71BFE03B030BD832B05D101A960
:109BC0002846F9F76EFE019BEDE7842B04D101A92D
:109BD0002846F9F720FEF6E74FF48170EBE77F287F
:109BE00038B505460C4605D8E9B22046BDE83840F0
:109BF000F9F7C0BCFF2806D881212046F9F7BAFC46
:109C00000028F1D038BDB0F5803F0BD2822120462C
:109C1000F9F7B0FC0028F5D1A9B22046BDE83840DC
:109C2000F9F7CABC84212046F9F7A4FC0028E9D141
:109C300029462046BDE83840F9F7E0BCF0B51E4B98
:109C400085B005460C466E4603F1100718680833C8
:109C500053F8041C3246BB4203C21646F6D12CB35D
:109C600004EB44063046F6F78BFDE8B12B46202185
:109C700005461C4413F8012B04AFA970033507EB0C
:109C8000121702F00F029C4202F1100217F8107C2A
:109C90006A4405F8037C12F8102C05F8022CE9D16F
:109CA0008319002203F8012C05B0F0BD0120F6F75E
:109CB00067FD0470F8E700BF9FA00608392805D9A2
:109CC0005A288CBF57383738C0B270473038FBE756
:109CD00000232DE9F041804614460D46138019B14A
:109CE000086808B1F6F714FEB8F1000F02D10020A1
:109CF000BDE8F08140460AF071FC06460028F6D027
:109D000047103846F6F73CFD014678B343464644D3
:109D10004FF0FF32286013F8010BB4F80080A0F177
:109D2000300CBCF1360F1BD8B2F1FF3F0CD1FFF75E
:109D3000C5FF02469E42EED121888F42D7D02868C7
:109D4000F6F792FD2860D2E7FFF7B8FF40EA02106D
:109D500001F808002288013222804FF0FF32E9E743
:109D6000B2F1FF3FE6D0FFF7A9FFF1E74FF48270B1
:109D7000BEE700001B289ABF024B18564FF0FF3079
:109D8000704700BFB0A00608F0B59DF814404BB175
:109D9000002A2EDA00293ADD2D230139524200F83B
:109DA000013B01230CB1013CE4B215460A27092D01
:109DB00095FBF7F61FDC651C002604441B1AEDB268
:109DC000465505463026A54205EB030019D10A2663
:109DD0000C1800291BDD92FBF6F306FB1322303230
:109DE0002A701A4603B1013D0139601A002BF0D1E7
:109DF000F0BD0023D6E701300CB1013CE4B235469A
:109E0000D5E7002903DD013905F8016BDBE74FF0E9
:109E1000FF30EDE72DE9F0479DF8204005468946E3
:109E200017461E460CB1013CE4B2BA46B0460023C8
:109E30000A22504641460AF037FABAF10A0F78F181
:109E400000032AD2621C0023D2B2AB543022A342B8
:109E5000A9EB030828D1B8F1000F2FDD0A22002357
:109E6000384631460AF020FA3032002338462A704C
:109E700031460A2208F1FF380AF016FA0A2F034683
:109E8000A9EB080076F1000228BF05F1FF350A2F83
:109E900076F100020FD2BDE8F08701350CB1013C2C
:109EA000E4B282468846C2E7B8F1000F06DD01330E
:109EB00005F8012BCBE71F460E46CCE74FF0FF30ED
:109EC000E9E730B5B8B103782D2B12D1013001216B
:109ED000431E0A24002005E0303AD5B2092D0AD8E5
:109EE00004FB002013F8012F002AF5D101B14042F4
:109EF00030BD0021ECE74FF0FF30F9E72DE9F047E6
:109F00009DF820700446884616461D46FFB3002B78
:109F100040DA002942DDD2F1000A4FF02D0301F1B1
:109F2000FF384FF0010765EB450904F8013B0023BA
:109F30000A22304629460AF067F90A2E75F1000315
:109F400021DA0023A8EB04082744637004EB08031C
:109F5000002B23DD504649460A2200230AF054F91B
:109F600030320023504604F8012949460A220AF0FB
:109F70004BF951EA000282468946A7EB0403E5D17A
:109F80001846BDE8F087013406460D46CFE79246F5
:109F90009946CCE7924699460027C8E74FF0FF3331
:109FA000EEE730B5C0B103782D2B13D1013001217C
:109FB000431E0A24002005E0303AD5B2092D0BD803
:109FC00004FB002013F8012F002AF5D101B1404213
:109FD000C11730BD0021EBE74FF0FF300146F8E735
:109FE000084A09491388D80880EA9300584080EA53
:109FF000531000F001000860C00340EA53001080D5
:10A00000C0B27047C6C00020B0D10020014608226F
:10A01000002001F00103490843EA4003D8B2531E6F
:10A0200013F0FF02F5D1704700232DE9F3478DF8B7
:10A0300007304FF6FF7314464FF000099A42074667
:10A040000D464E4608BFCC884FF0010802BF0A8972
:10A05000A41AA4B21FFA89FA544503D1002002B011
:10A06000BDE8F0871AF0070F0BD10DF1070229891F
:10A070002846F9F7B0FB0028F1D12B8907260133D8
:10A080002B8108FA06F39DF80720514638461A40FE
:10A0900009F10109F9F7A8FD0028E0D1FB88013E8C
:10A0A0000133B6B2FB80D5E7022310B50446037135
:10A0B0000820F6F765FB002320606371A37110BDD3
:10A0C00038B50279044643790D46934207D0637947
:10A0D0000020226842F823500133637138BD827931
:10A0E00012B14FF48270F9E70233DBB203719900C9
:10A0F000006830B90846F6F743FB20600028E6D137
:10A10000EFE7F6F7B1FBF8E738B5857904462DB9E6
:10A1100043798BB92068A0B90023237100236371B0
:10A1200038BD52F825301868F6F7F2FB236853F86B
:10A1300025000135F6F7ECFB63792268AB42F0D1DC
:10A14000E8E7F6F7E5FB00232360E5E70023C0E935
:10A1500000330381704738B5B0F9043004460D462A
:10A16000002B07DB81808900006860B90846F6F79C
:10A1700007FB2060A088C0F30E0085428CBF4FF41F
:10A180008270002038BDF6F76FFBF2E7A2F50043BE
:10A19000C28001608380002303817047B0F90420EE
:10A1A000002A38B504460D4683880CDBC2889A42E3
:10A1B00009D30A339BB283809900006898B9084696
:10A1C000F6F7DEFA2060A288E388C2F30E0293421B
:10A1D0003BBF226800204FF4827042F823503CBFFE
:10A1E0000133E38038BDF6F73FFBEBE7036870B55A
:10A1F00004460E46D3B90023E380238170BDAAB282
:10A200002368013553F8220008F0D5FBE288ABB291
:10A210009A42F4D1C6B9B4F90430002BEBDB2068C4
:10A22000F6F776FB00232360A380E4E70025EDE743
:10A23000AAB22368013553F82200F6F769FBE288D9
:10A24000ABB29A42F4D1E6E70025F8E7B0F9043062
:10A25000002B10B5044607DB006818B1F6F758FB71
:10A26000002323600023A3800023E380238110BD0B
:10A2700038B50D460446FFF7E9FFE9882046FFF7A9
:10A280006AFFEA8800239A4201D1E28038BD29683A
:10A2900051F82300216841F823000133F3E7C38814
:10A2A0008B4285BF036800204FF4827053F8213041
:10A2B00088BF1360704737B504460025A9B2E3880C
:10A2C0008B4202D1002003B030BD01AA2046FFF727
:10A2D000E6FF0028F7D1019B01351B88002BEDD14B
:10A2E0004FF48170EFE72DE9F743002405460E4651
:10A2F0009846174601941C60FAB1A1B2EB888B42D4
:10A3000001D1002014E001AA2846FFF7C8FF78B960
:10A31000DDF80490B9F80030B34200D05EB90622EF
:10A32000394609F1030008F015FE20B9C8F800907D
:10A3300003B0BDE8F0830134DFE74FF48170F7E745
:10A34000F7B500250E46144607460195D8B1D2B19F
:10A35000A9B2FB888B4206D1E1882046FFF7FBFEBD
:10A36000002003B0F0BD01AA3846FFF798FF00288F
:10A37000F7D101990B88B34200D016B92046FFF7F8
:10A380000DFF0135E4E74FF48170EAE70277D1F879
:10A390008C2003719DF81030016043719DF80030EE
:10A3A00082618371019B8360029BC3600023036110
:10A3B0009DF80C3003759DF8143043759DF81830E6
:10A3C0008375D1F8DC30036270470078003818BF1D
:10A3D0000120704738B50025044680F8395040F810
:10A3E000045BF9F740F804F11800257400F0F9FD5A
:10A3F00084F830506586656384F838506587A58792
:10A40000A564C4E90A55C4E9105538BD38B500251E
:10A41000044680F839500580857021B10430F9F781
:10A42000ABF984F83850002504F11800257400F0C9
:10A43000EBFF84F83050658665636587A587A56462
:10A44000C4E90A55C4E9105538BD0121FFF7DEBF44
:10A450002DE9F04397B00746894698460AAD099220
:10A460001E9E2846F8F7FFFF3846FEF70DFE0999B5
:10A470002846F9F7A1F8044648BB06224946284673
:10A48000F9F702F9044610BB41462846F9F772F87D
:10A490000446E0B90EB1F38803BB00212846F9F762
:10A4A00069F8044698B9FF2302463946049001959D
:10A4B000CDE902630123CDE9050000930DA8C02377
:10A4C000FFF764FF1F990DA8FEF7E2FA044628463D
:10A4D000F9F752F9204617B0BDE8F083012128466C
:10A4E000F9F748F804460028F1D10246F3883146CE
:10A4F0002846F9F7E8F8D4E72DE9F0479AB0144672
:10A50000074600220EAD0BAE8A46994608A90A23DB
:10A510002846DDF88880F9F70BF93046F8F7A3FFF5
:10A520003846FEF7B1FD21462846F9F745F80446BE
:10A5300088BB062251462846F9F7A6F8044650BBC8
:10A5400049462846F9F716F8044620BBB8F1000F33
:10A5500004D098F80040003C18BF0124E1B228461E
:10A56000F9F708F80446B0B9B8F1000F1DD1FF2380
:10A570000022394611A804920195CDE90263012316
:10A58000CDE905220093C323FFF700FF239911A80B
:10A59000FEF77EFA04463046F9F7EEF82846F9F75A
:10A5A000EBF820461AB0BDE8F08798F80030002B91
:10A5B000DDD0092B08D1D8F80800F8F751FF053095
:10A5C00081B23046F8F755FF424698F80010304601
:10A5D000FBF741FD04460028C9D0DCE7F0B505468D
:10A5E00085B008460E46FFF78FFD6B6E0020EB66C8
:10A5F000B5F8683085F89000A5F8703095F83530DA
:10A6000085F8590013F0FB0F40F0A1802846FEF7B3
:10A610003FFD0C20F6F7B4F80746F8F724FF01A831
:10A62000F8F721FF1E2101A8F8F723FF812101A8D7
:10A63000F8F7A0FF0446002863D1802101A8F8F7AD
:10A6400099FF044600285CD1014601A8F8F792FF63
:10A650000446002855D16B6EB3F1801F0DD1B5F8BB
:10A66000682040F201139A4207D1BDF80A20032A5C
:10A670004FD101A8F9F780F854E0052101A8F8F7B7
:10A6800079FF044600283CD1B5F8641001A8FEF714
:10A69000C7FC0446A8BB062101A8F8F76BFF0446D7
:10A6A00078BBB5F8661001A8FEF7BAFC044640BBBB
:10A6B000072101A8F8F75EFF044610BB04210DEB4B
:10A6C0000100F8F757FF0446D8B995F8681001A8BB
:10A6D000F8F794FF0446A0B9082101A8F8F74AFF4B
:10A6E000044670B904210DEB0100F8F743FF04465E
:10A6F00038B995F8691001A8F8F780FF04460028DA
:10A70000B3D001A8F9F738F839463046FFF7D8FC3E
:10A710001AE0033A022101A8D2B2F8F71CFF04465E
:10A720000028EED13B4601AA93212846FCF783FD81
:10A7300004460028E5D001A8F9F71EF83846F9F7D5
:10A740001BF83846F6F7E4F8204605B0F0BD04469D
:10A75000FAE770B505460E46FEF7E5FB044630B94C
:10A760003046F8F77DFE10B1012385F89030204681
:10A7700070BDC36DF0B5054695B00F4623B94FF4D3
:10A780008174204615B0F0BDFBF7C9FB0028F6D157
:10A79000B5F8523008AEA5F86A303046F8F763FED7
:10A7A00064213046F8F765FE04460028E9D195F8A3
:10A7B0009030284623F0020385F89030FEF764FCC1
:10A7C0003846FFF7A1FC2846FBF791FB044600281A
:10A7D000D7D105F11000F8F7CFFF95F8E030B3FAC4
:10A7E00083F35B0985F8243095F83630012B0FD8B8
:10A7F0003146284605F0BEFD044698B195F89030E4
:10A80000304623F0020385F89030F8F7B5FFB8E73B
:10A810002B78002BECD1281DFEF7BBFA044600284C
:10A82000E6D0AEE795F834309BB1FF2302462946C7
:10A830000490CDE90203CDE905006023CDE90006CF
:10A840000BA8FFF7A3FD39460BA8FEF721F9044634
:10A85000D4E74FF48174D1E71FB500230DF10E0248
:10A8600004468DF80F300DF10F0300930DF10D0329
:10A8700005F0DEFD40B99DF80E303BB1022B40F2F1
:10A88000111008BF4FF4897004B010BD9DF80D3051
:10A890000E2B14BF0023012384F859301EBF94F8F7
:10A8A000903043F0020384F8903094F85030062B37
:10A8B00018BF4FF48570E7E7F0B593B00446202346
:10A8C0000F4600220AA903A8F8F732FF94F83630A1
:10A8D00003F0FD03052B01D0E38FB3B32046FEF751
:10A8E000D3FB94F8363003AAD4F8BC10052B2046CD
:10A8F000009204F110020CBF04F1B00304F138031C
:10A90000FEF756FA0546D0B906AE304600F069FBB0
:10A9100009238DF8183003AB089394F834308BB1C9
:10A9200001230F220A492046CDE90067FFF7E4FD25
:10A930000546304600F068FD03A8F8F71DFF2846DD
:10A9400013B0F0BD4FF48175F3E74FF48175F6E76E
:10A95000CCA0060870B58EB000220C46402305AE90
:10A96000304905460BA80492F8F7E2FE2E49402331
:10A9700000223046F8F7DCFE0BA92046FAF7D4FB9C
:10A9800050B195F8903040F2171423F0020385F887
:10A99000903020460EB070BDBDF83230002BF0D0A4
:10A9A00095F83630052B3AD1082305F11C0108A88B
:10A9B0001A46F8F7BDFEBDF832200B993046F8F77D
:10A9C00063FE04460028E4D10DF10F013046F8F78C
:10A9D000E4FE04460028DCD104A93046F8F71BFF4A
:10A9E00004460028D5D13046F8F7C6FE08AB2A1D2C
:10A9F000049928460096FEF7DBF904460028C8D1E2
:10AA0000BDF8322030460B99F9F76DF80028B8D020
:10AA100095F8903043F0020385F89030B9E705F1DE
:10AA20003803E4E7F4D10020B4D1002030B413B1EE
:10AA300030BCFFF70DBD4FF4817030BC70472DE97D
:10AA4000F043074687B0914698460E46002944D009
:10AA500003AD2846F8F707FD02212846F8F78AFDDE
:10AA6000044698BB04212846FAF750FC044668BB0C
:10AA700049462846FAF719FC044638BBB8F1000FDE
:10AA800002D008F1FF38C84441462846FAF70DFCC9
:10AA90000446D8B9BDF838102846FAF7F8FB044642
:10AAA000A0B9BDF83C102846FAF7F1FB044668B996
:10AAB00097F8343053B1109B31463846CDE90053F6
:10AAC000022331F8032BFFF7C3FC04462846F8F7AE
:10AAD00053FE204607B0BDE8F0834FF48174F8E7D9
:10AAE0001FB5069C4FF0000C02940124CDE9004CE8
:10AAF000FFF7A5FF04B010BD2DE9F04F814689B0E6
:10AB000017461E460D46002900F09580002A00F0E9
:10AB10009280002B00F08F80129B002B00F08B8026
:10AB20004B8C002B75D005AA002105F11C00FEF707
:10AB300022FF804600287AD1059BD3F800A03AF87E
:10AB400003BB0BF1FF325342534105F11000039355
:10AB500007F0BCFE8046002869D105AC2046F8F716
:10AB600082FC01212046F8F705FD804600285BD1D4
:10AB700004212046FAF7CAFB8046002854D104215C
:10AB80002046FAF7C3FB804600284DD1594620469F
:10AB9000FAF77DFB8046002846D106225146204622
:10ABA000FAF746FB804600283ED102212046FAF7FC
:10ABB0008AFB8046C0BB01462046FAF768FB804608
:10ABC00090BB039B53B33846FBF79AF801462046E7
:10ABD000FAF76BFB3046FBF793F801462046FAF78D
:10ABE00064FB804601212046F8F7C4FC0021204682
:10ABF000F8F7C0FC99F83420B2B1129B29464846B8
:10AC0000CDE90043022331F8032BFFF721FC8046F6
:10AC10000AE0DFF838A04FF0080B96E739462046E7
:10AC2000FAF786FA804648B12046F8F7A5FD404677
:10AC300009B0BDE8F08F4FF48178F8E7314620463F
:10AC4000FAF776FA80460028CCD0EDE7C8C000209D
:10AC50000023FEF794B8FDF7A7BF2DE9F0410646A3
:10AC600094B008460F469046FFF74EFA96F890309B
:10AC700013F0020422D023F0020308AD86F89030CE
:10AC80002846F8F7F0FBB8F1000F1BD10321284646
:10AC9000F8F770FC044688B980212846F8F76AFC6A
:10ACA000044658B901212846F8F764FC044628B93F
:10ACB00001462846F8F75EFC044640B3204614B02F
:10ACC000BDE8F08100212846F8F754FC044600282E
:10ACD000F4D180212846F8F74DFC04460028EDD138
:10ACE00001212846F8F746FC04460028E6D1014633
:10ACF0002846F8F73FFC04460028DFD129463046B5
:10AD000004F055FFBDF82630089A013B137096F801
:10AD10003430DBB10022FF2331460BA804920195A9
:10AD2000CDE902230123CDE9052200936223FFF739
:10AD30002DFB39460BA8FDF7ABFE04462846F8F775
:10AD40001BFDB6F86A30A6F85230B7E74FF48174AD
:10AD5000F4E7F0B5044685B008460F46FFF7D4F98E
:10AD60004FF6FF73A4F8523094F8903013F00105B9
:10AD70002DD023F001030C2084F89030F5F700FD6E
:10AD80000646F8F770FB94F83520012A26D012F019
:10AD9000FB0242D1334653212046FCF74CFA0546CC
:10ADA000C0B931463846FFF78BF994F83500FBF708
:10ADB00095F828B1E36E6366B4F87030A4F8683093
:10ADC000B4F86A302046A4F85230FEF761F92846FC
:10ADD00005B0F0BD3046F5F79BFDE6E701A8F8F7B2
:10ADE00042FB622101A8F8F7C5FB002101A8F8F792
:10ADF000C1FB334601AA00212046FCF7E0FD0546D1
:10AE000038B931463846FFF75BF901A8F8F7B4FCCA
:10AE1000CBE73046F5F77CFDF7E74FF48175C4E7E3
:10AE20002DE9F0479AB0074688461C46DDF8889021
:10AE30009DF88CA00992002B4DD00EAD0BAE28468C
:10AE4000F8F711FB3046F8F70EFB3846FEF71CF911
:10AE500009992846F8F7B0FB062241462846F8F73C
:10AE600013FC21462846F8F785FB00212846F8F711
:10AE700081FBBAF1000F21D0D9F80810002230462A
:10AE8000CB88F8F720FCFF230022394611A8049252
:10AE90000195CDE902630123CDE905220093C12389
:10AEA000FFF774FA249911A8FDF7F2FD0446304625
:10AEB000F8F762FC2846F8F75FFC08E04A4699F884
:10AEC00000103046FBF7C7F804460028DBD02046C8
:10AED0001AB0BDE8F0874FF48174F8E730B413B1CD
:10AEE00030BCFFF709BB4FF4817030BC704713B51D
:10AEF00090F834404CB1049CCDE90034134631F84D
:10AF0000032BFFF7EBFF02B010BD4FF48170FAE79F
:10AF10002DE9F0439BB00746894698460992002BDD
:10AF200049D00EAD0BAE2846F8F79DFA3046F8F73B
:10AF30009AFA3846FEF7A8F809992846F8F73CFB34
:10AF4000044670BB062249462846F8F79DFB044696
:10AF500038BB41462846F8F70DFB044608BB0121E3
:10AF60002846F8F707FB0446D8B9BDF88C202846D8
:10AF70002299F8F789FB044698B9FF23024639461F
:10AF800004900195CDE902630123CDE9050000930A
:10AF900011A8C323FFF7FAF9249911A8FDF778FD4A
:10AFA00004463046F8F7E8FB2846F8F7E5FB20466C
:10AFB0001BB0BDE8F0834FF48174F8E71FB590F83B
:10AFC00034405CB1079C0294069CCDE900341346E2
:10AFD00031F8032BFFF79CFF04B010BD4FF48170D4
:10AFE000FAE70023037083601846704770B5FF23AB
:10AFF00086B04FF6FF7605468DF811300DF115033A
:10B0000004AA0C46039305AB0DF11601ADF81660CA
:10B0100002930DF113038DF8106001930DF11203EB
:10B020008DF8126000930DF1110300688DF8136024
:10B030008DF814608DF81560FAF7A6FCEB88D80738
:10B04000204648BFADF816605907BDF816101CBF62
:10B05000FF238DF81530F8F7AFFA2B7ADA0753D5BE
:10B06000FE212046F8F786FA2B7A580757D5FE219D
:10B070002046F8F77FFAEB881B075BD49DF8153064
:10B0800013B907238DF815309DF815102046F8F7F1
:10B0900071FAEB882046DE0654BF9DF81210FF219E
:10B0A000F8F768FAEB889806204654BF9DF813100D
:10B0B000FF21F8F75FFAEB882046590654BF9DF848
:10B0C0001410FF21F8F756FAE988204611F08001A4
:10B0D00018BFFF21F8F74EFABDF816204FF6FF73A0
:10B0E0009A4202D0EB88DA0526D515492046F8F7B2
:10B0F000C4FAEB8820469B054CBFFF21697AF8F71C
:10B1000039FA002006B070BD9B0701D5FD21A8E7E4
:10B11000EB889E0754BF9DF81010FF21A1E7190787
:10B1200001D5FD21A4E7EB885A0754BF9DF8111003
:10B13000FF219DE7FF21A9E7B5F90410D6E700BF7D
:10B140000080FFFF70B5FF2386B04FF6FF760546FF
:10B150008DF814300DF115030C460DF11302039315
:10B1600000230DF11601ADF8166000938DF8136001
:10B170008DF81560CDE9013305AB0068FAF704FCE2
:10B18000EB88D807204648BFADF81660BDF816100A
:10B19000F8F712FAEB8899072DD42B7ADA0726D51F
:10B1A000FE238DF813309DF813102046F8F7E2F9CE
:10B1B000EB88580725D42B7A59071ED5FE238DF826
:10B1C00014309DF814102046F8F7D4F9EB881B07CB
:10B1D00019D49DF8153013B907238DF815309DF853
:10B1E00015102046F8F7C6F9002006B070BD9E077E
:10B1F000D9D5FD23D5E7FF21D7E71A07E1D5FD23F0
:10B20000DDE7FF21DFE7FF21EBE7F0B587B00023A3
:10B21000FF2705460DF1170203930C4619460292CB
:10B220000DF116028DF8157001920DF115028DF8D1
:10B23000167000921A4600688DF81770FAF7A4FB92
:10B24000064610BBEB882046D90654BF9DF8151062
:10B250003946F8F78FF9EB8820469A0654BF9DF8D7
:10B260001610FF21F8F786F9EB8820465B0654BFDD
:10B270009DF81710FF21F8F77DF9E988204611F0B5
:10B28000800118BFFF21F8F775F9304607B0F0BD0F
:10B2900030B50B7885B004460D460A2B16D101A8AF
:10B2A000F8F7E1F8AB6801A81968F8F767FB2146E1
:10B2B000BDF80A00FEF793FCBDF80A30002201A990
:10B2C0002046F8F700FA002005B030BD092B11D157
:10B2D0008B6823B921460020FEF781FCF3E7014685
:10B2E000D888FEF77CFCAB682046DA881968F8F746
:10B2F000CBF9E8E7002BEDD04FF48170E4E70000D4
:10B3000019289ABF024B18564FF0FF30704700BF04
:10B31000DDA006080023C0E900337047B0F904201F
:10B32000002A38B504460D46838806DB61B91BB197
:10B330000068F5F7EDFAE580A580A388C3F30E0356
:10B340009D4209D8002009E0890043B90846F5F775
:10B3500017FA20600028EFD14FF4827038BD0068E2
:10B36000F5F782FA0028F7D02060E5E738B5044603
:10B370000D468088B4F90430002B0ADBE38898423C
:10B3800007D80A3080B2A08080007BB9F5F7F8F9C1
:10B390002060A288E388C2F30E0293420CD2226896
:10B3A000002042F823500133E38007E00146206883
:10B3B000F5F75AFA0028EBD14FF4827038BD0268D5
:10B3C00038B50446B0F90430DAB1002B17DA00239F
:10B3D000E38038BD50F8250000F016F8236853F8D4
:10B3E00025000135F5F794FAE3882068AB42F1D1E6
:10B3F000F5F78EFA002323600023A380E7E70025FA
:10B40000F2E7002BF8DAE2E738B590F900200446BD
:10B410000378002A21DB013B1A2B3ED8DFE803F03A
:10B4200028283D333D3D3D3D0E1F3D0E3D3D3D3DFC
:10B430003D3D283D3D3D3D3D39393900806850B1A5
:10B44000F8F79AF9A068F7F7FDFF054618B9A06864
:10B45000F5F75EFAA56000232370002038BD8068F0
:10B460000028F8D0F8F788F9A068F5F751FAF2E764
:10B4700080680028EFD0FFF7A2FFA068F5F748FA30
:10B480000023A360E7E780680028E4D0F8F7F2FB28
:10B49000EAE780680028F1D1DDE700220023C0E957
:10B4A0000223D8E738B504460D46FFF7ADFF112358
:10B4B00000202572237038BD38B504460D46FFF7CD
:10B4C000A3FF122300202581237038BD70B50378B7
:10B4D00004460D461646092B10D0FFF795FF0C20A9
:10B4E000F5F74EF9A060F7F7BEFF09232370324647
:10B4F0002946A068BDE87040F8F7C6B88068F8F73C
:10B500003BF9F4E738B50C460546FFF77DFF238984
:10B510002846E2882168D21A194492B2BDE8384020
:10B52000FFF7D4BF8B8883800B680360CB88C38010
:10B530000023C1E900337047C3888B42C5BF03684D
:10B5400000204FF4827053F82130C8BF1360704759
:10B55000F0B5044685B00F4616463A0602D507F008
:10B560007F07FAE77A1E012A26D839463046F8F7CF
:10B5700001F8054648B9A06800B1C0883146FEF719
:10B580002EFB054608B9A36893B9284605B0F0BD5F
:10B5900003AA3946FFF7D0FF60B93146039800F09F
:10B5A0000DF938B90137A068C388BB42F0D1ECE788
:10B5B0000746F8E70546E8E713BB1B2F1DD8DFE871
:10B5C00017F0F8001C001C003400E600780078003A
:10B5D0001C001C00AB0093001C001C001C001C0085
:10B5E0005C006900270040001C0084004D0027001B
:10B5F0001C001C00B600C700D8004FF48175C4E7DA
:10B6000039463046F7F7B6FF05460028D5D0BCE7E7
:10B6100094F90030002BB6BFA368217A1978304620
:10B6200005B0BDE8F040F7F7A5BF94F90030002B56
:10B6300005DAA3681978003918BF0121EFE7217AEC
:10B64000F9E794F900303046002BB6BFA368218992
:10B65000198805B0BDE8F040F7F7AEBF94F90030A7
:10B660003046002BB6BFA368D4E90223D3E90023F8
:10B6700005B0BDE8F040F7F7CCBF94F90030304694
:10B68000002BB6BFA368217A197805B0BDE8F04059
:10B69000F7F7F1BF94F900303046002BB6BFA3682E
:10B6A000B4F90810B3F9001005B0BDE8F040F7F7A1
:10B6B000E4BF94F900303046A168002BB8BF096898
:10B6C00005B0BDE8F040F7F799BF94F90030304677
:10B6D000002BB6BFA368D4E90223D3E9002305B049
:10B6E000BDE8F040F7F7CEBFA068314620B905B0FD
:10B6F000BDE8F040FEF773BAC088FEF770FA054661
:10B7000000287FF442AFA368DA881968304605B094
:10B71000BDE8F040F7F7B8BF2378192B0ED10C2104
:10B720003046F7F727FF054600287FF42EAF314655
:10B73000A06805B0BDE8F040FFF758BC1A2B0ED149
:10B7400005213046F7F716FF054600287FF41DAFA8
:10B750003146A06805B0BDE8F040FFF7F3BC1B2BF5
:10B760000ED104213046F7F705FF054600287FF487
:10B770000CAF3146A06805B0BDE8F040FFF745BD0D
:10B780002146304605B0BDE8F040FFF781BDA36813
:10B790003146D888FEF723FA054600287FF4F5AE37
:10B7A000A3681968D8880191F8F7C8F90199024689
:10B7B000ACE70025E9E60123FFF7CABE0A46017897
:10B7C000FFF7F9BF70B505460E46FFF71DFE0446AC
:10B7D00040B90C20F4F7D4FF3146A860FAF78EF890
:10B7E00019232B70204670BD70B505460E46FFF735
:10B7F0000BFE044640B90C20F4F7C2FF3146A860A6
:10B80000FAF77CF81A232B70204670BD70B50546F8
:10B810000E46FFF7F9FD044640B90C20F4F7B0FFDF
:10B820003146A860FAF76AF81B232B70204670BDDA
:10B830002DE9F3410E460546097896F90030002BB4
:10B8400025DA01F17F03DBB2012B06D801F07F017D
:10B850000170B3688360002432E001F17C03DBB245
:10B86000172B04D87A4A22FA03F3DB0708D401F035
:10B870007F012970B368D3E90023C5E90223EAE711
:10B880008268304602B0BDE8F041FFF794BF90F9FE
:10B8900000200378002A30DAA1F10903012B13D824
:10B8A00001A9B068FEF76AF9044648B9B3680C20EC
:10B8B000BDF80420198900FB0131A86807F05AFB84
:10B8C000204602B0BDE8F0810846FEF753FA044670
:10B8D000ADF804002878A4B280F08000FEF74AFAA0
:10B8E000A04207D1BDF8042006F10801A86807F0BE
:10B8F00041FBB0E74FF48174E2E7013B012B04D830
:10B900008368B3F90430002B1BDB2846FFF77CFD6E
:10B9100004460028D4D1337880462B7030780A282A
:10B9200012D1B368002B96D00C20F4F729FFA86041
:10B93000F7F799FDB368A868DA881968F7F7A4FEE5
:10B9400089E74FF00108E9E70928EAD0431E012BF7
:10B9500048D8B368002B3FF47EAFDB88002B3FF460
:10B960007AAFAC682CB90820F4F70AFFA860C0E9E8
:10B970000044B3680027A868D988FFF7CFFCB068F7
:10B98000C388BB423FF467AF6A463946FFF7D4FD30
:10B990000446002894D1B8F1000F0FD001AAA8687E
:10B9A000FFF7CAFD044600288AD1DDE90010FFF741
:10B9B0003FFF0446002883D10137E0E71020F4F769
:10B9C000DFFE019080F800800099C0F80880FFF742
:10B9D0002FFF044600287FF473AF0199A868FFF792
:10B9E000C5FCE9E7192806D1B168284602B0BDE8D0
:10B9F000F041FFF7E7BE1A2806D1B168284602B029
:10BA0000BDE8F041FFF7F0BE1B2806D1B16828461B
:10BA100002B0BDE8F041FFF7F9BE04280ED10C20BA
:10BA2000F4F7AEFEA860F8F7A7F8B368A868DA885C
:10BA3000196802B0BDE8F041F8F72EB9FFF760FCD5
:10BA4000021E7FF708AF06F1080105F108004EE776
:10BA50006100E0001FB590F900200378002A0DDA9C
:10BA600001466846FFF7E4FE28B96846FFF7F2FF93
:10BA700005B05DF804FB4FF0FF30F9E7033B132BF3
:10BA800028D8DFE803F00A2119192727271B2727C1
:10BA900027270F12151727191915007A003818BF14
:10BAA0000120E5E790F90800E2E7B0F90800DFE7D8
:10BAB000007ADDE70089DBE78068D9E7806805B0B8
:10BAC0005DF804EBFEF7FDB969468068F8F726F9E2
:10BAD0000098CDE70020CBE72DE9F041CCB0002362
:10BAE00004460D46014604A88DF8103006938DF8E3
:10BAF00020300A93FFF79CFE064600286DD12046B1
:10BB0000FFF782FC0A2D40F0D6800C20F4F738FEB7
:10BB1000A060F7F7A8FC9DF810301B2B00F24B81BA
:10BB2000DFE813F032001C001C005F00AD0069006C
:10BB3000730049014901BA0049014901490149011C
:10BB4000490185008B009100960049019B00A400EB
:10BB5000910049014901B500B500B50000257B21E0
:10BB6000A068F7F707FD0698AFB2C388BB420ED1B5
:10BB70007D21A068F7F7FEFC0021A068F7F7FAFC2A
:10BB8000A268D388013BD3800A2323704BE00DAA1F
:10BB9000A9B2FFF7D1FC002840F00B813FB12C2166
:10BBA000A068F7F7E7FC2021A068F7F7E3FC0D9900
:10BBB00008A8FFF73DFE002840F0FB80A16808A818
:10BBC00000F0BEF9074608A80135FFF71DFC002F5D
:10BBD000C9D03E4604A8FFF717FC30464CB0BDE87C
:10BBE000F0819DF8183023B97549A068F7F788FDF2
:10BBF000CAE77449F9E70023069A00930123FA2162
:10BC00000DA8FEF7C1F80DA9EFE70023069AFA2167
:10BC10000DA80093FEF7FEF80DA9A068F7F770FDD8
:10BC200006460028B0D004A8FFF7EEFBD5E70023B6
:10BC30009DF9182000930123E1E70023BDF91820A6
:10BC400000930123DBE700239DF818200093D6E73B
:10BC50000023BDF818200093D1E70123FA210DA895
:10BC60000093DDE90623FEF749F9CCE70023FA212A
:10BC70000DA80093DDE90623FEF7CCF8C3E706988C
:10BC8000F8F768F80146A068F7F765FD7CE7A1685A
:10BC90000698F9F7F5FE77E7069800283FF474AFA9
:10BCA000F7F785FE05460146A068F7F729FD284607
:10BCB000F4F72EFE68E722780A2A54D1032D09D121
:10BCC000069B3F49186808F07FFC003818BF012028
:10BCD000207206E0052D06D1069B1868FEF7F1F8E4
:10BCE000A06025709FE7062DF6D00F2D04D1069B8E
:10BCF0001868FEF7E6F8EBE7102D05D1069B1868EB
:10BD0000FEF7DFF82081ECE7112DF0D0122D06D1DF
:10BD1000069B1868FEF7D5F81223208135E7142D0D
:10BD200006D1069B1868FEF73CF9C4E90201D8E782
:10BD3000152DF6D0162DDAD0092D3CD1069B0C20FE
:10BD400019680391F4F71CFDA060F7F78CFB0399C9
:10BD5000A068F7F713FE04A82570FFF755FBA0684D
:10BD6000F7F7AEFE39E79DF810000DF11808FFF760
:10BD7000C7FA07461046FFF7C3FA874202460FDDAF
:10BD8000C3B2FFB29F4205D1414604F1080007F05B
:10BD9000F1F8A6E718F8031079B901339BB2F1E77F
:10BDA00004F108033146184607F00BF93A464146BC
:10BDB000EDE7064611E7FE260FE74FF481760CE724
:10BDC000D2A00608D8A0060810B4027804460B4694
:10BDD0008A4208D019B95DF8044BFFF715BB012A58
:10BDE00003D109297DD100202DE00A2A03D15DF875
:10BDF000044BFFF771BE033913290ED8DFE801F0B9
:10BE00000A0D0A0A0D0D0D0A0D0D0D0D0A0A0A0A7A
:10BE10000D0A0A0A19462046E9E7053A162A5DD8AE
:10BE2000DFE802F00C0C5C5C145C5C5C1C5C0C0CD1
:10BE30000C0C5C0C0C0C0C0C4A5757000D2B0CBF57
:10BE4000FE204FF481705DF8044B7047193B022BC4
:10BE500098BFFE2088BF4FF48170F4E7053B132B99
:10BE60003CD801A252F823F0E7BD0508E7BD05085C
:10BE7000DDBE0508DDBE0508DDBE0508E7BD050819
:10BE8000DDBE0508DDBE0508DDBE0508DDBE050812
:10BE9000E7BD0508E7BD0508E7BD0508E7BD0508DE
:10BEA000DDBE0508E7BD0508E7BD0508E7BD0508D7
:10BEB000E7BD0508E7BD05080A2B05D8092B34BFE7
:10BEC0004FF481700020BEE71A3B012B98BF002081
:10BED000C0E70A2BF2D9193B022BF7E74FF4817028
:10BEE000B1E7CA1E132AF9D801A151F822F000BF08
:10BEF00015BE0508DDBE050815BE050815BE0508FA
:10BF0000DDBE0508DDBE0508DDBE050815BE050859
:10BF1000DDBE0508DDBE0508DDBE0508DDBE050881
:10BF200015BE050815BE050815BE050815BE050891
:10BF3000DDBE050815BE050815BE050815BE0508B9
:10BF4000F0B5037885B006460D465A1E012A32D850
:10BF5000012B4FF0000728460CBF7B215B21F7F730
:10BF60008AFBB268BBB2D2889A4201D1002417E0A2
:10BF70003BB12C212846F7F77EFB20212846F7F716
:10BF80007AFB6A46B9B2B068FFF7D6FA044638B908
:10BF900029460098FFF7D4FF013704460028E0D077
:10BFA00033782846012B0CBF7D215D21F7F763FB19
:10BFB000204605B0F0BD0023014668468DF80030EC
:10BFC0000293FFF735FC044660B90A216846FFF783
:10BFD000FBFE044630B9029B23B1DA882846196873
:10BFE000F7F752FB6846FFF70FFAE1E738B504466A
:10BFF0000D46FFF709FA10B903232572237038BDE7
:10C0000038B50C4605460C20F4F7BAFB2368A86047
:10C010000360A3888380E388C3802389038100238E
:10C02000C4E90033238109232B7038BD037E014608
:10C03000022B03D140691030FFF7FABB4FF4817037
:10C040007047022AF0B5064685B00D461C4629D138
:10C050001B78092B21D1A368FBB16846FEF7C1FF0D
:10C0600020466A461921FBF742FF044690B905F1C4
:10C07000340702993846F9F741FC96F8583033B145
:10C080003846F9F7FEFE3946284606F0C1FE6846F6
:10C09000FFF7BAF9204605B0F0BD05F13400F9F715
:10C0A000FCFB05E0032A05D11846FFF7D3FC2886E0
:10C0B0000024EFE7042A05D11846FFF7CBFC85F8EA
:10C0C0002000F5E7052A18D11B78092B12D1A368A7
:10C0D00083B16846FEF785FF20466A461921FBF7C3
:10C0E00006FF04460028D5D1029905F12400F9F78E
:10C0F00005FCCCE705F12400D1E7062A16D11B7810
:10C10000092B10D1A36873B16846FEF76AFF204679
:10C110006A461921FBF7EBFE04460028BAD10299C2
:10C1200005F11400E3E705F11400B8E7072A0DD183
:10C130001846FFF78FFC687496F85830002BB7D07C
:10C1400005F13401284606F063FEB1E7082A04D160
:10C150001846FFF77FFCA874EEE7092A04D11846B9
:10C16000FFF778FC2874A3E74FF4817492E72DE978
:10C17000FF41CB8805460E46022B40F0A98001AA5C
:10C1800000213046FFF7D8F90446002871D1EB684A
:10C19000002B46D0DB88002B48D00027019B9868F5
:10C1A000BBB2C2889A4258D101AA01213046FFF79A
:10C1B000C3F9044600285CD10646019B9868B3B2D7
:10C1C000C2889A4255D0B1B202AAFFF7B5F901462A
:10C1D000002879D1029B1A78022A48D19868C3882E
:10C1E000022B44D103AAFFF7A7F900286ED10398C8
:10C1F000FFF730FCEB68C7B25B8A9F420FD8029B07
:10C2000003AA01219868FFF797F900285ED10398E7
:10C21000FFF720FCEB68DB683B4403F8010C0136B8
:10C22000CBE718210120F4F7E3FAE860284606F08E
:10C230005AFC81B2E868F7F71CF9EB6828469A883F
:10C24000DA8006F0CFFCEB6881B203F10C00F7F75F
:10C2500010F9EB681A8A5A829FE702AAB9B2FFF76F
:10C260006BF9044628B9029B1A78022A05D04FF4CC
:10C270008174204604B0BDE8F0819868C388032B20
:10C28000F5D1214603AAFFF757F904460028F0D15B
:10C290000398FFF7DFFBEB685FFA80F8DB889845CF
:10C2A00010D8029B03AA01219868FFF745F90446BC
:10C2B0000028DED10398FFF7CDFBEB681B684344F1
:10C2C00003F8010C013769E70446D2E70446D0E7DA
:10C2D0000024CEE7022A2DE9F047804686B00D46BD
:10C2E00017461E4640F084801435002728460597DF
:10C2F000FDF7ACFFB468002C78D1204606B0BDE84D
:10C30000F08705A94846F8F755FE0446002859D09D
:10C310000B2802D0B0F5817FEFD10137B068C38818
:10C32000BB42EAD003AA3946FFF706F904460028C3
:10C33000E3D1039B014604AA9868FFF7FDF8044681
:10C340000028DAD10498FFF785FB039B1FFA80F9D8
:10C3500004AA01219868FFF7EFF804460028CCD121
:10C360000498FFF777FB039B824604AA0221986892
:10C37000FFF7E2F804460028BFD1049B494608F1C4
:10C3800080009A6805AB1268FDF7ADFF04460028EF
:10C39000B3D1059B002BB4D0039B04AA032198685A
:10C3A000FFF7CAF804460028A7D1049B05989968AE
:10C3B000FFF7DDFE044600289FD105992846FDF7CA
:10C3C000EDFEAAE7049B05989B681968F8F770FDD5
:10C3D0000446002891D1059908F1E40081F802A0F3
:10C3E000FDF7DCFE04460028D6D086E73C4695E7FC
:10C3F000032A1BD103AA00219868FFF79DF8044681
:10C4000000287FF47AAF0398FFF724FB03AA85F88E
:10C4100020000121B068FFF78FF8044600287FF460
:10C420006CAF0398FFF716FB688466E7042A40F0B8
:10C430002F8193F80080B8F1090F40F0C38098680D
:10C4400003681B78602B28D1002301F12E024B8555
:10C450008B850321F7F7BFF9044600287FF44DAF21
:10C4600005F12F023946B068F7F7B5F90446002800
:10C470007FF443AF05F130020521B068F7F7ABF95F
:10C48000044600287FF439AF05F131020621B06877
:10C4900006B0BDE8F047F7F79EB905A9F7F77DF9B3
:10C4A00010B14FF4817428E79DF81430022BF8D1B5
:10C4B00005A9B068F7F771F90028F2D19DF814309A
:10C4C000072BEED105A9B068F7F767F90028E8D186
:10C4D0009DF81430112BE4D105F12A01B068F7F76B
:10C4E0005CF90028DDD105A9B068F7F756F90028F6
:10C4F000D7D19DF81430112BD3D105F12B01B068A1
:10C50000F7F74BF90028CCD105A9B068F7F745F942
:10C510000028C6D19DF81430122BC2D105F12C0190
:10C52000B068F7F763F90028BBD19DF81430122BDF
:10C53000B7D105A9B068F7F730F90028B1D19DF857
:10C540001430112BADD105F12E01B068F7F725F9A4
:10C550000028A6D105A9B068F7F71FF90028A0D1D7
:10C560009DF81430112B9CD105F12F01B068F7F71D
:10C5700014F9002895D105A9B068F7F70EF900283D
:10C580008FD19DF81430112B8BD105F13001B0689B
:10C59000F7F703F9002884D105A9B068F7F7FDF88B
:10C5A00000287FF47EAF9DF81430112B7FF479AF13
:10C5B00005F13101B068F7F7F0F8044600283FF4C0
:10C5C0009CAE6EE7B8F1020F40F0B78003AA0021DD
:10C5D0009868FEF7B1FF044600287FF48EAE0398FA
:10C5E000FFF738FA03AA85F82A000121B068FEF7A0
:10C5F000A3FF044600287FF480AE0398FFF72AFAD1
:10C6000003AA85F82B004146B068FEF795FF044663
:10C6100000287FF472AE0398FFF71CFA03AAA885DE
:10C620000321B068FEF788FF044600287FF465AE5A
:10C630000398FFF70FFA03AA85F82E003946B06871
:10C64000FEF77AFF044600287FF457AE0398FFF701
:10C6500001FA03AA85F82F000521B068FEF76CFFE8
:10C66000044600287FF449AE0398FFF7F3F903AAC4
:10C6700085F830000621B068FEF75EFF044600280A
:10C680007FF43BAE0398FFF7E5F985F8310034E617
:10C69000052A5AD103AA00219868FEF74DFF0446E7
:10C6A00000287FF42AAE0398FFF7D4F903AA686341
:10C6B0000121B068FEF740FF044600287FF41DAE5C
:10C6C0000398FFF7C7F903AA28870221B068FEF78D
:10C6D00033FF044600287FF410AE0398FFF7BAF941
:10C6E00003AA68870321B068FEF726FF04460028E6
:10C6F0007FF403AE0398FFF7ADF903AA85F83C0079
:10C700000421B068FEF718FF044600287FF4F5AD59
:10C710000398FFF79FF903AA85F83D003946B068F2
:10C72000FEF70AFF044600287FF4E7AD40352846AF
:10C73000F7F722F8039B996809B90024DDE5CB8857
:10C7400000222846F6F7BFFFD7E5062A40F0C4804E
:10C750001F78092F5BD1986803681A78602A0ED178
:10C760000024CC64DA7881F850201A7981F85120BD
:10C770005A7981F852209B7985F85330BDE507211D
:10C78000F8F74BFC044600287FF4B7AD05F14C01E7
:10C79000B068F8F774FC044600287FF4AEAD05F1EC
:10C7A0004D01B068F8F76BFC044600287FF4A5AD96
:10C7B00005F14E01B068F8F776FC044600287FF4D6
:10C7C0009CAD05F15001B068F8F759FC044600280B
:10C7D0007FF493AD05F15101B068F8F750FC0446C1
:10C7E00000287FF48AAD05F15201B068F8F747FCE4
:10C7F000044600287FF481AD05A9B068F8F73FFC36
:10C80000044600287FF479AD9DF81430B4E7022F78
:10C8100093D103AA00219868FEF78EFE04460028F3
:10C820007FF46BAD0398FFF715F903AA85F84C0068
:10C830000121B068FEF780FE044600287FF45DAD5C
:10C840000398FFF707F903AA85F84D003946B06849
:10C85000FEF772FE044600287FF44FAD0398FFF701
:10C86000F9F803AAA5F84E000321B068FEF764FEAC
:10C87000044600287FF441AD0398FFF7EBF803AAC4
:10C8800085F850000421B068FEF756FE04460028E3
:10C890007FF433AD0398FFF7DDF803AA85F8510064
:10C8A0000521B068FEF748FE044600287FF425AD58
:10C8B0000398FFF7CFF803AA85F852000621B06865
:10C8C000FEF73AFE044600287FF417AD0398FFF701
:10C8D000C1F885F8530010E5072A14D154352846CD
:10C8E000F6F74AFFB16800293FF427AF08460191E7
:10C8F000F6F7B6FD002203460199284606B0BDE8CA
:10C90000F047F6F7E0BE082A04D11846FFF7A2F870
:10C91000287412E7092A11D19868F6F7A1FD0628B4
:10C9200040F09780B26805F16003402108F1800073
:10C93000126806B0BDE8F047FDF7D5BC0A2A51D110
:10C940006435284605F0F7FFB368002B3FF4F5AED9
:10C950004FF0000826E00498FFF77CF83870039B3E
:10C9600004AA01219868FEF7E7FD044600287FF439
:10C97000C4AC039B9B68D8880130F3F701FF786053
:10C9800068B3039B08F101089B68DB88C454039BD0
:10C9900078689B681968DA8806F0ECFA3946284608
:10C9A000FCF7A5FFB068C38843453FF4C6AE03AAB1
:10C9B0004146FEF7C1FD044600287FF49EAC039B70
:10C9C000014604AA9868FEF7B7FD044600287FF4E4
:10C9D00094AC0820F3F7D4FE07460028BBD14FF4EF
:10C9E00082748AE40B2A7FF45CAD486F08B1F3F7D8
:10C9F0008FFFB068C388022B7FF453AD03AA0021D8
:10CA0000FEF79AFD044600287FF477AC0398FFF701
:10CA100021F803AA85F870000121B068FEF78CFDAB
:10CA2000044600287FF469AC039B9B68002B3FF40D
:10CA300084AED88800283FF480AE0130F3F7A0FE22
:10CA400068670028CBD0039B9968CA8806F092FAE1
:10CA500053E40C2451E4023A2DE9F3410D461F46FC
:10CA6000042A00F21081DFE802F0030C11282A00EA
:10CA70003846FEF7EFFF28740024204602B0BDE8D8
:10CA8000F0813846FEF7E6FF6874F5E72035284662
:10CA9000F6F772FE04460028EFD1B8680028EBD004
:10CAA000F6F7D4FC08280346E6D1B96828460A8977
:10CAB00002B0BDE8F041F6F706BE1435E7E701F134
:10CAC0002C06304605F050FFBB68002BD4D0002563
:10CAD000A8465CE000236B60A6E0019B9B68DA88B7
:10CAE000196806F047FA019BAA689B68DB88D45452
:10CAF000009B01AA04219868FEF71EFD0446002849
:10CB000040F0A880019B9B68002B00F0B680D8887D
:10CB1000002800F0B2800130F3F732FEE860002810
:10CB200000F09680019B9B68DA88196806F022FA6B
:10CB3000019BEA689B68DB88D454009B01AA05210D
:10CB40009868FEF7F9FC0446002840F08380019BBA
:10CB50009B68002B00F09480D888002800F090801B
:10CB60000130F3F70DFE2861002871D0019B9B680E
:10CB7000DA88196806F0FEF9019B2A699B68DB8850
:10CB8000D45408F1010829463046FCF7B0FEB868D5
:10CB9000C38843453FF470AF6A464146FEF7CCFC7C
:10CBA0000446002874D11420F3F7EAFD0546002856
:10CBB0006BD0009B214601AA9868FEF7BDFC044695
:10CBC000002847D10198FEF745FF2870009B01AA75
:10CBD00001219868FEF7B0FC044600283AD101987C
:10CBE000FEF738FF6870009B01AA02219868FEF7E3
:10CBF000A3FC044600282DD1019B9B68002B3FF429
:10CC000069AFD88800283FF465AF0130F3F7B8FD6D
:10CC1000019B68609B68DA88196806F0ABF9019B94
:10CC20006A689B68DB88D454009B01AA032198683A
:10CC3000FEF782FC044668B9019B9B68D3B1D88893
:10CC4000C0B10130F3F79CFDA86000287FF445AF28
:10CC50004FF48274686808B1F3F75AFEE86808B1C7
:10CC6000F3F756FEA86808B1F3F752FE2846F3F72B
:10CC70004FFE02E70023AB603AE70023EB605CE77E
:10CC800000232B617DE70324F7E64FF48274F4E67A
:10CC9000002D3FF4F2AEDDE7022910B50446104640
:10CCA00004D1FEF7D7FEA075002010BD032903D1E3
:10CCB000FEF7D0FEE075F7E7042903D1FEF7CAFEC0
:10CCC0002076F1E7052903D1FEF7C4FEA082EBE749
:10CCD000062903D1FEF7BEFEA083E5E7072903D1AD
:10CCE000FEF7B8FE6083DFE7082903D1FEF7B2FE46
:10CCF0002082D9E7092903D1FEF7ACFE6082D3E791
:10CD00004FF48170D1E7022A2DE9F04380468BB0C1
:10CD10000D461E467BD11035284605F0EFFDB36861
:10CD2000002B72D10024A6E06A463946FEF704FCC7
:10CD30000446002840F09F80009B014601AA9868A5
:10CD4000FEF7FAFB0446002840F095800198FEF7B4
:10CD500081FE009B1FFA80F901AA01219868FEF765
:10CD6000EBFB0446002840F08680019B4946069074
:10CD700008F180009A6806AB1268FDF7B4FA044621
:10CD8000002878D1069B9BB906A94846F8F712F906
:10CD9000044600286FD1069908F1E400FDF7FEF97A
:10CDA000019B06989B680330DA88196806F0E2F860
:10CDB0000420F3F7E5FC04460028B3D0009B01AA49
:10CDC00002219868FEF7B8FB0028ABD10198FEF766
:10CDD00041FE2070009B01AA03219868FEF7ACFB7E
:10CDE00000289FD101980137FEF734FE2146C0B2DA
:10CDF0006080069805F057FD01462846FCF777FD50
:10CE0000B068C388BB428FD18CE70027F8E7032ABC
:10CE100035D101F120073846F6F7AEFC6A4600210D
:10CE2000B068FEF789FB044628BB0098FEF712FEA7
:10CE30006A4628770121B068FEF77EFB0446D0B928
:10CE4000009B9B685BB1DB884BB13846F6F794FCDE
:10CE5000009B38469B68DA881968F6F715FC6A4625
:10CE60000221B068FEF768FB044620B90098FEF77F
:10CE7000F1FD85F82C0020460BB0BDE8F083042AB4
:10CE800056D130352846FCF787FDB368002B3FF4B8
:10CE900049AF02A80024FEF7A4F806A8FEF7A1F8FF
:10CEA000B068C388A34205D021466A46FEF744FB1A
:10CEB000014630B102A8FEF7A7FA06A8FEF7A4FAC9
:10CEC00030E7009B01AA9868FEF736FB0028F1D1F5
:10CED00002AA19210198FBF70AF80028EAD1009B61
:10CEE00001AA01219868FEF727FB0028E2D106AAD3
:10CEF00019210198FAF7FBFF0028DBD10C2001343F
:10CF0000F3F73EFC07460C20F3F73AFC8046049901
:10CF10003846F8F7F3FC08994046F8F7EFFC41462D
:10CF2000384605F0C0FC01462846FCF7E0FCB7E7B0
:10CF3000052A04D11846FEF78DFDA887F2E6062AD9
:10CF400005D11846FEF786FD85F83E00EAE6072A79
:10CF500005D11846FEF77EFDA5F84000E2E64FF445
:10CF6000817488E702292DE9FF470646174608D154
:10CF70001046FEF76FFD30610024204604B0BDE886
:10CF8000F08703290CD114300190F6F773FEBB68CB
:10CF90000198002BF0D0DA881968F6F77DFEEBE7F0
:10CFA000042904D11046FEF755FD3062E4E7052957
:10CFB00008D11046FEF74EFD003818BF012086F854
:10CFC0002400D9E7062905D11046FEF743FD86F86F
:10CFD0002500D1E7072961D128363046FCF79CFCB3
:10CFE000BB68002BC8D00025A84652E002AA4146E3
:10CFF000FEF7A2FA0446002856D11C20F3F7C0FB26
:10D00000054600284DD000F1040A05F110095046EC
:10D01000F6F729FA4846F6F726FA029B214603AAB4
:10D020009868FEF789FA0446002840D10398FEF775
:10D0300011FD029B286003AA01219868FEF77CFA83
:10D040000446002833D1039B996808460191F6F7FE
:10D0500007FA2246034601995046F6F734FB029B35
:10D0600003AA02219868FEF767FA0446F8B9039B01
:10D0700008F10108996808460191F6F7F1F922468E
:10D08000034601994846F6F71EFB29463046FCF751
:10D090002EFCB868C3884345A8D16DE74FF481746E
:10D0A0006BE74FF4827468E7002D3FF466AF2846C3
:10D0B000F3F72EFC61E72DE9F043814685B0084681
:10D0C0000D46174605F035FC044620BBBB682846D4
:10D0D000D988FCF7E6FBBB68002B40F08180002478
:10D0E000E9882846FCF7DDFB15E001A93046F7F793
:10D0F00061FF044678B9039B01989B681968F7F7AC
:10D10000D7FE044638B9019909F1E400FDF746F865
:10D11000044600285BD0204605B0BDE8F083029BA2
:10D1200003AA02219868FEF707FA04460028F2D104
:10D130000398FEF78FFC3070029B03AA03219868C6
:10D14000FEF7FAF904460028E5D1039808F1010832
:10D15000FEF780FC3146C0B27080019805F0A3FB59
:10D1600001462846FCF7C3FBB868C3889845B6D08B
:10D1700002AA4146FEF7E0F904460028B0D1029B1E
:10D180009868C388042B2DD1214603AAFEF7D4F951
:10D1900004460028A4D10398FEF75CFC029B86B2EB
:10D1A00003AA01219868FEF7C7F90446002897D121
:10D1B000039B314609F180009A6801AB1268FDF7C4
:10D1C00092F8044600288BD1019B002B8DD00420BF
:10D1D000F3F7D6FA06460028A1D14FF482747FE710
:10D1E000A046C1E74FF481747AE70000022A2DE9D6
:10D1F000F04F81468DB00D461E4640F007814B8CA6
:10D200002BB301F11008404605F060FB04460028EE
:10D2100036D13378092B33D14046FCF73EFB05A9C4
:10D22000ADF81400B068F7F727FF044640BBBDF81F
:10D230001430EB8223B3014608AA4046FCF79BFB5F
:10D24000A0B9089B9B68DF886B8CBB4210D24FF45F
:10D250008174D4E008AA4046FCF78DFB30B939460A
:10D26000B0680AF1010AF7F7D8FE18B1044607E0E2
:10D27000A246FFB21FFA8AF1BDF814308B42E9D101
:10D280003378012B11D105AF00214FF0000A384649
:10D29000F8F7FEFAB3684046D988FCF702FBB0689D
:10D2A0001FFA8AF3C2889A4208D199F85830E98A5D
:10D2B00003B1A9634046FCF7F4FAA0E002AA1FFA02
:10D2C0008AF1FEF739F90446002840F09680029B67
:10D2D0009B68DA886B8C9A4240F095808346029A6C
:10D2E0001FFA8BF39068C2889A4211D808200AF17D
:10D2F000010AF3F745FA8346FEF70CF8029B5846FD
:10D300009968FEF70FF959464046FCF7F0FAC6E770
:10D3100003AA1FFA8BF10193FEF70EF902460028CB
:10D320006CD1039A1278092A4AD840F2412323FA91
:10D3300002F2D30744D5019B04AA05F11C0019464B
:10D34000FCF719FB0246002858D1049BD3E90001E1
:10D35000039BB0F800C01A78BCF1080F33D191F9E3
:10D360000030022B2CD1092A1AD108A8FDF739FE6A
:10D37000039B08A89968FEF743FE039A19210A98AF
:10D38000FAF760FD019008A8FEF73EF8019A002A1E
:10D3900034D1039B9B6893E8070087E807000FE000
:10D3A00072B995F82C30A96A012B02D0042B18BF52
:10D3B00049423846F8F768FA39460398FEF702FA08
:10D3C0000BF1010B8BE7062AFAD1BCF1010FF7D163
:10D3D00091F900100229F3D158490330019305F067
:10D3E000B9FD019B0028EBD1996808A8F8F750FA1D
:10D3F00008A90398FEF7E6F9CBE702461446204653
:10D400000DB0BDE8F08F4FF48172F7E7032A11D118
:10D41000002301F110008B6305F058FA0446002840
:10D42000EDD1324605F11C0148460DB0BDE8F04F84
:10D43000FFF741BE042A05D11846FEF70BFBA86290
:10D440000024DCE7052A05D11846FEF703FB85F822
:10D450002C00F5E7062A61D11C780CB90C63CEE7E5
:10D46000986800283FF4F3AEC388042B7FF4EFAE36
:10D4700008AA0021FEF760F804460028BFD10898EA
:10D48000FEF7E8FA08AA07460121B068FEF754F84B
:10D4900004460028B3D1A8460023BFB209F180009A
:10D4A00048F8303F089B39469A6843461268FCF7B3
:10D4B0001AFF04460028A2D12B6BA3B94146384677
:10D4C000F7F778FD0446002899D1089B286B9B68E4
:10D4D0001968F7F7EDFC0446002890D1296B09F193
:10D4E000E400FCF75BFE08AA0221B068FEF724F80E
:10D4F0000446002883D10898FEF7ACFA08AA85F8FC
:10D500003C000321B068FEF717F8044600287FF4BA
:10D5100076AF0898FEF79EFAE88770E7072A04D1ED
:10D520001846FEF797FAA8638AE7082A7FF48FAEB9
:10D530001846FEF78FFA686382E700BFCEC000206E
:10D540002DE9F04F0F46A1B08246022407F11006E4
:10D550000EA807F12C05FCF7B8FA3046F6F70CF9DF
:10D560002846F6F709F9012305A813978DF86A30C4
:10D570008DF85040FCF748FA07A8F5F774FF0EA99C
:10D5800005A8FCF761FA9DF8493053B107A80024BB
:10D59000F6F7F2F805A8FCF779FA204621B0BDE8C5
:10D5A000F08F21462846F5F7E5FF044618B13046CE
:10D5B000F6F7E2F8F1E7A1462946788CFCF70FFB75
:10D5C0001FFA89F17B8C8B42E0D001AA07F11C0085
:10D5D000FCF7D1F904460028E9D1019B0EA9504679
:10D5E0001A685B6813921B788DF8503004F04CFC7D
:10D5F000044618B10EA8FDF707FFD8E79DF86B3079
:10D60000002B00F0DB801098F5F72AFF014618B9CF
:10D610002846F5F7AFFF6EE0109B1B6819784B1E8C
:10D62000012BF5D80DF1280B03A8F7F78DFF58460D
:10D63000FDF7D7FC109801230DF102010381FCF7DF
:10D640009DFA30B9019BBDF802205B685B889A4265
:10D6500008D20EA84FF48274FDF7D6FE3046F6F7D6
:10D660008BF89AE7002B7AD1109B28461B68197813
:10D67000F5F780FF109B28461B681A785978012A15
:10D6800018D1F5F799FF4FF0000B5FFA8BF3BDF857
:10D69000022093422CD203A8F7F756FF0AA8FDF701
:10D6A000B3FE0AAA03A91098F9F744F9044620B179
:10D6B0000AA84AE0F5F75EFFE5E79DF81010284656
:10D6C0004B1E012B30D8F5F755FF0C9BA046284682
:10D6D0009979F5F74FFF0C981FFA88F3C2889A42A0
:10D6E00012D8109B0BF1010B1B681B78012BCCD1BE
:10D6F0000AA8FDF789FE0EA809F10109FDF784FECD
:10D700000EA8FCF7F6F95BE71FFA88F102AAFDF70D
:10D7100013FF08F1010804460028C9D1029B2846DE
:10D720001978F5F727FFD6E7F5F724FFD9E758462C
:10D73000FDF76AFE03A8F7F707FF5A4603A91098FA
:10D74000F9F7F8F8044618B15846FDF75DFE51E7C1
:10D750009DF8113008F1010813B903241DE7804634
:10D76000019B5A685FFA88F352889342DFD39DF891
:10D770001010284602291ED1F5F7FCFE0C9B4FF035
:10D78000000828469979F5F7F5FE0C981FFA88F3FA
:10D79000C2889A42ACD91FFA88F102AAFDF7CCFEE2
:10D7A00008F101080446002882D1029B2846197816
:10D7B000F5F7E0FEE9E7F5F7DDFE99E70EAA9DF83B
:10D7C000381007A8F8F747FC044630B10EA8FDF75B
:10D7D0001BFE07A8F5F7D0FFE9E6079B2846197856
:10D7E000F5F7C8FE07A8F5F7C7FF84E7023A70B55A
:10D7F00006460C461D46042A2ED8DFE802F0031028
:10D800001E25270010342046F5F7B6FFAB68CBB1D4
:10D810002046DA881968BDE87040F5F735BF2A461A
:10D820001C31FFF748FC70B996F8583053B12146C7
:10D830003046BDE87040FFF783BE2846FEF70AF980
:10D8400084F82800002070BD2C34DCE72846FEF761
:10D8500001F984F83800F5E74FF48170F3E730B54B
:10D860001C4690F834300D4693B01146A3B1002207
:10D87000FF23CDE90021CDE9022301460F2309A8AA
:10D880000492CDE90522FCF781FD214609A80D95FA
:10D89000FBF7FEF813B030BD4FF48170FAE770B5B6
:10D8A0000D460446FCF7D2FCE9882046FCF753FC01
:10D8B0000022EE88134691B28E4201D1E38070BD02
:10D8C000296851F8221008880C2806D00F281FBF9D
:10D8D000206840F8231001339BB20132EBE70000CF
:10D8E00001232DE9F74380F874310546B0F8523032
:10D8F0003F2B49D9002600F18008DFF8A090374679
:10D90000B1B2B5F886308B4220D1002F42D195F8C4
:10D910003430002B40D001A90F20F7F74BFB044611
:10D9200080B9019E05F1800731463846FCF736FC88
:10D93000019905F1E400FCF731FC394606F11400C9
:10D94000FCF796FC204603B0BDE8F0836A464046EB
:10D95000FCF7A5FC04460028F4D1009C06224946A9
:10D96000E01C05F0F7FA90B123880F2B0AD195F847
:10D9700034303BB1638B23B9414604F11400FFF707
:10D980008EFF009F0136BBE74FF48174DAE74FF456
:10D990008374D7E70024D5E73C46D3E7FDA006080B
:10D9A00038B50025044680F8D650D0F8CC0038B100
:10D9B000F5F7E2FED4F8CC00F2F7AAFFC4F8CC5099
:10D9C000002504F5AE70E5612562FBF740FD0123FB
:10D9D000201D84F89050C4F88C3084F8365084F8B8
:10D9E000595084F89450F5F7C7FE04F11000BDE8D3
:10D9F0003840F5F7C1BE10B50446FFF7D1FF204609
:10DA0000FBF746FB012104F58070FCF7FFFC0023C7
:10DA10002363E385C4E9603310BDF0B5044685B0E7
:10DA20000F461846D82116461D46F5F7A3FD90B9B6
:10DA300039462846F5F79EFD68B9B6F58E7F33D195
:10DA400006212846F5F796FD28B9D4F8F430284683
:10DA50001968F5F7D3FD94F89430C3B12046F8F770
:10DA600058FA50B394F890309B0726D5D4F8CC20C0
:10DA70004E232046CDE90225D4F8B020CDE900326E
:10DA8000D4F8BC30032210F8941FF6F7FDFFC0B99C
:10DA900094F8353013F0FB0F13D12946204605B01A
:10DAA000BDE8F040FAF7CABDB6F5807F28460CBF46
:10DAB00002210521F5F75EFDCDE704F198022E2342
:10DAC000D7E705B0F0BD00002DE9F0419EB000267B
:10DAD0000446042309AD0F46324605A928468DF8B1
:10DAE0001160F5F725FE94F83530013B012B2AD85B
:10DAF0002046FFF755FF94F8353013F0FB0F04D1A3
:10DB000094F89030DB0740F158810DF111030DF1CD
:10DB100012023946204600930DF1130302F088FCEF
:10DB200006463846F5F728FEA6F58E73022B0DD86B
:10DB300032463B4602212046FFF76FFF064630463D
:10DB40001EB0BDE8F08184F89460D4E7002E40F068
:10DB500019819DF81230002B40F0148194F8503058
:10DB6000052B59D801260E2128468DF812608DF814
:10DB70001360F5F7FFFC31462846F5F7FBFC06215C
:10DB80002846F5F7F7FC31462846F5F7F3FC06235F
:10DB900084F8503094F83630012B00F297809DF8CD
:10DBA0001230002B40F0D58094F83430002B00F078
:10DBB000D080834B07AA0F2118689B88079004F137
:10DBC0008000ADF8203006ABFCF78DFB0646002840
:10DBD000B5D1069E76B90DF130084046FBF775FFCA
:10DBE00007AB32460F212046CDF80080EFF7C8F88A
:10DBF000119B0693069B002B00F0AB8094F89420B9
:10DC0000002A0CBF0122032283F8312094F8362029
:10DC100083F8532002229BE0B4F852303F2B18D8EF
:10DC200001260E2128468DF812608DF81360F5F755
:10DC3000A1FC31462846F5F79DFC06212846F5F75C
:10DC400099FC03212846F5F795FC4023A4F85230AF
:10DC5000A0E7236EABB901260E2128468DF812608D
:10DC60008DF81360F5F786FC31462846F5F782FCFF
:10DC700006212846F5F77EFC02212846F5F77AFCB6
:10DC800088E79DF8133033B101238DF81230022359
:10DC90008DF813307EE704F1380294F836102046F0
:10DCA000EFF700F98DF8130030B12046EFF7ECF8EC
:10DCB00001238DF812306DE794F83630012B7FF692
:10DCC0006EAF0E238DF812008DF813302378002BE1
:10DCD0007FF465AF04F11000FBF75BF8064618B15E
:10DCE0002846F5F749FD2AE794F834308BB3344BD6
:10DCF00007AA0F2118689B88079004F18000ADF8EF
:10DD0000203006ABFCF7EFFA064600287FF417AF89
:10DD1000069E76B90DF130084046FBF7D6FE07ABFC
:10DD200032460F212046CDF80080EFF729F8119BED
:10DD30000693069B6BB194F89420002A0CBF012235
:10DD4000032283F8312094F8362083F853200122EF
:10DD50001A7494F8353013F0FB0F03D1394620467E
:10DD6000FAF76CFC9DF8113039469DF812202046D8
:10DD700002930023CDE900539DF8133002F056FEC4
:10DD80000646ADE79DF81380B8F1000FE1D10126FA
:10DD90000E2128468DF812608DF81360F5F7EAFB26
:10DDA00031462846F5F7E6FB06212846F5F7E2FB63
:10DDB00041462846F5F7DEFBCBE76FF00106BEE6ED
:10DDC0000CA306082DE9F843D0F8783104460D4637
:10DDD000002B64D09A8BA0F866209A8AA0F8642061
:10DDE0001A7E80F86920DB7D80F86830294620465D
:10DDF000FBF799F8064600284ED12846F5F7BCFCFB
:10DE000094F89490D4F830802046E78DFFF7F3FD26
:10DE10008121284684F89490C4F83080E785F5F78E
:10DE2000A9FB80212846F5F7A5FB31462846F5F7E2
:10DE3000A1FB05212846F5F79DFBB4F864102846A0
:10DE4000FBF7EEF806212846F5F794FBB4F86610C8
:10DE50002846FBF7E5F807212846F5F78BFB042158
:10DE60002846F5F787FB94F868102846F5F7C6FBB7
:10DE700008212846F5F77EFB04212846F5F77AFBB2
:10DE800094F869102846F5F7B9FBEA88022128467C
:10DE9000033AD2B2F5F75FFB3046BDE8F8834FF0A6
:10DEA0008013436640F20113A0F868309EE738B54E
:10DEB00090F8353005460C46012B09D163212046E8
:10DEC000F5F758FB20460021BDE83840F5F752BB76
:10DED00081212046F5F74EFB80212046F5F74AFBCD
:10DEE00000212046F5F746FB05212046F5F742FBC9
:10DEF000B5F864102046FBF793F806212046F5F7A5
:10DF000039FBB5F866102046FBF78AF80721204652
:10DF1000F5F730FB04212046F5F72CFB95F8681047
:10DF20002046F5F76BFB08212046F5F723FB04217B
:10DF30002046F5F71FFB95F869102046F5F75EFBC4
:10DF4000E28820460221033ABDE83840D2B2F5F714
:10DF500002BB37B51C4690F835300D461146042BF0
:10DF600024D8DFE803F0030E16230300732D0A46BE
:10DF700023460CBF2946002103B0BDE83040F9F725
:10DF80005AB90A462346294603B0BDE83040F9F79E
:10DF900016BD08460191F5F763FA00220346019980
:10DFA000204603B0BDE83040F5F78DBB4FF48170DB
:10DFB00003B030BDC1292DE9F041054694B00E46AD
:10DFC0001746984608D0C32929D0C02929D090F8EF
:10DFD000024114B100241EE0C52408A8F5F743FA55
:10DFE00095F83430FBB100220123FFB229460BA87B
:10DFF0000492019200932346CDE90522CDE9022740
:10E00000FCF7C4F908A90BA8FAF776FB044650B14F
:10E0100008A8F5F7B1FB204614B0BDE8F081C7248D
:10E02000DBE7C424D9E7434608AA31462846FFF770
:10E0300090FF0446ECE72DE9F04F8BB08046482076
:10E040000D4608AF99460292F2F79AFB0646FBF797
:10E050003CFD3846FBF7D8FC31463846FBF7F4FC6C
:10E0600005A92846F5F7C2FB044618B13846FBF768
:10E0700054FD3AE02B6806F11801B5F808A02846CF
:10E0800003930AF10603BDF814B02B81F5F785FB65
:10E0900004460028EAD10DF113012846F5F77DFB6F
:10E0A00004460028E2D1029B022B3DD10DF1130161
:10E0B0002846F5F772FB04460028D7D19DF81330A7
:10E0C00006A92846B3FA83F35B0989F81530F5F7FA
:10E0D000A2FB04460028C9D1D8F88C30069A934296
:10E0E00007D013243846FBF718FD20460BB0BDE8D7
:10E0F000F08F01330DF116012846C8F88C30FBF77C
:10E100003DFD28B138464FF48174FBF706FDECE77E
:10E11000EB882989BDF816205B1A9A4204D038464C
:10E120000E24FBF7FAFCE0E799F815309BB1039B4E
:10E13000594608F1800053449A4606F114035246AA
:10E14000FCF7D1F80446B0B1029B012B8ED12846D2
:10E15000F5F712FB8AE706A8F7F7F6F94046FAF753
:10E1600093FF324606A92846F8F7E4FB0446002848
:10E170007FF47CAFDBE773693BB9024653465946EF
:10E1800040460096EEF7FCFD04462846F5F7F4FA03
:10E19000002CD9D17169002958D0327E4046EEF763
:10E1A000F3FB0238C0B2012852D839464046EEF798
:10E1B0006BFC99F81530D3B108F5B47A08F5B07B4B
:10E1C0005046F5F7D9FA5846FBF7A7FC97E8030045
:10E1D0008BE803003046FDF717F93846FBF714FCCF
:10E1E0002846F5F72FF938B1C12388F85C31B6F924
:10E1F000303083B11C46A7E72A892946EB88504670
:10E200009B1A9BB2F5F75FFAC12388F85C310028AE
:10E21000EDD0044698E7737C002B95D199F8153022
:10E22000002B91D13146404604F011FE044618B14E
:10E23000B6F9303003B9308639464046EEF79DFDD9
:10E24000B6F93030002B18BF1C467DE70B247BE766
:10E25000032479E72DE9F04F0E4687B08046174634
:10E260000DF1160130461D469DF84090F5F7BEFAB7
:10E270000446B8BB336805F11801B6F808B030465B
:10E2800003930BF10603BDF816A03381F5F785FA69
:10E29000044638BB0DF115013046F5F77EFA044609
:10E2A00000BB039B514608F180005B449B4605F18F
:10E2B00014035A46FCF717F8044698B96B693BBB40
:10E2C00002465B46514640460095EEF759FD06462C
:10E2D000B9F1000F1AD1A8B9696939B90B213846CB
:10E2E000F5F748F9204607B0BDE8F08F2A7E404692
:10E2F000EEF74AFB0238C0B2012801D90321EEE74C
:10E300000021ECE70B213846F5F734F93446E9E70C
:10E31000B9F1000FE6D1DFE72DE9F04F8FB00746E6
:10E3200090460D460BA8F5F79EF80A210BA8F5F7C5
:10E33000A0F809A8FBF768FB4820F2F721FA064687
:10E34000FBF7C3FB09A83146FBF77EFB0DF11A0171
:10E350002846FBF713FC0446F8B92B898146824610
:10E360000493BDF81A201FFA89F39A4208D10DF1DF
:10E370001A012846FBF702FC044670B903944CE0EE
:10E3800033460BAA29463846CDF800A009F1010909
:10E39000FFF760FF04460028E3D009A80026FBF73A
:10E3A000BCFB2846F5F7E8F9FF232946BDF8320003
:10E3B00088F81430FBF713FCBDF83220B3B29A4250
:10E3C00040F09D800BA8F5F7D7F90523204688F883
:10E3D00006300FB0BDE8F08F737CC3B998F81530E4
:10E3E000ABB93146384604F032FD044638B1B6F9CF
:10E3F000303023B9C2B249460BA8F5F7ACF809A9E9
:10E400003846EEF7BAFCB6F93020002A71D1304612
:10E41000FCF7FAFF039B01330393BDF80C90BDF8A2
:10E420001A304B45B9D007A8F7F78EF83846FAF7F7
:10E430002BFE049BB5F808A00BAA2B8101232946CB
:10E44000384600933346FFF705FF2B890446A5F8AD
:10E4500008A004930028A0D1324607A92846F8F75F
:10E4600069FA044620B1C2B249460BA8F5F773F821
:10E470000DF119010BA8F5F790F90028CAD19DF804
:10E480001930002BC6D10DF1240A38465146EEF75B
:10E49000FBFA98F815302BB307F5B47B5846F5F71F
:10E4A0006BF907F5B07318460593FBF736FB059B30
:10E4B0009AE8030083E803003046FCF7A5FF5046C6
:10E4C000FBF7A2FA2846F4F7BDFF40B92A8929468E
:10E4D000EB8858469B1A9BB2F5F7F5F80446C12322
:10E4E00087F85C31002C92D1B6F93020002A3FF435
:10E4F00073AFD2B249460BA8F5F72DF887E7B3B250
:10E500000B9A28460136D15CF5F734F854E72DE92B
:10E51000FF410E4605460DF1010117463046F5F75D
:10E520003CF90446002856D19DF8013001A9304637
:10E53000B3FA83F35B097B75F5F76DF904460028A0
:10E5400047D1D5F88C30019A934248D101330DF16F
:10E5500002013046C5F88C30FBF710FB002840D193
:10E56000F1883289BDF80230891A8B423CD105F519
:10E57000B47831464046F5F7A6F8044648BB7B7DA3
:10E580003BBBD5F8603102A81E68F6F7DDFF02A993
:10E5900040463246F8F7CEF9E8B905F5B078284696
:10E5A0004146EEF771FA737C5BB97B7D4BB931461E
:10E5B000284604F04CFC044668B941462846EEF76C
:10E5C000DCFB05F5AE700024FAF741FF2846FAF7A8
:10E5D0005BFD01237B75204604B0BDE8F081132468
:10E5E000F7E74FF48174F4E70E24F2E72DE9F041E8
:10E5F000069C05461E46884620461746F5F7BCF899
:10E6000095F8353013F0FB0F03D121462846FAF771
:10E6100015F80E212046F4F7ADFF41462046F4F7E9
:10E62000A9FF39462046F4F7A5FF31462046F4F706
:10E63000A1FF0020BDE8F08170B50D4692B00646FE
:10E640000DF123012846F5F7A8F80446002852D119
:10E650000DF122012846F5F7A0F8044600284AD11A
:10E660009DF822103046FAF7FEFE96F802319DF82A
:10E670002220314609A8CDE903439DF82330CDE996
:10E6800005440093C523CDE90145FBF77FFE9DF8C6
:10E690002320032A32D007D8531E012B0CD9012383
:10E6A00003248DF82A300EE0042AF8D109AA29465D
:10E6B0003046FFF731FE04E009AB29463046FFF74C
:10E6C000BAFC044690B12846F5F756F83046FAF7FA
:10E6D000DBFC631EFA2B4FF0000328BF03248DF8E8
:10E6E000393001238DF838408DF82A30294609A8A1
:10E6F000FAF702F80446204612B070BD09AA29466E
:10E700003046FFF704FFDCE72DE9F04F0E4695B0E9
:10E7100007469146FAF7B8FC0DF122013046F5F7AD
:10E7200065F8044600285CD1B6F808A008A9304670
:10E73000D6F800B00AF106033381F5F72EF8044647
:10E7400000284ED19DF82030002B00F02281482077
:10E750000DF12408F2F714F80546FBF7B6F9092382
:10E760004046AE602B709DF820302B76FBF74CF9BD
:10E7700029464046FBF768F99DF820300DF121014C
:10E7800030462B76F5F709F8044650BB9DF821304A
:10E79000ABB10BA8F6F7D8FE05F119013046F4F736
:10E7A000FCFF044638B905F120020BA93046F8F702
:10E7B000C1F8044618B14046FBF7AFF911E0DA445E
:10E7C0003046F4F7D9FF05F114035246BDF8221084
:10E7D00007F18000FBF787FD044630B13046F4F7BF
:10E7E000CBFF204615B0BDE8F08F6A6932B95346B9
:10E7F000BDF8221038460095EEF7C2FA6969002983
:10E8000000F0BA809DF820203846EEF7BDF8C10729
:10E8100040F1B480BDF822300F2B28D19DF8204064
:10E82000012C24D1062251465B4804F093FBF0B939
:10E8300085F8334009213046F4F79CFE0446002851
:10E84000CFD106213046F4F795FE04460028C8D102
:10E85000062251493046F4F717FF04460028C0D17C
:10E86000B5F93040BCB13046F4F786FF1FE04146B1
:10E870003846EEF7D6F86B7C002BF1D129463846A6
:10E8800003F002FB044641463846EEF774FA002CCA
:10E89000E6D00124E7E795F83330002B5AD12A4619
:10E8A00029783046F7F7D7FB041E18BF012495F8E6
:10E8B0003330002B64D000232B70E4B239460BA810
:10E8C000D5E90E23CDE902649A424FF000020CBF55
:10E8D00001230023069314BF01230023059397F817
:10E8E000023104930123CDE90032C4234A46FBF7E9
:10E8F0004DFD31460BA8F9F7FFFE0446D5E90E237E
:10E900009A4205D1F288B7F852309A427FF653AF57
:10E9100007F5AE70FAF79BFD07F5B07398E80300B2
:10E9200083E803004046FBF76FF83046F4F78AFDB2
:10E9300048B932893146F38807F5B4709B1A9BB207
:10E94000F4F7C1FE04460123A5F84030C02387F840
:10E950005C3130E7A868F4F775FD0028A7D1A968F5
:10E9600022463046CB88F4F7AEFE041E284618BF78
:10E970000124FCF749FD9AE7042498E7032496E76D
:10E980002B78092B99D1A868F4F75CFD002892D167
:10E9900093E74FF4807424E7F7A006082DE9F043CD
:10E9A0000E4697B005460CA930460992F4F733FF9E
:10E9B0000446E8B93046F4F7DFFE0C99D5F88C3000
:10E9C000099A8B4295F8021116D013230DA80491D1
:10E9D00029460194CDE902430223CDE90544009381
:10E9E000C423FBF7D3FC31460DA8F9F785FE044696
:10E9F000204617B0BDE8F08301330DA8C5F88C3070
:10EA00000123CDE905330223CDE9034100932946D3
:10EA1000C423CDE90146FBF7B9FC95F85C31002B26
:10EA2000E6D005F5B477B5F86E3122463046394662
:10EA3000F4F749FE3846F4F79FFEF288B5F85230F5
:10EA40009A424ED331460DA8F9F756FE0446304699
:10EA5000F4F7F8FC0028CBD132893146F3883846E8
:10EA60009B1A9BB2F4F72FFEC2E70B9B4146284648
:10EA70009E6083F80090EDF7D4FF0B994B7C53B95F
:10EA8000284603F001FA10B101238DF848304146C1
:10EA90002846EEF770F90B9A92F83330BBB1002399
:10EAA0001370013495F86531A34206D00BAA2146B4
:10EAB0004046FAF7FEFF0028D7D00B9AD2E90E3273
:10EAC000934234BF002301238DF84A30BAE711780E
:10EAD0003046F7F7C0FA0028EFD10B98FCF794FC0A
:10EAE000DFE705F5B0784FF00909DBE72DE9F04FD6
:10EAF0000C4697B0054692460DF126012046FBF7DD
:10EB00003DF80746002840F02D810BAE3046FAF75D
:10EB10007BFFBDF82620BBB29A425FD009A92046F0
:10EB2000F4F764FE002859D123890DF122012268EF
:10EB30002046BDF8249002EB030806332381F4F746
:10EB40002CFE00284AD14820F1F71AFE0A90FAF765
:10EB5000BCFF0A993046FAF777FF0A9B9DF82220FE
:10EB60004946143305F180001A714246FBF7BBFB9E
:10EB7000002833D10A9B5A692AB900934946434673
:10EB80002846EEF7FDF80A9B596919B904221A863E
:10EB90000137BEE79DF822202846EDF7F5FE10B9B3
:10EBA0000A9B0322F3E70DF123012046F4F7F5FD5C
:10EBB000A0B99DF82330002BEAD00DA8F6F7C4FCCD
:10EBC0000A9920461931F4F7E8FD38B90A9A0DA9D7
:10EBD00020462032F7F7AEFE0028D9D00027204685
:10EBE000F4F7CAFD4FF0010931462846B846EDF763
:10EBF00018FF2146BDF82600FAF7F1FF9DF83120F5
:10EC0000BBB29A4205D00AAAB9B23046FAF751FF10
:10EC100018B331462846EEF7AEF888F0010300221B
:10EC200029460DA8CDE9058395F802310493FF2309
:10EC3000CDE902430323CDE90032C4235246FBF75A
:10EC4000A5FB21460DA8F9F757FD04463046FAF713
:10EC500064FF204617B0BDE8F08F0A9BB3F930106F
:10EC600099B92046B4F806B0F4F784FC0A994B7CB5
:10EC70005BB9284603F008F938B10A9B01225946CE
:10EC80002046A3F83090F4F766FC0A9AB2F93030C7
:10EC9000002B53D192F83330002B3BD11178204612
:10ECA000F7F7D9F910B10A9BA3F830900A9B93F8B3
:10ECB0003320002A4DD00A9B4FF000021A700A9BA5
:10ECC000D3E90E12914223D0A3F84090C02305F55A
:10ECD000AE7085F85C31FAF7BAFB05F5B07396E8CB
:10ECE000030083E803000A98FCF78EFB3046FAF72E
:10ECF0008BFE2046F4F7A6FB40B922892146E38823
:10ED000005F5B4709B1A9BB2F4F7DDFC4FF00108D7
:10ED1000013773E79068F4F795FB02460028C5D1E8
:10ED20000A9B20469968CB88F4F7CDFC10B10A9B6A
:10ED3000A3F830900A98FCF767FBB7E7012120465B
:10ED4000F4F718FC0A9B204693F83010F4F712FCF5
:10ED5000ACE71A78092AB2D19868F4F773FB002857
:10ED6000A9D1ACE74FF4817473E770B50C4692B04B
:10ED700005460DF123012046F4F70FFDC8B90DF14A
:10ED8000220120469DF82360F4F707FD88B99DF81D
:10ED900022102846FAF767FB012E0CD19DF822209D
:10EDA00021462846FFF7B0FCB0F5807F0BD14FF429
:10EDB000807012B070BD022E25D19DF82220214610
:10EDC0002846FFF7EBFD0028F3D0431EFA2B28BF9F
:10EDD000032095F802310022C0B229460493C423CF
:10EDE000CDE90522CDE90240CDE9006209A89DF8F0
:10EDF0002220FBF7CBFA2046F4F7BEFC214609A8F7
:10EE0000F9F77AFCD5E7032E09D12B6E5B04CED53A
:10EE10009DF8222021462846FFF768FED3E7012609
:10EE20000320D6E72DE9F0470E4698B007460CA917
:10EE30003046F4F7B2FC00284AD10DF12F013046DC
:10EE4000F4F7ABFC002843D19DF82F103846FAF7B1
:10EE50000AFB0DF132013046F4F7C8FCC0BBB6F82E
:10EE600008A00DF131013046BDF832800AF10603E9
:10EE7000D6F800903381F4F790FC48BB0CA93046DB
:10EE8000F4F78BFC20BB0DA8FAF7BEFD4820F1F784
:10EE900077FC0546FAF719FE0DA82946FAF7D4FDC6
:10EEA0009DF831302B769DF83030A3B10FA8F6F7DE
:10EEB0004BFB05F120020FA93046F7F73BFD044656
:10EEC00048B13046F4F758FC0DA8FAF726FE204664
:10EED00018B0BDE8F087B8F10F0FD1440AD1002374
:10EEE0006B614B460022414638460095EDF748FFDE
:10EEF00004460DE005F114034A46414607F180003F
:10EF0000FBF7F1F904460028DBD16B69002BE8D050
:10EF10003046F4F731FC6969002900F0A880B8F1A7
:10EF20000F0F9DF8312001D1012A71D03846EDF73D
:10EF300071FD00286CD103232B86B5F93020002AFF
:10EF400040F0868011463046F4F778FD04460028EC
:10EF500071D1014601223046F4F770FDB0F100088E
:10EF6000044618BF4FF0010895F83330002B68D0E5
:10EF7000A868F4F767FA814600285FD12B78092B3F
:10EF80005CD1A96808460991F4F76AFA4A46034633
:10EF900009993046F4F797FB041E284618BF4FF036
:10EFA0000108FCF731FA002C8ED1002397F80221DA
:10EFB00039460FA804925FFA88F20193CDE9053330
:10EFC0000123CDE902620093C7239DF82F20FBF7B0
:10EFD000DDF931460FA8F9F78FFB6B690446002B6A
:10EFE0003FF472AF1A880F2A7FF46EAF9DF831207C
:10EFF000012A7FF469AF1B7C022B3BD197F890303C
:10F00000384643F0020387F89030EDF731FF5BE7B5
:10F010000DA93846EDF79EFE6B7C002B8DD129465D
:10F02000384603F0F7FB00B128860DA938460024C6
:10F03000EDF7A4FE81E74FF0010895E700232B7060
:10F04000B1E72A4629783046F7F705F80446AAE7DB
:10F05000531E30469BB2FA2B34BF90464FF009083E
:10F06000F4F78AFB00213046F4F784FA9BE74FF06F
:10F07000040898E73846EDF707FF97F8903023F03B
:10F08000020387F890301FE7F0B50D4685B00646BD
:10F090000DF103012846F4F780FB0446002872D1E5
:10F0A0000DF102012846F4F778FB044600286AD1E6
:10F0B0000DF102012846F4F770FB0446002862D1E6
:10F0C0000DF102012846F4F768FB044600285AD1E6
:10F0D0009DF803702846F4F74FFB01A8F4F7C3F935
:10F0E000032F49D196F8353013F0FB0F03D1294691
:10F0F0003046F9F7A3FA63212846F4F73BFA0028D3
:10F1000041D1BDF80A1028460331C9B2F4F732FAEA
:10F11000C8BB80212846F4F72DFAA0BB0121284660
:10F12000F4F728FA78BB9DF802102846F4F722FA83
:10F1300048BBBDF80A3033B3BE212846F4F71AFAAB
:10F1400008BBBDF80A1028460131C9B2F4F712FA1B
:10F15000C8B904212846F4F70DFAA0B99DF80A10A1
:10F160002846F4F707FA70B9BDF80A202846019935
:10F170000024F4F789FA06E0224601A9304601F09E
:10F180007DF80028AED0204605B0F0BD2DE9F7434C
:10F19000044690F835000F4616469846F6F79EFE50
:10F1A00000BB4FF00009932F00F0A08037D8602FEC
:10F1B00000F0A88022D8002F00F0C980532F00F063
:10F1C000B5803046F4F7D8FA94F83430002B00F0CC
:10F1D000C58033464FF4807201212046FEF71DFCA6
:10F1E00005466FE004F5B470F4F73AF90028D8D07A
:10F1F00000212046FAF7B4F88146D4E7622FE0D127
:10F2000031462046FFF740FF05462046EDF722FE37
:10F2100094F8903023F0020384F890304EE0C12F30
:10F220003DD0C32F59D0C02FCBD194F838311BB962
:10F2300094F890309907C4D5236E1A03C1D594F879
:10F240005C31002B44D03289F3889A4240D10023AC
:10F25000338194F8353013F0FB0F0DD13046F4F7BD
:10F26000F5F8D4F878319B8A83423EBF94F8003198
:10F2700043F0010384F800314346324649462046B4
:10F28000FEF767FE532F054605D094F83530012B65
:10F290001AD1622F18D12046FEF7ADFB14E094F886
:10F2A00038311BB994F890309D078AD5236ED80267
:10F2B00087D531462046FFF7BFF90546B5F5807F73
:10F2C0003FF47FAF002DC4D0284603B0BDE8F083E3
:10F2D00031462046FFF749FDEFE7236E1B027FF51D
:10F2E00070AF31462046FFF79DFDE6E731462046E8
:10F2F000FEF768FD0546C8BB01234FF0730984F88B
:10F300009030A6E731462046FEF7DEFB054668BB97
:10F3100094F83630012B9CD894F89030204643F076
:10F32000020384F89030EDF7A3FD92E731462046C2
:10F33000FEF7BDFD94F8903005462BB12046EDF761
:10F3400089FD002384F890304FF07309B6E7394601
:10F3500020463781FAF704F881467AE70223032230
:10F36000012120460096FFF741F939E7B5F5807F86
:10F37000AAD126E72DE9F043044689B00E460029BC
:10F3800000F0EF818868F4F7F7F9336823B90025B6
:10F39000284609B0BDE8F083B388002BF7D094F875
:10F3A0007431002B00F0E08194F8355015F0FB0526
:10F3B00019D1D4F87831B3B11B8AA3B1EDF778FD38
:10F3C000D4F884314FF47A71D4F87821C31A128AB0
:10F3D0009BB2C4F88401B3FBF1F39A429CBFA4F83A
:10F3E0005651A4F8585104F5A8794846F4F72AF87C
:10F3F000F0B1B4F856514846B3881D44F4F72CF8E0
:10F40000854215DD94F8357017F0FB07BFD19721C1
:10F41000B3683A462046F7F70EFF0121054604F58A
:10F420008070A4F85671A4F85871FAF7EFFFAFE7AF
:10F43000B28848463168F4F727F9054618B14846BE
:10F44000F4F79AF9A3E7236B63BBB4F82E80B8FAFC
:10F4500088F84FEA581804F5807743464946204615
:10F460003A46F9F78CFC00287CD0A0F58E73022B6D
:10F4700022D805AFB068F4F77FF90A23002202A969
:10F480003846F4F755F9062300220121204600975B
:10F49000FFF7ACF8054638B10023A4F85631A4F8BC
:10F4A000583175E78046D6E70146B3683A462046AC
:10F4B000FEF74FFD05466BE7B0F5847F3FF467AF7D
:10F4C00040F2071398421FD194F83831ABB320466D
:10F4D0000026EDF7BFFC2046FEF78DFA01233A46E1
:10F4E00049462046A4F85861F9F749FC20B1A4F830
:10F4F0005661A4F85861DDE70023A4F85631A4F85A
:10F5000058310121384690E740F21913984210D142
:10F5100094F8903013F00103EFD0EDF7C9FCB36815
:10F52000C4F88001002297212046F7F784FE0546A3
:10F53000B2E740F20D139842DED094F8358018F00F
:10F54000FB08D9D194F89030D907D5D5B368424695
:10F5500097212046F7F76FFEA4F856810546A4F8D8
:10F56000588115E794F81031002B3FF410AF48464E
:10F57000F4F702F994F80131532B0CD194F8902050
:10F5800012F0010240F0F380B3681F212046F7F724
:10F5900052FE0546B5E7B8F1000F07D1932B05D011
:10F5A00094F83520012A36D1602B34D194F83530C7
:10F5B000022B30D013F0FB0F05D194F8383113B182
:10F5C0002046EDF747FC94F83530012B15D194F81F
:10F5D0000131602B1FD1E28D2046216BEDF764FCD9
:10F5E00058B994F890300121384613F0020304BF53
:10F5F000E3852363FAF70AFFC9E694F8353013F080
:10F60000FB0F08D194F89030204643F0010384F8B2
:10F610009030EDF72DFC94F80031DA070FD5EDF7B7
:10F6200047FCC4F880012046F9F7A9FE0146B368FB
:10F630000022204609B0BDE8F043F7F7FCBD94F87E
:10F64000011141B994F85C31B4F80A51002B3DD056
:10F6500095BB84F8013194F8353013F0FB0F46D197
:10F66000D4F87831002B42D01B8A002B3FD094F87D
:10F670000131932B3BD0EDF71BFCD4F88031C01A3D
:10F680004FF47A73B0FBF3F0D4F878311B8A9842C8
:10F690002DD394F838211ABB94F80131532B04D19F
:10F6A000B3681F212046F7F7C6FD2046EDF7D2FBD1
:10F6B0002046FEF7A0F96AE6A4F80C112046F9F7F7
:10F6C0004FFEB368014604F58272B2E7002DC2D145
:10F6D000EDF7EEFBC4F880012046F9F75DFEA5E7E3
:10F6E00094F89030DB0702D52046EDF7B3FBB36802
:10F6F00004F5827294F801112046FFF747FD054694
:10F70000A8B1B068F4F738F894F83520B36812F06F
:10F71000FB021ED1023520460CBF1F219721F7F7AF
:10F720008AFD00230546A4F85631A4F8583194F810
:10F7300000810021384694F80161FAF767FE18F05D
:10F74000010F18BF84F85C61EDF7B2FBC4F88001CB
:10F750001EE6FA2294F801112046FEF72BFC05461E
:10F76000E5E74FF4817513E640F2031510E6B8F1B2
:10F77000000F7FF41BAF13E77FB5019101A9ADF82E
:10F7800008200393FFF7F6FD07B05DF804FB07B50B
:10F7900013468DF8071001220DF10701FFF7ECFF6A
:10F7A00003B05DF804FB000030B590F8363085B04A
:10F7B00005460C4613B990F8940070B3324B8A2179
:10F7C00018689B8802902046ADF80C30F3F7D2FE03
:10F7D00018BB02212046F3F7CDFEF0B907212046E1
:10F7E000F3F7C8FEC8B980212046F3F7C3FEA0B9DD
:10F7F0008B212046F3F7BEFE78B907212046F3F7A8
:10F80000B9FE50B9062202A92046F3F73DFF20B900
:10F8100095F836102046F3F7ADFE95F836308BB3E9
:10F82000012B2BD1E88F58B33835AC212046F3F7A4
:10F83000A1FE38BB2846F3F713FE0230C1B22046C2
:10F84000F3F798FEF0B980212046F3F793FEC8B98C
:10F850002846F3F705FEC1B22046F3F78BFE88B9C0
:10F8600085B1296828460191F3F7FAFD019902460E
:10F87000204605B0BDE83040F3F706BF0435D4E7B5
:10F880000546D2E705B030BD03A10608F8B590F8EB
:10F89000D63006460D46002B55D106F19400F9F7F7
:10F8A00086FDA12107462846F3F764FE044600289A
:10F8B00063D109212846F3F75DFE044600285CD198
:10F8C00006212846F3F756FE0446002855D10721A5
:10F8D0002846F3F74FFE044600284ED16021284603
:10F8E000F3F748FE0446002847D185212846F3F760
:10F8F00041FE0446002840D174212846F3F73AFE21
:10F900000446002839D105212846F3F733FE044682
:10F9100098BB08212846F3F72DFE044668BB012159
:10F920002846F3F727FE044638BB96F83430002B00
:10F930005AD0002F14BF032101212846F3F71AFEE5
:10F94000E8B1044619E080212846F3F713FE044687
:10F9500098B902212846F3F70DFE044668B9022142
:10F960002846F3F707FE044638B996F8D61028461D
:10F97000F3F700FE044600288FD02046F8BD96F825
:10F980005830002BF9D1002F33D196F83630052BA3
:10F990002FD0B6F9D4300133EFD096F89430002B45
:10F9A000EBD0A9212846F3F7E5FD04460028E4D171
:10F9B00003212846F3F7DEFD04460028DDD10221AD
:10F9C0002846F3F7D7FD04460028D6D10121284662
:10F9D000F3F7D0FD04460028CFD196F8D41028467E
:10F9E000BDE8F840F3F7C6BD002F14BF0421022183
:10F9F000A3E7B6F8B63023B3A6212846F3F7BAFD3D
:10FA000000289ED10A212846F3F7B4FD002898D19A
:10FA100004212846F3F7AEFD002892D1082128469C
:10FA2000F3F7A8FD00288CD10822D6F8B01028469C
:10FA3000F3F72AFE002884D196F85830002BA8D07E
:10FA40009BE74FF4817498E7D0F8CC0020B1C088D0
:10FA5000A0F1100358425841704773B50D460DF19F
:10FA600007010646F3F799FE044610BB9DF8070010
:10FA7000FAF7CCFA0DF1070128603046F3F78DFE56
:10FA80000446B0B99DF80700FAF7C0FA2B680DF1EB
:10FA9000070143EA002028603046F3F77EFE044663
:10FAA00038B99DF80700FAF7B1FA2B6843EA00402D
:10FAB0002860204602B070BD38B50C460546C0B27D
:10FAC000FAF7A4FA01462046F3F754FD90B9C5F3BE
:10FAD0000720FAF79BFA01462046F3F74BFD48B999
:10FAE000C5F30740FAF792FA01462046BDE83840D0
:10FAF000F3F740BD38BD38B50C4605460121204618
:10FB0000F3F738FD95F894301BB12846FFF79CFFBA
:10FB100098BB00212046F3F72DFD00212046F3F786
:10FB200029FD95F8D710D1BB2046F3F723FD95F8B2
:10FB300050102046F3F71EFDC0BB5F212046F3F7AF
:10FB400019FD98BB1F212046F3F714FD70BB04215B
:10FB50002046F3F70FFD48BB01462046F3F70AFDA8
:10FB600020BB2146E86DFFF7A7FFF8B9B5F85210A2
:10FB70002046BDE83840F3F71FBD01212046F3F7CA
:10FB8000F9FCD5F8CC302146D888FAF728F8D5F812
:10FB9000CC302046DA881968F3F776FDBDE70121FD
:10FBA0002046F3F7E7FC95F8D710BDE738BD2DE9FF
:10FBB000F04107460E4688B0BE2107F19408304652
:10FBC000F3F7D8FC4046F9F7F2FB90B91021304624
:10FBD000F3F7D0FC04213046F3F7CCFC0E2130467D
:10FBE000F3F7C8FC3146384608B0BDE8F041FFF7EE
:10FBF00082BF05AD2846F3F736FC29463846FFF7A5
:10FC00007AFF044698BB07F19803032297F89410F3
:10FC100040460293D7F8B030039501932123009317
:10FC2000D7F8BC30F4F730FF0446E8B9BDF81A1035
:10FC300030460231C9B2F3F79DFC0446A0B9042155
:10FC40003046F3F797FC044670B99DF81A10304619
:10FC5000F3F790FC044638B90246BDF81A3029463D
:10FC60003046F3F730FD04462846F3F785FD20467D
:10FC700008B0BDE8F08100002DE9F0410D468AB0E2
:10FC80000646904605A928461F46F3F786FD04461A
:10FC900000287BD12A89EB889B1A9DF81420934277
:10FCA000C0F29F810DF115012846F3F776FD044659
:10FCB00000286BD19DF81530042B40F09B8105A9DD
:10FCC0002846F3F76AFD044600285FD10DF11501BF
:10FCD0002846F3F762FD0446002857D19DF8151019
:10FCE000282930D021292ED048292CD041292AD0AA
:10FCF00001F12503DBB2012B25D99DF81570082FE2
:10FD000040F081800DF115012846F3F746FD0446C9
:10FD100000283BD19DF81530002B40F0D18096F89B
:10FD20005830002B40F0D6800DF113012846F3F730
:10FD300034FD044650BB9DF81330052B00F2D780EC
:10FD40004FF4857422E0397006F11C072B8906F107
:10FD50009802394606F19400013B2B8108AB0293CF
:10FD60000DF1170301930DF1160300932B46F4F7E1
:10FD70009DFE044650B996F8F130FF2B0AD09DF84D
:10FD80001620B2EB031F05D040F21D1420460AB026
:10FD9000BDE8F08196F8F030FF2B04D09DF81720D5
:10FDA0009A4240F02181D6F8F42052B11168089BA4
:10FDB00001318B42099971F10001C0F018810133C2
:10FDC0001360D6F8F84064B108228C49204603F04D
:10FDD000C1F830B108222146384603F0BBF80028AC
:10FDE000D2D19DF816300DF11501284686F89430D1
:10FDF0009DF8173086F89530F3F7CFFC04460028BD
:10FE00003FF47BAFC2E7012F40F0F4800DF1150104
:10FE10002846F3F7C2FC04460028B7D19DF81540E8
:10FE2000002C40D0B8F1000F02D14FF48174ADE73F
:10FE300096F89430302BF8D105A92846F3F7ADFC9D
:10FE400004460028A2D19DF81430102BEDD1D6F82D
:10FE5000CC0028BB0C20F0F793FCC6F8CC00F3F7DD
:10FE600002FB9DF8143029462A89D6F8CC00F3F716
:10FE70002AFC0DF115012846F3F78FFC04460028F3
:10FE800084D19DF81530002B3FF43CAF0DF11501E6
:10FE90002846F3F782FC044600283FF433AF75E7A9
:10FEA000F3F76AFCDDE7D6F8CC000028E1D0F3F7E1
:10FEB00063FCD6F8CC00F0F72BFDC6F8CC40D8E7B1
:10FEC00006F1D7012846F3F768FC044600283FF402
:10FED00026AF5BE70DF113012846F3F75EFC0446FD
:10FEE00000287FF453AF9DF8133086F850300DF1A1
:10FEF00015012846F3F751FC044600287FF446AF6D
:10FF00009DF815305F2B75D12B8905A92A682846E5
:10FF1000D25C1F2A8DF8152004BF01332B81F3F723
:10FF20003CFC044600287FF431AF0DF11501284652
:10FF3000F3F733FC044600287FF428AF07A92846CE
:10FF4000FFF78BFD044600287FF420AF96F8582079
:10FF5000079B92B3F26D13403366B8F1000F04D1E2
:10FF60009A0702D523F00203336606A92846F3F761
:10FF70003DFC48BBB6F85430BDF818209A4288BF03
:10FF8000ADF81830BDF81830082FA6F852307FF4BD
:10FF9000FDAE0DF11A012846F3F728FC04460028AF
:10FFA0007FF4F4AEBDF81A30072B0FD196F8343039
:10FFB000002B08BF4FF48174E8E606A92846336693
:10FFC000F3F714FC0028DDD00446DFE6B3F57A4FE2
:10FFD0007FF42BAF96F83430002B18BF4FF48174A8
:10FFE000D4E64FF48274D1E64FF48F74CEE64FF42A
:10FFF0008E74CBE640F20F14C8E600BF24A10608B9
:020000040806EC
:1000000073B50E4604460DF1060115463046F3F76A
:10001000C4FB90B93289F3889B1A9DF8062093425D
:100020007DDB0DF107013046F3F7B7FB28B99DF8EA
:100030000730062B03D04FF4817002B070BD94F8E6
:1000400058300BB184F894000DF106013046F3F7F7
:10005000A4FB0028F1D10DF107013046F3F79DFB19
:100060000028EAD19DF80730602BE4D10DF107019B
:100070003046F3F792FB0028DFD19DF80730852B3F
:10008000D9D10DF107013046F3F787FB0028D4D111
:100090009DF80730742BCED10DF107013046F3F7F0
:1000A0007CFB0028C9D19DF80730052BC3D10DF189
:1000B00007013046F3F771FB0028BED19DF80730E9
:1000C000082BB8D10DF107013046F3F766FB002885
:1000D000B3D19DF80730012BADD10DF107013046AA
:1000E000F3F75BFB0028A8D194F834209DF8073083
:1000F00052B1DC1E62426241012B2A709DD0D81E93
:1001000018BF4FF0FF3098E7191F4A424A41022BAF
:100110002A7092D0042B18BF4FF0FF308DE74FF4B8
:1001200082708AE713B5044608460DF10701F3F71C
:1001300034FB48B994F858209DF8073032B140F2AA
:100140000F12602B18BF104602B010BD40F20F1204
:10015000612B18BF1046F7E737B50D4604460DF181
:1001600007012846F3F719FBF8B90DF106012846F7
:10017000F3F713FBC8B99DF80630802B1ED10DF1A3
:1001800007012846F3F709FB78B994F83630012BBC
:100190000DD138342046F3F7EFFA30B99DF8073027
:1001A00029462A892046F3F78EFA03B030BD9DF820
:1001B0000730083B382B04D80434EBE740F20F102B
:1001C000F3E74FF48170F0E737B50D4604460DF1C3
:1001D00007012846F3F7E1FA00284DD10DF1070198
:1001E0002846F3F7DAFA002846D19DF80730602B4D
:1001F00002D040F20F103FE00DF107012846F3F75F
:10020000CCFAC8BB9DF80730852BF2D10DF1070160
:100210002846F3F7C2FA78BB9DF80730742BE8D173
:100220000DF107012846F3F7B8FA28BB9DF807300F
:10023000052BDED10DF107012846F3F7AEFAD8B948
:100240009DF80730082BD4D10DF107012846F3F7AC
:10025000A4FA88B99DF80730022BCAD10DF1070125
:100260002846F3F79AFA38B99DF80730022B01D9DE
:10027000052BBED184F8363003B030BD2DE9FF41E7
:100280000D460646082117462846F3F773F904463B
:10029000002861D196F8D730002B61D1014628465D
:1002A000F3F768F90446002856D106212846F3F7EB
:1002B00061F9044600284FD15F212846F3F75AF927
:1002C0000446002848D11F212846F3F753F9044675
:1002D000002841D104212846F3F74CF904460028B0
:1002E0003AD101462846F3F745F90446A0BB294612
:1002F000306EFFF7E1FB044670BBB6F8521028469B
:10030000F3F75AF9044638BB96F834302846002BE8
:1003100014BF07214FF47A41F3F74EF90446D8B9D8
:1003200006F194084046F9F742F8A8B1DC2F02D054
:10033000DB2F18BF282706F19803032296F89410A4
:1003400040460293D6F8B0300395CDE90073D6F855
:10035000BC30F4F799FB0446204604B0BDE8F081B8
:1003600001212846F3F706F904460028F4D196F84F
:10037000D71094E770B50C460646CD88602120461C
:10038000F3F7F8F8F0B901462046F3F7F3F8C8B9E7
:1003900021463046FFF77AFAA0B921463046FFF7EA
:1003A00003FA78B921463046FFF701FC50B9691CC1
:1003B000E288204689B2013A521ABDE87040D2B2B2
:1003C000F3F7C9B870BD00000138C0B20C289ABF5D
:1003D000024B33F910000020704700BF0AA1060845
:1003E00037B50C4605460DF105012046F3F7D5F962
:1003F000C0B90DF106012046F3F7CFF990B99DF889
:100400000630082B10D80DF107012046F3F7C5F987
:1004100040B995F858209DF807300AB1842B03D1D4
:1004200085F8D63003B030BD4FF48170FAE7000094
:100430002DE9F74F1E46002305460C4613709046E3
:100440003370DDF830A08DF80330FFF76BFE814686
:10045000002840F096800DF106012046F9F78EFB4A
:10046000002840F0A580E3882189BDF806205B1AAA
:100470009A4200F3D6820746DFF8ACB52289E388BA
:100480009A4214D395F85830002B40F0B38230785C
:10049000FFF79AFF8146002873D195F8F130FF2BC2
:1004A0006FD095F89420B2EB031F6AD096E20DF15D
:1004B00005012046F3F771F98146002861D19DF8C6
:1004C00005308B2B35D81A0638D5803B0B2B35D809
:1004D000DFE813F0870234003400340034003400C5
:1004E000340034000902370209023702A13B1D2BF8
:1004F00024D8DFE813F028003B007700B700630141
:10050000F900AF01D7014801220123004502230071
:1005100023002300230023002300230023002300C3
:1005200023002300230023002300230023002300B3
:10053000540203F15F02D2B21D2AD7D92289E3887F
:100540009A429BD22EE00DF1030221462846FFF786
:1005500057FD28B102233370012388F8003010E0E2
:100560009DF80330002B18BF072787E701A9204615
:10057000F3F713F9E0B99DF80430032B05D040F2EE
:100580000F19484603B0BDE8F08F0DF10501204674
:10059000F3F703F960B995F858209DF805304AB192
:1005A000042BECD101A92046F3F7F7F8002833D04B
:1005B0008146E6E7022BE2D101A92046F3F7EDF8E8
:1005C0000028F5D19DF80430012BD8D10DF105019B
:1005D0002046F3F7E2F80028EAD19DF8053088F8C4
:1005E00000304BE701A92046F3F7D7F80028DFD108
:1005F0000DF105012046F3F7D0F80028D8D101A964
:100600002046F3F7CAF80028D2D195F858304BB1FC
:100610009DF80530042BB2D122899DF80430134493
:1006200023812BE70DF105012046F3F7B6F80028EA
:10063000BED19DF80530022BA1D101A92046F3F7C8
:10064000ACF80028B4D19DF80430012B97D10DF1FE
:1006500005012046F3F7A1F80028A9D19DF805303F
:1006600033700BE701A92046F3F797F800289FD1D4
:1006700095F858209DF804306AB1032B7FF47FAFC2
:100680000DF105012046F3F788F8002890D19DF878
:100690000530022B85E70A2B7FF471AF0DF10501C0
:1006A0002046F3F77AF8002882D19DF80530042B14
:1006B0007FF465AF01A92046F3F76FF800287FF4B7
:1006C00077AF05F11C099DF8042020464946F3F751
:1006D0001DFA00287FF46CAF9DF80430082B3FF41E
:1006E000CDAEE8612862C9E601A92046F3F755F8C6
:1006F00000287FF45DAF0DF105012046F3F74DF8BA
:1007000000287FF455AF01A92046F3F746F80028EA
:100710007FF44EAF9DF803309DF804201BB1082AEA
:1007200001D0032317E705F11C012046F3F7EEF98A
:10073000814600283FF4A2AE23E701A92046F3F743
:100740002CF800287FF434AF0DF105012046F3F7B3
:1007500024F800287FF42CAF01A92046F3F71DF8F8
:1007600000287FF425AF05F110094846F3F704F897
:1007700000287FF41DAF9DF80430214622894846A9
:10078000F2F7A1FFD4E701A92046F3F706F8002805
:100790007FF40EAF0DF105012046F2F7FEFF0028B1
:1007A0007FF406AF01A92046F2F7F7FF00287FF497
:1007B000FFAE01A92046F2F7F0FFB9E795F85830EF
:1007C00001A920460BB3F2F7E8FF00287FF4F0AE52
:1007D0009DF80430032B7FF4D2AE01A92046F2F736
:1007E000DCFF00287FF4E4AE9DF80430022B7FF498
:1007F000C6AE01A92046F2F7D0FF00287FF4D8AE9C
:100800009DF80430012BD4D0B9E6F2F7C6FF0028DA
:100810007FF4CEAE0DF105012046F2F7BEFF0028B1
:100820007FF4C6AE01A92046F2F7B7FF00287FF497
:10083000BFAE01A92046F2F7B0FF00287FF4B8AEA2
:100840009DF80330002B3FF419AE9DF80430A5F855
:10085000D43013E601A92046F2F79FFF00287FF469
:10086000A7AE0DF105012046F2F797FF00287FF4AF
:100870009FAE01A92046F2F790FF00287FF498AEC2
:1008800001A92046F2F789FF00287FF491AE9DF878
:100890000330002B3FF4F2AD9DF80430002B7FF4C1
:1008A000EDADD4E70DF105012046F2F776FF002803
:1008B0007FF47EAE9DF80530032B7FF460AE01A976
:1008C0002046F2F76AFF00287FF472AE9DF80430EC
:1008D000022B7FF454AE01A92046F2F75EFF814659
:1008E00000288DD04DE601A92046F2F756FF0028DA
:1008F0007FF45EAE9DF80430022B7FF440AE0DF124
:1009000005012046F2F749FF00287FF451AE9DF81B
:100910000530072B7FF433AE0DF105012046F2F7C9
:100920003CFF00287FF444AE9DF80330002B3FF4D9
:10093000A5AD9DF80530802B7FF4A0AD07F0FE0734
:100940009CE521462846FFF73FFC00287FF430AEA7
:1009500095F8583063B195F83630052B08D1082248
:10096000594605F11C0002F0F5FA00283FF4D9AE13
:100970009DF80330002B3FF481AD07F0FD077DE5C6
:1009800021462846FFF7E8FB00287FF411AE9DF8CA
:100990000330002B3FF472AD07F0FB076EE598F8CB
:1009A000003033B1307820B103B0BDE8F04FFFF72D
:1009B0000BBD53469DF8032021462846FFF75CF9FE
:1009C000814600283FF45AADA0F58E73022B7FF6C6
:1009D000D8AD9DF80330002B3FF4D1AD40F21D1986
:1009E000CFE521462846FFF7FBFC00283FF446AD43
:1009F0008223B0E5002F3FF44AAD98F80030002B79
:100A00007FF445AD042F04D195F83630002B3FF428
:100A10003EAD01234FF0000988F800300D233370FC
:100A2000AFE54FF48279ACE524A106082DE9F04F3B
:100A30000C46B9B00546B1F80680204661219146C2
:100A40001E469DF810B1DDE942A7F2F793FD0021A3
:100A50002046F2F78FFD21462846FEF717FF024693
:100A6000002840F00C81A2212046F2F783FD0321EB
:100A70002046F2F77FFD02212046F2F77BFD01219F
:100A80002046F2F777FD49462046F2F773FDA32191
:100A90002046F2F76FFD05212046F2F76BFD330685
:100AA00066D4A1212046F2F765FD03212046F2F726
:100AB00061FD02212046F2F75DFD01212046F2F79B
:100AC00059FD31462046F2F755FD95F83630052B95
:100AD00055D1A4212046F2F74DFD0A212046F2F718
:100AE00049FD04212046F2F745FD08212046F2F792
:100AF00041FD0822D5F8B0102046F2F7C5FDB5F942
:100B0000D430013317D095F89430A3B1A7212046F3
:100B1000F2F730FD03212046F2F72CFD022120469A
:100B2000F2F728FD01212046F2F724FD95F8D410B4
:100B30002046F2F71FFD95F83630012B26D8B9F183
:100B4000000F00F0A08005F19400F8F730FC0028B9
:100B500000F09980E28808F101012046023A89B24A
:100B6000A2EB0802D2B239B0BDE8F04FF2F7F3BC05
:100B7000A221204606F07F06F2F7FCFC95E705F17E
:100B80009400F8F714FC0028A3D1B8E7EB8A002BF7
:100B900000F0D58088212046F2F7ECFC02460028C0
:100BA0006DD102212046F2F7E5FC0246002866D10D
:100BB0004FF4F0612046F2F7FFFC024600285ED1B8
:100BC00089212046F2F7D6FC0246002857D107219A
:100BD0002046F2F7CFFC0246002850D16021204683
:100BE000F2F7C8FC0246002849D185212046F2F7D9
:100BF000C1FC0246002842D174212046F2F7BAFC1B
:100C0000024600283BD105212046F2F7B3FC0246FC
:100C1000A8BB08212046F2F7ADFC024678BB0221B2
:100C20002046F2F7A7FC024648BB95F8361020464E
:100C3000F2F7A0FC024610BBAA212046F2F79AFC6C
:100C40000246E0B9E98A20460231C9B2F2F792FCC5
:100C50000246A0B980212046F2F78CFC024670B90A
:100C6000A97D2046F2F786FC024640B9EA8A204672
:100C70002969F2F709FD024600283FF460AF1046EB
:100C800039B0BDE8F08FBE212046F2F773FCC823CF
:100C9000002206A903A8F2F74BFD4FB9BAF1000FE5
:100CA00040D0BAF80630002B3CD00022514612E06A
:100CB000F9880029F2D0023103A889B2F2F7D9FBF2
:100CC000282103A8F2F756FC03A9F888F8F787FF54
:100CD000FB880022394603A8F2F7F5FCBDF8121094
:100CE00020460231C9B2F2F745FC02460028C6D1BF
:100CF00004212046F2F73EFC02460028BFD19DF8B1
:100D000012102046F2F736FC02460028B7D1BDF893
:100D1000123003A92046F2F7D6FC024600283FF421
:100D200019AFACE75A4603A92846FFF7A7FA0028EF
:100D3000D4D0019003A8F2F71FFD019A9FE74FF46A
:100D400081729CE710B503780446092B0AD0092369
:100D50000370836833B90C20EFF712FDA06030B147
:100D6000F2F781FB0123002084F8333010BD4FF4EB
:100D70008270FBE7027E022A09D1416990F8322095
:100D800010310AB1FAF754BD8068F4F7B8BA4FF4DD
:100D900081707047037E022B04D141693431806831
:100DA000F4F7C6B9032B05D143698068B3F9301055
:100DB000F4F797BA042B05D14369806893F82010A3
:100DC000F4F757BA052B02D141692431E7E7062B26
:100DD00002D141691431E2E7072B04D143698068ED
:100DE000597CF4F770BA082B04D143698068997C68
:100DF000F4F7B6BA092B04D143698068197CF4F77B
:100E0000A1BA4FF4817070472DE9F047154681462D
:100E10000846884601F067FE022107462846F4F797
:100E200075FA0446B8B9B9B22846F4F77DFA044613
:100E300088B901263744BE4210D1404601F0D2FEA7
:100E4000074681B22846F4F76FFA044618B901261E
:100E50003744BE4227D12046BDE8F087324641469E
:100E60004846EBF791FD032182462846F4F74EFAF7
:100E700004460028EFD131462846F4F724FA044608
:100E80000028E8D151462846F4F75CFA04460028C9
:100E9000E1D101462846F2F76DFB04460028DAD17D
:100EA0000136F6B2C7E7414632464846EBF7B2FD97
:100EB000022182462846F4F729FA60B931462846CD
:100EC000F4F701FA38B951462846F4F73BFA10B95D
:100ED0000136F6B2BDE70446BDE700002DE9F04F4C
:100EE00080460F46D1F814B01546B0F8521010469F
:100EF0002DED028B85B0F2F7BCFA002840F001819D
:100F0000B7F84030002B4FD19A4699460BF11403A5
:100F1000BBF81A6008EE103A1FFA8AF1BBF81A20E3
:100F20008A4253D108F174034FF0000A08EE103AD8
:100F30001FFA8AF1B8F87A308B4264D1B9F1000F08
:100F400001D10136B6B231462846FE63F4F7ECF91A
:100F5000044618BBB9F1000F26D104212846F4F746
:100F6000D5F90446D0B90F212846F4F790F9044684
:100F7000A0B99BF802102846F4F77BF9044668B93B
:100F8000062261492846F4F753F9044630B92A4647
:100F900059464046FFF738FF044628B1204605B0C1
:100FA000BDEC028BBDE8F08F00260BF11403B146B7
:100FB00008EE103A01961FFA86FABBF81A3053452C
:100FC00038D100200023C7E90E339AE002AA18EEB8
:100FD000100AF9F764F904460028DFD102997A690A
:100FE0008A420AD00A880F2A07D1062203314648CE
:100FF00001F0B0FF20B1013EB6B20AF1010A8BE761
:101000004FF00109F9E702AA18EE100AF9F747F9BB
:1010100004460028C2D1029A03AB0BF1140032F847
:10102000031BF9F760F9039B0BB1013EB6B20AF15D
:10103000010A7DE702AA514618EE100AF9F72FF9C6
:1010400004460028AAD1029A03AB08F1740032F8D2
:10105000031BF9F748F900284BD1039B002B39D12A
:1010600002990B880F2B08D17B69994205D0062283
:101070000331254801F06EFF60BB3B8F4B4525D8FF
:10108000EB88042128460193F4F740F988BB029BC2
:1010900028461988F4F7FBF858BB029B2846997834
:1010A000F4F7E7F828BB0299062228460331F4F743
:1010B000BFF8F0B92A4602994046FFF7A5FEC0B92D
:1010C00098F8583043B9BB6B0133BB6309F1010990
:1010D0001FFA89F901366EE797F83420002AF2D119
:1010E00029464046F7F7B2FF0028ECD0019BEB8081
:1010F00054E7B0F5827FF9D0BBF81A3053453FF47E
:1011000061AF04464AE700BF2CA106088B6B2DE9AE
:10111000F74F0C4616464F6973B1258F07F16409E6
:10112000B7F86A30AB4205D901AA29464846F8F714
:1011300022FC60B1002007E0B7F86A101046E163B6
:10114000F4F7F2F80028E8D003B0BDE8F08F019B77
:10115000D3F804A093F800B0504603F03FFA022100
:101160005FFA80F83046F4F7D1F80028ECD1594600
:101170003046F4F77EF80028E6D142465146304624
:10118000F4F756F80028DFD1A36B01350133ADB277
:10119000A363C5E7F0B50B7E85B08C68022B05D143
:1011A000224605B0BDE8F040FFF798BE032B4D691D
:1011B00013D102212046F4F7A9F8002878D195F838
:1011C00020102046F4F77FF8002871D1698C204662
:1011D00005B0BDE8F040F4F75AB8042B39D1092125
:1011E0002046F2F7C7F9002862D107212046F2F71E
:1011F000C1F900285CD160212046F2F7BBF9002834
:1012000056D185212046F2F7B5F9002850D1742136
:101210002046F2F7AFF900284AD195F82E10204663
:10122000F2F7A8F9002843D195F82F102046F2F7DD
:10123000A1F900283CD195F830102046F2F79AF930
:10124000B0BB95F83110204605B0BDE8F040F2F78C
:1012500091B9052B2ED10423694600220DEB030022
:10126000F2F766FA06212046F4F750F800BB182280
:10127000696B2046F3F76FFFD0B9298F2046F4F74A
:1012800006F8A8B9698F2046F4F701F880B995F8F7
:101290003C102046F3F7EDFF50B995F83D1020467D
:1012A000F4F711F820B905F140012046F3F7A2FF49
:1012B00005B0F0BD062B35D109212046F2F75AF9C9
:1012C0000028F5D107212046F2F754F90028EFD184
:1012D00060212046F2F74EF90028E9D18521204609
:1012E000F2F748F90028E3D174212046F2F742F9D9
:1012F0000028DDD195F850102046F2F73BF9002880
:10130000D6D195F851102046F2F734F90028CFD104
:1013100095F852102046F2F72DF90028C8D195F81B
:10132000531090E7072B07D105F15401204605B073
:10133000BDE8F040F3F75EBF082B06D1297C2046BC
:1013400005B0BDE8F040F3F7FDBF092B0AD1286EC8
:1013500001F0B4FA06220146204605B0BDE8F0408F
:10136000F3F766BF0A2B05D1224605B0BDE8F04071
:10137000FFF7CCBE0B2B24D102212046F3F7C6FF8A
:10138000002895D16E6F6EB931462046F3F771FF94
:1013900000288DD10A212046F2F7ECF8002887D1E9
:1013A000014650E7304603F019F995F870100746EA
:1013B0002046F3F75EFF00287FF47AAFFAB2314699
:1013C000CAE74FF4817073E72DE9FF41037E466958
:1013D000022B856806D1317C284604B0BDE8F04177
:1013E000F3F7B0BF032B01D1717CF5E7042B07D1D4
:1013F00006F12001284604B0BDE8F041F3F7FABE3B
:10140000052B02D106F11401F4E7062B5ED1718E93
:101410002846F3F789FF044618B1204604B0BDE81A
:10142000F081074606F12C08B9B2738E8B42F4D0D6
:1014300003AA4046F8F79FFA002845D1062128461E
:10144000F3F764FF00283FD1039B28461978F3F790
:1014500079FF002838D1039B28465978F3F772FFAB
:10146000002831D1039B59680846019103F0B6F872
:10147000019982B22846F3F7DBFE28BB039B9968EB
:101480000846019103F0AAF8019982B22846F3F7C1
:10149000CFFEC8B9039BD9680846019103F09EF8B6
:1014A000019982B22846F3F7C3FE68B9039B01375E
:1014B00019690846019103F091F8019982B2284612
:1014C000F3F7B6FE0028AFD00446A6E74FF48174C8
:1014D000A3E7027E4369023A072A1BD8DFE802F03D
:1014E00004080C0E12141618997D8068F3F72ABFB1
:1014F000D97D8068F3F7BDBE197EFAE7998A8068C6
:10150000F3F7C5BE998BFAE7598BF8E7198AF6E726
:10151000598AF4E74FF4817070472DE9FF41037E4B
:1015200007464669022B856806D13169284604B012
:10153000BDE8F041F3F7B9BE032B1DD104212846C5
:10154000F2F718F80446002841D1B968708BF8F713
:1015500046FB044600283AD1708B002837D07169C9
:10156000BC680191F2F7EAFA01990246204604B0FC
:10157000BDE8F041F2F788B8042B01D1316AD5E714
:10158000052B07D196F82410284604B0BDE8F04199
:10159000F3F7E6BE062B07D196F82510284604B0CF
:1015A000BDE8F041F3F7CEBE072B5FD196F82530AA
:1015B000032B06D00021284604B0BDE8F041F3F724
:1015C000B3BEF18D2846F3F7AFFE044618B12046AE
:1015D00004B0BDE8F081074606F12808B9B2F38DE2
:1015E0008B42F4D003AA4046F8F7C5F900283BD156
:1015F00002212846F1F7BEFF002835D103212846F5
:10160000F1F7B8FF80BB06212846F1F7B3FF58BBBE
:10161000039B28461968F1F7F1FF28BB09212846EA
:10162000F1F7A8FF00BB039B29465889F8F7D7FAC2
:10163000D0B9039B28465A895968F2F725F898B91A
:1016400009212846F1F796FF70B9039B2946D88AED
:10165000F8F7C5FA40B9039B28460137DA8A1969B9
:10166000F2F712F80028B9D00446B0E74FF48174BD
:10167000ADE72DE9F3470F46C9881D46814601EBCA
:10168000C1031046144601EB4301023189B2F1F760
:10169000F0FE0646002875D1B5F84030002B5FD02B
:1016A000D5F83880FB8898456CD001AA1FFA88F1DC
:1016B0003846B4F806A0F8F75EF9002866D1022192
:1016C0002046F1F757FF002860D104212046F1F7AA
:1016D00051FF00285AD112212046F1F74BFF002874
:1016E00054D1019B20461B681988F1F765FF00283B
:1016F0004CD109212046F1F73DFF002846D10621B3
:101700002046F1F737FF002840D1019B06222046F2
:1017100019680331F1F7B8FF002837D10F212046AF
:10172000F1F728FF002831D1019B20465B6819782A
:10173000F1F7A1FF50BB12212046F1F71BFF28BB98
:10174000019B20465B685988F1F736FFF0B999F89C
:10175000583073B9AB6B08F101080133AB63A1E7F3
:10176000F9882046E963F3F7DFFD002898D00646A4
:1017700008E0024621464846F7F768FC0028E9D011
:10178000A4F806A0304602B0BDE8F087B0F5827F2D
:10179000EDD1F5E72DE9F743164689B201AA1F46B8
:1017A000DDF82880F8F7E7F8044698B902214046AA
:1017B000F1F7E0FE044668B9F888414670B1F8F7E1
:1017C0000EFA08B1044605E04FF000094D46F388D3
:1017D000AB4205D1204603B0BDE8F083F088EEE7C8
:1017E000FB884BB132683B6852F8252053F829300A
:1017F0009A4212D109F101096A4629460198F9F77E
:101800009BFE0028DED100980178192907D14246B5
:101810000921F9F7D0FF0028D4D10135D7E70246D6
:101820004046F4F718FCF6E72DE9F04F984687B0EC
:10183000B1F8403081460D461746109EF3B103A81B
:10184000F8F726F8697E022907D103AB05F12002DB
:101850004046F3F706FE044600BB4FF0000BDA46A5
:10186000FB885B4522D1002403A8F8F777F8B4F58C
:10187000827F04BF0024A6F806A00FE001213046B5
:10188000F1F778FE044648B9EB6B5BB1A86B3146C3
:10189000181AF8F7A4F904460028D0D0204607B05B
:1018A000BDE8F08FF8883146E863F2E7B6F806A0A5
:1018B00003AB4246594638460096FFF76BFF044695
:1018C0000028D1D1B9F85230F288463B9BB29A42F7
:1018D00005D8AB6B0BF1010B0133AB63C0E74FF4E1
:1018E0008274C1E72DE9F04F1E4697B0537E0F4634
:1018F000154601F11C0A03903BB192F8203023B148
:10190000D2F83C90B9F1000F09D0534607F110020C
:10191000294603980096FFF787FF804689E009A8CB
:10192000F7F7B6FF09AB05F12002697E5046F3F7E1
:1019300098FD0446002868D106A8F7F7A9FF95F896
:101940001980B8F1010F40F0B98012A8F9F749FBEE
:1019500005AA4146A86AF9F7EFFD0446002854D1CC
:10196000059B98681B78062B57D101460CA8F3F706
:101970008FFF05AA0221A86AF9F7DEFD0028CCD165
:10198000059B98681B78062B60D101460FA8F3F7DA
:101990007FFF4FF0000807F1100B1FFA89F1FB8A57
:1019A0008B4267D004AA5846F7F7E5FF044660BBB0
:1019B000014605AA0498F9F7BFFD044628BB059B1C
:1019C0000CA89C682146F4F74FFA013058D00FA9B3
:1019D0002046F4F749FA013052D0039A08F1010881
:1019E000F188B2F852201FFA88F8EB6B91423DD291
:1019F000013309AA1FFA89F15846EB635346009652
:101A0000FFF7C8FE044600283AD009A8A046F7F719
:101A1000A5FF06A8F7F7A2FF0BE012AA1921F6F717
:101A200011FA804648B106A8F7F798FF12A8F9F70F
:101A3000EBFC404617B0BDE8F08F149A0CAB07CA18
:101A400083E8070012A8F9F7DFFC92E712AA192130
:101A5000F6F7F8F980460028E5D1149A0FAB07CACB
:101A600083E8070012A8F9F7CFFC92E743B1AB6B0C
:101A70000133AB63A868F1F7F3FC20B10024C4E79D
:101A800009F1010989E74146A868F3F74DFC804652
:101A90000028CED1F2883168A868F1F7F5FD8046BC
:101AA0000028C6D1AB68F08030813046DA881968EA
:101AB000F1F7EAFD80460028E0D0BAE7B8F1020F5E
:101AC00054D1214605AAA86AF9F736FD0446002834
:101AD0009BD10598F9F7BEFF80B2002832D0A863E9
:101AE00005AA0121A86AF9F727FD044600288CD130
:101AF0000598F9F7AFFFFB8A80B2A96B002814BFE5
:101B000002461A46581C01EB020C844588BF1A464F
:101B1000EA63D1B11037D5E90E139942BFF475AF1E
:101B200004AA89B23846F7F726FF10BB534609AA24
:101B3000A96B38460096FFF72DFED0B9AB6B013389
:101B4000AB63E8E70123AB63CAE701213046EB63EF
:101B5000F1F710FD804600287FF46BAF3146E86B4B
:101B6000F8F73DF880460028D4D062E74FF481743E
:101B70004BE7044649E7002337B500930A46ADF822
:101B800004300B7E4C69022B05D18B682146FFF790
:101B9000A9FE03B030BD032B06D10B468A6804F1C1
:101BA0001C01FFF766FDF4E7042B04D1A16A9068DD
:101BB000F3F77BFBEDE7052B05D194F82C1090682B
:101BC000F3F7C0FBE5E7062B7DD18D68022128469F
:101BD000F1F7D0FC0028DCD104212846F1F7CAFC3B
:101BE0000028D6D1236B12212846002B33D1F1F7E0
:101BF000C1FC0028CDD101462846F1F7DDFC0028C4
:101C0000C7D109212846F1F7B5FC0028C1D106212A
:101C10002846F1F7AFFC0028BBD1062269462846CA
:101C2000F1F732FD0028B4D10F212846F1F7A2FCCC
:101C30000028AED101462846F1F79CFC0028A8D127
:101C400012212846F1F796FC0028A2D10146284629
:101C5000F1F7B2FC9DE7F1F78DFC002899D1236BD9
:101C600028461988F1F7A8FC002892D109212846B6
:101C7000F1F780FC00288CD106212846F1F77AFC88
:101C8000002886D1216B062228460331F1F7FCFC9F
:101C900000287FF47EAF0F212846F1F76BFC002867
:101CA0007FF477AF94F83C102846F1F763FC0028E6
:101CB0007FF46FAF12212846F1F75CFC00287FF417
:101CC00068AFE18FC3E7072B01D1A16B6FE7082B4A
:101CD00001D1616B6BE74FF481705AE7F7B5017E74
:101CE0004469022987683FD1E18A3846F3F71CFB33
:101CF000002835D003B0F0BD01AA3046F7F73BFE0F
:101D00000028F7D104213846F3F700FB0028F1D171
:101D1000019B38461B681988F3F7B9FA0028E9D106
:101D2000019B0622384619680331F3F781FA00282F
:101D3000E0D1019B38465B681978F3F7C4FA0028B4
:101D4000D8D1019B384601355B685988F3F79FFA73
:101D50000028CFD1A9B2E38A8B42CDD10020C9E7B8
:101D6000054604F11006F5E7032919D13846F3F7C3
:101D7000CDFA0028BED1217F3846F3F7E3FA0028D8
:101D8000B8D104F120013846F3F734FA0028B1D174
:101D900094F82C10384603B0BDE8F040F3F7D2BAFF
:101DA000042929D1E18E3846F3F7BEFA0028A1D1E3
:101DB000054604F130061AE001AA3046F7F7DBFDCC
:101DC000002897D102213846F3F7A0FA002891D1D4
:101DD000019B38461968F3F7ABF900288AD1019BBB
:101DE000384601355968F3F7A3F9002882D1A9B222
:101DF000E38E8B42E0D1B1E7052906D1A18F3846A9
:101E000003B0BDE8F040F3F742BA062907D194F8D1
:101E10003E10384603B0BDE8F040F3F72ABA072970
:101E200002D1B4F84010EAE74FF4817062E70B4644
:101E30001A7E023A10B4044688684969042A1ED8FA
:101E4000DFE802F003080F15170010315DF8044BAE
:101E5000F3F7D0B902461C3120465DF8044BFFF77A
:101E600008BC91F828105DF8044BF3F702BA2C3146
:101E7000ECE791F838105DF8044BF3F763BA4FF4D0
:101E800081705DF8044B704738B5054608460C462E
:101E9000FEF758FF10BB237E012B11D10921A0684A
:101EA000F1F768FBD0B90621A068F1F763FBA8B988
:101EB00061690622A0680331BDE83840F1F7E4BB50
:101EC00063691B88172B36D012D8082B28D006D868
:101ED000012B20D0072B33D04FF4817038BD0F2B4E
:101EE00023D0122BF8D12046BDE83840FFF715BBB0
:101EF0003E2B2BD008D81E2B2ED0282BECD12046E1
:101F0000BDE83840FFF7EABE402BE5D12046BDE8EA
:101F10003840FFF759BA2046BDE83840FEF72ABFDF
:101F20002046BDE83840FEF735BF21462846BDE8CB
:101F30003840FFF72FB92046BDE83840FFF7C9BA4F
:101F400021462846BDE83840FFF715BE2146284601
:101F5000BDE83840FFF76BBFFE20BFE72DE9F04733
:101F60000B7E9CB006460D46012B4F6940F08680E3
:101F70000DF12409002348460593F1F774FA96F809
:101F80003630052B74D1082306F11C0106A81A4629
:101F9000F1F7CEFB0DF11301A86AF1F7FEFB044641
:101FA000002861D105A9A86AF1F735FC044600288C
:101FB0005AD1AA6A0DF118081389053B13814846C6
:101FC000F1F751FA402300220CA94846F1F7B0FB83
:101FD000434606F1100205993046CDF80090F6F719
:101FE000E7FE044600283FD1A86AF1F72FFA70B146
:101FF000A86A0389016819440391F1F727FA039944
:1020000002464846F1F76FFD041E18BF012406F58D
:1020100082794846F1F7B0FB6CB396F836304FF052
:10202000010A321D3046052B04BFD6F8BC3006F13C
:10203000B00885F833A008BF059343460599CDF84D
:102040000090F6F7B5FE044670B9014609224846ED
:10205000F1F7F4FCB6F80A2151464846013AD2B2EB
:10206000F1F7ECFC02233B7420461CB0BDE8F0877E
:1020700007F15408A3E73C740324F5E7022B15D1BC
:10208000886AF1F7E3F9044608B90924ECE7543704
:102090003846F1F771FBAB6A2246384619891B684E
:1020A00019441CB0BDE8F047F1F7EEBA052B3AD160
:1020B00091F82030022BE8D18B6ADB88022BE4D127
:1020C0000820EEF75DFB0CAA06460021A86AF9F786
:1020D00033FA044618B13046EEF71AFCC4E70C9BFD
:1020E0000CAA01211B7A3370A86AF9F725FA044675
:1020F0000028F0D10C9B9B68D8880130EEF740FB9C
:1021000070600C9B9B68DB88C4540C9B70689B6858
:102110001968DA8800F02EFF686931466430F7F7F5
:10212000E6FB0446A0E7062BA6D1886AC388022BEB
:10213000ABD10CAA0021F9F7FFF90C9B0CAA0121E5
:10214000A86A002693F80890F9F7F6F90C9B044664
:102150009B68D3F800A0B3F806806869B0F86A30CD
:10216000B34281D0B7B209AA64303946F7F703FC0D
:10217000044600287FF478AF099B1A784A4512D1AB
:1021800042465146586800F0E5FE60B9686909AA00
:1021900039466430F7F71EFC099B04465868EEF791
:1021A000B7FB099898E70136D7E72DE9F0430C7E95
:1021B00089B006460D46012C40F090804FF0000893
:1021C00000F11407C0F820803846F1F753FD03AA48
:1021D0004146A86AF9F7B0F928B904AA2146A86AC5
:1021E000F9F7AAF930B1012304462B86204609B03D
:1021F000BDE8F0830546804606F1280986F82540AB
:10220000F38DAB4204D1B8F1000F22D00024EDE7EA
:1022100002AAA9B24846F7F7AEFB04460028E5D16A
:10222000029905A84B8949681A46F1F781FA039B80
:102230009868F1F715F950B1039B05A89B68DA88F7
:102240001968F1F750FC002818BF4FF0010801355C
:10225000D6E71C20EEF794FA041D05462046F1F758
:1022600002F905F11000F1F7FEF8294606F1280001
:10227000F7F73DFB0498F9F7EDFB039B286099689D
:10228000A5F80A8008460191F1F7EAF842460346AC
:1022900001992046F1F717FA04460028A6D12B68C9
:1022A0003169B3FBF1F201FB123390B20BB1013093
:1022B00080B2F1F743FC002301460546B38338465C
:1022C0007383F1F768FC044600288FD1A5429DD0A6
:1022D000002138460134F1F7C2FCF7E7022C1ED189
:1022E00005AA0021A86AF9F727F9044610B10123CD
:1022F0002B867BE70598F9F7ADFB012281B20546F5
:1023000006F11400F1F770FC044600287FF46EAF6C
:10231000ADB20123013586F82530356266E7033C0E
:10232000012C94BF0024032460E72DE9F041137EC3
:1023300086B006460C46012B15460FD120350E7C83
:102340002846F9F787FB864262DC2846F9F782FBCC
:1023500020740024204606B0BDE8F081022B59D13C
:1023600092F82030012B53D1002703A8F1F77BF816
:102370003C46AB6ADB889F4229D003A8F1F7FCF901
:102380006A463946A86AF9F7D7F80446F8B9009BB7
:10239000014601AA9868F9F7CFF80446B8B9009B3E
:1023A00002AA01219868F9F7C7F8044678B9029A99
:1023B00003AB96F84A109268706CF2F7B3FC0446CF
:1023C00028B9BDF81230102B05D009232B8603A89D
:1023D000F1F7D2F9BEE7019B93F90830022B0FD039
:1023E000032B10D093B906F198084046F1F7C4F9D1
:1023F000BDF8122003994046F1F746F90137B8E7D6
:1024000006F1C008F1E706F14408EEE70924F5E714
:1024100009249FE703249DE7012970B5044688B08D
:102420000D46164628D134342046F3F712FA072811
:1024300009DD16281ADD25281ADD34281ADD29467B
:102440002046F3F71AFA00252046F3F702FA2A1A73
:1024500020460192F3F709FA019A434200212046EF
:10246000F3F758FA0023184608B070BD0F25EBE7C4
:102470001E25E9E72D25E7E703290FD1343420464F
:10248000F3F7F3F91E28054605DD00230122204657
:102490001946F3F73FFA6B420022DFE7042907D120
:1024A000403400F1340394E8070083E80700D9E7DB
:1024B00005291BD104A8F8F794FD03460028D2D1C2
:1024C000014603AAB068F9F737F803460028CAD1D5
:1024D00004AA19210398F5F70AFD03460028C2D182
:1024E000069A403407CA84E80700BCE7062908D1E9
:1024F0001046F9F7AFFA0022034604F13400114602
:10250000AEE74FF48173AEE72DE9F043A9B006467C
:102510000C4604A8F7F7D9FA012302A809948DF80C
:10252000423002238DF82830F7F76EFA04A902A88A
:10253000F7F78AFA02A93046EAF7B8FC9DF821506D
:102540000DBB16A804F11C08F7F7BFFA0820EEF738
:1025500017F90746F8F7DEFE638CAB421ED1E38A1B
:1025600004F11005626B9A4207D101AA00212846A6
:10257000F7F730FA0198F8F722FF39462846F7F7BF
:10258000B6F9E38AA36302A93046EAF790FC02A8F1
:10259000F7F77CFA002029B0BDE8F0836A46A9B2BB
:1025A0004046F7F7E8F90028F5D1009B16A81A680D
:1025B0005B681B921B788DF87030FEF7DBFB002800
:1025C000E9D110200135EEF7DBF88146F8F709FD77
:1025D00004A94846F9F72CF949463846F8F7C6FEEB
:1025E000BAE7012A03D101F1100000F06FB9022A05
:1025F00001D1FFF789BF4FF48170704770B50D4668
:1026000014460978B8B1092915D1A868F0F728FF50
:10261000012806D100212046F0F7ACFF002528460E
:1026200070BDAB682046DA881968013A013192B270
:10263000F1F72AF8F2E72A462046E688F3F70BFD81
:1026400005460028EBD1E3889A1B012AE2D0013B22
:10265000711C324620469B1B89B29BB2F1F7BEF932
:10266000DDE783682DE9F34107468846DE8812B12D
:102670001646013A92B21546B54201D100241EE039
:102680006A462946B868F8F757FF0446B8B9009972
:102690000B78022B19D1009B9868C388A34201D103
:1026A0000135E9E701AA2146F8F746FF034628B9B4
:1026B00042460199FFF7A2FF034620B11C4620467F
:1026C00002B0BDE8F0810134E5E74246FFF796FF2E
:1026D00004460028E4D0F2E72DE9F04701F11005A7
:1026E0009CB080460E462846F1F746F80AA8F7F750
:1026F000ECF9012304A80F968DF85A3002238DF8C7
:102700004030F7F781F90AA904A8F7F79DF904A961
:102710004046EAF7CBFB9DF83970002F6AD00024C1
:1027200004A94046EAF7C3FB14B12846F1F724F8A0
:1027300004A8F7F7ABF920461CB0BDE8F087019B71
:102740000AA940461A685B680F921A788DF84020F3
:10275000B3F802A0FFF798FB0446002837D19DF894
:102760005B30002B3DD09DF82830092B39D102A8D1
:10277000F2F7EAFE06A8F8F734FC06AA02A90C98BC
:10278000F4F7D8F8044618B106A8F8F73DFEC7E7F5
:102790009DF81830013B012B1DD85246294606A84A
:1027A000FFF75FFF04460028EED106A8F8F72CFEDD
:1027B00001370AA8F7F79DF9B9B2738C8B42AED0F6
:1027C00001AA4846F7F7D7F804460028B7D02846AC
:1027D000F0F7D2FFA4E72A460AA90120FFF70EFF6F
:1027E000E0E72A460AA90020FFF708FF0446002870
:1027F000DED095E706F11C09DEE7012A03D101F1DD
:102800001000F0F7B9BF022A01D1FFF765BF4FF4FE
:102810008170704770B50E7E05460C46CEB1486992
:1028200000F0E0F9864214D860690388122B0CD8B6
:10283000062B0ED9073B0B2B0BD8DFE803F0140D4A
:102840000A0A0A0A0A0A1B0A0A213E2B24D0402B34
:102850001BD04FF4817070BD04F12002217EBDE8D1
:102860007040FFF7D9BD227E01462846BDE8704082
:10287000FFF7B7BE21462846BDE87040FFF76EBBA4
:102880002146BDE87040FFF790BC2246014628462D
:10289000BDE87040FFF749BD227E01462846BDE8ED
:1028A0007040FFF7AABF38B5054608200C46EDF783
:1028B00067FF08B1C0E9005438BD000008B103301B
:1028C00070470148704700BF32A1060837B504467B
:1028D0000025E388AB4205D12046F7F71DF800201C
:1028E00003B030BD01AAA9B22046F7F744F800288A
:1028F000F6D101980135F8F762FDEAE773B50546B0
:102900000026EB88B34206D100242846F7F704F8E6
:10291000204602B070BD01AAB1B22846F7F72BF8E5
:1029200004460028F1D1019B01365868EDF7F0FF0D
:10293000E7E7FFF7E3BF37B504460025E388AB427E
:1029400005D12046F6F7E8FF002003B030BD01AA0C
:10295000A9B22046F7F70FF80028F6D1019B013500
:102960005868EDF7D5FFE9E773B505460026B1B223
:10297000EB888B4206D100242846F6F7CDFF20468F
:1029800002B070BD01AA2846F6F7F5FF01360446ED
:102990000028F1D1019B5868EDF7BAFF019B9868B8
:1029A000EDF7B6FF019BD868EDF7B2FF019B186900
:1029B000EDF7AEFFDBE773B50446B0B1C06850B1C8
:1029C000F0F7DAFEE0680C30F0F7D6FEE068EDF7DD
:1029D0009FFF0023E3602388122B66D007D8072BC4
:1029E00067D00F2B1FD0012B16D002B070BD3E2B2D
:1029F0006AD0402B30D0282BF7D104F11000FFF71C
:102A00007DFF04F12000F0F7B7FE04F1300002B0C2
:102A1000BDE87040F6F7C0BF04F1100002B0BDE899
:102A20007040F8F7F1BC002504F11400F7F70EFC34
:102A300004F140006563F0F79FFE04F15400F0F7E5
:102A40009BFE04F16400FFF776FF606F0028CCD096
:102A5000EDF75EFF6567C8E704F12000F0F78CFE34
:102A600004F11400F0F788FE04F12C0002B0BDE878
:102A70007040FFF779BF01AAA9B23046F6F77BFF95
:102A800038B901980430F0F777FE01981030F0F76C
:102A900073FE0135E38DAB42EDD104F11400F1F783
:102AA000E9F83046F6F738FF9FE7002504F12806DD
:102AB000F0E704F11000FFF709FF04F11C0002B079
:102AC000BDE87040FFF71ABF04F11000F0F754FEA4
:102AD00004F11C00FFF712FF04F12C0002B0BDE866
:102AE0007040F0F749BE0388013B7A2B71D8DFE8CC
:102AF00003F076705A505C3E6E5C70707648707071
:102B0000407076685C5E3E3E5C50503E3E72727233
:102B100070707070707070707068725E76503E7019
:102B20006E5E7070707070707070707070707072B7
:102B300070523E707070703E7458707670745C7035
:102B400070707070707070707070705E60667070B1
:102B500070707070707058505A3E707070707070F5
:102B60006A746C70727070707070705A76000420A5
:102B700070478378012B30D8002B14BF0920082020
:102B800070478378012B2AD9022B14BF062004201A
:102B90007047052070478378002B14BF062005205E
:102BA00070470C20704703207047092070470A20A7
:102BB00070478378032B34BF19201A2070471520E3
:102BC000704707207047132070470D20704708207A
:102BD000704701207047062070470B207047022085
:102BE0007047000003885B2B00F2BE80022B01D8E7
:102BF00000207047033B582BFAD801A252F823F06B
:102C0000652D0608652D0608052E0608E92D06081F
:102C1000052E06080D2E0608F12B0608F12B0608D6
:102C2000052E0608DD2D0608F12B0608F12B0608F7
:102C3000D12D0608F12B0608652D0608ED2D060896
:102C4000F12B0608652D0608F12B0608F12B060866
:102C5000F12B0608652D0608F12B0608652D0608E0
:102C6000F12B0608F12B0608652D0608E92D06084C
:102C7000F12B0608F12B0608F12B0608F12B0608AC
:102C8000F12B0608F12B0608F12B0608F12B06089C
:102C9000F12B0608652D0608F12B0608E92D06081C
:102CA000F12B0608F12B0608F12B0608652D060806
:102CB000F12B0608052E0608F12B0608F12B060855
:102CC000F12B0608F12B0608F12B0608F12B06085C
:102CD000F12B0608F12B0608F12B0608F12B06084C
:102CE000F12B0608F12B0608652D0608052E0608AF
:102CF000652D0608052E0608052E0608F12B060888
:102D0000F12B0608F12B0608F12B0608052E060804
:102D1000F12B0608F12D0608F12B0608F12B060809
:102D2000F12B0608F12B0608652D0608F12B060885
:102D3000F12B0608F12B0608F12B0608F12B0608EB
:102D4000F12B0608F12B0608F12B0608F12B0608DB
:102D5000F12B0608F12B0608F12B0608652D060855
:102D6000F52D060801207047683B9AB2132A3FF6FA
:102D70003FAF132B3FF63CAF01A252F823F000BF48
:102D8000012E0608F12B0608F12B0608F12B060888
:102D9000F12B0608F12B0608F12B0608E92D060891
:102DA000E92D0608092E0608F12B0608652D0608F0
:102DB000F12B0608F12B0608F12B0608F12B06086B
:102DC000F12B0608F12B0608E92D0608092E060846
:102DD0008378012B8CBF0620042070478378032B57
:102DE00034BF08200A207047032070470420704732
:102DF000082070478378032B34BF012002207047DE
:102E00000B2070470220704705207047062070474E
:102E100038B5837C04460D46A3B12430F3F724F87B
:102E200001280FD0294604F11400F3F71DF80130F2
:102E300008D094F8203043F0800384F8203084F8E0
:102E40003D3038BD94F8203003F07F03F5E70B46A2
:102E500010B4097E01290CD19868B0B1C2880189EB
:102E6000521A062A11D159695DF8044B0331F0F763
:102E70004DBE5C692288122A3AD013D8082A2BD07A
:102E800008D8012A23D0072A38D04FF481705DF882
:102E9000044B70470F2AF8D10A4621465DF8044BCF
:102EA000F9F718BA3E2A2FD009D8172A1AD0282A9B
:102EB000EBD10A4621465DF8044BF9F724BF402ABE
:102EC000E3D10A4621465DF8044BF9F7C4BD184624
:102ED0005DF8044BF9F7AAB80A4621465DF8044BA1
:102EE000F9F7AFB820461A465DF8044BF9F7D4BE9F
:102EF00020461A465DF8044BFAF734B80A462146D4
:102F00005DF8044BFAF772B90A4621465DF8044BA6
:102F1000FAF76CBC024B0A460146186800F064B828
:102F2000D4C00020014B1868704700BFD4C00020F7
:102F300070477047024B0146186800F00BB900BF9C
:102F4000D4C00020024B0146186800F063B800BFEF
:102F5000D4C000200139024410B5904201D10020B4
:102F600005E0037811F8014FA34201D0181B10BDF2
:102F70000130F2E70A44431E914200D1704710B578
:102F800011F8014B914203F8014FF9D110BD88426D
:102F900010B501EB020402D98442234607D8431E30
:102FA000A14208D011F8012B03F8012FF8E70244E1
:102FB00001468A4200D110BD13F8014D02F8014DBF
:102FC000F7E702440346934200D1704703F8011B20
:102FD000F9E70000034B10B50446196800F066F8E5
:102FE000204610BDD4C0002037B5A1FB02244CB947
:102FF0001146019200F0AEF8019A054630B9284614
:1030000003B030BD0C2200250260F8E72146FFF72F
:10301000D8FFF4E737B5002943D051F8043C0C1F22
:103020000190002BB8BFE41800F03AFB1E4A01984B
:10303000136833B96360146003B0BDE8304000F03A
:1030400035BBA34208D9256861198B4201BF1968B5
:103050005B6849192160EDE71A465B680BB1A34232
:10306000FAD911685518A5420BD124682144541887
:103070001160A342E0D11C685B6821445360116079
:10308000DAE702D90C230360D6E7256861198B4281
:1030900002BF19685B684919636008BF216054600A
:1030A000CAE703B030BD00BF60D2002070B5164C37
:1030B000054608460E4600F0F3FA236843B10021A6
:1030C000304600F059FA421C03461CBF20681B1A08
:1030D0000E4A0020126892B90D4C23601B1A206220
:1030E0003046E3612E4600F0E1FA0FCC0FC60FCC5C
:1030F0000FC694E8030086E80300284670BD1168F7
:1031000052680844E7E700BF64D2002060D2002084
:1031100038D2002070B50E4E0C460546316811B904
:1031200000F02AFA30602146284600F025FA431CB8
:103130000AD0C41C24F00304A04207D0211A284658
:1031400000F01AFA013001D14FF0FF34204670BD73
:1031500064D200202DE9F041CD1C074625F003057F
:1031600008350C2D38BF0C25002D01DBA94205D9EF
:103170000C2300263B603046BDE8F0812E4E00F067
:103180008FFA33681C4634BB29463846FFF7C2FF26
:10319000431C04464DD134682646002E40D1236896
:1031A0003146384604EB030800F0E6F980453AD191
:1031B0002168033538466D1A25F0030508350C2DB6
:1031C00038BF0C252946FFF7A5FF01302BD0236817
:1031D0002B4423600EE02268521B1ED40B2A16D902
:1031E0006119A342256018BF5960636808BF316048
:1031F00062514B6004F10B06384600F057FA231D6C
:1032000026F00706F21AB6D09B1BA350B3E76268FC
:10321000A3420CBF32605A60ECE723466468B2E711
:1032200034467668B9E70C2338463B6000F03EFA36
:10323000A1E72560DEE700BF60D200202DE9F0475E
:10324000164699468A6807460B690C46DDF82080C9
:103250009342B8BF1346336091F843200AB101335B
:1032600033602368990642BF3368023333602568B0
:1032700015F0060506D104F1190AE36832689B1AB5
:10328000AB4229DC94F84320131E226818BF0123A7
:1032900092062ED404F1430249463846C047013015
:1032A00021D023681A3454F80E5C03F00603326808
:1032B0000026042B54F8123C08BFAD1A54F80A2C0F
:1032C00014BF002525EAE5759342C4BF9B1AED188B
:1032D000B5421AD1002008E001235246494638463B
:1032E000C047013003D14FF0FF30BDE8F087013512
:1032F000C3E7E1185A1C30200233224481F843000E
:1033000094F8451082F84310C4E701232246494649
:103310003846C0470130E6D00136D9E72DE9FF47EE
:103320000F7E914680460C46782F9A460C9D01F1FF
:10333000430207D8622F0AD8002F00F0D880582FF8
:1033400000F0A38004F1420584F842703AE0A7F14E
:103350006303152BF6D801A151F823F0B533060805
:10336000C9330608453306084533060845330608C1
:1033700045330608C93306084533060845330608B1
:103380004533060845330608D5340608F9330608E0
:10339000B73406084533060845330608F7340608EF
:1033A00045330608F9330608453306084533060851
:1033B000BF3406082B681A1D1B682A6004F14205F9
:1033C00084F842300123A3E020682968060601F151
:1033D00004030AD50E682B60002E03DA2D237642F3
:1033E00084F843305E480A2319E00E6810F0400F5D
:1033F0002B6018BF36B2EFE72B682068191D2960D3
:10340000010601D51E6802E04606FBD51E886F2F17
:1034100053480CBF08230A23002184F84310656831
:10342000002DA560A2BF216821F0040121600EB922
:10343000002D4DD01546B6FBF3F103FB1167C75DB8
:1034400005F8017D37460E46BB42F4D9082B0BD157
:103450002368DE0708D5236961689942DEBF3023FF
:1034600005F8013C05F1FF35521B22614B4603AACA
:1034700021464046CDF800A0FFF7E0FE01304CD1D8
:103480004FF0FF3004B0BDE8F087354881F8457053
:103490002968236851F8046B29601D0614D5DF07DD
:1034A00044BF43F0200323601EB9236823F02003A8
:1034B00023601023B0E7236843F0200323607823C0
:1034C000284884F84530E3E7590648BFB6B2E6E736
:1034D0001546BBE72B682668181D6169286035060C
:1034E0001B6801D5196002E07006FBD51980002326
:1034F00015462361BAE72B6800211A1D2A601D6852
:103500006268284600F0BEF808B1401B606063683E
:103510002361002384F84330A8E723692A464946FB
:103520004046D0470130ABD023689B0713D4E068F6
:10353000039B9842B8BF1846A4E701233246494688
:103540004046D04701309BD00135E36803995B1AB0
:10355000AB42F2DCEBE7002504F11906F5E700BF0A
:103560009FA006089CA20608024B0A46014618685E
:1035700000F0A2B8D4C0002038B50023054D0446A1
:1035800008462B60EDF732FD431C02D12B6803B1D6
:10359000236038BD68D200200CB4184B30B50C1E27
:1035A0009DB01D6808DA8B234FF0FF302B601DB0F3
:1035B000BDE8304002B070474FF4027302900690AD
:1035C00002A9ADF8143014BF04F1FF332346209A4A
:1035D0002846049307934FF6FF73ADF8163021ABDE
:1035E000019300F0F3F8431CBCBF8B232B60002C2D
:1035F000DDD0029B00221A70D9E700BFD4C00020A2
:10360000024B01461868FFF7B7BF00BFD4C00020C7
:1036100030B514469BB005461A46002C05DA8B23BC
:1036200003604FF0FF301BB030BD4FF402730091C8
:1036300004916946ADF80C3014BF04F1FF33234602
:10364000029305934FF6FF73ADF80E301E9B00F00A
:10365000BDF8431CBCBF8B232B60002CE3D0009B28
:1036600000221A70DFE7000007B5009313460A46F0
:10367000014603480068FFF7CBFF03B05DF804FB89
:10368000D4C00020C9B2024410B59042034601D113
:10369000002303E01C7801308C42F6D1184610BD9F
:1036A0000148FFF745BC00BF34D200200148FFF7B6
:1036B00040BC00BF34D200202DE9F04180461446C2
:1036C0000E4621B91146BDE8F041FFF743BD2AB9C6
:1036D0002546FFF79FFC2846BDE8F08100F076F90B
:1036E0008442074602D8B4EB500F12D82146404618
:1036F000FFF730FD05460028EDD0BC42224631469A
:1037000028BF3A46FFF736FC31464046FFF782FCB9
:10371000E1E73546DFE72DE9F0478E6882460C4643
:1037200090469E421F4638D88A8912F4906F32D054
:10373000256801330969A5EB0109656905EB4505B4
:103740004B4405EBD5756D109D4238BF1D465305A2
:1037500031D52946FFF7FEFC064650B90C234FF041
:10376000FF30CAF80030A38943F04003A381BDE8CD
:10377000F0874A462169FFF7FDFBA38923F4906394
:1037800043F08003A38126614E446561A5EB0905E2
:1037900026603E46A560BE4200D93E4632464146BE
:1037A0002068FFF7F4FBA36800209B1BA36023683D
:1037B00033442360DBE72A46FFF77EFF06460028F6
:1037C000E1D121695046FFF725FCC7E72DE9F04F0D
:1037D00098468B899DB007461B060D4614460ED5AC
:1037E0000B6963B94021FFF7B5FC2860286120B957
:1037F0000C233B604FF0FF30D1E040236B6100238E
:10380000CDF80C804FF00109DFF8AC81099320233B
:103810008DF8293030238DF82A3023469A4613F844
:10382000012B0AB1252AF9D1BAEB040B0BD05B4668
:10383000224629463846FFF76EFF013000F0AA8085
:10384000099A5A4409929AF80030002B00F0A2809D
:1038500000234FF0FF320AF1010A049307938DF819
:1038600053301A93CDE9052354460522524814F8E3
:10387000011BFFF707FF049AD8B9D00644BF2023E5
:103880008DF85330110744BF2B238DF853309AF82D
:1038900000302A2B15D0079A544600204FF00A0C0E
:1038A000214611F8013B303B092B4ED9B0B10792AC
:1038B00014E0A0EB0803A24609FA03F313430493B0
:1038C000D2E7039B191D1B68002B0391BBBF5B4212
:1038D00042F0020207930793B8BF049223782E2B7D
:1038E0000CD163782A2B35D1039B02341A1D1B6837
:1038F000002B0392B8BF4FF0FF330593DFF8C8A049
:10390000032221785046FFF7BDFE40B14023A0EBD3
:103910000A00013403FA00F0049B0343049314F8F3
:10392000011B062225488DF82810FFF7ABFE002862
:1039300038D0234B1BBB039B073323F0070308330B
:103940000393099B3344099367E70CFB02320C464F
:103950000120A5E7002301344FF00A0C1946059316
:10396000204610F8012B303A092A03D9002BC5D084
:103970000591C3E70CFB012104460123F0E703ABEB
:103980002A4604A9384600930E4B00E000BF421CB3
:103990000646D6D1AB895B063FF52CAF09981DB022
:1039A000BDE8F08F03AB2A4604A938460093054BC7
:1039B000FFF7B4FCEBE700BFADA20608B7A206080C
:1039C0000000000017370608B3A2060851F8043CAF
:1039D000181F002BBCBF0B58C018704781F0004166
:1039E00002E000BF83F0004330B54FEA41044FEAE4
:1039F000430594EA050F08BF90EA020F1FBF54EA7F
:103A0000000C55EA020C7FEA645C7FEA655C00F01A
:103A1000E2804FEA5454D4EB5555B8BF6D420CDDEB
:103A20002C4480EA020281EA030382EA000083EA6E
:103A3000010180EA020281EA0303362D88BF30BD0E
:103A400011F0004F4FEA01314FF4801C4CEA113164
:103A500002D0404261EB410113F0004F4FEA0333C3
:103A60004CEA133302D0524263EB430394EA050F4E
:103A700000F0A780A4F10104D5F1200E0DDB02FABD
:103A80000EFC22FA05F2801841F1000103FA0EF251
:103A9000801843FA05F359410EE0A5F120050EF117
:103AA000200E012A03FA0EFC28BF4CF0020C43FA48
:103AB00005F3C01851EBE37101F0004507D54FF055
:103AC000000EDCF1000C7EEB00006EEB0101B1F5A5
:103AD000801F1BD3B1F5001F0CD349085FEA3000EB
:103AE0004FEA3C0C04F101044FEA445212F5800FF6
:103AF00080F09A80BCF1004F08BF5FEA500C50F193
:103B0000000041EB045141EA050130BD5FEA4C0C75
:103B1000404141EB0101013C28BFB1F5801FE9D2D2
:103B200091F0000F04BF01460020B1FA81F308BFF5
:103B30002033A3F10B03B3F120020CDA0C3208DDC1
:103B400002F1140CC2F10C0201FA0CF021FA02F19C
:103B50000CE002F11402D8BFC2F1200C01FA02F10C
:103B600020FA0CFCDCBF41EA0C019040E41AA2BF31
:103B700001EB0451294330BD6FEA04041F3C1CDAF9
:103B80000C340EDC04F11404C4F1200220FA04F019
:103B900001FA02F340EA030021FA04F345EA0301C3
:103BA00030BDC4F10C04C4F1200220FA02F001FA85
:103BB00004F340EA0300294630BD21FA04F0294607
:103BC00030BD94F0000F83F4801306BF81F48011A0
:103BD0000134013D4EE77FEA645C18BF7FEA655C13
:103BE00029D094EA050F08BF90EA020F05D054EAE5
:103BF000000C04BF1946104630BD91EA030F1EBFEA
:103C00000021002030BD5FEA545C05D140004941ED
:103C100028BF41F0004130BD14F580043CBF01F5E0
:103C2000801130BD01F0004545F0FE4141F47001C6
:103C30004FF0000030BD7FEA645C1ABF19461046A1
:103C40007FEA655C1CBF0B46024650EA013406BFA2
:103C500052EA033591EA030F41F4002130BD00BF61
:103C600090F0000F04BF0021704730B54FF480641E
:103C700004F132044FF000054FF0000150E700BF9F
:103C800090F0000F04BF0021704730B54FF48064FE
:103C900004F1320410F0004548BF40424FF00001EB
:103CA0003EE700BF42004FEAE2014FEA31014FEA2E
:103CB00002701FBF12F07F4393F07F4F81F060517D
:103CC000704732F07F4208BF704793F07F4F04BFC8
:103CD00041F40021704730B54FF4607401F00045A5
:103CE00021F000411CE700BF50EA010208BF704705
:103CF00030B54FF000050AE050EA010208BF7047F6
:103D000030B511F0004502D5404261EB41014FF45E
:103D1000806404F132045FEA915C3FF4D8AE4FF066
:103D200003025FEADC0C18BF03325FEADC0C18BF49
:103D3000033202EBDC02C2F1200300FA03FC20FA9A
:103D400002F001FA03FE40EA0E0021FA02F11444E7
:103D5000BDE600BF70B54FF0FF0C4CF4E06C1CEA00
:103D600011541DBF1CEA135594EA0C0F95EA0C0F71
:103D700000F0DEF82C4481EA030621EA4C5123EAE4
:103D80004C5350EA013518BF52EA033541F4801113
:103D900043F4801338D0A0FB02CE4FF00005E1FBC6
:103DA00002E506F00042E0FB03E54FF00006E1FB10
:103DB00003569CF0000F18BF4EF0010EA4F1FF0453
:103DC000B6F5007F64F5407404D25FEA4E0E6D4193
:103DD00046EB060642EAC62141EA55514FEAC520A4
:103DE00040EA5E504FEACE2EB4F1FD0C88BFBCF520
:103DF000E06F1ED8BEF1004F08BF5FEA500E50F1D1
:103E0000000041EB045170BD06F0004646EA010196
:103E100040EA020081EA0301B4EB5C04C2BFD4EBC8
:103E20000C0541EA045170BD41F480114FF0000EC1
:103E3000013C00F3AB8014F1360FDEBF002001F02F
:103E4000004170BDC4F10004203C35DA0C341BDCA9
:103E500004F11404C4F1200500FA05F320FA04F07B
:103E600001FA05F240EA020001F0004221F00041AF
:103E700010EBD37021FA04F642EB06015EEA430E22
:103E800008BF20EAD37070BDC4F10C04C4F1200552
:103E900000FA04F320FA05F001FA04F240EA020005
:103EA00001F0004110EBD37041F100015EEA430ED6
:103EB00008BF20EAD37070BDC4F1200500FA05F2F6
:103EC0004EEA020E20FA04F301FA05F243EA020375
:103ED00021FA04F001F0004121FA04F220EA020084
:103EE00000EBD3705EEA430E08BF20EAD37070BDCA
:103EF00094F0000F0FD101F00046400041EB0101AA
:103F000011F4801F08BF013CF7D041EA060195F08B
:103F1000000F18BF704703F00046520043EB030345
:103F200013F4801F08BF013DF7D043EA0603704732
:103F300094EA0C0F0CEA135518BF95EA0C0F0CD03D
:103F400050EA410618BF52EA4306D1D181EA030183
:103F500001F000414FF0000070BD50EA410606BF7D
:103F60001046194652EA430619D094EA0C0F02D1C2
:103F700050EA013613D195EA0C0F05D152EA033607
:103F80001CBF104619460AD181EA030101F0004125
:103F900041F0FE4141F470014FF0000070BD41F06E
:103FA000FE4141F4780170BD70B54FF0FF0C4CF448
:103FB000E06C1CEA11541DBF1CEA135594EA0C0F67
:103FC00095EA0C0F00F0A7F8A4EB050481EA030EB4
:103FD00052EA03354FEA013100F088804FEA03339B
:103FE0004FF0805545EA131343EA12634FEA022269
:103FF00045EA111545EA10654FEA00260EF000412A
:104000009D4208BF964244F1FD0404F5407402D27B
:104010005B084FEA3202B61A65EB03055B084FEA0C
:1040200032024FF480104FF4002CB6EB020E75EB09
:10403000030E22BFB61A754640EA0C005B084FEA31
:104040003202B6EB020E75EB030E22BFB61A7546AE
:1040500040EA5C005B084FEA3202B6EB020E75EBF9
:10406000030E22BFB61A754640EA9C005B084FEA71
:104070003202B6EB020E75EB030E22BFB61A75467E
:1040800040EADC0055EA060E18D04FEA051545EA6D
:1040900016754FEA06164FEAC30343EA52734FEA16
:1040A000C2025FEA1C1CC0D111F4801F0BD141EA8F
:1040B00000014FF000004FF0004CB6E711F4801FF4
:1040C00004BF01430020B4F1FD0C88BFBCF5E06FD4
:1040D0003FF6AFAEB5EB030C04BFB6EB020C5FEAE4
:1040E000500C50F1000041EB045170BD0EF0004E39
:1040F0004EEA113114EB5C04C2BFD4EB0C0541EA6B
:10410000045170BD41F480114FF0000E013C90E667
:1041100045EA060E8DE60CEA135594EA0C0F08BF2B
:1041200095EA0C0F3FF43BAF94EA0C0F0AD150EA2A
:1041300001347FF434AF95EA0C0F7FF425AF1046BD
:1041400019462CE795EA0C0F06D152EA03353FF4E5
:10415000FDAE1046194622E750EA410618BF52EA62
:1041600043067FF4C5AE50EA41047FF40DAF52EA36
:1041700043057FF4EBAE12E74FEA410212F500125D
:1041800015D211D56FF47873B3EB625212D94FEA9E
:10419000C12343F0004343EA505311F0004F23FA88
:1041A00002F018BF404270474FF00000704750EADD
:1041B000013005D111F0004008BF6FF0004070479A
:1041C0004FF00000704700BF4A0011D212F50012F4
:1041D00011D20DD56FF47873B3EB62520ED44FEA5F
:1041E000C12343F0004343EA505323FA02F07047DF
:1041F0004FF00000704750EA013002D14FF0FF301D
:1042000070474FF0000070477BB972B90029BEBFFC
:1042100000204FF0004106E008BF00281CBF6FF0EF
:1042200000414FF0FF3000F0CDB9ADF1080C6DE961
:1042300004CE002909DB002B1ADB00F04DF8DDF875
:1042400004E0DDE9022304B07047404261EB410124
:10425000002B1BDB00F040F8DDF804E0DDE9022371
:1042600004B0404261EB4101524263EB43037047AB
:10427000524263EB430300F02FF8DDF804E0DDE980
:10428000022304B0404261EB41017047524263EBAC
:10429000430300F021F8DDF804E0DDE9022304B077
:1042A000524263EB4303704753B94AB9002908BF30
:1042B00000281CBF4FF0FF314FF0FF3000F082B9F3
:1042C000ADF1080C6DE904CE00F006F8DDF804E06D
:1042D000DDE9022304B070472DE9F04F099D044643
:1042E0000F46002B48D18A42944661D9B2FA82F334
:1042F00043B1C3F120019F4002FA03FC9C4020FA25
:1043000001F10F434FEA1C411FFA8CFE220CB7FB50
:10431000F1F601FB167706FB0EF042EA07429042E7
:1043200008D91CEB020206F1FF3702D2904200F2DC
:1043300037813E46121AA4B2B2FBF1F001FB102203
:1043400000FB0EFE44EA0244A64508D91CEB040417
:1043500000F1FF3202D2A64500F21C81104640EA6D
:104360000640A4EB0E0400261DB1DC400023C5E985
:1043700000433146BDE8F08F8B4209D9002D00F093
:10438000FD800026C5E9000130463146BDE8F08FCA
:10439000B3FA83F6002E4BD18B42C0F0F2808242FA
:1043A00040F2EF803046002DE3D0C5E90047E0E75A
:1043B00002B9FFDEB2FA82F3002B40F09D80891A29
:1043C0004FEA124E97B20126200CB1FBFEF20EFB13
:1043D000121140EA014107FB02F088420FD91CEBA1
:1043E000010102F1FF382CBF4FF001094FF0000925
:1043F000884203D9B9F1000F00F0CF804246091A74
:10440000A4B2B1FBFEF00EFB101100FB07F744EA6B
:104410000144A74208D91CEB040400F1FF3102D289
:10442000A74200F2B4800846E41B40EA02409BE742
:10443000C6F12007B34001FA06F422FA07FCF9405E
:10444000B2404CEA030C20FA07F34FEA1C491C4324
:104450001FFA8CFE00FA06F3200CB1FBF9F809FBF9
:10446000181140EA014108FB0EF088420FD91CEBFD
:10447000010108F1FF3A2CBF4FF0010B4FF0000B88
:10448000884203D9BBF1000F00F08D80D046091A95
:10449000A4B2B1FBF9F009FB101100FB0EFE44EAD7
:1044A00001418E4507D91CEB010100F1FF3401D217
:1044B0008E457FD8204640EA0840A1EB0E01A0FBC4
:1044C000029841454C46C64602D306D14B4504D21C
:1044D0000138B9EB020468EB0C0E002D70D01A1BEA
:1044E00061EB0E0122FA06F301FA07F7F14000260C
:1044F0001F43C5E900713CE702FA03FCC3F1200049
:1045000001FA03F221FA00F64FEA1C4E24FA00F1F8
:104510001FFA8CF79C401143B6FBFEF00A0C0EFB11
:10452000106642EA064200FB07F696420ED91CEBE3
:10453000020200F1FF382CBF4FF001094FF00009D3
:10454000964202D9B9F1000F31D04046921B89B290
:10455000B2FBFEF60EFB162241EA024106FB07F211
:104560008A4207D91CEB010106F1FF3801D28A42C9
:1045700023D84646891A46EA004625E72E462846AD
:10458000F7E6841A61EB030301201F460BE764443E
:10459000023849E764440238E1E6023A61442EE712
:1045A000023E6244C6E6A8F1020861446FE70238A1
:1045B0006244CBE7023861447DE7023E6144D9E7BB
:1045C0002E46D6E6704700BF10F8012B11F8013BCC
:1045D000012A28BF9A42F7D0D01A7047034613F831
:1045E000012B002AFBD1181A013870470200000085
:1045F00000030000000000000001030206010504A2
:104600000201030201030000040100000000030294
:10461000020004030000000000000103020001008A
:10462000040300000000040000000000000001027C
:10463000556E61626C6520746F20777269746520B5
:10464000706172616D657465727320746F20417062
:10465000705F50657273697374656E740050524F69
:104660005620444154005265626F6F742E002573CA
:10467000203A2050524F565F5245545F494E5641A2
:104680004C49445F504152414D2E0025733A20550C
:104690006E61626C6520746F207265616420637561
:1046A0007272656E746C792073746F7265642070B9
:1046B0006172616D657465727320696E20417070FE
:1046C0005F50657273697374656E74002573203A68
:1046D0002050524F565F5245545F494E56414C4907
:1046E000445F444154412E002573203A2050524FDC
:1046F000565F5245545F494E56414C49445F4441D0
:104700005441202863426F724572726F7220256493
:10471000292E0050726F766973696F6E696E67201B
:10472000646174612069732076616C69642E004154
:1047300070706C79696E67206E6574776F726B202C
:10474000706172616D65746572732E00537461726D
:1047500074696E672070726F766973696F6E696EC7
:10476000672070726F636573732100556E61626CB0
:104770006520746F20696E697469616C697A65205F
:104780004170705F50657273697374656E74005028
:10479000726F766973696F6E696E6720706172619E
:1047A0006D65746572732066726F6D20636F6E66DF
:1047B00069672E6D6B21004175746F6D617469635B
:1047C000204E6F64652041646472657373696E671F
:1047D00020697320656E61626C65642100556E61AD
:1047E000626C6520746F20736574204175746F6D01
:1047F00061746963204E6F646520416464726573FF
:104800007300556E61626C6520746F2077726974F5
:104810006520746F204170702050657273697374E5
:10482000656E740041414141414141414141414135
:10483000414141410032323232323232323232324E
:1048400032323232320031323334353600777777D4
:1048500077777777777777777777777777002573B5
:104860003A20556E61626C6520746F2072656164D8
:10487000204170702050657273697374656E7400A6
:1048800025733A20556E61626C6520746F207265E5
:1048900061642063757272656E74204E49432050C6
:1048A0006172616D65746572732E0050726F766906
:1048B00073696F6E696E675F446174615F72656191
:1048C000645F706172616D65746572730050726FC0
:1048D000766973696F6E696E675F446174615F6961
:1048E000735F6E69635F70726F766973696F6E650F
:1048F000640050726F766973696F6E696E675F44AA
:104900006174615F6465636F646500000000891114
:1049100012239B322446AD573665BF74488CC19D27
:104920005AAFD3BE6CCAE5DB7EE9F7F88110080107
:1049300093331A22A5562C47B7753E64C99C408D07
:10494000DBBF52AEEDDA64CBFFF976E802218B30A3
:10495000100299132667AF763444BD554AADC3BCE7
:10496000588ED19F6EEBE7FA7CC8F5D983310A20C7
:1049700091121803A7772E66B5543C45CBBD42ACC7
:10498000D99E508FEFFB66EAFDD874C904428D535F
:1049900016619F702004A9153227BB364CCEC5DFA7
:1049A0005EEDD7FC6888E1997AABF3BA85520C4387
:1049B00097711E60A1142805B3373A26CDDE44CF87
:1049C000DFFD56ECE9986089FBBB72AA06638F7223
:1049D00014409D512225AB343006B9174EEFC7FE67
:1049E0005CCCD5DD6AA9E3B8788AF19B87730E6247
:1049F00095501C41A3352A24B1163807CFFF46EE47
:104A0000DDDC54CDEBB962A8F99A708B08848195EE
:104A10001AA793B62CC2A5D33EE1B7F04008C91936
:104A2000522BDB3A644EED5F766DFF7C89940085F6
:104A30009BB712A6ADD224C3BFF136E0C118480916
:104A4000D33B5A2AE55E6C4FF77D7E6C0AA583B492
:104A5000188691972EE3A7F23CC0B5D14229CB38F6
:104A6000500AD91B666FEF7E744CFD5D8BB502A4B6
:104A700099961087AFF326E2BDD034C1C3394A28D6
:104A8000D11A580BE77F6E6EF55C7C4D0CC685D74E
:104A90001EE597F42880A1913AA3B3B2444ACD5BB6
:104AA0005669DF78600CE91D722FFB3E8DD604C776
:104AB0009FF516E4A9902081BBB332A2C55A4C4B96
:104AC000D7795E68E11C680DF33F7A2E0EE787F612
:104AD0001CC495D52AA1A3B03882B193466BCF7A76
:104AE0005448DD59622DEB3C700EF91F8FF706E636
:104AF0009DD414C5ABB122A0B9923083C77B4E6A56
:104B0000D5585C49E33D6A2CF11E780F4C656E2048
:104B100063616E6E6F7420626520302025750048D9
:104B2000444C432020202000546F6F206D75636833
:104B300020617474656D7074732C20646973636193
:104B400072642025750043616E6E6F742067656E18
:104B5000657261746520544150206D65737361679F
:104B60006520666F72206D6574657200496E7661AE
:104B70006C6964204352430057726F6E672053651F
:104B80007120666F722061636B202575207673201B
:104B900025750047656E65726174696E67204E41C8
:104BA000434B20666F722025750043616E6E6F74F3
:104BB0002067656E65726174652041434B2F4E41DD
:104BC000434B0050524F564953494F4E494E475F51
:104BD000554152545F42415544524154453D25751B
:104BE0000054582071756575652066756C6C004EB3
:104BF0006F204368616C6C656E6765205265636504
:104C000069766564206F6E20746865205541525442
:104C10002C20736B697070696E672050726F7669B3
:104C200073696F6E696E672050726F63657373008E
:104C30004E49435F50524F56004D6573736167652F
:104C400020746F6F2073686F7274202564203C207D
:104C5000256400496E76616C69642070726F746FB0
:104C6000636F6C2076657273696F6E2025640052E5
:104C7000656365697665642050726F766973696FE4
:104C80006E696E67205061636B6574005265636581
:104C90006976656420446576696365205265626F54
:104CA0006F74205265717565737400526563656930
:104CB000766564205265616420506172616D65742F
:104CC000657273205265717565737400556E7375E6
:104CD00070706F7274656420636D64202564005386
:104CE000656E64696E67205265616420506172610F
:104CF0006D657465727320526573706F6E736500B5
:104D00004572726F7220696E2074686520676976DB
:104D1000656E20706172616D6574657273212050DB
:104D2000726F766973696F6E696E675F7265732003
:104D30003D2025750053656E64696E672050726F63
:104D4000766973696F6E696E672052657475726EED
:104D500020436F6465005750500A004F4B0A0052C1
:104D600065636569766564206368616C6C656E6710
:104D700065206F6E20746865205541525400436F62
:104D8000756C64206E6F74206170706C7920707225
:104D90006F766973696F6E696E6720706172616D9D
:104DA0006574657273212050726F766973696F6ED6
:104DB000696E675F726573203D202575004E49431B
:104DC00020697320616C72656164792070726F76FE
:104DD0006973696F6E6564004E4943206973206E84
:104DE0006F742070726F766973696F6E65642C20C2
:104DF00077616974696E6720666F722074686520D8
:104E00006368616C6C656E6765206F6E20746865A1
:104E100020554152542100496E697469616C697A68
:104E2000696E6720554152542061742025752062B7
:104E30006175647261746500456E64206F662070F0
:104E40007265616D626C65206170702C2072657393
:104E5000746F72652068656170005052455F415003
:104E6000502000486561702073697A65203D2025D7
:104E700075206279746573004362206973204E5512
:104E80004C4C00436F7079202575206279746573EE
:104E900020464C415348202D3E2052414D20617404
:104EA000203078257800496E697469616C697A658B
:104EB000206273732066726F6D2030782578202809
:104EC000257520627974657329004572726F7220AE
:104ED00066726F6D206D65746572202575004F5088
:104EE000545F502D54200057726F6E67206161200F
:104EF0006C6576656C0052657175657374206672B9
:104F00006F6D2048455320776173206E6F74206564
:104F10006E637279707465642E204E6F20726967BB
:104F2000687420656C65766174696F6E20616C6C65
:104F30006F7765642100484553207265717565730C
:104F400074207472616E736C6174696F6E20666137
:104F5000696C75726520257500484553207265712E
:104F600075657374206465636F64696E672066613C
:104F7000696C7572652025750064726F7070696E5A
:104F800067206D6573736167652066726F6D204879
:104F90004553004E6F20646174612066726F6D200E
:104FA000484553207768656E20706173737468722A
:104FB0006F75676820697320726561647900484580
:104FC00053207265706C79207772617070696E67BA
:104FD000206661696C75726520257500484553200F
:104FE0007265706C7920656E636F64696E672066A8
:104FF00061696C757265202575004D657465722058
:105000007265706C79207472616E736C6174696F13
:105010006E206661696C757265004E6F7420616206
:105020006C6520746F2073656E6420646174612008
:10503000746F20484553206E6F772C207265747210
:1050400079206C617465720064726F7070696E674C
:10505000206D6573736167652066726F6D206D6585
:10506000746572004E6F742061626C6520746F20ED
:1050700073656E64206461746120746F20484553C9
:105080002C2064726F70206D6573736167650055C5
:1050900070646174696E67204E494320736572764F
:1050A000657220696E766F636174696F6E20636FDD
:1050B000756E7465723A202564004D616C6C6F6387
:1050C000203A202068656170202575202F20616CB2
:1050D0006C6F6361746564202575202F206672658E
:1050E0006520257500656E64206F6620706173739E
:1050F0007468726F75676800506173737468726F5B
:105100007567682069732064697361626C656420E7
:105110007768656E204E494320697320756E72650D
:1051200067697374657265640043616E6E6F7420A5
:1051300061717569726520746865206C6F636B219D
:10514000204D657373616765206973206C6F73749C
:10515000007374617274206F662070617373746879
:10516000726F756768004661696C656420746F20B2
:10517000616C6C6F63617465206D656D6F72792011
:10518000666F7220706173737468726F7567682CD4
:105190002065786974696E670072756E5F706173FF
:1051A000737468726F7567685F66736D0043616ED4
:1051B0006E6F74206F627461696E20696E746572BF
:1051C0006661636520747970652C207573696E67FC
:1051D000207772617070657200434F4D4D4F4E20C5
:1051E00020005375636365737366756C6C79207208
:1051F0006561642070726F766973696F6E65642093
:1052000073657474696E677320666F7220696E745B
:1052100065726661636520747970650043616E6EC6
:105220006F74206F627461696E206261756472616F
:1052300074652C207573696E6720393630300053E1
:1052400075636365737366756C6C792072656164F0
:105250002070726F766973696F6E65642073657410
:1052600074696E677320666F722062617564726123
:1052700074653A20256400252E3373256C75005320
:10528000746F7070696E67207468652073746163F1
:105290006B20696E202575207365636F6E647300E3
:1052A00057726F6E672045503A2025640057505F53
:1052B000434F4D2020004E6F7420656E6F756768F8
:1052C00020646174610057726F6E6720777261703D
:1052D0007065722076657273696F6E0057726F6EBB
:1052E0006720636C69656E742061646472657373B2
:1052F000203078257800556E737570706F72746504
:10530000642073657276657220616464726573737C
:10531000005573696E67206F6C6420455020666F7E
:1053200072206F6E2D64656D616E64206F72204E09
:105330006963207365727665722E2032206973204E
:10534000746865206E6577206F6E65005354414325
:105350004B5F53544F505045440053435241545FA8
:10536000584645525F5354415254454400534352AA
:1053700041545F584645525F53544F505045440086
:1053800056616C696420726F75746520746F207348
:10539000696E6B2030782558004E6F20726F7574DF
:1053A000650056616C696420726F75746520636175
:1053B0006C6C6261636B2068617320746F2062653E
:1053C0002073657400436C69656E74207374617238
:1053D00074656421004E6F2064737420656E647080
:1053E0006F696E7420666F72206F6E2064656D61E8
:1053F0006E64207265706C79004E6F20737263204A
:10540000656E64706F696E7420666F72206F6E20B7
:1054100064656D616E64207265706C7900556E6BA9
:105420006E6F776E20747970653A20256400507233
:105430006576696F7573206D657373616765207735
:105440006173207374696C6C20696E207175657569
:1054500065004661696C656420746F2073656E64D5
:1054600020726573706F6E73650057505F4D4655BF
:1054700020004669726D7761726520757064617491
:10548000652072657175657374732061726520643F
:10549000697361626C6564206966204E49432069C6
:1054A0007320756E72656769737465726564004E0A
:1054B0006F206461746100496E76616C6964206379
:1054C0006F6D6D616E64004D465520636D642023E1
:1054D00025750076312E340057505F50494E4700F5
:1054E00052656365697665642050494E4720636D57
:1054F0006400636C5F726561644C4E20666F72205D
:1055000049433A20256400434F4E4E5F4D4E4700BD
:10551000636C5F726561644C4E20666F7220434C11
:105520004B3A20256400436C6F636B2063616E6EA1
:105530006F74206368616E676520747970653A20C6
:10554000257500436C6F636B3A2025750057726FA9
:105550006E6720436C6F636B20747970653A202509
:1055600075004661696C656420746F2072656164C2
:1055700020636C6F636B3A20256400496E766F631D
:105580006174696F6E20636F756E7465723A202561
:105590007500556E737570706F7274656420666FF8
:1055A000726D617420666F7220696E766F636174CC
:1055B000696F6E20636F756E7465723A2025750091
:1055C0004661696C656420746F207265616420694E
:1055D0006E766F636174696F6E20636F756E74654C
:1055E000723A202564004D434D20737461747573C5
:1055F0002063616C6C6261636B20737562736372AC
:10560000696265643A20307825303858004D434D42
:10561000206F70656E2063616C6C6261636B2063E8
:10562000616E6E6F74206265206E756C6C005472D2
:1056300079696E6720746F2072652D656E7465726E
:1056400020696E204D434D206F70656E2046534D8E
:10565000004E6F206D656D6F727920746F20616CE4
:105660006C6F63617465204D434D206F70656E20D3
:10567000706172616D004D434D20636C6F736520E6
:1056800063616C6C6261636B2063616E6E6F74202A
:105690006265206E756C6C00547279696E67207457
:1056A0006F2072652D656E74657220696E204D43A2
:1056B0004D20636C6F73652046534D004E6F206D17
:1056C000656D6F727920746F20616C6C6F636174AB
:1056D00065204D434D20636C6F736520706172616E
:1056E0006D00636C6F73655F636F6E6E6563746985
:1056F0006F6E5F66736D006F70656E5F636F6E6E69
:10570000656374696F6E5F66736D00000001000071
:10571000FF00002B0105FF00002B0102FF00002B02
:105720000103FF496E7374616E742070726F666955
:105730006C652073656E742077697468207374617A
:105740007475733A20256400494E5354414E5420D9
:1057500000537461746963206275666665722069BE
:105760007320746F6F20736D616C6C20282564202A
:105770007673202564290043616E6E6F7420616C1E
:105780006C6F6361746520696E7374616E74616EB1
:10579000656F757320627566666572206F66202579
:1057A0006420627974657300496E73742062756653
:1057B0006665722061743A203078257820287369F4
:1057C0007A65203D20256420627974657329007212
:1057D0006561645F696E7374616E74616E656F7527
:1057E000735F63623A2025640043616E6E6F7420BC
:1057F00064657465726D696E6520636C6F636B2C94
:105800002072657475726E20706572696F64004EE7
:1058100065787420696E7374616E74616E656F75FE
:105820007320697320696E20256420730052616EB5
:10583000646F6D697A6174696F6E2074696D65203B
:105840006973202564206D73004E6F7468696E67FC
:1058500020746F2073656E64004E6F2070726F66E7
:10586000696C6520746F2073656E6400496E737493
:10587000616E74616E656F757320707573682064F6
:10588000697361626C65640052656164696E67206A
:10589000696E7374616E74616E656F75732070727A
:1058A0006F66696C650043616E6E6F742074616B26
:1058B00065206F72207761697420666F72206C6F4B
:1058C000636B00496E7374616E74616E656F75739E
:1058D0002062756666657220616C7265616479200C
:1058E00065786973742C206672656520697420740C
:1058F0006F207265616C6C6F636174652069740000
:1059000043616E6E6F7420616C6C6F6361746520AF
:10591000696E7374616E74616E656F757320627504
:105920006666657200496E737420726561642070EA
:105930006F7374706F6E656420696E20256C7520BE
:105940006D730054696D6520746F2073656E6420FB
:10595000696E7374616E74616E656F7573207072B9
:105960006F66696C65004E657874207265616420AD
:10597000696E202575207365636F6E6473005374C0
:10598000617274696E6720726561645F696E7374B9
:10599000616E74616E656F75735F70726F66696C4E
:1059A000655F66736D20696E202575206D730072CA
:1059B0006561645F696E7374616E74616E656F7545
:1059C000735F70726F66696C655F66736D0001006E
:1059D0005E5B00FF0000190900FF52656164696E9B
:1059E0006720626C6F636B206C6F61642070726FF4
:1059F00066696C6500424C4B5F4C4F4144005065FA
:105A000072696F6420697320696E2074686520660E
:105A1000757475726520286E6F773A202575203C65
:105A2000202575292C20736B697070696E67207052
:105A3000726F66696C652072656164696E67005299
:105A4000616E646F6D697A6174696F6E206E6565F1
:105A50006465643A206E65787420726561642069BB
:105A60006E2025752073004E6F2072616E646F6D1D
:105A7000697A6174696F6E206E65656465643A2049
:105A80006E657874207265616420696E20257520CA
:105A900073004E6578742072656164696E67206971
:105AA0006E202564206D7300426C6F636B6C6F61B8
:105AB0006420707573682064697361626C6564004A
:105AC0004C6174653A202575207673202575005445
:105AD0007279696E6720746F2072656164207065E9
:105AE00072696F6420696E207468652066757475CC
:105AF00072652C206E6F773A20257520706572696B
:105B00006F643A202575202D202575004E65787428
:105B100020626C6F636B206C6F616420696E20255E
:105B20007520732028257529004E6F206E6577201B
:105B3000646174612C206F7574206F662073796EB8
:105B400063006F6E5F6D657465725F726561645F3F
:105B500063623A20256400426C6F636B206C6F6156
:105B6000642070726F66696C652073656E7420774F
:105B7000697468207374617475733A2025640053E6
:105B80006574207374617274206F6620696E746529
:105B90007276616C20746F20257500537461727485
:105BA000696E6720726561645F626C6F636B5F6CC6
:105BB0006F61645F70726F66696C655F66736D209C
:105BC00061736170004E65787420426C6F636B2066
:105BD0006C6F61643A202575206E6F773A202575C9
:105BE00000726561645F626C6F636B5F6C6F6164B0
:105BF0005F70726F66696C655F66736D000100634C
:105C00000100FF0005190900FF52656164696E67B4
:105C1000206461696C79206C6F61642070726F66BA
:105C2000696C65004441494C592020200044616959
:105C30006C796C6F6164207075736820646973613E
:105C4000626C6564004E6F206E65772064617461DC
:105C500000506572696F6420696E207468652070F9
:105C60006173742C20696E6372656D656E74696E04
:105C70006720737461727420706572696F64206646
:105C8000726F6D20257520746F2025750050657228
:105C9000696F6420696E207468652066757475721A
:105CA000652C206E6F772025752076732025750072
:105CB0004461696C79206C6F61642070726F6669F1
:105CC0006C652073656E74207769746820737461E5
:105CD0007475733A202564002057652063616E2037
:105CE000696E6372656D656E74206F757220696E82
:105CF00074657276616C005374617274696E6720AA
:105D0000726561645F6461696C795F6C6F61645F27
:105D100070726F66696C655F66736D20696E2025B1
:105D200075206D7300726561645F6461696C795F91
:105D30006C6F61645F70726F66696C655F66736DCE
:105D4000000100630200FF0006190900FF4E616DAB
:105D50006520706C6174652070726F66696C652077
:105D600073656E742C207374617475733A202564A6
:105D7000004E414D455F504C540052656164696E60
:105D800067206E616D6520706C6174652070726F44
:105D900066696C6500526561642050726F66696C5B
:105DA0006547656E657269633A20256400537461C6
:105DB0007274696E6720726561645F6E616D655FA4
:105DC000706C6174655F70726F66696C655F667335
:105DD0006D00726561645F6E616D655F706C6174AA
:105DE000655F70726F66696C655F66736D00000059
:105DF0005E5B0AFF0068190900FF52656164696E05
:105E0000672062696C6C696E672070726F66696C7E
:105E1000650042494C4C494E4720004D616C6C6F07
:105E200063206661696C65640052656164696E67D0
:105E300020617474722070726F66696C6520656E83
:105E4000747269657300636C5F726561644C4E20A7
:105E500070726F66696C657320656E7472696573C4
:105E60003A2025640052656164696E67206174742C
:105E70007220656E747269657320696E2075736532
:105E800000636C5F726561644C4E20656E7472696C
:105E9000657320696E207573653A20256400456E30
:105EA000747269657320696E207573653A20257573
:105EB000004E6F20656E74727900454955203E2072
:105EC0005045004F6E6520656E747279206F6E6C60
:105ED00079202863757272656E7420656E747279AC
:105EE00029005265616420656E747269657320696A
:105EF0006E2075736520617474723A202564004EBB
:105F0000756D626572206F662070726F66696C6570
:105F100020656E74726965733A2025750075696E27
:105F20007431365F74207479706520746F6F2073DC
:105F30006D616C6C20746F2073746F726520707269
:105F40006F66696C6520656E747269657320766131
:105F50006C756500526561642070726F66696C656E
:105F600020656E747269657320617474723A2025BD
:105F7000640042696C6C696E672070726F66696C50
:105F8000652073656E74207769746820737461741A
:105F900075733A202564006F6C64204352433A20A5
:105FA0003078253034582C206E6577204352433AA0
:105FB000203078253034580053656E64696E672050
:105FC00062696C6C696E6720706572696F642064C9
:105FD000617461004661696C656420746F20676557
:105FE0006E65726174652070757368004661696CD6
:105FF000656420746F2073656E642070757368002B
:1060000042696C6C696E672070757368206469738F
:1060100061626C65640042696C6C696E67207065D2
:1060200072696F64206461746120756E6368616E6B
:106030006765642C206E6F7468696E6720746F20CA
:1060400073656E64005265616420656E74727920B8
:1060500066726F6D2050726F66696C6547656E651C
:106060007269633A202564005374617274696E67C3
:1060700020726561645F62696C6C696E675F7072E3
:106080006F66696C655F66736D20696E202575208B
:106090006D7300726561645F62696C6C696E675FE5
:1060A00070726F66696C655F66736D0001006201F6
:1060B00000FF0067190900FF436F6E6E656374206F
:1060C0003A20256400455654535F4C4F47002573D2
:1060D00020656E747269657320696E207573653A08
:1060E0002025752028707265762E20257529206F51
:1060F0006E20257500454955203C2070726576203C
:106100004549552C20697320736F7274206D657436
:10611000686F64204649464F3F004E6F206E65779A
:1061200020257320656E7472790052656164206564
:1061300076656E74206C6F672045495520726573D3
:10614000756C743A2025640052656164206576653B
:106150006E745F6C6F6720504520726573756C7448
:106160003A202564004661696C656420746F20677D
:10617000656E657261746520616E642073656E641E
:10618000202573206576656E74206C6F67207075AE
:10619000736800507573682064697361626C65642C
:1061A00020666F72202573206576656E74206C6F93
:1061B00067004572726F722072656164696E672054
:1061C0002573206576656E74206C6F6720656E742C
:1061D0007269657320257520746F2025753A202516
:1061E00064004572726F722072656164696E672027
:1061F0002573206576656E74206C6F6720656E74FC
:1062000072792025753A20256400257320656E7407
:1062100072792073697A653A20257520422C206FA7
:10622000766572686561643A2025752042202D3EAE
:1062300020257520656E7472696573207065722003
:106240006D657373616765004661696C6564207490
:106250006F207265747269657665207468652025A3
:1062600073206C6F6720656E7472792073697A652C
:106270003A202564004576656E74206C6F67207344
:10628000656E742077697468207374617475733AED
:10629000202564004E6578742072656164204E4F3D
:1062A000572C2070726F63657373696E6720746911
:1062B0006D6520697320746F6F206C6F6E6700527C
:1062C000656164696E67202573206576656E74204C
:1062D0006C6F672070726F66696C65004661696CEF
:1062E000656420746F20616C6C6F63617465206DF0
:1062F000656D6F72790052656164696E6720257300
:106300002070726F66696C6520656E747269657362
:106310002061747472696275746500636C5F726584
:1063200061644C4E206576656E745F6C6F672052B9
:1063300050453A2025640052656164696E672025E6
:106340007320656E747269657320696E207573655C
:106350002061747472696275746500636C5F726544
:1063600061644C4E206576656E745F6C6F67204586
:1063700049553A20256400436865636B696E672060
:10638000257320656E7472792073697A6500536590
:1063900061726368696E6720257320656E74727917
:1063A0002077697468203078253034582043524370
:1063B0000052656164696E67202573206C61737497
:1063C0002073656E7420656E747279202575005295
:1063D000656164696E67202573206576656E74203B
:1063E0006C6F6720656E7472696573202575207403
:1063F0006F2025750052656164696E6720257320E2
:106400006576656E74206C6F6720656E7472792096
:106410002575005374617274696E672072656164DA
:106420005F6576656E745F6C6F67735F7461736BC5
:1064300020696E202575206D7300766F6C7461671E
:10644000650063757272656E7400706F77657200B7
:106450007472616E73616374696F6E006F746865E6
:1064600072006E6F6E5F726F6C6C6F766572006338
:106470006F6E74726F6C00726561645F6576656ED5
:10648000745F6C6F675F66736D00000000000063EF
:106490006200FF0078190900FF0000003A64060856
:1064A000010000636201FF0079190900FF0000008C
:1064B00042640608020000636202FF007A190900C4
:1064C000FF0000004A640608030000636203FF0047
:1064D0007B190900FF0000005064060804000063F7
:1064E0006204FF007C190900FF0000005C640608DC
:1064F000050000636205FF007D190900FF00000030
:1065000062640608060000636206FF007E19090047
:10651000FF0000006F640608436C6F636B206E6FB2
:106520007420726561647900462E442E42494C4CB9
:10653000004461746520696E697469616C697A658B
:106540006420746F2025750052656164696E672050
:106550006669786564206461792062696C6C696E33
:10656000672070726F66696C65004661696C65646E
:1065700020746F20616C6C6F63617465206D656D54
:106580006F727920746F20726561642046444250B6
:106590000052656164696E672062696C6C696E6740
:1065A0002070726F66696C652061747472696275BF
:1065B00074652027656E747269657320696E207535
:1065C0007365270046697865642064617920626993
:1065D0006C6C696E67206461746520756E73657498
:1065E0002C2064697361626C696E672046534D00AC
:1065F00044656C6179206F766572666C6F770053C5
:1066000074617274696E672066697865645F64613D
:10661000795F726561645F62696C6C696E675F70F7
:10662000726F66696C655F66736D20696E20257593
:10663000206D7300496E76616C69642064617465D5
:1066400020666F72206669786564206461792062D3
:10665000696C6C696E6720646179202564004E6501
:106660007874206669786564206461792062696C59
:106670006C696E6720646174653A2025750046690F
:10668000786564204461792042696C6C696E67208A
:1066900050726F66696C652073656E7420776974DB
:1066A00068207374617475733A2025640053656EB5
:1066B00064696E672063757272656E742062696CBE
:1066C0006C696E6720706572696F642064617461C3
:1066D000004669786564206461792062696C6C6940
:1066E0006E672070726F66696C65207075736820C4
:1066F00069732064697361626C656400496E7661D8
:106700006C6964206461746520666F7220666978C4
:106710006564206461792062696C6C696E672064CD
:1067200061792025642C20726573657420746F2054
:1067300064697361626C65640046697865642064AD
:106740006174612062696C6C696E672070726F663B
:10675000696C65207075736820697320656E61626D
:106760006C656400466978656420646174612062C8
:10677000696C6C696E672064617465206861732060
:106780006E6F74206265656E20636F6D70757465E1
:10679000640066697865645F6461795F72656164ED
:1067A0005F62696C6C696E675F70726F66696C6559
:1067B0005F66736D000100620100FF006A19090045
:1067C000FF52656164696E67206578706F7274202E
:1067D00062696C6C696E672070726F66696C6500C7
:1067E0004558505F42494C4C004F626A65637420C3
:1067F000646F6573206E6F742065786973740045EB
:1068000078706F72742062696C6C696E6720707248
:106810006F66696C652073656E7420776974682093
:106820007374617475733A2025640053656E6469EE
:106830006E67206578706F72742062696C6C696E27
:10684000672070726F66696C65004578706F72744E
:106850002062696C6C696E6720707573682064696A
:106860007361626C6564005374617274696E672051
:10687000726561645F6578706F72745F62696C6C79
:10688000696E675F70726F66696C655F66736D20B5
:10689000696E202575206D7300726561645F65788F
:1068A000706F72745F62696C6C696E675F70726F33
:1068B00066696C655F66736D000100638200FF00AE
:1068C0006B190900FF52782054696D656F7574006B
:1068D000444C4D535F434F4D0048444C4320667237
:1068E000616D6520697320696E76616C696420282A
:1068F000746F6F2073686F7274290048444C432092
:106900006672616D65206D617920626520636F72CA
:10691000727570746564005772617070657220667C
:1069200072616D6520697320696E76616C6964209F
:1069300028746F6F2073686F7274290057726170CA
:10694000706572206672616D65206D617920626587
:1069500020636F7272757074656400496E636F6D49
:10696000706C6574652077726170706572206672F4
:10697000616D65202564203C20256400577261709C
:10698000706572206672616D6520697320746F6F27
:1069900020626967202564203E20256400526574CA
:1069A00072792067657420646174612066726F6D0E
:1069B000206D65746572277320726573706F6E73D6
:1069C00065207769746820454E4352595054494FA9
:1069D0004E20696E7374656164206F662041555462
:1069E00048454E5449434154494F4E5F454E4352EA
:1069F000595054494F4E0043616E6E6F7420676565
:106A00006E206E6578743A202575004E6F204342E3
:106A10002070726F76696465640043616E6E6F7496
:106A200020616C6C6F63617465207278206275669A
:106A30006665720043616E6E6F742072656769737C
:106A40007465722072785F6362004E6F2052582026
:106A5000627566666572004D45545F55415254003B
:106A60005258202D2025750043616E6E6F7420638F
:106A70006F6E73756D65206D6F7265207468616EE1
:106A80002070726F76696465640A00556E6578706F
:106A900065637465642052582028256429004F7668
:106AA0006572666C6F77206F6E20527800525820A6
:106AB00057697468206E6F20726563697069656ECE
:106AC00074202575005561727420727820697320D6
:106AD000616C726561647920696E2075736500432D
:106AE00062206973206E6F7420746865206375720C
:106AF00072656E742072656769737465726564206F
:106B00006F6E65005458202D20257500446973630D
:106B10006F6E6E656374206B6F3A2025750041506F
:106B2000505F4153534F0052656C65617365206B34
:106B30006F3A2025750041555448206661696C659F
:106B4000643A2025750041415251206661696C65A7
:106B5000643A20257500534E524D206661696C657C
:106B6000643A20257500436F6E6E656374696E67C5
:106B700020257300636C5F736E726D52657175656D
:106B80007374206661696C65643A20257500636CD6
:106B90005F616172715265717565737420666169B8
:106BA0006C65643A20257500636C5F67657441709D
:106BB000706C69636174696F6E4173736F6369614F
:106BC00074696F6E52657175657374206661696C66
:106BD00065643A202575004E6F20646973636F6E9B
:106BE0006E65637420746F20646F0053656E646912
:106BF0006E6720446973636F6E6E6563742072659F
:106C0000717565737400446973636F6E6E65637448
:106C100020726571206661696C65643A2025750093
:106C200041412065737461626C69736865642025F5
:106C3000730053797374656D5469746C653A2025DB
:106C4000732C20536F7572636553797374656D543B
:106C500069746C653A2025730052656C65617369CF
:106C60006E672041410052656C65617365207265F5
:106C700071206661696C65643A2025750041412088
:106C800065737461626C6973686D656E74206361AD
:106C90006C6C6261636B2063616E6E6F7420626501
:106CA000206E756C6C00547279696E6720746F2069
:106CB00072652D656E74657220696E204141206594
:106CC000737461626C6973686D656E742046534DB0
:106CD000004E6F206D656D6F727920746F20616C4E
:106CE0006C6F636174652041412065737461626CEF
:106CF0006973686D656E7420706172616D004141E9
:106D00002072656C656173652063616C6C626163A0
:106D10006B2063616E6E6F74206265206E756C6CA3
:106D200000547279696E6720746F2072652D656EEC
:106D300074657220696E2041412072656C656173D3
:106D4000652046534D004E6F206D656D6F72792042
:106D5000746F20616C6C6F636174652041412072B7
:106D6000656C6561736520706172616D00504300F0
:106D70004D520055530046550072656C6561736550
:106D80005F61615F66736D0065737461626C6973E6
:106D9000685F61615F66736D000000006D6D0608DD
:106DA000706D0608736D0608766D06085065726989
:106DB0006F642069733A2025640050524F465F4744
:106DC000454E0043616E6E6F742072656164207081
:106DD0006572696F643A2025642C207573696E674B
:106DE0002066616C6C6261636B0052656164204770
:106DF000502025752E25752E25752E25752E257569
:106E00002E25752028743D25642900636C5F72650A
:106E100061644C4E3A20256400537461727420748E
:106E2000696D653A2025752C20656E642074696D46
:106E3000653A2025752028706572696F643A2025AF
:106E40007529005265616420257520656E74722570
:106E5000732066726F6D20656E74727920257500DF
:106E600057726F6E6720747970650043616E6E6F44
:106E7000742067656E6572617465207265717565F1
:106E8000737420256400496E76616C6964207374A4
:106E900061746520256400726561645F7265737555
:106EA0006C745F636220256400726561645F726563
:106EB00073756C745F63622C2063616E6E6F7420F7
:106EC00070617273652025640043622063616E6E99
:106ED0006F74206265206E756C6C00547279696EF7
:106EE0006720746F2072652D656E74657220696EFF
:106EF00020526561642050726F66696C6520476539
:106F00006E657269632046534D004E6F206D656D4E
:106F10006F727920746F20616C6C6F63617465208F
:106F2000526561642050726F66696C652047656EBA
:106F30006572696320706172616D730070726F6653
:106F4000696C655F67656E657269635F72656164D0
:106F50005F66736D002564206973206E6F74206115
:106F60002076616C6964206C6F636B004D5F4C4FE1
:106F7000434B2020004E6F204C6F636B20696E20C6
:106F800049525100256420616C7265616479206802
:106F9000617320746865206C6F636B004E6F2063B3
:106FA0006220737065636966696564206279202573
:106FB000642C2072657475726E20646972656374E6
:106FC0006C7900436C69656E7420256420616C7275
:106FD0006561647920696E207468652071756575D6
:106FE0006500256420616464656420746F207468A2
:106FF000652071756575650043616E6E6F742072F2
:10700000656C65617365206C6F636B2025642C2053
:1070100068656C64206279202564004C6F636B2086
:107020006F776E657220686173206368616E676553
:107030006420746F202564004C6F636B2072656C54
:107040006561736520696E204952512068616E64E4
:107050006C6572206973206E6F7420616C6C6F7741
:10706000656400556E6C6F636B20697320646F6E8E
:107070006520696E206120646566657272656420B2
:107080007461736B0043616E6E6F74206368616E30
:1070900067652074797065206F66206C6F636B2064
:1070A00025642C2068656C64206279202564004C7E
:1070B0006F636B2074797065206368616E676564C7
:1070C000004655206173736F63696174696F6E2048
:1070D0006661696C65643A20256400444C4D535FD9
:1070E000494420005553206173736F63696174696B
:1070F0006F6E206661696C65643A202564004D52AC
:10710000206173736F63696174696F6E2066616972
:107110006C65643A202564005043206173736F638B
:10712000696174696F6E206661696C65643A2025D7
:107130006400436865636B696E67206173736F6396
:10714000696174696F6E7320616E64207265616439
:10715000696E67206D6574657220534E20616E64A0
:1071600020646576696365206964004E6F206D65F3
:107170006D6F727920746F20616C6C6F63617465E0
:1071800020706172616D7300556E737570706F72EF
:1071900074656420666F726D617420666F7220641E
:1071A00065766963652069643A20257500466169E2
:1071B0006C656420746F2072656164206465766913
:1071C00063652069643A20256400556E737570709C
:1071D0006F7274656420666F726D617420666F7281
:1071E000206D6574657220534E3A20257500466106
:1071F000696C656420746F2072656164206D6574CC
:10720000657220534E3A202564004E49432073771F
:10721000617070696E672064657465637465643A53
:107220002073746F72656420534E3A2025732C20AE
:1072300063757220534E3A202573004E49432073E4
:1072400077617070696E67206465746563746564E6
:1072500000446C6D732069642063616C6C626163CF
:107260006B2063616E6E6F74206265206E756C6C4E
:1072700000547279696E6720746F2072652D656E97
:1072800074657200726561645F6D657465725F6ECE
:10729000616D655F66736D000000600102FF0000B4
:1072A000600100FF54686520656E637279707469CF
:1072B0006F6E206B657920686173206368616E670B
:1072C00065642C20726573657474696E67207468D8
:1072D00065204E49432073657276657220696E762B
:1072E0006F636174696F6E20636F756E746572731E
:1072F000004E494320535652200055706461746912
:107300006E67204E4943207365727665722064650E
:107310006372797074696F6E2049433A2025640066
:10732000456E6372797074696F6E2049432073658E
:107330007420746F20257500446174612066726F3B
:107340006D20484553206973206E6F742076616C00
:107350006964004E6F206461746120746F207365EE
:107360006E6420746F204845530043616E6E6F74E5
:107370002073656E642025752062797465732074AE
:107380006F20484553004D534D206F7220636C6F42
:10739000636B207570646174656400656E64206F52
:1073A0006620646C6D732073657276657200496E39
:1073B00076616C696420636F6E6E656374696F6E6D
:1073C000005374617274696E67204E49432073657F
:1073D000727665720043616E6E6F7420616C6C6FC3
:1073E00063617465206D656D6F727920666F7220C0
:1073F00073657276657221204D65737361676520D0
:107400006973206C6F7374004173736F6369617487
:10741000696F6E202575206E6F7420737570706FA4
:10742000727465642C2065786974696E67004661C2
:10743000696C656420746F20616C6C6F6361746546
:10744000206D656D6F727920666F72206E696320A2
:10745000736572766572206F626A656374732C203F
:1074600065786974696E67005263766420257520BB
:1074700062797465732066726F6D204845530052BF
:1074800065636569766564206D73672041412025D9
:1074900075207768696C65206669727374206D73F6
:1074A00067204141202575007365727665724861D9
:1074B0006E646C65720043616E6E6F74206164640B
:1074C0002025642074797065206F626A6563743A60
:1074D000202564004E4943204F424A20004D6973E5
:1074E00073696E672073656375726974792073655B
:1074F000747570206F626A65637420666F722055C0
:1075000053206173736F63696174696F6E004174B6
:1075100074726962757465206C656E677468206E3C
:107520006F74206D61746368696E6720282564201C
:10753000213D20256429004661696C656420746FD3
:1075400020676574207468652063757272656E7457
:10755000204B454B206B6579004661696C65642062
:10756000746F20756E77726170202573206B65795A
:1075700000417474726962757465206C656E67741D
:107580006820746F6F2062696720282564203E2080
:10759000256429006661696C656420746F207374CA
:1075A0006F72652025732073656372657400616C6A
:1075B0006C6F636174696E6720756E737570706F40
:1075C00072746564206F626A656374207479706593
:1075D000202564006D616C6C6F63206661696C6569
:1075E00064004661696C656420746F206164642086
:1075F0004E4943206F626A656374733A20256400C4
:107600004661696C656420746F20737461727420C4
:10761000746865206D657465723A202564004D6557
:10762000746572207374617274656400416363658C
:10763000737320776974686F7574207365637572EE
:10764000697479004661696C656420746F207265A5
:10765000747269657665206F626A65637400616B38
:10766000006B656B0053657474696E6720696E7397
:1076700074616E74616E656F757320706572696F89
:107680006420746F202564206D6E00556E616C6CF3
:107690006F7765642076616C756520666F7220690E
:1076A0006E7374616E74616E656F75732070657250
:1076B000696F6420256400696E76616C696420746A
:1076C00079706520256420666F722070726F662065
:1076D0007075736820636F6E66696700696E7661A6
:1076E0006C69642073697A6520666F722070726FAE
:1076F00066207075736820636F6E666967005072EC
:107700006F66696C6550757368436F6E6669673A3A
:10771000206E6F206368616E676500696E76616CCC
:107720006964207479706520256420666F72207406
:1077300072616E73706172656E7420636F6E6669DC
:1077400067005472616E73706172656E74206D6F44
:10775000646520756E6368616E676564004174746A
:10776000656D707420746F20777269746520616E26
:1077700020756E737570706F72746564206F626AC5
:1077800065637420256400436C6F636B3A20257534
:10779000206465763A2025752C20746F2062652060
:1077A000636F6D70656E73617465642062793A20F1
:1077B000256400436C6F636B2063616E27742062E5
:1077C0006520736574207768696C6520746865202E
:1077D0004E494320697320756E72656769737465DD
:1077E0007265640043616E6E6F74206368616E67DA
:1077F00065207472616E73706172656E74206D6F56
:10780000646520746F202564005472616E7370612A
:1078100072656E74206D6F64652063616E277420DD
:10782000626520656E61626C65206F7220646973A9
:1078300061626C65207768696C6520746865204EAC
:10784000494320697320756E726567697374657248
:1078500065640066696E644F626A656374202558CA
:107860002D2558202C2025752D2575005B25752E7E
:1078700025752E25752E25752E25752E25755D668B
:10788000696E644F626A65637420556E6B6E6F77C4
:107890006E2074797065203D202564007376725FD8
:1078A000646973636F6E6E6563746564007376728A
:1078B0005F636F6E6E6563746564007376725F6993
:1078C0006E76616C6964436F6E6E656374696F6E2A
:1078D0000000000000000F000000280065FF01010B
:1078E0007DC7040801000F000000280067FF0001A9
:1078F00041C504080200400000002B0067FF0001A2
:10790000CDC70408030008000000010000FF0001CB
:1079100029C504080400010000002B0103FF010138
:107920004DC70408050001000000280002FA00010C
:10793000EDC40408060001000000280003FA00015D
:10794000EDC40408070001000000280005FA00014A
:10795000EDC404080800010000002B0000FB00013A
:10796000EDC404080900010000002B0000FD000127
:10797000EDC404080A00010000002B0000FE000115
:10798000EDC404080B0001000064190900FA0101AC
:1079900025C704080C0001000065190900FA01015F
:1079A000DFC604080D00010000C8190900FA000133
:1079B000C1C60408436F6D707574696E6720737477
:1079C0006174757365732E004E49435F535441547F
:1079D0000043616E6E6F742061646420696E697427
:1079E00069616C207374727563740043616E6E6FAD
:1079F0007420616464204E49432053540043616EF7
:107A00006E6F7420616464205553204943004361C4
:107A10006E6E6F742061646420444C4D532061701D
:107A2000702046572076657273696F6E0043616EF1
:107A30006E6F7420616464204E49432073746174D6
:107A4000757320726561736F6E0043616E6E6F7443
:107A50002061646420636F6E6E656374696F6E206D
:107A6000737461747573206269746669656C64000F
:107A700043616E6E6F7420616464206D657465721D
:107A800020534E0043616E6E6F742073656E6420E8
:107A90004E4943207374617475730043616E6E6F59
:107AA000742067656E6572617465204E494320736A
:107AB0007461747573004E696320737461747573B7
:107AC0002073656E742C207374617475733A20256D
:107AD000640052656164207374617475736573002A
:107AE0000069190900FF52656164696E672045539A
:107AF0005700524541445F455357005265736368D0
:107B00006564756C696E6720696D6D656469617423
:107B1000656C7900756E737065636966696564008C
:107B20004553573A0020202D2025753A2025730013
:107B300053656E64696E672045535720286C6173E6
:107B4000742067617370203D202564290043616EB5
:107B50006E6F742067656E6572617465204553575A
:107B60002064617461206E6F746966696361746911
:107B70006F6E202564004553573A206E6F2063686E
:107B8000616E676500556E65787065637465642025
:107B900073697A6520666F72204553573A202575C0
:107BA000206269747300556E737570706F727465BE
:107BB0006420666F726D617420666F722045535742
:107BC0003A202575004661696C656420746F2072E7
:107BD000656164204553573A202564004576656EFB
:107BE0007420706F776572206661696C7572652CA0
:107BF0002073656E64204553572077697468206C44
:107C00006173742067617370206269742073657496
:107C1000004576656E7420706F77657220666169C5
:107C20006C7572652C2045535720616C72656164D8
:107C3000792073656E74004576656E742070757377
:107C4000680072656164204553572046534D206992
:107C50007320616C72656164792072756E6E696EF5
:107C6000670045535720707573682073656E7420E4
:107C700077697468207374617475733A20256400A1
:107C800053617665204553572064617461004661F5
:107C9000696C656420746F20636F6E6669677572C6
:107CA00065204750494F20666F7220736D61727472
:107CB000206D657465722070757368206576656ED9
:107CC0007473004661696C656420746F20636F6E25
:107CD000666967757265204750494F20666F72204C
:107CE000736D617274206D6574657220706F776555
:107CF00072206661696C206576656E7473005374DA
:107D0000617274696E6720726561645F6573775F25
:107D100066736D0052205068617365202D20566F88
:107D20006C74616765206D697373696E67005920B3
:107D30005068617365202D20566F6C7461676520F3
:107D40006D697373696E67004220506861736520C6
:107D50002D20566F6C74616765206D697373696E51
:107D600067004F76657220766F6C74616765206975
:107D70006E20616E79207068617365004C6F7720AA
:107D8000766F6C7461676520696E20616E79207012
:107D90006861736500566F6C7461676520756E620B
:107DA000616C616E63650052205068617365206389
:107DB000757272656E7420726576657273652028BF
:107DC000496D706F72742074797065206F6E6C7974
:107DD0002900592050686173652063757272656E61
:107DE0007420726576657273652028496D706F72B4
:107DF000742074797065206F6E6C79290042205070
:107E0000686173652063757272656E742072657641
:107E1000657273652028496D706F72742074797073
:107E200065206F6E6C79290043757272656E7420DF
:107E3000756E62616C616E63650043757272656E2A
:107E400074206279706173732F73686F7274004F5E
:107E50007665722063757272656E7420696E20613A
:107E60006E792070686173650056657279206C6F59
:107E700077205046004561727468204C6F616469D8
:107E80006E6700496E666C75656E6365206F66206F
:107E90007065726D616E656E74206D61676E65747C
:107EA000206F722061632F646320656C6563747258
:107EB0006F6D61676E6574004E65757472616C20DC
:107EC00064697374757262616E6365202D20484623
:107ED0002C206463206F7220616C7465726E617413
:107EE00065206D6574686F64004D6574657220630C
:107EF0006F766572206F70656E696E67004D657490
:107F00006572206C6F616420646973636F6E6E6567
:107F1000637465642F4D65746572206C6F616420B5
:107F2000636F6E6E6563746564004C6173742047A3
:107F3000617370202D204F6363757272656E636587
:107F400000466972737420427265617468202D2046
:107F5000526573746F726174696F6E00496E6372FB
:107F6000656D656E7420696E2062696C6C696E6700
:107F700020636F756E74657220284D616E75616C3B
:107F80002F4D5249207265736574290072656164D2
:107F90005F6573775F66736D0000005E5B12FF00C4
:107FA00004190900FF00000000000000147D06080D
:107FB000010000002E7D060802000000487D060832
:107FC00003000000627D0608040000007C7D0608B6
:107FD00005000000957D060806000000A77D060844
:107FE00007000000D27D060808000000FD7D06089D
:107FF00009000000287E06080A0000003A7E0608F4
:108000000B0000004F7E06080C000000697E060889
:1080100033000000757E060851000000837E0608CC
:1080200052000000B87E060853000000E97E0608F2
:1080300054000000FD7E0608550000002A7F060857
:1080400056000000417F0608570000005C7F0608CC
:1080500067656E65726174655075736846726F6DA1
:1080600050756C6C206572726F72203A2025640026
:10807000444154414E4F544946004B657973206347
:1080800068616E6765642073756363657373667595
:108090006C6C79005345435F53525620004661692A
:1080A0006C656420746F206368616E6765206B6522
:1080B00079733A20256400257320484C532073655A
:1080C00063726574206368616E67656420737563AD
:1080D0006365737366756C6C79004661696C656481
:1080E00020746F206368616E676520257320484C9B
:1080F00053207365637265743A202564004C4C53B9
:1081000020736563726574206368616E67656420BF
:108110007375636365737366756C6C79004661692A
:108120006C656420746F206368616E6765204C4CD9
:1081300053207365637265743A2025640043686157
:108140006E67696E6720636C6F636B207375636322
:1081500065737366756C6C79004661696C65642043
:10816000746F206368616E676520636C6F636B3A40
:1081700020256400436C6F636B206D7573742062FF
:1081800065207570646174656420746F202575289E
:10819000256429004661696C656420746F207365ED
:1081A0007420636C6F636B004661696C6564207456
:1081B0006F20736574204C4C532073656372657433
:1081C000004661696C656420746F20736574204893
:1081D0004C5320736563726574004661696C656415
:1081E00020746F20736574206B657900496E766129
:1081F0006C696420706172616D65746572730052A0
:1082000065656E7472656E6379004F4F4D007570D1
:10821000646174655F73656375726974795F6D61BC
:1082200074657269616C5F66736D000000280005FB
:10823000FF0000280002FF0000280003FF000001EB
:108240000000FF00002B0003FF43616E6E6F74207F
:10825000676574204E4943204D616E756661637495
:10826000757265722049443A2064656661756C7464
:1082700020746F20544243004E49432053595354B5
:108280000043616E6E6F742072656164206E6F646E
:108290006520616464726573732C20736574206952
:1082A0007420746F2030004E696320737973746595
:1082B0006D207469746C653A20252E337325750022
:1082C000436F6E6E6563743A2025640046575550BF
:1082D00044415445005265636F6E6E6563743A2085
:1082E0002564004669726D77617265206163746907
:1082F000766174696F6E20696E6974696174656412
:10830000004669726D776172652061637469766198
:1083100074696F6E20636F6D706C65746564207333
:1083200075636365737366756C6C79004669726D0D
:10833000776172652061637469766174696F6E201C
:108340006661696C656400496E76616C696420746D
:1083500079706520666F7220696D61676520786647
:108360006572207374617475733A202564004661E8
:10837000696C656420746F207265616420696D6149
:108380006765207866657220737461747573202048
:108390002564004572726F722063616C6C696E6750
:1083A000206D6574686F6420696D61676520616325
:1083B000746976617465202564004572726F72205D
:1083C00063616C6C696E67206D6574686F642069A9
:1083D0006D61676520766572696679202564004560
:1083E00072726F722063616C6C696E6720696D6177
:1083F000676520626C6F636B2078666572206D65BF
:1084000074686F64202564004572726F7220636126
:108410006C6C696E6720696D61676520786665724E
:1084200020696E697469617465206D6574686F6434
:10843000202564004669726D7761726520766572E9
:10844000696669636174696F6E20636F6D706C65D6
:10845000746564207375636365737366756C6C799A
:10846000004669726D77617265207665726966692A
:10847000636174696F6E206661696C656400426C4B
:108480006F636B2073697A653A2025752C20626CC6
:108490006F636B20233A202575005242533A2069BE
:1084A0006E76616C696420747970653A2025640089
:1084B0005242533A206661696C656420746F207281
:1084C00065616420626C6F636B2073697A653A2022
:1084D000256400496D616765207866657220656E68
:1084E00061626C656400496D6167652078666572DC
:1084F0002064697361626C6564004349495449456D
:108500003A20696E76616C696420747970653A20EE
:108510002564004349495449453A206661696C65C0
:108520006420746F20726561643A2025640046619E
:10853000696C656420746F2072656164204D4554D8
:1085400045525F4649524D574152455F4152454160
:10855000004E6F206669726D7761726500466972C0
:108560006D7761726520616C7265616479207072EB
:108570006F636573736564004669726D77617265D8
:1085800020617661696C61626C65202825752062C6
:1085900079746573290043494954494520666169E6
:1085A0006C656400524253206661696C65640043E7
:1085B000495453206661696C656400434954494DD0
:1085C000206661696C6564007866657272696E67C1
:1085D00020626C6F636B2023253375202F20253399
:1085E00075004661696C656420746F207265616412
:1085F000206D656D6F7279206172656120617420F4
:108600006F66667365742025752C2073697A652002
:1086100025750043616C6C696E6720696D616765E3
:1086200020766572696669636174696F6E206D6535
:1086300074686F640043616C6C696E6720696D617A
:1086400067652061637469766174696F6E206D651A
:1086500074686F6400434954534141206661696CFA
:108660006564004D697373696E6720696D61676544
:10867000206964004669726D776172652055706487
:108680006174652061637469766174696F6E2074CA
:108690006F20636F6D706C657465006669726D77CD
:1086A00061726555706461746548616E646C657271
:1086B0000000002C0000FF4461746120696E20748A
:1086C00072616E73706172656E74206D6F64652087
:1086D000627574204E494320697320756E72656718
:1086E00069737465726564005452414E535F4D4F17
:1086F0000043616E6E6F74207772697465206D65DA
:1087000073736167652066726F6D205472616E735A
:10871000706172656E7400546F206D657465723A95
:108720002025642062797465730044617461206956
:108730006E207472616E73706172656E74206D6FFD
:10874000646520627574206E6F7420656E61626C62
:1087500065640043616E6E6F742073656E6420748F
:1087600072616E73706172656E7420747261666698
:10877000696300416C726561647920656E61626C49
:1087800065640043616E6E6F7420616C6C6F636131
:1087900074652072782062756666657220666F72F5
:1087A000207472616E73706172656E740043616EE5
:1087B0006E6F742072656769737465722072785F7A
:1087C000636220666F72207472616E73706172658D
:1087D0006E7400496E697469616C697A652074729F
:1087E000616E73706172656E74206D6F64653A209E
:1087F0002564005472616E73706172656E742077C7
:10880000617320656E61626C6564206265666F727B
:1088100065207265626F6F740043616E6E6F7420C5
:10882000617175697265206C6F636B210043616EC5
:108830006E6F742064697361626C652C206E6F7456
:1088400020656E61626C6564004661696C656420D8
:10885000746F207265616420257520627974657378
:1088600020617420616464726573732030782530F0
:108870003858005354525F4452562000466C61737E
:1088800068207374696C6C206275737920616674FA
:1088900065722072656164696E6720257520627952
:1088A0007465732061742030782530385800446531
:1088B00066696E656420736563746F722073697A8C
:1088C00065206973206C61726765722074686174D9
:1088D000206D6564696120736563746F72207369CC
:1088E0007A65282575203E20257520627974657388
:1088F0002900496E76616C696420736563746F72D8
:108900002073697A652025752062797465732C203F
:108910006E6F7420612064697669646572206F6689
:1089200020626C6F636B2073697A6520282575203F
:108930006279746573290052657365727665642087
:1089400073697A6520666F722073746F72616765F0
:10895000206973206C6172676572207468616E2093
:108960006D656D6F72792061726561282575203E95
:108970002025752062797465732900496E697469D0
:10898000616C697A656420637478203078253038AA
:10899000583A2040203078253038582C2025752032
:1089A000626C6F636B73206F66202575204B422CC1
:1089B000202575204220736563746F722073697A75
:1089C0006500437478203078253038583A206E6F2F
:1089D000206461746120696E2070657273697374BC
:1089E000656E742073746F726167650043747820DC
:1089F0003078253038583A2076616C69642064619B
:108A0000746120666F756E64206174203078253043
:108A100038582028736563746F72202325752900E8
:108A2000437478203078253038583A206E6F20769D
:108A3000616C6964206461746120696E2070657284
:108A400073697374656E742073746F726167650007
:108A50004661696C656420746F206572617365207E
:108A6000626C6F636B206174203078253038580059
:108A7000437478203078253038583A206661696C24
:108A8000656420746F20657261736520626C6F632A
:108A90006B206174203025303858004661696C6560
:108AA0006420746F2077726974652025752062795F
:108AB000746573206174206164647265737320301F
:108AC0007825303858004661696C656420746F20E1
:108AD00077726974652025752062797465732061E9
:108AE0007420307825303858004374782030782549
:108AF0003038583A206661696C656420746F20775D
:108B000072697465202575206279746573206174BB
:108B1000203078253038580043747820307825305C
:108B200038583A206661696C656420746F207265FC
:108B30006164206261636B202575206279746573BE
:108B40002061742030782530385800437478203004
:108B500078253038583A20636865636B73756D20EB
:108B60006D69736D61746368004374782030782593
:108B70003038583A20646174612077726974746582
:108B80006E207375636365737366756C6C792061B1
:108B9000742030782530385800466C617368207333
:108BA00074696C6C206275737920616674657220DB
:108BB00077726974696E67202575206279746573B0
:108BC0002061742030782530385800466C61736815
:108BD000207374696C6C20627573792061667465AA
:108BE000722065726173696E6720626C6F636B20BF
:108BF00061742030782530385800636C69656E7474
:108C00002061747472696275746573206172652085
:108C10006E6F7420736176656420696E2070657272
:108C200073697374656E74206D656D6F727900433E
:108C30004C545F415454520064697361626C696EB4
:108C40006720636C69656E74206174747269627503
:108C500074657320736176696E6720696E20706534
:108C60007273697374656E746D656D6F727900539C
:108C70006176696E672062696C6C696E67207072DC
:108C80006F66696C652073746174757300536176E7
:108C9000696E6720626C6F636B206C6F616420701B
:108CA000726F66696C652073746172742074696D8B
:108CB0006500536176696E67206461696C79206C28
:108CC0006F61642070726F66696C65207374617285
:108CD000742074696D6500536176696E67206576EE
:108CE000656E74206C6F67207374617475730052C5
:108CF000656164696E672073746F72656420657660
:108D0000656E74206C6F67207374617475730043B3
:108D100068616E67696E6720626C6F636B6C6F6110
:108D2000642070726F66696C652073746172742060
:108D300074696D652076616C75652066726F6D2053
:108D400030782530385820746F20307825303858E6
:108D5000004368616E67696E67206461696C796C55
:108D60006F61642070726F66696C652073746172E4
:108D7000742074696D652076616C75652066726F0C
:108D80006D2030782530385820746F2030782530A9
:108D9000385800526573657474696E6720636C6936
:108DA000656E7420696D6167652028494929005204
:108DB0006573657474696E6720636C69656E742091
:108DC000696D6167652028505649532900557067C1
:108DD000726164696E6720636C69656E7420696D89
:108DE0006167652066726F6D20763120746F207622
:108DF0003200526573657474696E6720636C6965CF
:108E00006E7420696D6167652028495655290050A8
:108E1000657273697374656E742073746F726167C1
:108E20006520616E642061707020636C69656E748A
:108E300020696D6167652073697A6520646966667B
:108E400065723A2025752076732025752C2064697B
:108E50006420796F7520666F7267657420746F2067
:108E600062756D70207468652076657273696F6EC7
:108E70003F00526573657474696E6720636C696541
:108E80006E7420696D6167652028495629007365F5
:108E9000727665722061747472696275746573208C
:108EA000617265206E6F7420736176656420696EEF
:108EB0002070657273697374656E74206D656D6F73
:108EC0007279005352565F41545452006469736181
:108ED000626C696E67207365727665722061747466
:108EE0007269627574657320736176696E67206953
:108EF0006E2070657273697374656E746D656D6FE5
:108F00007279004E49432064656661756C74204D2A
:108F1000534D2066726F6D2070726F760043616EE4
:108F20006E6F7420676574204E49432064656661E6
:108F3000756C74204D534D00526573657474696E81
:108F4000672073657276657220696D616765202898
:108F500049492900526573657474696E67207365A9
:108F60007276657220696D61676520285056495395
:108F70002900557067726164696E67207365727647
:108F8000657220696D6167652066726F6D2076314C
:108F900020746F20763200526573657474696E6751
:108FA0002073657276657220696D61676520284956
:108FB0005655290050657273697374656E74207319
:108FC000746F7261676520616E64206170702073D8
:108FD000657276657220696D6167652073697A656F
:108FE000206469666665723A2025752076732025AF
:108FF000752C2064696420796F7520666F726765CF
:109000007420746F2062756D7020746865207665B9
:109010007273696F6E3F00526573657474696E6731
:109020002073657276657220696D616765202849D5
:1090300056290057726F6E67204D534D207479701A
:109040006520746F2077726974650057726F6E6760
:10905000204D534D207479706520746F20726561C6
:109060006400536176696E672050726F66696C6543
:10907000205075736820636F6E6669673A20307898
:109080002530345800536176696E67205472616EE2
:109090007370206D6F646520636F6E663A20307860
:1090A000256400536176696E67206D657465722072
:1090B000534E3A202573005472756E636174696E65
:1090C00067206D6574657220534E3A2025732076B3
:1090D0007320257300536176696E67206D65746532
:1090E00072206465762069643A2025730054727595
:1090F0006E636174696E67206D6574657220646566
:10910000762069643A2025732076732025730053F6
:109110006176696E67204D65746572206669726D4F
:10912000776172652075706461746520616374692C
:10913000766174696F6E207374617475733A203050
:10914000782564004D6F64756C65206465696E698F
:10915000740057505F454F4C5F54004576656E7400
:109160002025752068616E646C696E6700454F4C00
:10917000206D6F646520656E61626C656400556E7C
:109180006B6E6F776E206576656E74202575005462
:10919000657374207369676E616C207278207469DE
:1091A0006D656F75742072656163686564005465F0
:1091B00073742074696D656F75742072656163687E
:1091C00065640054696D656F75742072652D7363F5
:1091D00068656420696E20256C6400546573742092
:1091E0006D6574657220646F6E6500556E61636BAA
:1091F0002043534D412D4341202325752073656E37
:1092000074004661696C656420746F2073656E64D8
:1092100020756E61636B2043534D412D43412023E4
:109220002575005363616E20656E64656400536349
:10923000616E2073746172746564004E6F74206691
:109240006F72207573004D6F64756C6520696E696F
:10925000740043616E6E6F742070726F6365737318
:10926000206E6F74696669636174696F6E0048652A
:109270006170206D656D6F727920656C656D656ECE
:109280007473202863617061636974793A2025756D
:10929000202F207065616B3A202575290053464DBB
:1092A000414C4C4F430048656170206D656D6F7295
:1092B0007920656C656D656E7473202863617061DB
:1092C000636974793A2025752F207065616B3A20A7
:1092D000257529202575206D656D6F7279206C6567
:1092E000616B73002D20307825303858006D616C2B
:1092F0006C6F633A206661696C6564207768696C9D
:109300006520616C6C6F636174696E6720257520E0
:109310006279746573210063616C6C6F633A2066D7
:1093200061696C6564207768696C6520616C6C6F3D
:10933000636174696E672025752062797465732195
:109340000073667265616C6C6F633A20696E76615A
:109350006C696420616464726573733A20257021BE
:109360000A6D616B65207375726520746861742085
:10937000746865206164647265737320776173201B
:1093800070726576696F75736C7920616C6C6F6350
:1093900061746564206279205B6D2C632C72655D5D
:1093A000616C6C6F63210A007265616C6C6F633A6B
:1093B000206661696C6564207768696C6520616C02
:1093C0006C6F636174696E672025752062797465BE
:1093D0007321007366667265653A20696E76616C0A
:1093E000696420616464726573733A202570210A90
:1093F0006D61796265206120646F75626C652066BD
:109400007265653F005B25735D5B2530396C755D6A
:109410002025633A2025730A002530325820004663
:1094200061696C656420746F20726561642072618B
:1094300064696F20696E666F005452435F424F4FFC
:10944000540048773A2025752C2050703A20257515
:109450002C204425753A0000000021104220633082
:109460008440A550C660E770088129914AA16BB17C
:109470008CC1ADD1CEE1EFF1311210027332522224
:10948000B5529442F772D662399318837BB35AA3CC
:10949000BDD39CC3FFF3DEE36224433420040114F4
:1094A000E664C774A44485546AA54BB5288509951C
:1094B000EEE5CFF5ACC58DD55336722611163006C4
:1094C000D776F6669556B4465BB77AA7199738876C
:1094D000DFF7FEE79DD7BCC7C448E5588668A77884
:1094E0004008611802282338CCC9EDD98EE9AFF9BC
:1094F000488969990AA92BB9F55AD44AB77A966A64
:10950000711A500A333A122AFDDBDCCBBFFB9EEB0B
:10951000799B588B3BBB1AABA66C877CE44CC55C33
:10952000222C033C600C411CAEED8FFDECCDCDDD5B
:109530002AAD0BBD688D499D977EB66ED55EF44E03
:10954000133E322E511E700E9FFFBEEFDDDFFCCFAB
:109550001BBF3AAF599F788F8891A981CAB1EBA1FF
:109560000CD12DC14EF16FE18010A100C230E3207B
:109570000450254046706760B9839893FBA3DAB323
:109580003DC31CD37FE35EF3B1029012F322D232CB
:109590003542145277625672EAB5CBA5A8958985F3
:1095A0006EF54FE52CD50DC5E234C324A01481041B
:1095B0006674476424540544DBA7FAB79987B897C3
:1095C0005FE77EF71DC73CD7D326F2369106B0166B
:1095D00057667676154634564CD96DC90EF92FE983
:1095E000C899E9898AB9ABA94458654806782768BB
:1095F000C018E1088238A3287DCB5CDB3FEB1EFB63
:10960000F98BD89BBBAB9ABB754A545A376A167A0A
:10961000F10AD01AB32A923A2EFD0FED6CDD4DCD32
:10962000AABD8BADE89DC98D267C076C645C454C5A
:10963000A23C832CE01CC10C1FEF3EFF5DCF7CDF02
:109640009BAFBABFD98FF89F176E367E554E745EAA
:10965000932EB23ED10EF01E4D616769632069738F
:1096600020307825780A004150505F5045525F4CB9
:1096700049420001030304090B000700080200022D
:1096800006333333333333333333333333333333D7
:10969000333333333333333333333333333333339A
:1096A00033000143616E6E6F742072656164206ED9
:1096B000616D6520706C61746520666F72206E6FDD
:1096C0007700444C4D535F4150500048444C430098
:1096D00057726170706572004E6F20496E746572CA
:1096E00066616365004E6F206D656D6F72792061F4
:1096F0006C6C6F636174656420666F72207468655A
:109700002068656170004661696C656420746F2033
:1097100072656164206D61726B6572206174206195
:109720006464726573732030782530385800526550
:109730007365742073746F72616765730046616945
:109740006C656420746F2072657365742073657234
:10975000766572206174747269627574657300460F
:1097600061696C656420746F207265736574206331
:109770006C69656E74206174747269627574657366
:10978000004661696C656420746F20777269746546
:10979000206D61726B657220617420616464726512
:1097A000737320307825303858004E6F646520611F
:1097B0006464726573733A20256C75004170705F44
:1097C000696E697420285368613120307825303201
:1097D00078253032782530327825303278292028A3
:1097E00025752E25752E25752E257529202825737E
:1097F0002900A6A6A6A6A6A6A6A6004142434445C1
:10980000464748D0D1D2D3D4D5D6D7D8D9DADBDCA5
:10981000DDDEDF000102030405060708090A0B0C60
:109820000D0E0FAAAAAAAAAAAAAAAAAAAAAAAAAA6C
:10983000AAAAAA0000000000000000A6A6A6A6A6EC
:10984000A6A6A601020408102040801B36000000D6
:10985000A56363C6847C7CF8997777EE8D7B7BF675
:109860000DF2F2FFBD6B6BD6B16F6FDE54C5C591C3
:109870005030306003010102A96767CE7D2B2B5663
:1098800019FEFEE762D7D7B5E6ABAB4D9A7676EC1C
:1098900045CACA8F9D82821F40C9C989877D7DFACA
:1098A00015FAFAEFEB5959B2C947478E0BF0F0FBA6
:1098B000ECADAD4167D4D4B3FDA2A25FEAAFAF4532
:1098C000BF9C9C23F7A4A453967272E45BC0C09B18
:1098D000C2B7B7751CFDFDE1AE93933D6A26264CD9
:1098E0005A36366C413F3F7E02F7F7F54FCCCC83BA
:1098F0005C343468F4A5A55134E5E5D108F1F1F9FB
:10990000937171E273D8D8AB533131623F15152A88
:109910000C04040852C7C795652323465EC3C39D44
:1099200028181830A19696370F05050AB59A9A2F70
:109930000907070E361212249B80801B3DE2E2DFEE
:1099400026EBEBCD6927274ECDB2B27F9F7575EA26
:109950001B0909129E83831D742C2C582E1A1A344D
:109960002D1B1B36B26E6EDCEE5A5AB4FBA0A05B08
:10997000F65252A44D3B3B7661D6D6B7CEB3B37DFB
:109980007B2929523EE3E3DD712F2F5E97848413F8
:10999000F55353A668D1D1B9000000002CEDEDC1FC
:1099A000602020401FFCFCE3C8B1B179ED5B5BB6E1
:1099B000BE6A6AD446CBCB8DD9BEBE674B393972ED
:1099C000DE4A4A94D44C4C98E85858B04ACFCF85D8
:1099D0006BD0D0BB2AEFEFC5E5AAAA4F16FBFBED73
:1099E000C5434386D74D4D9A5533336694858511CB
:1099F000CF45458A10F9F9E906020204817F7FFE0E
:109A0000F05050A0443C3C78BA9F9F25E3A8A84B57
:109A1000F35151A2FEA3A35DC04040808A8F8F0501
:109A2000AD92923FBC9D9D214838387004F5F5F108
:109A3000DFBCBC63C1B6B67775DADAAF6321214209
:109A4000301010201AFFFFE50EF3F3FD6DD2D2BFE8
:109A50004CCDCD81140C0C18351313262FECECC310
:109A6000E15F5FBEA2979735CC4444883917172E23
:109A700057C4C493F2A7A755827E7EFC473D3D7A2A
:109A8000AC6464C8E75D5DBA2B191932957373E64F
:109A9000A06060C098818119D14F4F9E7FDCDCA30C
:109AA000662222447E2A2A54AB90903B8388880BFE
:109AB000CA46468C29EEEEC7D3B8B86B3C141428BE
:109AC00079DEDEA7E25E5EBC1D0B0B1676DBDBAD3E
:109AD0003BE0E0DB563232644E3A3A741E0A0A1416
:109AE000DB4949920A06060C6C242448E45C5CB805
:109AF0005DC2C29F6ED3D3BDEFACAC43A66262C45D
:109B0000A8919139A495953137E4E4D38B7979F212
:109B100032E7E7D543C8C88B5937376EB76D6DDA72
:109B20008C8D8D0164D5D5B1D24E4E9CE0A9A9494A
:109B3000B46C6CD8FA5656AC07F4F4F325EAEACFC5
:109B4000AF6565CA8E7A7AF4E9AEAE471808081098
:109B5000D5BABA6F887878F06F25254A722E2E5CB8
:109B6000241C1C38F1A6A657C7B4B47351C6C697B7
:109B700023E8E8CB7CDDDDA19C7474E8211F1F3E47
:109B8000DD4B4B96DCBDBD61868B8B0D858A8A0FC4
:109B9000907070E0423E3E7CC4B5B571AA6666CC5A
:109BA000D84848900503030601F6F6F7120E0E1C7E
:109BB000A36161C25F35356AF95757AED0B9B9694B
:109BC0009186861758C1C199271D1D3AB99E9E27B7
:109BD00038E1E1D913F8F8EBB398982B331111223F
:109BE000BB6969D270D9D9A9898E8E07A79494339D
:109BF000B69B9B2D221E1E3C9287871520E9E9C942
:109C000049CECE87FF5555AA782828507ADFDFA5A0
:109C10008F8C8C03F8A1A15980898909170D0D1A21
:109C2000DABFBF6531E6E6D7C6424284B86868D07D
:109C3000C3414182B0999929772D2D5A110F0F1EDA
:109C4000CBB0B07BFC5454A8D6BBBB6D3A16162CD7
:109C5000424547494E00454E44002A004C4153546A
:109C6000444159004C415354444159320020555409
:109C700043002D002B000000000000000000000049
:109C8000891112239B322446AD573665BF74488C28
:109C9000C19D5AAFD3BE6CCAE5DB7EE9F7F88110EF
:109CA000080193331A22A5562C47B7753E64C99C08
:109CB000408DDBBF52AEEDDA64CBFFF976E80221CE
:109CC0008B30100299132667AF763444BD554AADE8
:109CD000C3BC588ED19F6EEBE7FA7CC8F5D98331AF
:109CE0000A2091121803A7772E66B5543C45CBBDC8
:109CF00042ACD99E508FEFFB66EAFDD874C904428E
:109D00008D5316619F702004A9153227BB364CCEA7
:109D1000C5DF5EEDD7FC6888E1997AABF3BA85526E
:109D20000C4397711E60A1142805B3373A26CDDE87
:109D300044CFDFFD56ECE9986089FBBB72AA06634D
:109D40008F7214409D512225AB343006B9174EEF67
:109D5000C7FE5CCCD5DD6AA9E3B8788AF19B87732E
:109D60000E6295501C41A3352A24B1163807CFFF47
:109D700046EEDDDC54CDEBB962A8F99A708B08840D
:109D800081951AA793B62CC2A5D33EE1B7F040083F
:109D9000C919522BDB3A644EED5F766DFF7C8994D6
:109DA00000859BB712A6ADD224C3BFF136E0C1181F
:109DB0004809D33B5A2AE55E6C4FF77D7E6C0AA5B5
:109DC00083B4188691972EE3A7F23CC0B5D14229FF
:109DD000CB38500AD91B666FEF7E744CFD5D8BB596
:109DE00002A499961087AFF326E2BDD034C1C339DF
:109DF0004A28D11A580BE77F6E6EF55C7C4D0CC675
:109E000085D71EE597F42880A1913AA3B3B2444ABE
:109E1000CD5B5669DF78600CE91D722FFB3E8DD655
:109E200004C79FF516E4A9902081BBB332A2C55A9E
:109E30004C4BD7795E68E11C680DF33F7A2E0EE734
:109E400087F61CC495D52AA1A3B03882B193466B7E
:109E5000CF7A5448DD59622DEB3C700EF91F8FF715
:109E600006E69DD414C5ABB122A0B9923083C77B5E
:109E70004E6AD5585C49E33D6A2CF11E780FE6E73F
:109E800000E6E60030313233343536373839414276
:109E90004344454652096AD53036A538BF40A39E93
:109EA00081F3D7FB7CE339829B2FFF87348E4344B9
:109EB000C4DEE9CB547B9432A6C2233DEE4C950B15
:109EC00042FAC34E082EA16628D924B2765BA24975
:109ED0006D8BD12572F8F66486689816D4A45CCC94
:109EE0005D65B6926C704850FDEDB9DA5E15465767
:109EF000A78D9D8490D8AB008CBCD30AF7E458059D
:109F0000B8B34506D02C1E8FCA3F0F02C1AFBD03A8
:109F100001138A6B3A9111414F67DCEA97F2CFCE79
:109F2000F0B4E67396AC7422E7AD3585E2F937E814
:109F30001C75DF6E47F11A711D29C5896FB7620E56
:109F4000AA18BE1BFC563E4BC6D279209ADBC0FE37
:109F500078CD5AF41FDDA8338807C731B1121059E4
:109F60002780EC5F60517FA919B54A0D2DE57A9FD6
:109F700093C99CEFA0E03B4DAE2AF5B0C8EBBB3CCB
:109F800083539961172B047EBA77D626E16914634F
:109F900055210C7D8D01020408102040801B366382
:109FA0007C777BF26B6FC53001672BFED7AB76CA2F
:109FB00082C97DFA5947F0ADD4A2AF9CA472C0B754
:109FC000FD9326363FF7CC34A5E5F171D831150461
:109FD000C723C31896059A071280E2EB27B27509CA
:109FE000832C1A1B6E5AA0523BD6B329E32F8453FD
:109FF000D100ED20FCB15B6ACBBE394A4C58CFD0C2
:10A00000EFAAFB434D338545F9027F503C9FA85191
:10A01000A3408F929D38F5BCB6DA2110FFF3D2CD64
:10A020000C13EC5F974417C4A77E3D645D19736001
:10A03000814FDC222A908846EEB814DE5E0BDBE00E
:10A04000323A0A4906245CC2D3AC629195E479E7BE
:10A05000C8376D8DD54EA96C56F4EA657AAE08BA4C
:10A0600078252E1CA6B4C6E8DD741F4BBD8B8A7004
:10A070003EB5664803F60E613557B986C11D9EE1AF
:10A08000F8981169D98E949B1E87E9CE5528DF8CEC
:10A09000A1890DBFE6426841992D0FB054BB16301F
:10A0A000313233343536373839414243444546003E
:10A0B00000FFFF01FF0404FFFFFFFFFFFF01FF019F
:10A0C000020102FF08080104080C05040000280032
:10A0D00000FF46616C736500547275650000FFFFF8
:10A0E00001FF0404FFFFFFFFFFFFFFFF010201026A
:10A0F000FF08080104080C0000280000FF00000011
:10A1000000000060857405080200130114010000BE
:10A110000000000000000000000000000000150129
:10A1200016011701000000000000000000002800D8
:10A1300000FF000000000000002020202020202040
:10A1400020202828282828202020202020202020E7
:10A1500020202020202020202088101010101010F7
:10A160001010101010101010100404040404040443
:10A1700004040410101010101010414141414141DD
:10A1800001010101010101010101010101010101BF
:10A1900001010101101010101010424242424242CF
:10A1A000020202020202020202020202020202028F
:10A1B0000202020210101010200000000000000037
:10A1C000000000000000000000000000000000008F
:10A1D000000000000000000000000000000000007F
:10A1E000000000000000000000000000000000006F
:10A1F000000000000000000000000000000000005F
:10A20000000000000000000000000000000000004E
:10A21000000000000000000000000000000000003E
:10A22000000000000000000000000000000000002E
:10A23000000000000000000000000000000000001E
:10A24000000000000000000000000000000000000E
:10A2500000000000000000000000000000000000FE
:10A2600000000000000000000000000000000000EE
:10A2700000000000000000000000000000000000DE
:10A2800000000000000000000000000000000000CE
:10A2900000000000000000000000000030313233F8
:10A2A00034353637383961626364656600232D3092
:10A2B0002B2000686C4C006566674546470000002F
:10A2C0000000000011D604080E0000000500000088
:10A2D0000000000000C201000002000000100000A9
:10A2E0000000000000000000000000000500000069
:10A2F0000000000000C20100000200000010000089
:10A300000000000000000000000000000000280025
:08A3100000FF00000000000046
:10A31800FFFFFFFFFF00000000000000000000003A
:10A328007D70040800000200FFFF0000000000002C
:10A338000000000000000000417104080000010056
:10A348000100000000000000000000000000000004
:10A35800D573040800004000400000000000000021
:10A368000000000000000000FD7504080300420022
:10A37800420000000000000074C30020000200003A
:10A3880060EA000000000000000000008DF10408F1
:10A398000000410041000000000000000000000033
:10A3A80000000000F903050801004600460000000F
:10A3B80000000000C0EA2101C0EA2101C0175302D1
:10A3C80000800000819606089196060870D2002049
:10A3D8000000280000FFE1AC0000010000FF0000C1
:10A3E800010100FFD8C00020000000005CA20608A0
:10A3F8007CA206083CA2060800000000000000003D
:10A408000000000000000000000000000000000044
:10A418000000000000000000000000000000000034
:10A428000000000000000000000000000000000024
:10A438000000000000000000000000000000000014
:08A4480000000000000000000C
:10A450000000FFFFFFFFFFFFFFFFFFFF0000000006
:05A460000000000005F2
:0400000508044000AB
:00000001FF
