:020000040804EE
:1040000003B40148019001BDA52C05080000000083
:10401000FFFFFFFFFFFFFFFFFFFFFFFFFFFFFFFFB0
:10402000FFFFFFFFFFFFFFFFFFFFFFFFFFFFFFFFA0
:104030004150503279C63B75B3C3DCD21DB6064D34
:1040400000020000004004086060020000C0002080
:1040500070470000F8B504464FF04023D3F88420A1
:10406000D106FBD4D3F88430C3F381139C422DD006
:104070000EF090FD012C064602D1214600F0DAFB3D
:1040800000F092FE124B4FF00072074620464FF0B0
:1040900040255A66FFF7DCFF621E4FF480639340B1
:1040A0002B676B6E9A0103D4D5F884309B060AD532
:1040B000384600F07DFE022C08D130460021BDE8D4
:1040C000F84000F0B7BBD5F88430EAE7F8BD00BF90
:1040D0000060004007B518B901910EF05BFD019931
:1040E000064B1B7843B1064B984205D8012003B01C
:1040F0005DF804EBFFF7AEBF0220F8E738C10020FF
:10410000005A62024FF04023D3F88420D206FBD439
:10411000D3F88400C0F381107047000038B5174B06
:1041200005460C46D3F8203103F00703013B052B6D
:1041300020D8DFE803F0030B130F171B0EF024FD4C
:10414000052305B1286004B1237038BD0EF052FD7F
:104150000323F6E70EF058FD0723F2E70EF050FDBB
:104160000223EEE70EF010FD0623EAE70EF042FD13
:104170000423E6E700231846E3E700BF0080004081
:1041800038B5124B05460C46D3F8283103F0070327
:10419000013B032B17D8DFE803F0020E120A0EF0E2
:1041A000F3FC052305B1286004B1237038BD0EF07F
:1041B0002BFD0723F6E70EF01DFD0323F2E70EF0BB
:1041C0001FFD0223EEE700231846EBE700800040C6
:1041D00073B5134A0D46002106460191D2F880417D
:1041E00004F00304022C13D0032C0CD0012C14D1A6
:1041F00001A8FFF793FF0F230EB1019A326005B1BA
:104200002B7002B070BD0EF0FFFC07230190F3E7A6
:104210000EF0F6FC23460190EEE70B46ECE700BFFC
:1042200000800040002337B501930546144B0C462F
:10423000D3F8203203F00703013B032B1ED8DFE83D
:1042400003F0020E1318002101A8FFF799FF1123B4
:104250000DB1019A2A6004B1237003B030BD0EF095
:10426000D3FC07230190F3E70EF010FD0A23019021
:10427000EEE70EF011FD09230190E9E70023E7E7DF
:104280000080004038B5104B05460C46D3F840314D
:1042900003F00303022B0BD0032B0DD0012B0FD106
:1042A0000EF0F4FC0A2305B1286004B1237038BD78
:1042B0000EF0F2FC0923F6E70EF0EBFC0B23F2E71D
:1042C00000231846EFE700BF00800040002337B509
:1042D00001930546154B0C46D3F8603203F00703F3
:1042E000013B032B1FD8DFE803F0020E1914002155
:1042F00001A8FFF713FF0F230DB1019A2A6004B143
:10430000237003B030BD002101A8FFF7BBFF1023CD
:10431000F2E70EF079FC07230190EDE70EF070FC58
:1043200002230190E8E70023E6E700BF0080004099
:1043300038B5134B05460C46D3F8003203F007039B
:10434000013B032B18D8DFE803F0020A0E120EF02F
:104350009DFC0A2305B1286004B1237038BD0EF01E
:104360009BFC0923F6E70EF094FC0B23F2E70EF01A
:104370002BFC0E23800AEDE700231846EAE700BF76
:104380000080004038B5134B05460C46D3F8083280
:1043900003F00703013B032B18D8DFE803F0020A00
:1043A0000E120EF073FC0A2305B1286004B12370CD
:1043B00038BD0EF071FC0923F6E70EF06AFC0B2302
:1043C000F2E70EF001FC0E23800AEDE70023184609
:1043D000EAE700BF0080004038B5104B05460C46A8
:1043E000D3F8403203F00303022B0BD0032B0DD084
:1043F000012B0FD10EF04AFC0A2305B1286004B14D
:10440000237038BD0EF048FC0923F6E70EF041FC9E
:104410000B23F2E700231846EFE700BF00800040BF
:1044200038B5104B05460C46D3F8503203F0030361
:10443000022B12D0032B08D0012B0AD000231846E0
:1044400005B1286004B1237038BD0EF022FC0B23A7
:10445000F6E70EF01BFC0A23F2E70EF01DFC092321
:10446000EEE700BF0080004038B5104B05460C4613
:10447000D3F8603103F00303022B0BD0032B0DD0D4
:10448000012B0FD10EF002FC0A2305B1286004B104
:10449000237038BD0EF000FC0923F6E70EF0F9FB9F
:1044A0000B23F2E700231846EFE700BF008000402F
:1044B000B0F5207F1FD009D8B0F5007F15D003D804
:1044C00068B1B0F5C07F0AD000200CE0B0F5607F85
:1044D000FAD10B4BD3F88000C0F3011003E0084B76
:1044E000186FC0F3033001307047054BD3F89000CC
:1044F000C0F30460F7E7024B186FC0F38020F2E7C7
:104500000080004038B54FF480320E4B0546002045
:104510009A66FFF7CDFF0C4B68430C4DDC69A8424F
:1045200004EA020441F67132DA635A6822F4401256
:1045300003D9012918BF42F480125A600CB100223D
:10454000DA6338BD0090004000000340005A620268
:1045500008B50EF04BFB0021BDE80840FFF7D2BFC5
:10456000430905D0012B0DD0022B094B18BF0023A6
:1045700000F01F0041B103F58053012202FA00F060
:1045800018607047034BF3E703F50053F5E700BFEE
:1045900068800040648000401FB504460020B4F5E8
:1045A000807F029000F0F5806BD8002C00F0D58061
:1045B000203CA3B2602B74D8602C72D8DFE814F0D2
:1045C000CD00D000CD00D000DF00DF00DF00DF0035
:1045D000DF00D000E4007A00FB009A007A00D000EF
:1045E000D000D00071007100710071007100710085
:1045F0007100FB00D000D000D00023010001D000EA
:104600007100710071007100710071007100710022
:1046100071007100710071000501DF00CD00CD0057
:10462000CD00AD007A007A00B5000A018F00C40009
:10463000C40071007100710071007100710071009F
:1046400071007100710071007100710071007100E2
:1046500071007100710071007100710071007100D2
:1046600071007100710071007100710071007100C2
:1046700071007100710071007100710071007100B2
:10468000C900B4F5E06F00F09B8038D8B4F5607FC6
:1046900070D01AD8B4F5007F6CD005D8B4F5C07FBF
:1046A0005BD0029804B010BDB4F5207F58D0B4F5AB
:1046B000407FF6D10EF088FA02464FF42070FFF7E3
:1046C000F7FEB2FBF0F0400845E0B4F5B06F5BD008
:1046D0000AD8B4F5806F52D0B4F5A06FE1D10021B3
:1046E00002A8FFF79FFDDCE7B4F5C06F63D0B4F517
:1046F000D06FD6D1002102A8FFF71AFED1E7B4F59A
:10470000286F67D016D8B4F5186F5ED00AD8B4F504
:10471000F06F78D0B4F5106FC3D1002102A8FFF775
:1047200031FEBEE7B4F5206FBBD1002102A8FFF730
:10473000CDFDB6E7B4F5306F56D0B2D3B4F5386FCF
:1047400039D0B4F5406FACD1002102A8FFF718FDB5
:10475000A7E70EF01FFA0290A3E70EF035FAFAE78A
:104760000EF032FA02464FF42070FFF7A1FEB2FBC2
:10477000F0F0F0E70EF00EFA02462046F5E70021D1
:1047800002A8FFF7CBFC8CE7002102A8FFF720FD71
:1047900087E74FF0E02303901B695B0705D50EF018
:1047A00013FA0390039B02937BE70DF1070103A823
:1047B000FFF768FDF6E7002102A8FFF763FD70E749
:1047C000002102A8FFF708FE6BE7002102A8FFF70F
:1047D00027FE66E700210E4B0391D3F8703203F0F9
:1047E0000303012BDED1E2E7094BD3F8903203F04B
:1047F0000303012B04D0022BADD10EF005FAAAE77A
:104800000EF0FEF9A7E7002102A8FFF72DFE48E70A
:104810000080004008B58020FFF7BEFE034B9842A1
:104820009EBF034B4FF480321A6708BD005A6202E4
:1048300000A000400029CCBF01210021FFF762BE8B
:10484000B0F5207F10B50C4642D008D8B0F5007FF7
:1048500033D003D888B1B0F5C07F0ED010BDB0F50D
:10486000607FFBD11F4B013CD3F8801021F0300159
:1048700041EA0414C3F88040F0E7FFF769FE013C09
:1048800000F034F8174B184A4FF480311167196F54
:1048900021F4704141EA04341C670EF095F9044696
:1048A000FFF730FCC0F102012046FFF7C3FF00F024
:1048B00023F8BDE81040FFF7ADBF0A4B013CD3F829
:1048C000901021F0F85141EA0464C3F89040C5E724
:1048D000044B013C196F21F4806141EA84241C6778
:1048E000BCE700BF008000400090004002214FF470
:1048F0002070FFF7A5BF000008B54FF4C070FFF7A8
:104900004BFE0549BDE8084088428CBF02210121C9
:104910004FF42070FFF794BF80F0FA02B0F5807F6B
:10492000F8B50C4600F04E8174D8582866D838285F
:1049300004D8243883B2092B46D9F8BD39381F284A
:10494000FBD801A353F820F0374C04083B49040876
:104950003B4904083B490408574C0408B74C040879
:104960003B4904083B4904083B4904083B49040807
:104970003B4904083B4904083B4904083B490408F7
:104980003B4904083B4904083B4904083B490408E7
:104990003B490408D74C0408414A04083B49040831
:1049A0003B4904083B490408BB4A04083B49040846
:1049B0003B4904083D4D04085D4D0408974C04082C
:1049C000F74A0408F74A04080928B6D801A353F89F
:1049D00020F000BF414A0408414A0408414A040843
:1049E000414A0408414A04083B490408A54B04080D
:1049F0003B490408374C0408794A040880289CD1B4
:104A00008B1E062B00F2CB80DFE803F0C6B4C9850D
:104A1000C9C9C300B0F5086F00F02D813CD8B0F5CE
:104A2000C06F00F008811BD8B0F5A06F00F0338193
:104A3000B0F5B06F00F0B680B0F5806F7FF47DAF59
:104A4000023CAD4AE4B2052C96BFAC4B0021195D87
:104A5000D2F8203123F007030B43C2F820316CE772
:104A6000B0F5E06F00F02781B0F5F06F00F0F38053
:104A7000B0F5D06F7FF461AF093C9F4AE4B2052CDA
:104A800096BF9F4B0021195DD2F8003223F0070337
:104A90000B43C2F8003250E7B0F5286F00F05E819A
:104AA0001BD8B0F5186F00F01681B0F5206F00F03C
:104AB0004581B0F5106F7FF440AF093C8E4AE4B2F7
:104AC000052C96BF8F4B0021195DD2F8083223F0D8
:104AD00007030B43C2F808322FE7B0F5306F00F040
:104AE0004E81FFF42AAFB0F5386F00F0A480B0F526
:104AF000406F7FF422AF023C7F4AE4B2052C96BFA0
:104B0000814B0021195DD2F8283123F007030B43B4
:104B1000C2F8283111E70025022601210220FFF703
:104B200099FA4FF48037FFF713FDFFF7DFFE724A63
:104B3000764B1F67136F23F00703334313670EF0A1
:104B400043F80646FFF7DEFAC0F102013046FFF7F0
:104B500071FE01210020FFF7BDFAFFF7CDFEFFF740
:104B600059FE002D7FF4E9AE032C7FF4E6AE684BCE
:104B70009F62E2E6654B4FF4801203265A664FF4BB
:104B80008032644B9D6A03F58053C5F300659A62D9
:104B9000C3E700250426C0E700250126BDE7002560
:104BA0002E46BAE7023C544AE4B20D2C96BF5A4B4B
:104BB0000021195DD2F8803123F003030B43C2F8C2
:104BC0008031BAE60C2920D01BD8A1F10904022CAF
:104BD0003FF6B3AE484B4FF480325049586E03F560
:104BE00080535A664B6A43F001034B62C1035CBFBA
:104BF0004B4B5A664FF0E022136923F00403136114
:104C00009BE610297FF499AEE4E73B4B4FF48032EA
:104C10004249586E03F580535A664B6A23F00103EC
:104C20004B62C3035CBF3E4B5A664FF0E0221369F0
:104C300043F00403E3E7093C2F4AE4B2022C96BF99
:104C4000384B0021195DD2F8403123F003030B43A8
:104C5000C2F8403171E6093C274AE4B2022C96BF03
:104C6000314B0021195DD2F8603123F003030B436F
:104C7000C2F8603161E6CC1E1F4AE4B2062C96BF32
:104C80002A4B0021195DD2F8003123F003030B43B6
:104C9000C2F8003151E6073C174AE4B20A2C96BF2D
:104CA000234B0021195DD2F8203223F007030B4378
:104CB000C2F8203241E6093C0F4AE4B2022C96BF0A
:104CC0001C4B0021195DD2F8403223F003030B4343
:104CD000C2F8403231E6093C074AE4B2022C96BFE2
:104CE000154B0021195DD2F8503223F003030B431A
:104CF000C2F8503221E600BF00800040124306088F
:104D00001B4306081B430608334306080090004077
:104D10000060004A0040004A0443060800C0074003
:104D200000A000401843060818430608214306085F
:104D3000284306081843060818430608023C184A88
:104D4000E4B20E2C96BF174B0021195DD2F86032E9
:104D500023F007030B43C2F86032EEE5102C0CD0B1
:104D6000142C14BF002102210D4AD2F8703223F016
:104D700003030B43C2F87032DFE50121F4E7022997
:104D80000CD0072914BF00210221054AD2F8903225
:104D900023F003030B43C2F89032CEE50121F4E780
:104DA0000080004039430608EFF3108072B6704768
:104DB00000B962B6704770B505460E461446FFF757
:104DC000F3FF296881EA040202EA06044C402C60E1
:104DD000BDE87040FFF7ECBF2DE9F04105460F46F6
:104DE0001E4690464AB101231A4C30228B4002FBEA
:104DF000004446B304F582542360072F4FF030037C
:104E00004FF00F01144888BFA7F1080405FB03F316
:104E100095BFBC00A40004330C3308FA04F2A1408F
:104E20001844FFF7C8FFB8F1000F0AD10121094A61
:104E3000302001FA07F700FB05223EB102F582524D
:104E40001760BDE8F08104F50154D5E702F5015281
:104E5000F6E700BF00C0034030C0034008B500E0E3
:104E600000BF00E000BF08BD1FB500231022694647
:104E7000CDE90033CDE902331DF0F8FE003818BF4C
:104E8000012005B05DF804FB837B602B02D1002379
:104E90000CF0F6BA4FF482707047F7B5837B0E467C
:104EA000174653BBC37B9A0727D413F001031FD0C7
:104EB0000CF048FA0B46FA000224A2F12005C2F1D8
:104EC000200104FA05F524FA01F194400D43013C58
:104ED00045F1FF358442CDE9000375EB030309D3A7
:104EE0003A46694630461DF0D1FE002003B0F0BDC1
:104EF0008089E0E74FF48060F8E74FF48270F5E7CF
:104F0000837B402B02D100230CF0BABA4FF482709D
:104F1000704700002DE9F04F0023A34DDFF8B08269
:104F20009DB085F8213004462B7489466B6208F1E8
:104F30009A0A85F8283008F1930BEB62FF2385F875
:104F40003030A368002B00F02A81A37B002B40F0B7
:104F5000C181E37B9E0700F1BD8102A920460CF0D0
:104F60006EFA0346002840F01A8120460CF00DFA34
:104F70000346002840F01381029E052E00F38D8029
:104F8000052E42D8DFE806F0031B2E445A6E10238C
:104F9000854920460DEB03020493FFF7B1FF03465A
:104FA000002840F0FC80049B102B2ED101232B7491
:104FB00020460CF0B6FA03460028C2D0EFE01023DA
:104FC0007A4920460DEB03020493FFF799FF03464D
:104FD000002840F0E480049B102B16D1012385F8B3
:104FE0002130E5E7042272492046FFF756FF0346C9
:104FF000002840F0D4806F4A01901268686A926E6F
:105000009047019B0028D3D16B6240F20723C6E092
:10501000012269492046FFF740FF0346002840F07F
:10502000BE80644A0190126895F82800D26E9047BD
:10503000019B0028BCD185F82830E6E704225F49AF
:105040002046FFF72AFF0346002840F0A880594A6F
:1050500001901268E86A126F9047019B0028A7D15F
:10506000EB62D2E7012304AA554920460493FFF7D7
:1050700047FF0346002840F09280049B012B03D099
:10508000FF2385F83030C0E74A4B95F830001B68A5
:105090005B6F984700288BD1F2E7A6F18003082BBD
:1050A00000F2AE80813E072E05D8DFE806F0141A24
:1050B000203244556F9B102342490DEB03020493A9
:1050C0002046FFF71DFF0346002868D1049B102BE4
:1050D0003FF46EAF99E710233B490DEB03020493B5
:1050E000EEE7102339490DEB03020493E8E7202390
:1050F00004AA374920460493FFF7C6FE034600285A
:105100004DD1049B5A1E1F2A3FF67FAF88F890307E
:105110004EE7202304AA2F4920460493FFF7B4FE4C
:10512000034600283BD1049B5A1E1F2A3FF66DAF51
:1051300088F891303CE7202304AA274920460493AD
:10514000FFF7A2FE034650BB049B5A1E1F2A3FF6E0
:105150005CAF88F892302BE7032304AA1F4920464E
:105160000493FFF791FE0346C8B9049B032B7FF419
:105170004CAF1A4A1A4912F8010B405C80073FF401
:1051800044AF013B13F0FF03F5D111E70422594668
:105190002046FFF782FE034600283FF409AF184679
:1051A0001DB0BDE8F08F00BF1CD300202DD3002020
:1051B00040D3002068CB002044D3002048D30020F7
:1051C0004CD3002000D30020F0D20020E0D20020F9
:1051D00080D20020A0D20020C0D2002017D300200F
:1051E000559D0608012251462046FFF756FE03460C
:1051F0000028D4D198F89A30012B7FF6D9AE04E775
:10520000A6F1C0033F2B3FF600AFA77BFB2F07D8CB
:10521000F42F08D8602F37D01AD85FB3402F33D07F
:1052200040F20313BBE7A7F1F503062BF8D801A260
:1052300052F823F09B52040821520408215204081A
:1052400021520408C7520408B9520408A95204089C
:10525000E02FE5D101230393A3898DF81030B9F134
:10526000000F3FF4A5AE9DF80C3004AA3946304635
:10527000C8479DE6082304A9204603930CF0C2F812
:10528000034600288BD1EAE75E2303AA04A920463F
:10529000039300230CF0F4F8F2E701230393A389AE
:1052A000003B18BF0123D8E70823204603930CF0E6
:1052B00049F8CDE90401D2E70423204603930CF01A
:1052C00041F80490CBE7022304A9204603930CF095
:1052D00030F9D5E74FF4827361E700BF40B139B1CF
:1052E000032934BF002202228A1A2A211DF0F5BCAC
:1052F0007047000070B5374C8AB094F821302BB15C
:10530000354B04F111001B689B6B9847237C23B13C
:10531000314B30481B681B6C9847606A18B12E4BA4
:105320001B681B6A984794F8280018B12A4B1B6821
:105330009B6A9847E06A18B1274B1B689B6998479E
:1053400094F83000FF2803D0234B1B681B6B984751
:10535000224C01A8002694F8905021462A461DF0C0
:1053600095FC05F12803294601A86B4403F8246C39
:10537000FFF7B4FF94F8915004F1200101A82A46E8
:105380001DF084FC05F12803294601A86B4403F8AD
:10539000246CFFF7A3FF94F8925004F1400101A898
:1053A0002A461DF073FC294601A8FFF797FF9B21B1
:1053B00020460CF02FFB20B1094A452009490BF08B
:1053C00041FB094A492007490BF03CFB0BF0AAFBC3
:1053D0000AB070BD1CD3002068CB002080D2002012
:1053E00048430608754306087E43060870B50C4618
:1053F0008CB0054618B183680BB1037B43B9304BC1
:105400004520304A30490BF01DFB02200CB070BD26
:105410009B212E480CF0C4FA28B1294B45202C4A78
:1054200029490BF00FFB04AE02AB00220096297B4A
:10543000A8680BF09CFF18B99DF81E30A02B06D071
:105440001F4B4520234A20490BF0FCFA12E008A923
:1054500030460BF0A0FF01460028F1D19CB108A80E
:10546000FFF758FD40B10090154B45201A4A1649E8
:105470000BF0E8FA0320C9E7184A492012490BF05B
:10548000E1FA0020C2E7696808A8FFF743FD08B108
:105490000090E9E72B68002BF3D098470028F0D064
:1054A0000F4A492008490BF0CDFA0E4B0E481B68F5
:1054B0005B6898470D4B1B685B689847E1E700BF46
:1054C0000A460608864306087543060880D200206F
:1054D000A3430608E4430608004406082B440608D4
:1054E0004744060874CB0020F55204086CCB00201A
:1054F000F0B5924A9DB0924949200BF0A3FA0CF006
:1055000025FA38B18F4A45208D491DB0BDE8F040DD
:105510000BF098BA9B218C480CF042FA002800F05E
:1055200008818A4A492086490BF08CFA884A8449C6
:1055300049200BF087FA874B986CDB6C002800F051
:10554000FA8000F07F43B3F1004F01D120F000401A
:10555000814C23689B69984720B1804A452078494F
:105560000BF070FA7E4D2B684BB1236800205B6B0B
:105570009847052803D1236828689B6B9847794D85
:105580002B684BB123680020DB6B9847052803D1BB
:10559000236828681B6C9847236802A8DB69984732
:1055A00018B1236870481B6A984723680DF10700FB
:1055B0005B6A984718B1236801209B6A98476B4B38
:1055C00006AA03F1100614461868083353F8041CA1
:1055D0001546B34203C52A46F6D1654D0AAA2346AD
:1055E000083503CB934245F8080C45F8041C1C46CB
:1055F000F5D1604B154603F110061868083353F8CF
:10560000041C2C46B34203C42546F6D15A4D0EABBA
:105610001446083503CC9C4245F8080C45F8041C98
:105620002246F5D1534A1D461068083252F8041C30
:105630002C46B24203C42546F6D1504D12AA1C4650
:10564000083503CC944245F8080C45F8041C234661
:10565000F5D14B4B15464B4C1868998804F110074F
:105660009B79ADF8141006218DF81630364B049056
:1056700083F89010BDF814101860998020680834E1
:1056800054F8041C2E46BC4203C63546F6D1217898
:105690003D4D3170102116AE83F891101446083537
:1056A00003CCB44245F8080C45F8041C2246F5D159
:1056B00017AD344A2C461068083252F8041C2E46A6
:1056C000BA4203C63546F6D11278304D32701022F8
:1056D0001BAE83F892202246083503CAB24245F831
:1056E000080C45F8041C1446F5D1294A29480392B0
:1056F000BDF80C1097389DF80E20A3F897106FF0A6
:105700007F0180F89920002283F89310252183F8E7
:10571000952083F89620012283F894109B2183F82A
:105720009A200CF077F920B11B4A452004490BF070
:1057300089F91DB0F0BD01200AE700BF64440608E6
:10574000754306088344060880D20020A744060853
:10575000CF4406080080E00F68CB0020F54406081F
:10576000B4C00020B8C00020782A6B003C45060871
:1057700000D300204D450608F0D20020E0D20020E2
:105780005E45060865450608A0D20020C0D200206C
:105790005750530017D300201A45060830B5ADB056
:1057A0009B220021324C05A800251DF096FA314BB2
:1057B00028468DF80A501B88ADF8083023685B6BCB
:1057C0009847052802D100202DB030BD2368284617
:1057D000DB6B98470528F6D0236803A85B699847D8
:1057E0000028F0D1236804A8DB6998470028EAD193
:1057F00023680DF107005B6A98470028E3D19B21DD
:1058000005A80CF0CDF830B11B4B45201B4A1C49B4
:105810000BF018F9D7E725A8FFF726FB0028D2D010
:1058200021A8FFF721FB0028CDD01DA8FFF71CFB06
:105830000028C8D09DF8A430002BC4D09DF8A53016
:10584000002BC0D09DF8A630002BBCD0032202A9AB
:105850000DF1AB001DF00AFA0028B4D0DDF8A73036
:10586000002BB0D09DF8AE00FF3818BF0120ABE789
:1058700068CB0020DA9E0608E5450608764506084E
:1058800075430608F0B50024BBB007460E469B22C0
:10589000214613A88C4D8DF80340CDE90B44CDE98A
:1058A0000D44CDE90F44CDE91144CDE901441DF08B
:1058B00014FA23463288394603A80BF04BFB4FF00D
:1058C000FF3207A903A80BF078FB2B6802A8DB695D
:1058D000984700B102942B680DF103005B6A98476A
:1058E00010B100238DF803302B6801A85B6998473D
:1058F00008B1002301930022002307A80BF031FB1D
:105900002B680FA8DB6B9847052807A80BBF0FA9CA
:105910000DF14A01002202220BF02BFB0122002391
:1059200007A80BF01EFB2B680BA85B6B984705289C
:1059300007A807BF00220BA902220DF13A010BF0C4
:1059400018FB0222002307A80BF00BFB029A00238E
:1059500007A80BF006FB0322002307A80BF001FBAE
:105960009DF80320002307A80BF0FBFA0422002374
:1059700007A80BF0F6FA019A002307A80BF0F1FA3A
:105980009B2113A80CF00CF850B1504A4520504907
:10599000504B0BF057F89B22002113A81DF09DF9E6
:1059A0008022002307A80BF0DCFA33A8FFF75CFA8B
:1059B0000246002800F0828002220DF1DA0107A8D9
:1059C0000BF0D7FA8122002307A80BF0CAFA2FA800
:1059D000FFF74AFA0246002872D002220DF1CA01EE
:1059E00007A80BF0C6FA8222002307A80BF0B9FA29
:1059F0002BA8FFF739FA0246002863D002220DF1E6
:105A0000BA0107A80BF0B5FA9DF8DC1013A8FFF750
:105A100065FC0023832207A80BF0A3FA9DF8DC2085
:105A200013A907A80BF0A5FA9DF8DD101BA8FFF736
:105A300055FC0023842207A80BF093FA9DF8DD2083
:105A40001BA907A80BF095FA9DF8DE1023A8FFF715
:105A500045FC0023852207A80BF083FA23A99DF8B3
:105A6000DE2007A80BF085FA0023862207A80BF09A
:105A700078FA0DF1E301032207A80BF08CFA8722D4
:105A8000002307A80BF06DFADDF8DF20002307A83C
:105A90000BF067FA8822002307A80BF062FA9DF842
:105AA000E620002307A80BF05CFA07A903A80BF077
:105AB00095FA0398C01B30803BB0F0BD33A97EE758
:105AC0002FA98DE72BA99CE768CB002098450608F5
:105AD00075430608C34506084140034BC9B233F875
:105AE000113083EA1020704724460608A0F17D0398
:105AF000012B10B506D8136880F020005C1C1460E0
:105B00007D24CC5413685C1C1460C85410BD10F084
:105B1000010282B011D010F00C0F4FEA501018BFE4
:105B200002229DF8053060F302030020DBB262F32D
:105B3000070063F30F2002B07047C0F34200F0E7A4
:105B40000378012B09D0022B0ED0A3B9407800F0C6
:105B50000700400040F010007047407800F0070058
:105B6000400140F001007047407800F0070040011C
:105B700040F009007047002070474FF6FF734380E4
:105B80004FF0FF33C0E901330023C0E90333037052
:105B9000704700000148FFF7F0BF00BF68D2002047
:105BA0002DE9F74F0F469846044600287BD0002980
:105BB00079D0002A77D00C9B002B74D00D9B002B42
:105BC00071D0002615464FF0010B08F1FF39B2469F
:105BD000B04563680AD1002B26DA0D9A00231360C2
:105BE0006FF02202104603B0BDE8F08F002B15F8CD
:105BF000011B0DDA7E2906D14E4502D22B787E2B71
:105C000004D0E3686360E3680133E3600136DFE7F3
:105C10007E291DD14E4502D22A787E2AF6D0E2682E
:105C2000591C9142F2D0A260A268002AD5DB03334E
:105C30009A4235DD62884FF2B8039A4230D1236927
:105C400032469E1E0D9B20461E60FFF796FFC9E759
:105C50007D2902D184F800B0D5E723782BB184F8F0
:105C600000A015F8011C81F0200160880191FFF768
:105C700033FF6368E2680233019960809A4208D179
:105C80000846FFF744FF00B23870C0F30720787071
:105C9000B9E7B8DD23695A1C22610C9AD154B2E7E6
:105CA0006FF00402CEE76FF015029BE713B5049C7A
:105CB000CDE9003413460A4601460248FFF770FF5B
:105CC00002B010BD68D200202DE9F347DDF828901E
:105CD0000D4617461E46804600284AD009B9002ABC
:105CE00047D1002E45D0B9F1000F42D00123FF214A
:105CF0004FF6FF7001937E233370FFF7EDFE019B9B
:105D000002464046591C0191FF21F154FFF718FF4C
:105D1000824601461046FFF7DFFE01AA04463146DF
:105D20005046FFF7E3FE98F8003013B92F44AF4216
:105D300013D1E04301AA314684B2C0B2FFF7D6FEC8
:105D4000200AFFF7D3FE019B7E220020F25401338C
:105D5000C9F8003002B0BDE8F08729782046FFF787
:105D6000BBFE01AA0446314615F8010BFFF7BEFE43
:105D7000DDE76FF01500EDE770B5094E0D460A46F8
:105D800001463468074820442C441CF07FFF6422FD
:105D9000346002210448BDE870400CF097B800BFA1
:105DA00054D5002050D30020E95E04082DE9F043CB
:105DB000ADF2144D0023434E4FF40377424A0DF1E8
:105DC0000C09C9F800303378DFF818815F43127886
:105DD00007EB08059A42D5F8044203D194B94FF075
:105DE000FF340AE074B9394A452039490AF02AFEDD
:105DF0003378013303F00703337020460DF2144D5E
:105E0000BDE8F08395F809223AB10133002403F08C
:105E100007033370C5F80442EFE795F8083293B1F1
:105E200095F80A327BB92B4C23681B68984757F8C2
:105E30000810814207D923685B6998474FF47A7349
:105E4000B0FBF3F4D9E795F8082233780132D2B2E7
:105E5000032A85F8082206D91F4A45201C490AF062
:105E6000F1FD3378D1E79DF809200024CDF80090AA
:105E7000291D63F3020202A804AB8DF808408DF8D7
:105E80000920D5F80422FFF71FFF50B1134A45201F
:105E90000F490AF0D7FD3378013303F0070333705D
:105EA000B8E7D9F8001004A80CF0F8FB094B1B6800
:105EB000DC681B6898470A49A0474FF4FA7448F811
:105EC00007009AE759D7002058D700202448060831
:105ED0003748060878CB0020404806085E48060888
:105EE00020A107005CD70020F0B5002397B0494FF0
:105EF00004933B68484DDB689847FFF74BFE04ABC3
:105F00002A6802A800934549454BFFF7CFFE10F1E0
:105F1000230F06D13B681B6998474FF0FF3017B03D
:105F2000F0BD431D16D13F4A45203F490AF08AFD86
:105F3000049C2E683948361B011932461CF0B3FE0A
:105F40003B682E601B6998472868B0FA80F04009CA
:105F50004042E4E79DF8081004464B1E012B23D86D
:105F60009DF80920314B02F007021B789A4206D0B7
:105F7000009245202E4A2C490AF064FDD9E70129F8
:105F80002C4B4FF4037000FB023218BF01232A4848
:105F900008BF82F809124FF0000118BF82F80A32D8
:105FA00064220BF093FFC4E70029C2D19DF80930A9
:105FB0009DF80D20C3F302030499194863F302020C
:105FC0001E4B8DF80D201B68984780B101238DF87A
:105FD0000C3005AB002203A80093114606ABFFF777
:105FE00073FE88B9059906A80CF058FBA1E70223B7
:105FF000134A0D4957208DF80C309DF8093003F0F5
:1060000007030AF01FFDE4E70E4A452006490AF09F
:1060100019FD8EE774CB002054D5002050D300200A
:1060200058D50020844806083748060859D700206C
:10603000904806085CD70020AD5D040850D50020CC
:10604000AB480608C248060810B54FF4E1330B4AC6
:1060500004460B4949200AF0F5FC00214FF4E130D9
:106060000CF008FA07480CF073FB01200CF092FAD0
:106070000CF00EFB044B00201C6010BDDB48060832
:1060800037480608795D040850D50020174A70B5D6
:106090000D4613784FF40371154C064601FB03447B
:1060A00014490978994209D1D4F8041231B1124A3D
:1060B000452012490AF0C6FC012070BD01330021C1
:1060C000204603F0070313704FF403721CF005FE23
:1060D0002A463146201D1CF0D9FD642200210848C3
:1060E000C4F804520BF0F2FE0020E6E758D7002077
:1060F0005CD7002059D70020F94806083748060821
:10610000AD5D040808B5074A492007490AF09AFC22
:1061100000200CF03FFA054B1B6898474FF0FF300A
:1061200008BD00BF074906084849060808EA0020DC
:1061300030B5ADF5077D0C46054640F20222002140
:1061400005A81CF0CAFD012C0BD80223294A2A49B4
:106150004520009323460AF075FC00200DF5077DCD
:1061600030BDA2B2294605A8ADF814421CF08EFD40
:106170009DF814302BB1214A45201F490AF062FCDA
:1061800016E09DF81540022C14D0032C22D064BBDD
:106190001B4A492018490AF055FCBDF8142205A9EC
:1061A00018481CF073FD6422214617480BF08EFE40
:1061B0000120D3E7154A49200F490AF043FC144B4C
:1061C0001A78002AF4D1052240F2EE2111481A7003
:1061D0006422EBE7104A4920074903930AF032FC96
:1061E000039B64220D481946E0E723460C4A024906
:1061F0005720C3E751490608484906086B49060875
:1062000087490608C0E7002011630408A44906086E
:106210007CD200208D620408C34906082562040868
:10622000E449060800B5ADF5037D40F202220021E5
:1062300001A81CF052FD04230DF102010DF106002E
:106240008DF805300223ADF804324FF4FF73ADF83A
:106250000230FFF717FBBDF804324920BDF80220D9
:1062600008491344084AADF804320AF0EBFBBDF8C4
:10627000041201A8FFF70AFF4FF0FF300DF5037D70
:106280005DF804FB48490608F74906081FB50A4BA4
:10629000002168460093094B01919A1CB3F8003223
:1062A000023B02928DF80C30FFF7A0F84FF0FF3060
:1062B00005B05DF804FB00BF55640408C0E700208A
:1062C00030B54FF48073ADF5077D04464FF4FF728F
:1062D0000DF11605ADF81430022301A82946ADF8DA
:1062E000143200230AF036FE2246002301A80AF0E9
:1062F00038FE0199BDF8143205A8491B194489B22A
:10630000ADF81412FFF7C2FE0DF5077D30BD000099
:106310001FB50023114C01216846CDE90033104B15
:106320009A1CB3F80032023B02928DF80C30FFF752
:106330005DF80346207020B10A4A45200A490AF058
:1063400081FB0A4A492008490AF07CFB2078FFF7C4
:10635000B7FF4FF0FF3004B010BD00BF7CD200206B
:10636000C0E70020184A0608484906084D4A0608B2
:1063700040220021044808B51CF0AFFC0023034A6A
:106380001360034A136008BDC2E9002004EA00203C
:10639000BCE700202DE9F047254F0A463B685C1812
:1063A0003F2C03D9BDE8F047FFF7E2BFDFF8988044
:1063B0000146DFF8989008EB0300DFF894A01CF08A
:1063C00065FC3C6099F800403D68AC4201D3BDE8F3
:1063D000F08718F804300A2B26D1D9F800000422DF
:1063E000514640441CF042FC0646A8B9032111481E
:1063F0000CF054F910480BF0F1FD30460CF0CAF8DF
:106400000E4A0F4949200AF01DFB0AF08BFB0D488C
:10641000BDE8F047FFF718BE013D631CA542C9F86F
:10642000003001D8FFF7A4FF0134E4B2CCE700BF8D
:1064300004EA0020734A060805610408774A060842
:106440004849060831610408C2E90020BCE7002081
:106450006E4A060808B5034630B1044A452004498F
:106460000AF0F0FA002008BD0120FCE7964A060871
:106470004849060810B50446FFF73AF8FFF78EF9C9
:1064800000B36422104811460BF020FD0F4A10495A
:1064900049200AF0D7FA4FF4E1330E4A49200C495B
:1064A0000AF0D0FA00214FF4E1300BF0E3FF0A4884
:1064B0000CF04EF901200CF06DF80CF0E9F8074BE8
:1064C0001C6010BD064AE2E705610408D54A0608CB
:1064D000484906082F4B06089563040808EA00207F
:1064E000F04A06080F4B49200F4A104910B51C68A6
:1064F0000AF0A8FA0E4A00210E481CF0EEFB0C4BE5
:106500000D4A492009490AF09DFA34B90B4A452041
:106510000649BDE810400AF095BA2346BDE8104090
:10652000184700BF0CEA0020504B0608724B0608C3
:10653000902D000068D200207B4B0608904B060887
:10654000F7B5144E0546144C4920144FA41B009671
:106550003946134A23460AF075FA22463046114C52
:10656000114E1249A41B1CF091FB33463946104AC8
:10657000492000940AF066FA2246002130461CF0B9
:10658000ACFB0C4B0C481D60FFF774FF012003B0FF
:10659000F0BD00BF68D200207DD20020724B0608FB
:1065A0009B4B060810EA002080D2002060A006085D
:1065B000BE4B06080CEA0020E56404080522034BE4
:1065C000002103481A70034A0BF080BC3AC1002036
:1065D0005D660408B88201000028054B4FF00001F9
:1065E00004480CBF012204221A70034A0BF06EBC4F
:1065F0003AC100205D660408B882010070B5114DF3
:106600000446114E28680C3013F00AFC5CB92B6864
:10661000C3F80C420223337000210C4A0C48BDE839
:1066200070400BF053BC23460A4A0B4945200AF040
:1066300009FAFA2CEBDD2868183013F092FD0423D8
:10664000E9E700BF3CC100203AC10020B882010048
:106650005D660408E24B0608F64B06082DE9F04F8C
:106660000023A5B0B54EB6480B938DF828300C9397
:106670008DF8293000F098FB3478052C00F2C280A8
:10668000DFE814F00600C200D5019302A402A802BC
:10669000AC4F3B6893F81082B8F1030F00F2A7806B
:1066A000DFE808F00602999E0AA90BA807F022F875
:1066B0000DF129010CA807F0CDFD386801250C303B
:1066C00013F07EFB3868183013F010FD38689E4BCD
:1066D0002A46294678300495CDE90253CDE9005386
:1066E0002B4612F001FD3C6804F5867004F1780930
:1066F0000DF054FB0B9B484629460295CDE90083DB
:1067000000231A4612F05CFB386884F8D05000234E
:1067100090F81022C0F81432002A3FD000F505701E
:106720000D93109304F59C758DF82A308DF82B305D
:1067300009F04CFB10AA0DF12A010DF12B030DA855
:1067400007F009F830232846A4F80C310CF0A0FE1D
:10675000284604F588759DF82B2010990CF020FE32
:1067600028460CF095FE284604F594759DF82A20DD
:106770000D990CF015FE28460CF08AFE9DF8293084
:106780000C9928461A460CF05FFE3B6804F59A7097
:1067900003F50573C4F86C3109F00CFB0C2009F00B
:1067A000FFFEC4F850010CF0EAFC9DF829300C996A
:1067B0001A46D4F850010CF047FE4FF41803634812
:1067C000C4F8D8303B6893F8101201F0F1F8B8B96A
:1067D0004FF0FF3421E10AA90BA806F09AFF67E702
:1067E0000AA90BA84FF0020806F0A4FF60E7584A78
:1067F00045205849A0460AF025F90523337057E78C
:1068000005233370002408E1DFF83881D8F80070E0
:10681000FC88002C00F0078100F0C2FA044610A8A2
:10682000012513F063FC00238DF86F5010AA394640
:1068300007F1780087F8D03007F10C0914F094F8CC
:1068400087F8D050002840F0DE809DF85030002BB3
:1068500000F0D9809DF84010002940F0D4809DF8C8
:106860004120002A00F0CF80BDF84C30002B00F012
:10687000CA80BDF84A50013BD8F80000022D84BF01
:106880001199897880F808129DF84210002918BFE4
:106890000A4680F80922ADF84C3090F81032ABB9B6
:1068A00094F835A0BAF1000F00F08580BAF1010F1D
:1068B00056D04FF481752B46274A264945200AF0C9
:1068C000C1F84846002413F0ABFA60E031B9234A1E
:1068D000452020490D250AF0B5F8ECE720460FF0D9
:1068E000A4F940B394F890309B0724D5D4F8CC5049
:1068F000D4F8BC3020469DF842209DF8411094F811
:1069000094A009930FF09EF911AA099B5146CDE975
:106910000252D4F8B020CDE90002032204F1940021
:106920000DF03EFFD4F8BC3005460133C4F8BC304E
:106930000028C0D1B4E704F19805D9E73AC1002096
:10694000B14E06083CC1002039C10020D9650408B9
:10695000FF4B0608F64B06084E4C06080E4C060880
:106960000C2009F01DFE82460CF009FCD8F800103E
:10697000534611AA91F80912204610F0ACFE0546C4
:106980005146484613F028FA002D94D1012410A84E
:1069900013F0E7FB38460CF07BFD002C36D0D8F81E
:1069A00000000123A14A00F1180180F847300C30A3
:1069B00003F07EFE0CE711A9204611F0CBFC11A8D4
:1069C0000CF0D0FB0028E1D00C2009F0E9FD834653
:1069D0000CF0D5FB51465B4611AA204610F0B7FAE1
:1069E00005465946484613F0F7F9002D7FF463AF8A
:1069F00011A80CF0B7FB0028E1D02946204612F080
:106A00003BFB8246DBE70346894A56E7894A572023
:106A100089490AF017F80423337000F0D3F92046AF
:106A200025B0BDE8F08F854A45208349F1E7844FC2
:106A30003D68D5F80C3205F118081BB105F11C00B2
:106A40000CF026FD3B6893F80922C03A0B2A00F2AD
:106A50008D80DFE802F006758B778B8B8B8B797FCF
:106A60008B85C4224FF0000983F8092293F809426C
:106A7000002C00F089800DA800240CF080FB6A8CAB
:106A8000AB8C05F1780A39684FF0010B9A4291F806
:106A9000093291F8082214BF05F11C000020CDF83E
:106AA0001090CDE9054491F80C12019010A8CDF892
:106AB00000B0CDE90241514613F0F4FA0DA910A837
:106AC00011F0A6FC8146002857D1396805F168030A
:106AD00085F8D0000DAA91F80912504610F0FBFD80
:106AE0000346002847D04C46564A5349452009F0F2
:106AF000A9FF012385F8D0300DA80CF0C9FC404651
:106B000013F02FFB002C45D03B6849204E4AB3F8C8
:106B10006E30494909F096FF386820230022B0F80A
:106B20006E10806E00F04AFB002838D1474A57208B
:106B3000414942F2107409F085FF032333706CE77A
:106B4000C5228FE7C7228DE7C4224FF0CC0983F816
:106B500009228BE7C5224FF0CD0983F8092285E78A
:106B6000C7224FF0CF0983F809227FE70022914620
:106B700083F809227AE75C46BBE70346344A2E498C
:106B8000452009F05FFFB7E7324A45202A4909F05E
:106B900059FFB4E7304A5720274909F053FF3868B6
:106BA00068300CF075FC04232BE6254C20230022D2
:106BB0002068B0F86E10806E00F000FB20B9274A04
:106BC00045201D4909F03EFF2068E9E7244800F010
:106BD00047FFFCE51A4C2368002B5BD093F810327A
:106BE000002B43D010A809F0F1F82368109AD3F8CD
:106BF0001432934218D91B4A49200F49012509F044
:106C000021FF2368D3F8140209F0DAF810A809F07C
:106C1000D1F82368D3F83401109B984224D909F0A5
:106C2000C3F809F035F821E00025EFE7FD65040819
:106C3000714C0608914C0608F64B0608AB4C06084A
:106C40003CC10020D64C060889700608324D060863
:106C5000F44C0608124D0608604D06087C4D0608E7
:106C6000BD650408A74D0608002DDAD120680C3058
:106C700013F0D6F82068183013F073FA20680CF07F
:106C800007FC2068783012F061F9206809F050FDA7
:106C90000023236010A81CF029F8189B094A4920FA
:106CA0000193179B08490093109B09F0CBFE09F054
:106CB0000DFC064A0449492009F0C4FE012004F0F5
:106CC00045FD85E5D24D0608F64B0608FD4D060844
:106CD0002DE9F74306460DF107000F46904609F0EF
:106CE000F5F89DF8075045B91F4A45201F4909F09E
:106CF000A9FE284603B0BDE8F0830122002110461A
:106D000004F0C6FC0128044606D0194A174945205C
:106D1000002509F097FEECE7164A49201349DFF8F1
:106D2000689009F08FFE4FF40671204609F070FC60
:106D3000C9F8000008B9104AE8E780F810820CF0A2
:106D40001EFAD9F8000068300CF019FA3146BAB2D0
:106D5000D9F800000CF024FB0021084B084A094830
:106D600019700BF0B3F8C4E7104E0608F64B06088E
:106D7000414E0608694E06087E4E06083AC10020BC
:106D8000B88201005D6604083CC1002008B5034BD1
:106D90001B685B6898474FF0FF3008BD6CCB002044
:106DA0000048704764C10020044A1388072B9CBF29
:106DB000034941F8230001331380704760C100206C
:106DC00040C10020024A1388013B1380704700BF76
:106DD00060C1002010B5A8B0104C9B22002101A872
:106DE0001BF07BFF207801280CD90AF0AFFD9B2116
:106DF00001A80AF0D5FD38B1094A4520094909F032
:106E000021FE012028B010BD074A4920054909F09C
:106E100019FE9DF89E002070F4E700BF04C000201A
:106E2000C54E0608F14E0608FA4E060810B5A8B081
:106E3000114C9B22002101A81BF04FFF2068002865
:106E40000DDC0AF083FD9B2101A80AF0A9FD40B1E9
:106E50000A4A45200A4909F0F5FD4FF4165028B0BA
:106E600010BDDDF897304920064A0549236009F036
:106E7000E9FD2068F3E700BF00C00020344F06089A
:106E8000F14E0608574F0608034613B5084611464B
:106E90005A791C79120402EB04629C7902EB0422F9
:106EA000DC7922440092024A1CF002FA02B010BDC2
:106EB0008F4F060810B503460446074A4920074984
:106EC00009F0C0FD4FF47A71054A61430548BDE8F9
:106ED00010400AF0FBBF00BF974F0608F14E0608AE
:106EE000B88201008D6D040803885BBA0B8043886B
:106EF0005BBA4B8083885BBA8B80C3885BBACB80DC
:106F000070470000014B1870704700BF60C200203E
:106F1000014B5870704700BF60C2002010B5144C80
:106F2000207848B90BF05AFF6378042B11D8DFE8BA
:106F300003F0080D08131C00012100200BF038FF9E
:106F4000F2E7002101200BF033FF02E001200BF0FB
:106F500045FF4FF4FA7010BD01200BF03FFFC8222F
:106F6000FA2104480AF0B2FFF3E701210846EAE7F4
:106F700060C20020796F040808B5054B5B78032BCD
:106F800002D101200BF02AFF4FF0FF3008BD00BFF7
:106F900060C20020002108B508460BF009FF00215F
:106FA00001200BF005FF064800F06CF9054800F0E1
:106FB000EDFCC82200210448BDE808400AF086BF65
:106FC000056F0408116F04081D6F040830B54B7C71
:106FD00087B00C460A68022B0CD18B7CA3F12001F0
:106FE0001F2907D9224A2349452009F02BFD0020FB
:106FF00007B030BD138861685BBA07299BB205D81A
:107000001D4A1C49452009F01DFDF0E7012B01D068
:107010001A4AF6E753880DF1170195885BBA9BB2BF
:107020001846039300F054FD039B08B9144ADAE7AD
:107030006ABA92B2642A10D1236AD4E9000100939B
:107040009DF8173005F09CF80028D0D0A27C0D4B9D
:107050001A70627C0C4B1A70C9E7012A06D19DF8A0
:107060001720D4E90001FFF733FEEDE7074AC8E730
:10707000B84F0608C54F0608CE4F0608DE4F060873
:10708000F44F06086CC200206DC200200E500608A6
:1070900038B504460D46054A5720054909F0D2FC8B
:1070A00029462046BDE83840FFF790BF2950060822
:1070B000C54F06082DE9F041204E0C463368002BE1
:1070C0003AD01F4D062805D8DFE800F00D12040461
:1070D0001416180028782B7883422DD03368287036
:1070E000BDE8F0411847174A1749492009F0AAFCA2
:1070F0000020F0E7154AF7E7154AF5E70B78022B71
:1071000018D1144F49204B68134A0F4909F09AFCD3
:107110003B6813B1984700233B60104F62683B689F
:107120009A4205D013B1102005F06CFF63683B60F4
:107130000120D0E70A4AD7E7BDE8F08170C20020FD
:1071400074C2002064500608C54F06087250060835
:107150008550060868C200209850060864C20020C6
:10716000B150060810B50C4630B90D4A45200D49FE
:10717000BDE8104009F066BC0B4B4FF0FF311860C2
:107180000A480AF00BFD0AF0FBFC2CB908480AF08B
:107190001DFA08480AF01AFA074A49200149E7E7A8
:1071A000BA500608C54F060868C20020B57004082A
:1071B00008C0002020C00020DD5006082DE9F04363
:1071C000074689B00E461C461546002A3ED01FFAD7
:1071D00082F94FF00108A31E092B12D9202C38D1B7
:1071E000214B1C782CB90124204A2149572009F051
:1071F00029FC204B1B782BB91F4A57201C4909F04A
:1072000021FC01230022294601A8ADF81090079225
:107210008DF81380CDE905226FF001028DF815403D
:107220008DF8143003920122CDE901768DF81220F9
:107230000AF0EAFA0828044604D1104A45200C490D
:1072400009F000FCB4FA84F0400909E09046914648
:10725000C1E723460A4A0649452009F0F3FB00200E
:1072600009B0BDE8F08300BF6CC20020ED500608F5
:10727000C54F06086DC20020115106084651060888
:1072800035510608014B1860704700BF70C20020DE
:1072900010B50C4688B011468DF801401C468DF89B
:1072A00000002BB122B11A460DF102001BF0EEFCDA
:1072B0001022002102340DEB02001BF00EFD6FF0D6
:1072C0000103E4B200210393012301A8CDF804D007
:1072D0008DF81230402302948DF814308DF815305B
:1072E0000AF092FA20B1034A4520034909F0AAFBAB
:1072F00008B010BD6A5106088251060813B50DF199
:10730000070008F0E3FD9DF8074024B9034A452033
:10731000034909F097FB204602B010BD8A510608C8
:107320008251060873B54C680D465CB92D4A45205C
:107330002D4909F087FB2346224605210320FFF74C
:10734000A7FF20E00E683478022C09D9274A45208F
:10735000254909F077FB00231A4605212046EEE770
:107360002346234A2049492009F06CFB012C0DD00B
:10737000022C18D00023012118461A46FFF788FF77
:107380000A20FFF797FD002002B070BDFFF7B6FF9F
:1073900003460028E0D001A807F0F0FD022301AA6F
:1073A00021462046CBE76D68FFF7A8FF034600287B
:1073B000D2D0ABB2DA1E1F2A04D900230321022047
:1073C0001A46BCE771784A1E1F2AF6D8023B9BB2C8
:1073D0008B42F2D1B01C07F05DFD03460028D2D1EC
:1073E0000246DDE7C751060882510608CF5106085C
:1073F000DF5106080223024601211846FFF748BF65
:1074000001480AF0E3B800BF38C00020F0B50023FF
:10741000A9B04A4A02930EAF106851688DF8053042
:107420000EAB128903C31A8001230DF1050102A8D6
:107430008DF8423008F040FD9DF805408DF843403E
:10744000002C76D02246029911A81BF01FFC11AB2C
:107450001C440DF1060103A806F0BAF800230399B5
:1074600023606360A360D1B107A80EF09DF8BDF85A
:10747000063004A8ADF820300BF081FE04A907A85F
:1074800013F040FC40B9BDF81620204604990C2AA0
:1074900028BF0C221BF0FAFB04A80BF0F9FF0DF13A
:1074A000050102A806F0D6FE0C349DF8055002999D
:1074B00020462A4666191BF0E9FB04A808F086FC62
:1074C000049B0DF1050102A86351042306F10A048F
:1074D00033711B4B1B68C6F8053008F0B5FC9DF8EE
:1074E000055075722DB120462C442A4602991BF096
:1074F000CDFB002110220AA8E41B1BF0EEFB6FF06D
:1075000001030894012409934223002107A8079747
:107510008DF82A408DF82C308DF82D300AF074F952
:1075200048B1084A4520084909F08CFA002029B0E2
:10753000F0BD11AC8DE72046F9E700BF76C2002010
:10754000EB5106086A510608F05106084B68022BF9
:1075500070B50C4606D8194A1949452009F072FA47
:10756000002070BD0D682B780BB1164AF4E7164E5B
:107570004920164A124909F065FA337823B1FFF71A
:1075800045FF13480AF02AFD0123A878337020B183
:107590004FF47A73584305F0F5FF0E4B80220146F5
:1075A0001A706A78C3F806005A70226A0848C3F84D
:1075B0000220094A0AF08AFCD2E700BFC751060838
:1075C000F0510608CF51060875C20020F851060890
:1075D000DD75040876C20020B882010008B5FFF707
:1075E00015FF28B1044B00224FF0FF301A7008BD80
:1075F0004FF4FA60FBE700BF75C20020014809F0B4
:10760000E5BF00BF50C00020054B052200211B68CC
:107610005866044B04481A70044A0AF057BC00BF6D
:1076200088C2002081C20020A1760408B88201002F
:107630000322034B002103481A70034A0AF046BC98
:1076400081C20020A1760408B8820100064B30B93F
:1076500001221A700021054A05480AF037BC054A84
:10766000126850660522F4E781C20020B88201004A
:10767000A176040888C20020054B012200211B6866
:107680005866044B04481A70044A0AF01FBC00BF35
:1076900088C2002080C20020FD770408B882010063
:1076A000F7B5494DFFF77CFB07464848FFF77CFBE1
:1076B0002B78052B0FD8DFE803F003195A5E3C69DD
:1076C0000021434C434A0846266803F001FD236825
:1076D00070665B6E13B94FF0FF3402E0052300249F
:1076E0002B70FFF76FFB204603B0F0BD384E00242F
:1076F000306812F065FB3068083012F0F7FC316832
:107700000223009401910122C96D384613F01AF842
:10771000034630B93068304A00F1080102F0C8FF72
:10772000D9E72E4A45202E4909F08CF904232B7005
:10773000D7E7274E0024306812F042FB306808304B
:1077400012F0D4FC336808222649019338460223FC
:10775000009412F0F7FF034610B93068224ADBE7C5
:10776000224A45201E4909F06DF90223DFE720482F
:1077700003F0F0FCAFE7164E1E4A3468A16D94F892
:10778000600003F0A5FC33686066A2E7104C236834
:10779000D3E919029047184B1B684BB121684A6E18
:1077A00091F8601059B1002A0CBF042003209847BB
:1077B000002620682E7008F0BBFF26608BE7002AA9
:1077C0000CBF02200120F2E781C200200F540608FE
:1077D00088C200204D760408117904080A52060870
:1077E0001F520608235406085D780408285206082C
:1077F000317604080976040884C20020F8B5134DD8
:107800001348FFF7D1FA2C7824B1012C12D04FF095
:10781000FF340BE00F4E1048376803F09BFC3368D1
:1078200078665B6E002BF2D001232B70FFF7CAFA4B
:107830002046F8BD074C00262368D3E9190290477B
:1078400020682E7008F074FF2660E0E780C20020F8
:10785000FA53060888C200207976040830B503463A
:1078600085B0224C00283ED1256895F82030092BA0
:1078700033D1AA6A8AB3684613F03FFA6A461921DF
:1078800005F1200010F0BFF90346C0B1184A4520A9
:10789000184909F0D7F8684613F042FC206812F046
:1078A000BFFA2068083012F05CFC134B0222002162
:1078B00012481A70124A0AF009FB05B030BD029B4B
:1078C0004920104A1B680B4909F0BCF8029BB3F928
:1078D0000410186805F068FEDDE70B4A05494520ED
:1078E00009F0B0F8DAE7094AF8E700BF88C20020DB
:1078F0003E5206081F52060881C20020A1760408E5
:10790000B88201005B520608655206087A520608E2
:1079100010B50346154C38BB226892F82030062B70
:107920001CD1936A492012499365124A09F08AF8DA
:107930002268936D0BB101339365206812F070FAE1
:107940002068083012F00DFC04220B4B00210B487C
:107950001A700B4ABDE810400AF0B8BA094A044947
:10796000452009F06FF8E8E7074AF8E788C20020E9
:107970001F5206089352060881C20020A17604080F
:10798000B8820100AA520608D85206080346054AE2
:10799000054910B50446492009F054F8034B1C6012
:1079A00010BD00BFFE5206081F52060884C2002008
:1079B000F8B50C46064630B91E4A1F49452009F065
:1079C00041F8FB20F8BD1D4F3D680DB11C4AF4E79E
:1079D0007021012008F01CFE386038B9194A452092
:1079E000154909F02FF84FF48270EBE7164B8565C7
:1079F0001D70C0E91956032C08D8DFE804F0020E08
:107A0000121603221A70002380F860300F4A0021FA
:107A10000F480AF05BFA0020D4E70E4BC365012340
:107A2000F2E70D4BC3650223EEE70C4BC36503235E
:107A3000EAE700BF255306081F52060888C2002047
:107A4000465306086953060881C20020B882010027
:107A5000A17604082F540608355406082954060850
:107A600070B5054630B9124A1249452008F0EAFFC0
:107A7000FB2070BD104E34680CB1104AF4E7702141
:107A8000012008F0C5FD306038B90D4A452009498C
:107A900008F0D8FF4FF48270EBE70A4B21460A4A00
:107AA0001C70C0E9194509480AF010FA2046E0E7C1
:107AB0008E5306081F52060888C20020B0530608DD
:107AC000D453060880C20020B8820100FD77040864
:107AD000302811D005D8102807D0202809D0002040
:107AE00070475028FBD1032300E0002301200B70D6
:107AF00070470120087070470223F7E7037B492095
:107B0000014A024908F09EBF3B540608605406082B
:107B10000028054B4FF0000104480CBF022205224B
:107B20001A73034A0AF0D2B98CC20020B57D04084A
:107B3000B88201000122034B002103481A73034A53
:107B40000AF0C4B98CC20020B57D0408B8820100D7
:107B500073B50D460646264C00283CD1CB882189BA
:107B600062688B4218D94AB1224A452000912249C5
:107B700008F068FF60681BF071F82681EE883046D7
:107B80001BF064F803466060E8B9238945201B4A6E
:107B9000194908F057FF01E0002AEFD0606840B1B2
:107BA000EA882389934204D329681BF06FF8EB8895
:107BB00023810323124A00211248237302B0BDE837
:107BC00070400AF083B9104A49200B49009626817B
:107BD00008F038FFE2E703460C4A0749452008F061
:107BE00031FF60681BF03AF800236360E1E700BFF3
:107BF0008CC2002069540608605406088F54060899
:107C0000B8820100B57D0408C0540608E754060890
:107C100013B5002101A805F0DBFC0DF1020008F00E
:107C20007FF8134ABDF802305189019C99421EBF6A
:107C30000021538111605CB90E4A45200E494EF671
:107C4000602408F0FFFEBDF80200604302B010BDE2
:107C50003C200A4A08494343B4FBF3F003FB1044B9
:107C600049201C1B234608F0EDFE4FF47A70ECE728
:107C70008CC20020015506086054060827550608E6
:107C800038B51B4C65681DB3002003F05FFD04236D
:107C90002373FFF7BDFF23680BB1834211D91BF09B
:107CA0006BFE11A3D3E900231BF0E0FE1CF018F9D2
:107CB00005F068FC0F4A034620600F49492008F090
:107CC000C1FE0E4A21680E48BDE838400AF0FEB8F1
:107CD0000C4A5720084908F0B5FE0523074A2946F3
:107CE0002373F0E7AFF30080CDCCCCCCCCCCEC3F11
:107CF0008CC200204555060860540608B882010071
:107D0000B57D040861550608FFF7BABF10B5214CD0
:107D100086B0636873B9204A4520204908F092FE76
:107D200005231F4A00211F48237306B0BDE81040F9
:107D30000AF0CCB80DF1020008F010F8BDF90230DD
:107D4000002B20DA01A812F03BF82389616803A810
:107D50001A460BF079FB01AB03AA1349022005F088
:107D600093FD38B1019B114A18680423C18800684B
:107D7000FFF724FA01A812F053F860681AF06EFFBA
:107D800000236360CCE70A4A4920044908F05AFE00
:107D9000F3E700BF8CC20020715506086054060846
:107DA000B8820100B57D0408EC560608FD7A040887
:107DB0008455060830B55D4D8FB05D48FEF7F4FF81
:107DC0002B7B052B15D8DFE803F003234B78808F3E
:107DD000584A4920584908F035FE012257490020E9
:107DE00003F056FC012802D1287300240BE003287D
:107DF00002D14FF0FF3406E047F23054504A4E496A
:107E0000452008F01FFEFEF7DDFF20460FB030BD15
:107E10002B89ABB16B683BB14A4A4520464908F013
:107E200011FE68681AF01AFF2C8920461AF00EFF1E
:107E30000346686068B9444A45203F4908F002FE9D
:107E400002214248FFF7B4FD0028D2D005232B734E
:107E5000CBE73F4A49203849009408F0F3FDEFE7AB
:107E6000002104A8049105F0B3FB0DF10E0007F00A
:107E700057FF3C23BDF80E20049C5A43B4FBF2F399
:107E800002FB1344141B04D13249334803F086FB30
:107E9000AFE70A23B2FBF3F29442F5D24FF47A73C0
:107EA0002E4A254949205C43234608F0CBFD2C4A45
:107EB00021462C480AF00AF89BE72B48FFF7D0FD33
:107EC000002896D0FFF7DCFE93E7284A49201A499C
:107ED00008F0B8FD01222649002003F0D9FB012853
:107EE00085D1FFF713FF84E704A81AF0FFFE0C9B6F
:107EF000204A492001930B9B0F490093049B08F0F3
:107F0000A1FD08F0E3FAFFF783FE4FF47A731A4AF3
:107F100004460949B0FBF3F3492008F093FD002023
:107F200003F014FC00232B736DE700BF8CC200200C
:107F3000C7560608A055060860540608357B040895
:107F4000BE550608DB55060818560608117B0408BE
:107F5000C0540608517B0408E65606083D5606083C
:107F6000B8820100B57D0408097D04085B56060847
:107F70000D7D0408D24D06087E56060810B5FFF7A1
:107F800047FE04460346064A0649492008F05AFDC2
:107F90002146054A0548BDE8104009F097BF00BFDB
:107FA0009656060860540608B8820100B57D04089C
:107FB0000422034B002103481A74034A09F086BFC8
:107FC0009CC2002011800408B88201000028054BE3
:107FD0004FF0000104480CBF022204221A74034A25
:107FE00009F074BF9CC2002011800408B88201000F
:107FF0000122034B002103481A74034A09F066BFAB
:108000009CC2002011800408B8820100000000001A
:1080100070B54F4C8CB04F48FEF7C6FE237C042B46
:1080200015D8DFE803F003232C6E72004A4A49207A
:108030004A4908F007FD01224949052003F028FBC1
:10804000012802D1207400250BE0032802D14FF053
:10805000FF3506E047F23055424A4049452008F0D6
:10806000F1FCFEF7AFFE28460CB070BD02213E4881
:10807000FFF79EFC0028EAD004232374E3E70021E5
:1080800002A805F0A5FA2168029B994232D9009115
:108090004920364A314908F0D5FCE668A37C002E19
:1080A00008BF4FF4E1660BB32068029D451B3046C4
:1080B0001BF062FC24A3D3E900231BF0D7FC1BF0C8
:1080C0000FFF05F05FFA637C2844294A012B4FF02B
:1080D0000003A06008BF8019A37408BFA060A36854
:1080E0001E49492008F0AEFC0323C6E73346214A67
:1080F000A660F5E7204B4FF4E162204803F06EFAEA
:10810000A5E71F48FFF7ACFCB4E702A81AF0EEFDA4
:108110000A9B1C4A49200193099B10490093029B2A
:1081200008F090FC08F0D2F9A5684FF47A73164A6B
:108130000A4949205D432B4608F084FC052003F0E2
:1081400005FB002323748CE7CDCCCCCCCCCCEC3F0E
:108150009CC20020F9580608F25606080D5706087A
:10816000F17F0408BE550608CD7F0408165706089F
:10817000575706087F5706089181040815590608C5
:10818000B17F0408D24D0608AA5706080000000077
:108190002DE9F0410128684C86B00746884615460F
:1081A0001E46E36079D80DF10A0007F0D7FDBDF84F
:1081B0000A305B0432D504A811F002FE04AB42463B
:1081C0005E49022005F060FB40B1049B5C4A1868E0
:1081D00005236560C1880068FEF7F0FF04A811F070
:1081E0001FFE002103A805F0F3F9039A7319AA42B0
:1081F00002D9617C012904D19A4219D9617C0129F3
:1082000016D1009257204F4A4F4908F01BFC032318
:10821000B6FBF3F60123A660A37426E04B4A49207F
:10822000494908F00FFC2846256007F0DDFAD8E739
:10823000A17C71B3AA421AD83046AD1A1BF09CFB40
:108240003BA3D3E900231BF011FC1BF049FE05F012
:1082500099F9022305446374A56000233C4AA37482
:10826000A3683949492008F0EDFB03274FE09A4203
:10827000F3D830469D1A1BF07FFB2DA3D3E90023D2
:108280001BF0F4FB1BF02CFE05F07CF92844A060E9
:10829000E3E733462F4AA660E3E7022840D10021F6
:1082A00003A8A2EB030805F093F9039B434508D20A
:1082B000294A45202449A660CDE9008508F0C2FB83
:1082C000D3E7AB421AD801223046EF1A62741BF092
:1082D00053FB17A3D3E900231BF0C8FB1BF000FEE0
:1082E00005F050F9039A3B181749AD1A49201B4A6B
:1082F0000095A36008F0A6FB00238DE7184A4520EF
:10830000114908F09FFB002323600123A374154A41
:1083100000211548277409F0D9FD06B0BDE8F081A9
:108320000346124A0849452008F08CFBA6609CE7EA
:10833000CDCCCCCCCCCCEC3F9CC200201B59060849
:1083400071830408D85706080D570608C057060859
:10835000575706087F570608E757060824580608A7
:1083600041580608B8820100118004085A580608CE
:1083700010B50446037B0A4A49200A4908F062FB0B
:10838000237B63B1084C4920084A6368054908F01B
:1083900059FB60682060BDE8104007F025BA10BDA9
:1083A0006F5806080D5706089CC20020975806080B
:1083B0000368013303BF00230360184601207047A0
:1083C0001FB50F4C204607F023FA002103A805F043
:1083D000FFF80C490C4A492008F034FB039B0B4A78
:1083E000492000930749236808F02CFB084A002124
:1083F000084809F06BFD0123A37404B010BD00BF51
:108400009CC200200D570608B3580608DD58060820
:10841000B8820100118004080422034B00210348A4
:108420001A73034A09F052BDB0C2002079840408CF
:10843000B8820100064B38B940F202529A81054ACF
:108440000021054809F042BD04221A73F7E700BF76
:10845000B0C20020B8820100798404080122034BD5
:10846000002103481A73034A09F030BDB0C200204E
:1084700079840408B882010010B5334C8CB03348BD
:10848000FEF792FC237B042B15D8DFE803F00323CF
:108490002C4246002E4A49202E4908F0D3FA0122E8
:1084A0002D49062003F0F4F8012802D1207300249E
:1084B0000BE0032802D14FF0FF3406E047F23054BE
:1084C000264A2449452008F0BDFAFEF77BFC2046E9
:1084D0000CB010BD02212248FFF76AFA0028EAD04A
:1084E00004232373E3E7002102A805F071F8616813
:1084F000029B994205D81B4B1B4A1C4803F06EF89F
:10850000D9E7009149201A4A124908F09BFA03233F
:10851000E7E71848FFF7A4FAE0E702A81AF0E6FB3D
:108520000A9B154A49200193099B0A490093029B23
:1085300008F088FA07F0CAFF062003F007F90023C5
:1085400023730E4CC1E700BFB0C200203D5A06089D
:10855000215906083C5906085D840408BE550608E2
:10856000358404088185040880510100595A0608A1
:108570001657060819840408D24D060880EE360006
:10858000F0B587B004460F46002103A81646314DCA
:1085900005F01EF84CBB0DF10A0007F0DFFBBDF83B
:1085A0000A309B0417D504A811F00AFC04AB3A4624
:1085B0002949022005F068F940B1049B274A186850
:1085C0000623AE60C1880068FEF7F8FD04A811F02C
:1085D00027FC032420E0224A4920224908F032FAED
:1085E00030466E6007F01AF9F3E7022C26D11E4AD6
:1085F00049201C4908F026FA039BB34214D96B6842
:1086000057201A4A1749009608F01CFA6B7B6E60D7
:10861000002BDED0013B6B73154A002115482C73EB
:1086200009F054FC07B0F0BD6A689342D1D20092C1
:108630005720114A0B4908F005FACAE723460F4AAA
:108640000849452008F0FEF96A68039B9A42C0D9A0
:10865000EDE700BFB0C200205F5A0608818604081B
:10866000455906083C5906085D5906086959060827
:10867000B882010079840408A55906085A580608EA
:1086800010B50446037B0A4A49200A4908F0DAF982
:10869000237B5BB1084A4920064908F0D3F9074B10
:1086A0009868BDE81040586007F0B8B810BD00BF2A
:1086B000C85906083C590608F0590608B0C20020FF
:1086C0000368013303BF002303601846012070478D
:1086D00010B50446074807F0B5F8074A234607498E
:1086E000492008F0AFF92146054A0648BDE8104088
:1086F00009F0ECBBB4C200200F5A06083C5906082A
:10870000B882010079840408037B4920014A0249A8
:1087100008F098B9655A0608895A06080422034BDE
:10872000002103481A70034A09F0D0BBC0C20020E0
:1087300055870408B88201000122034B0021034839
:108740001A70034A09F0C2BBC0C200205587040852
:10875000B882010030B52F4D8DB02F48FEF724FBB5
:108760002B78042B15D8DFE803F003232C313500D8
:108770002A4A49202A4908F065F9012229490B2093
:1087800002F086FF012802D1287000240BE00328A4
:1087900002D14FF0FF3406E047F23054224A20491C
:1087A000452008F04FF9FEF70DFB20460DB030BD17
:1087B00002211E48FFF7FCF80028EAD004232B70A2
:1087C000E3E71B491B4802F0E9FEE2E71A48FFF71E
:1087D00047F9F1E702A84EF660241AF087FA0A9BDF
:1087E000164A49200193099B0D490093029B08F00A
:1087F00029F907F06BFE0B2002F0A8FF0023287A6E
:108800002B7098426B6818BF4FF0FF34002BCAD012
:108810009847C8E7C0C20020EA5A0608925A0608DC
:10882000895A060839870408BE550608B588040821
:1088300041880408065B06081D870408D24D060817
:108840001FB50346144C0191F8B902A811F0B8FA0B
:1088500002AB019A0220114905F016F848B1029BBB
:108860000F4A18680323C1880068FEF7A7FC01239C
:10887000237202A811F0D4FA03230A4A00210A48FD
:10888000237009F023FB04B010BD084A45200849B5
:1088900008F0D8F8F0E700BFC0C200200C5B060863
:1088A00009870408B882010055870408AD5A0608F4
:1088B000895A060808B5084B40B902221A70074ABF
:1088C00000210748BDE8084009F000BB0422082049
:1088D0001A7004F097FBF2E7C0C20020B8820100D2
:1088E0005587040810B5084A04460849492008F08D
:1088F000A9F8074B0021074A5C60197006481972F5
:10890000BDE8104009F0E2BAC55A0608895A0608BF
:10891000C0C20020B882010055870408044B06221B
:10892000002118601A730348034A09F0CFBA00BF48
:10893000D0C2002081890408B88201000028064BBB
:108940004FF000010CBF0222062218601A73034880
:10895000034A09F0BBBA00BFD0C2002081890408D5
:10896000B88201000122034B002103481A73034A15
:1089700009F0ACBAD0C2002081890408B882010095
:10898000F0B55A4D8DB0FEF70BFA07465848FEF782
:108990000BFA2B7B062B16D8DFE803F004242D629C
:1089A00080879200534A4920534908F04BF801222E
:1089B0005249082002F06CFE012802D128730024DD
:1089C0000BE0032802D14FF0FF3406E047F23054A9
:1089D0004B4A4949452008F035F8FEF7F3F920469F
:1089E0000DB0F0BD02214748FEF7E2FF0028EAD0B3
:1089F00006232B73E3E7444E5821012007F008FEBD
:108A00000446306038B9414A45203B4908F01AF81D
:108A100005232B73E1E73E4A49203749002408F03B
:108A200011F8306811F0CCF93068083011F05EFBB5
:108A3000336807223749019338460823009411F020
:108A400081FE034630B93068334A00F1080101F075
:108A50002FFEB8E7314A2849452007F0F3FFD7E752
:108A6000294E49202E4A0024234907F0EBFF3068A5
:108A700011F0A6F93068083011F038FB3368254949
:108A800038460193072300941A4611F05BFE034613
:108A900010B93068234AD8E7234ADCE7234B012288
:108AA000E9881C4802F0BEFD8DE7174C206818B11C
:108AB00007F03EFE002323601D48FEF7D1FF95E737
:108AC00002A81C4C1AF012F90A9B1B4A4920019378
:108AD000099B09490093029B07F0B4FF07F0F6FCDD
:108AE000082002F033FE00232B7376E7D0C200206B
:108AF000AB5D0608125B06082A5B06086589040858
:108B0000BE5506083D890408CCC20020335B060828
:108B1000415B0608C45D0608DD8B04085E5B060841
:108B20007D5B06083D8B0408995B0608958C04085C
:108B30001D89040800974901D24D060870B51D4EE5
:108B40001D4D80BB336893F82020062A2BD19C6AE8
:108B500049201A4A23461A4907F074FF1CB9194ADA
:108B60001749492005E0AB88A34206D2164A572090
:108B7000134907F067FF052406E0012C01D1134AD1
:108B8000EEE7013CEC800424306811F049F93068CC
:108B9000083011F0E6FA2C730D4A00210D48BDE8AB
:108BA000704009F093B903460B4A0549452007F088
:108BB00049FFE0E7CCC20020D0C20020B65B060827
:108BC0002A5B0608C95B0608D25B0608DB5B060861
:108BD000B882010081890408FA5B060870B5184D57
:108BE000184E30BB2B6893F82020062A21D19C6AAE
:108BF0004920154A2346154907F024FFB4F5803F64
:108C000006D3134A4520114907F01CFF052401E053
:108C1000B4800324286811F003F92868083011F0A3
:108C2000A0FA34730B4A00210B48BDE8704009F0EC
:108C30004DB90346094A0549452007F003FFE5E71A
:108C4000CCC20020D0C20020175C06082A5B0608B0
:108C5000355C0608B8820100818904086C5C06084E
:108C600010B50446037B084A4920084907F0EAFE8C
:108C7000237B3BB1064843890430BDE81040838024
:108C800006F090BD10BD00BF8A5C06082A5B06088E
:108C9000D0C2002030B5314C87B003460D4620606D
:108CA000002854D1C988286807F080FF23892C4AFE
:108CB0006081009049202B4907F0C4FE6289238916
:108CC0009A423ED00DF10E0007F048F8BDF80E3084
:108CD000DB042BD5244A4920224907F0B3FE04A81F
:108CE00011F06EF804AB2A462049022004F0CCFDB6
:108CF00080B91F4A1B49452007F0A4FE04A811F0C3
:108D00008FF805231B4A00211B48237309F0DEF866
:108D100007B030BD049B194A18680723C188006852
:108D2000FEF74CFA0028E9D1154AE3E7154A492035
:108D30000C4907F087FE6389201D238106F032FD70
:108D4000DFE7114A4920074907F07CFED9E70F4ABF
:108D50004920044907F076FED3E700BFD0C20020C7
:108D6000AF5C06082A5B0608D05C0608CA5D0608E8
:108D7000EC5C0608B882010081890408618C040853
:108D8000045D0608185D06082E5D06085D5D060890
:108D900010B50446074806F01DFD074A234607495B
:108DA000492007F04FFE2146054A0648BDE810401D
:108DB00009F08CB8D4C20020805D06082A5B060842
:108DC000B8820100818904080922034B002103486D
:108DD0001A70034A09F07AB820C30020F1940408FD
:108DE000B882010010B50346084C40B90223237035
:108DF0000021074A0748BDE8104009F067B8064A55
:108E00004520064907F01EFE0923F0E720C3002095
:108E1000B8820100F1940408D05D0608DD5D060803
:108E20000122034B002103481A70034A09F04EB88F
:108E300020C30020F1940408B88201002DE9F04F0E
:108E40002F4F85B02F4C002855D13B6893F8202038
:108E5000062A50D1DFF8D4A04FF014099D6A4920AA
:108E60009AF80060DFF8C880A3F85A5038F8362026
:108E700008EBC60B244B029209FB0633BBF8022019
:108E800022491B69CDE90052214A07F0DBFD0DB9EB
:108E9000082313E0BBF8042038F836309A4205D98D
:108EA0001C4A1A49572007F0CDFDF1E7AA4201D923
:108EB000194AF6E701D3AB4210D104233868237076
:108EC00010F0AEFF3868083011F04BF9134A00215A
:108ED000134805B0BDE8F04F08F0F8BF9AF800302D
:108EE0004920094A094909FB03290E4AD9F81030DB
:108EF00007F0A8FDCCE703460B4A04494520F7E7F5
:108F000024C3002020C30020A4610608DD5D0608FC
:108F1000E65D0608D25B06080D5E0608B882010011
:108F2000F1940408325E0608425E0608E0C20020A2
:108F3000E2C2002038B5194C194D38BB226892F8AE
:108F40002030062B22D1936AB3F5803F06D3154A11
:108F50004520154907F076FD082308E09BB2134928
:108F6000A2F858300978124A22F8313003232068D9
:108F70002B7010F055FF2068083011F0F2F80D4A00
:108F800000210D48BDE8384008F0A0BF03460B4A59
:108F90000549452007F056FDDEE700BF24C3002049
:108FA00020C30020355C0608DD5D0608E0C2002015
:108FB000E2C20020B8820100F1940408605E060855
:108FC0002DE9F047DFF84C818AB0DFF84CA18946E3
:108FD000D8F800309AF80040B3F85E20424D0028DF
:108FE00069D1424E0DF1180C06EBC40756F8340057
:108FF0007968BA80ACE80300B3F858100DF1160098
:1090000026F83410B3F85A10B3F864307980FB8036
:1090100006F0A4FE9AF80020BDF81630C2F10B024B
:109020001341DB073AD508A810F0CAFE142108AB9B
:109030004A4601FB04510220073104F025FCD8B157
:10904000089B2B4A18680823C1880068FEF7B6F809
:1090500090B1D8F80030012208A883F8662010F0FB
:10906000DFFE244B0822002123481A70234A0AB04D
:10907000BDE8F04708F02ABF1423214A21495720B0
:1090800003FB04552B6907F0DDFC06AB002203CB84
:10909000D8F8003046F834007960DDE714231A4A26
:1090A0001849492003FB0454236907F0CBFC3046E0
:1090B00006F0CEFBD5E7B3F85C101423914203FB16
:1090C0000454236908D000910E49CDE901200F4ACC
:1090D000572007F0B7FCC4E7CDE900100C4A572031
:1090E000084907F0AFFCBCE7A4610608E2C2002013
:1090F000E593040820C30020F1940408B88201001D
:109100007D5E0608DD5D0608AB5E0608CA5E0608E1
:10911000FA5E060824C30020E0C2002037B5134AD7
:109120000B46134C156878B91868C98807F03EFDDE
:109130000723A5F864000F4A00210F48237003B0ED
:10914000BDE8304008F0C2BE0C4B14211A780C4B1D
:109150000190572001FB0233B5F85E2009491B69D5
:109160000092094A07F06EFC0823E4E724C30020BC
:1091700020C30020B8820100F1940408E0C200205E
:10918000A4610608DD5D0608FA5E060837B52A4ABE
:109190000B462A4C157800283CD11868C98807F07E
:1091A00005FD274B226803EBC503DB888342B2F839
:1091B0005C3012D10133B2F86010B2F85A009BB2A1
:1091C0005C18A2F85C308442DEBF01F1FF315B180D
:1091D00098B2A2F85E00062305E0012B0DD9013BF1
:1091E000A2F85C300523174A002117481370174A6C
:1091F00003B0BDE8304008F069BEB2F86000B2F8D4
:109200005A1003448B42DCBF03F1FF3399B2A2F83A
:109210005E10E0E714220E4B0190572002FB05334D
:1092200022680C49B2F85C201B6900920A4A07F0D8
:1092300009FC0823D7E700BFE0C2002024C30020B8
:10924000E2C2002020C30020F1940408B88201008B
:10925000A4610608DD5D0608FA5E0608554B2DE997
:10926000F04F1426544C8A4683462DED028B93F81A
:10927000008089B006FB08F6A3191F69002840F09A
:1092800090800B6806A8B1F8069008EE103A4B4B98
:109290001B68DB689847079D04A810F091FDF11D3D
:1092A00005EB450504AB214452460220ADB204F063
:1092B000EBFA044648B1049BBAF806001B68DC8848
:1092C000A04236BF241A5C46A4B204A83C4E10F05B
:1092D000A7FD2B1B326893FBF9F39BB23BB3A2F8BB
:1092E00060304920B2F860303649374ACDF80090F6
:1092F000CDE901433B4607F0A5FB494618EE100AAD
:10930000346807F053FC314AA4F862004FEAC80001
:1093100092F83930022B0CD033680244B3F85A105B
:10932000B3F8623091805180D380082318E0012384
:10933000D5E731681044B1F85A4083889C421BD964
:109340000133B1F860209BB29818A1F85C30A042BC
:10935000DEBF02F1FF329B189CB20623A1F85E40EB
:109360001B4A00211B4813701B4A09B0BDEC028B3D
:10937000BDE8F04F08F0AABD32F83830A342D4D18E
:10938000C088B1F86220904206D13B46134A0D498D
:10939000492007F057FBC8E7013BA1F85C300523E3
:1093A000DEE700903B460E4A5720064907F04AFB8D
:1093B000BBE700BFE0C20020A461060854CB002038
:1093C00024C30020DD5D0608225F0608E2C20020FB
:1093D00020C30020F1940408B8820100325E060820
:1093E000605F060810B50446037B0C4A49200C490F
:1093F00007F028FB237B7BB10A4B07220A481B7826
:109400000133B3FBF2F2C2EBC2029B1A80F8383090
:10941000BDE8104006F01CBA10BD00BF8D5F060805
:10942000DD5D0608E0C20020E2C2002025490722D7
:1094300010B50B780133B3FBF2F2C2EBC2029B1AF8
:10944000214ADBB20B7092F83910022900D190B991
:1094500092F83800984206D01C4A00211C48BDE80A
:10946000104008F033BD022905D00223164882F8C7
:10947000393006F0EDF9174C23681B6898472368CC
:10948000154A01465B6910689847144B984212D8F8
:109490004FF47A73124A1349B0FBF3F0C0F55B1432
:1094A000492004F53A54B4FBF3F307F0CBFA074A2A
:1094B00021460D48D3E70D4A57200A49002407F0FA
:1094C000C1FAF4E7E0C20020E2C20020B882010045
:1094D000F194040878CB00201CC30020FFA393D68E
:1094E0007E560608DD5D060859980408AC5F06083C
:1094F0002DE9F041AA4F8CB0AA4DFDF751FC06466C
:10950000A9483C78FDF750FC2B78092B44D8DFE8BC
:1095100013F00A002D004E008900B200C700DF00E2
:10952000F5001E012201A1481421A14A01FB0404F7
:10953000A0494920236907F085FA01229E490A20A3
:1095400002F0A6F8012807D100242870FDF73AFCA4
:1095500020460CB0BDE8F08103281DD0974A452075
:10956000944947F2305407F06DFAEFE76821012083
:1095700007F04EF8924B0446186080B14FF0FF356B
:10958000904B0221A0F86450C0E91753002380F8E3
:1095900066308D48FEF70CFA4FF0FF34D6E78B4A61
:1095A0005720844907F04EFA09232B70CEE7142187
:1095B0007E4FDFF80C8249204C43854A7D493B1998
:1095C0001B6907F03FFAD8F8000010F0F9FBD8F853
:1095D0000000083010F08AFDD8F80030611C00242B
:1095E00001930722082339443046009411F0AAF869
:1095F000034638B9D8F80000764A00F1080101F0B6
:1096000057F8C9E7744A6B49452007F01BFAD8F8A8
:10961000000010F005FCD8F80000083010F0A1FDA3
:109620000823C2E71421614FDFF8948149204C439D
:109630006A4A60493B191B6907F004FAD8F8000030
:1096400010F0BEFBD8F80000083010F04FFDD8F83D
:109650000030611C002401930723394430461A4628
:10966000009411F06FF8034618B9D8F800005C4A6E
:10967000C3E75C4AC7E714204C4D5B4A44434D495D
:1096800049202B1901341B6907F0DCF94C4B0122EE
:109690001968564BB1F85A10281901F0C3FF7BE73F
:1096A00039781420524B4443404D03EBC103492009
:1096B0002A194049DB880134009313694D4A07F0A9
:1096C000C1F93F4B012219684B4BB1F85C10E3E73D
:1096D00014203B4E354D4443326836494920B2F898
:1096E0005E202B1901341B690092444A07F0AAF945
:1096F0003168434B0122B1F85E10CDE7304E2B4D5F
:109700003368B3F85C20B3F85E1014238A4203FB7D
:1097100004531B6914D24920CDE90021394A254957
:1097200007F090F933681420B3F85E2000FB045072
:10973000B3F85C100132344B0130521A92B2ACE7EC
:1097400000924920314A1B4907F07CF9EAE730488A
:10975000FEF786F920E71A4C2068F0B190F8660011
:10976000FFF764FE206806F0E3FF0023236002A8F1
:10977000284C19F0BBFA0A9B274A49200193099B00
:109780000C490093029B07F05DF906F09FFE0A204A
:1097900001F0DCFF00232B70D8E6FFF747FEE6E779
:1097A000E0C2002020C300208F610608A4610608E3
:1097B000D75F0608DD5D0608218E0408BE55060841
:1097C00024C300200000FFFFE58D0408F45F0608B5
:1097D0000E600608358F0408336006084F600608DF
:1097E0003D8E0408736006088F6006085D920408C9
:1097F000E2C20020A66006088D910408C960060830
:109800001D910408E7600608C18F04080D61060871
:10981000C98D040880EE3600D24D060810B590F8C8
:109820003930013B012B14D9034600F138010022E5
:109830004FF6FF741A80083323F8062C23F8042C03
:1098400023F8024C8B42F5D14FF48073038700203C
:1098500010BD0120FCE7000010B50E4806F00AF824
:109860000C480C4CFFF7DAFF10B9204605F0F0FF6A
:10987000094B1B681B689847084B94F83820002157
:109880001860074B07481A70074A08F01FFB4FF093
:10989000FF3010BDE2C2002078CB00201CC30020A6
:1098A000E0C20020F1940408B882010010B504461B
:1098B0000346064A4920064907F0C4F82146054AEE
:1098C0000548BDE8104008F001BB00BF2B61060849
:1098D000DD5D0608B882010059980408F0B58FB024
:1098E0000646002107A803F073FE044638B9254A4E
:1098F0004520254907F0A6F820460FB0F0BD07998E
:1099000008A80BF051FE08A80BF05EFD08A80BF0AC
:10991000AFFD054608A80BF0E7FD044608A80BF0CC
:1099200021FE2146074628460BF05EFEB042034664
:1099300028BF3346DBB2BB420ED80134E4B20C2C54
:1099400082BF01350124ADB2214628460BF04CFE02
:10995000B04228BF3046C3B2002229460BA800926D
:10996000CDE90322CDE9012222460BF081FC0BA8B0
:109970000CF052F8054A044603460349492007F013
:1099800061F8B9E7306206084062060849620608D5
:109990000522034B002103481A70034A08F096BAC7
:1099A00034C30020ED990408B88201000028054B5B
:1099B0004FF0000104480CBF022205221A70034A2E
:1099C00008F084BA34C30020ED990408B88201007D
:1099D0000122034B002103481A70034A08F076BAAB
:1099E00034C30020ED990408B8820100F0B5514D50
:1099F0008DB0FDF7D5F907464F48FDF7D5F92B781F
:109A0000052B1BD8DFE803F003293267717C0124A2
:109A10004A4B4B4A49201C704A4B4B491A604B4AEF
:109A200007F010F822464A49072001F031FEA04213
:109A300002D1287000240BE0032802D14FF0FF343C
:109A400006E047F23054434A3F49452006F0FAFF0A
:109A5000FDF7B8F920460DB0F0BD02213E48FDF7F4
:109A6000A7FF0028EAD005232B70E3E73B4E6021D7
:109A7000012006F0CDFD0446306038B9384A452053
:109A8000314906F0DFFF04232B70E1E7354A492016
:109A90002D49002406F0D6FF306810F091F93068A7
:109AA000083010F023FB33682F4938460193072311
:109AB00000941A4610F046FE034630B930682B4A2F
:109AC00000F1080100F0F4FDB8E7294A45201E49DD
:109AD00006F0B8FFD7E7214B012223481968254B30
:109AE000B1F8581001F09EFDA8E71C4C206818B191
:109AF00006F01EFE002323601F48FDF7B1FFB0E70C
:109B000002A8002619F0F2F80A9B1C4A492001938A
:109B1000099B0D490093029B06F094FF06F0D6FCCA
:109B200007202E7001F012FE064B1C68034B1E70BE
:109B30008EE700BF34C30020AA6406082CC30020AF
:109B4000804F120030C300204062060860620608A1
:109B5000D1990408BE550608AD99040828C3002011
:109B600082620608A9620608CD640608819B040883
:109B7000995B0608E19D040891990408D24D0608F6
:109B800070B5184C184D30BB236893F82020062A76
:109B900021D19E6A4920154A3346154906F052FFE5
:109BA0003EB9144A4920124906F04CFF04232B7099
:109BB00003E003232B7023689E65206810F030F9C2
:109BC0002068083010F0CDFA0B4A00210B48BDE8A0
:109BD000704008F07BB90346094A0549452006F064
:109BE00031FFE3E728C3002034C30020B65B06083A
:109BF00040620608C95B0608B8820100ED990408B6
:109C0000FA5B060813B5044640B9194A57201949AA
:109C100006F018FF4FF0FF3002B010BD002101A880
:109C200003F0D6FC18B9144A45201249F0E7019810
:109C3000A0420BD3041B4FF47A70104B44439C4258
:109C400013D80F48001B03F09DFCE5E7241A0C48CD
:109C500003F098FC4FF47A7303FB04008442DBD9D1
:109C6000084A4520034906F0EDFE0020D4E700BF76
:109C7000DC6206084062060830620608FF96490169
:109C8000009749010863060810B5FFF7BBFF0446BB
:109C90000346064A0649492006F0D4FE2146054AF5
:109CA0000548BDE8104008F011B900BF1763060869
:109CB00040620608B8820100ED990408A0F1200373
:109CC000DBB2DE2BF0B506468BB00C4607D8034658
:109CD000274A2849452006F0B5FE002046E0FF2827
:109CE000FBD049B9FFF7FAFD04462346224A214931
:109CF000492006F0A7FE38E0002106A803F068FC22
:109D0000054660B30027069B9C42EED8214607A873
:109D10000BF04AFC07A80BF0ABFB044607A80BF0BE
:109D2000E3FB0130C5B20C2D82BF01340125A4B282
:109D3000294620460BF058FCB04221462A4628BF4F
:109D400030460097C3B207A8CDE90377CDE9017784
:109D50000BF08EFA07A80BF05FFE0446D3E72C4603
:109D6000064A0449452006F06DFE20460BB0F0BDC2
:109D70004C630608406206087663060830620608EF
:109D800013B50446037B124A4920124906F05AFED5
:109D9000237BABB101A90DF1030006F0BFF80199D7
:109DA0009DF80300FFF78AFF014601909DF803002C
:109DB00006F0B2F8084B01981B781BB9FFF764FF57
:109DC00002B010BDFFF71EFF044B1860F8E700BF9C
:109DD00096630608406206082CC3002030C30020AA
:109DE0001FB50C46034658BB0DF1060005F0B6FF43
:109DF000BDF80630DB0419D5144A4920144906F091
:109E000021FE02A80FF0DCFF02AB2246114902201E
:109E100003F03AFD38B1029B0F4A18680723C18846
:109E20000068FDF7CBF902A80FF0FAFF0B4B0422F4
:109E300000210B481A700B4A08F048F804B010BD16
:109E4000094A4920024906F0FDFDEFE7C56306080F
:109E500040620608D3640608819D040834C30020CC
:109E6000ED990408B88201005D5D060807B501A9F7
:109E70000DF1030006F052F89DF80330FF2B07D1D7
:109E8000154A4920154906F0DDFD03B05DF804FBD5
:109E9000A3F12002D2B2DE2A09D8114A45200F4987
:109EA00006F0D0FD0021FF2006F036F8EDE70D4A60
:109EB00049200A4906F0C6FD019B4BB90A4A5720C2
:109EC000064906F0BFFD9DF80300FFF707FD01906E
:109ED0000198FFF7D9FED8E7E96306084062060853
:109EE00014640608516406087C640608044B0622C4
:109EF000002118601A730348034A07F0E7BF00BF48
:109F00003CC30020519F0408B88201000028064B82
:109F10004FF000010CBF0222062218601A7303489A
:109F2000034A07F0D3BF00BF3CC30020519F040881
:109F3000B88201000122034B002103481A73034A2F
:109F400007F0C4BF3CC30020519F0408B882010041
:109F5000F0B55A4D8DB0FCF723FF07465848FCF783
:109F600023FF2B7B062B16D8DFE803F004242D6299
:109F700080879200534A4920534906F063FD01222D
:109F80005249092001F084FB012802D128730024E2
:109F90000BE0032802D14FF0FF3406E047F23054C3
:109FA0004B4A4949452006F04DFDFCF70BFF204682
:109FB0000DB0F0BD02214748FDF7FAFC0028EAD0B9
:109FC00006232B73E3E7444E5821012006F020FBC3
:109FD0000446306038B9414A45203B4906F032FD1D
:109FE00005232B73E1E73E4A49203749002406F058
:109FF00029FD30680FF0E4FE3068083010F076F884
:10A00000336807223749019338460823009410F03B
:10A0100099FB034630B93068334A00F1080100F07B
:10A0200047FBB8E7314A2849452006F00BFDD7E742
:10A03000294E49202E4A0024234906F003FD3068AA
:10A040000FF0BEFE3068083010F050F83368254934
:10A0500038460193072300941A4610F073FB034619
:10A0600010B93068234AD8E7234ADCE7234B0122A2
:10A07000E9881C4801F0D6FA8DE7174C206818B122
:10A0800006F056FB002323601D48FDF7E9FC95E729
:10A0900002A81C4C18F02AFE0A9B1B4A4920019377
:10A0A000099B09490093029B06F0CCFC06F00EFACE
:10A0B000092001F04BFB00232B7376E73CC3002003
:10A0C000B1650608D9640608F8640608359F0408D7
:10A0D000BE5506080D9F040838C30020335B0608F0
:10A0E000415B0608D1650608ADA104085E5B060861
:10A0F0007D5B06080DA10408995B060879A2040897
:10A10000ED9E040800974901D24D060870B51D4E1A
:10A110001D4D80BB336893F82020062A2BD19C6A02
:10A1200049201A4A23461A4906F08CFC1CB9194AE0
:10A130001749492005E0AB88A34206D2164A5720AA
:10A14000134906F07FFC052406E0012C01D1134AD7
:10A15000EEE7013CEC80042430680FF061FE3068CB
:10A1600008300FF0FEFF2C730D4A00210D48BDE8AA
:10A17000704007F0ABBE03460B4A0549452006F088
:10A1800061FCE0E738C300203CC30020B65B060852
:10A19000F8640608C95B0608D25B0608DB5B0608A4
:10A1A000B8820100519F0408FA5B060870B51C4D87
:10A1B0001C4E30BB2B6893F82020062A29D19C6ABC
:10A1C0004920194A2346194906F03CFCB4F5803F62
:10A1D00006D3174A4520154906F034FC052401E052
:10A1E000B480032428680FF01BFE286808300FF0A5
:10A1F000B8FF34730F4A00210F48BDE8704007F0E4
:10A2000065BE0B2801D0042803D10C4A4920074918
:10A21000E2E703460A4A0549452006F013FCDDE75C
:10A2200038C300203CC30020175C0608F864060809
:10A23000355C0608B8820100519F040801650608D4
:10A240006C5C060810B50446037B084A492008499F
:10A2500006F0F8FB237B3BB1064843890430BDE898
:10A260001040838005F0F6BB10BD00BF17650608DF
:10A27000F86406083CC3002030B5314C87B0034673
:10A280000D462060002854D1C988286806F08EFC4D
:10A2900023892C4A6081009049202B4906F0D2FB8B
:10A2A000628923899A423ED00DF10E0005F056FDD9
:10A2B000BDF80E30DB062BD5244A4920224906F092
:10A2C000C1FB04A80FF07CFD04AB2A462049022004
:10A2D00003F0DAFA80B91F4A1B49452006F0B2FBA9
:10A2E00004A80FF09DFD05231B4A00211B48237382
:10A2F00007F0ECFD07B030BD049B194A18680B232A
:10A30000C1880068FCF75AFF0028E9D1154AE3E745
:10A31000154A49200C4906F095FB6389201D2381CD
:10A3200005F098FBDFE7114A4920074906F08AFB50
:10A33000D9E70F4A4920044906F084FBD3E700BF60
:10A340003CC30020AF5C0608F864060843650608B5
:10A35000D7650608EC5C0608B8820100519F040826
:10A3600045A20408045D0608626506082E5D06081D
:10A370005D5D060810B50446074805F087FB074AEF
:10A3800023460749492006F05DFB2146054A064859
:10A39000BDE8104007F09ABD40C300207F65060865
:10A3A000F8640608B8820100519F040808B5084AFD
:10A3B0004520084906F046FB074BFD2200210748CF
:10A3C0005A62642207F082FD4FF0FF3008BD00BFE3
:10A3D000DD650608E86506084CC30020E1A3040813
:10A3E00010B50A4C0A4800F08FFA04F10C0009F08D
:10A3F0004FF8A369606A9847E06906F099F9054843
:10A4000007F0ECFD4FF0FF3010BD00BF4CC3002043
:10A4100019A40408ADA304082DE9F043604D89B0E8
:10A4200006460C46FCF7BCFC0746D5E90089FCF75C
:10A43000D1FC00284AD1052C3ED85A4A5A49572007
:10A4400006F000FBA3B2314605A81A46039308F0B4
:10A45000FBFF4A4605A9384610F086FA40F21D1265
:10A46000044690421BD197F83620012A19D197F85B
:10A470009420302A15D14D4A49204B4906F0E2FA82
:10A48000039B2022314605A887F894201A4608F03D
:10A49000DBFF4A4605A9384610F066FA0446002C50
:10A4A00037D002266422002141486C6207F00EFD7D
:10A4B000304609B0BDE8F08333787E2B04D13319E0
:10A4C00013F8013C7E2BBDD03A4AB7E70128B9D139
:10A4D000072C01D8384AB1E705A93046FCF704FD3E
:10A4E000BDF81430012B01D0344AA7E7BDF81A207B
:10A4F000A4F108039A4206D900924920304A2A4919
:10A5000006F0A0FA9EE79DD2009245202D4A2649EA
:10A51000F6E799F81030002B3FD048460FF0E1FDE8
:10A52000064600B3284A384699F8001010F01FFA82
:10A53000064680B1244808F0ABFF244A1A49334646
:10A54000452006F07FFA6422214619486E622646AD
:10A5500007F0BCFCACE7698AE86800F013FA6422F3
:10A56000296A1B48F3E7AB680133AB6098F8052014
:10A5700093420DD0D8F8002052F82330D9881868BB
:10A5800000F000FA6422296A114807F09FFC8FE767
:10A590006422214606486C62F7E7012688E700BF7F
:10A5A0004CC30020F1650608E8650608B566060894
:10A5B000E1A30408136606082F6606085466060819
:10A5C000736606089466060858C300200F670608DD
:10A5D000ADA30408704700002DE9F04106460F4680
:10A5E0001D4632B92A4A45202A49BDE8F04106F005
:10A5F00029BA294CA26190F80580B8F1000F09D161
:10A60000264A5720234906F01DFAA3694046BDE8B3
:10A61000F041184740F2112005F0C2FF0146E06109
:10A6200038B91F4A45201B4906F00CFAA3690220DD
:10A63000EDE740F211221B4800F026F960B91A4AF2
:10A640004520144906F0FEF9A36902209847E06905
:10A65000BDE8F04106F06CB80023C4E90067C4E926
:10A660000233C4E9043385B14FF47A735D43336830
:10A6700025621B68D988186800F084F9216A642271
:10A680000A48BDE8F04107F021BC43F69825EEE703
:10A6900023670608E86506084CC30020C751060872
:10A6A0003267060819A404084C670608ADA304081D
:10A6B0000F23FFF791BF0000104B1B6870B50D46CC
:10A6C000D3B10F4E0F4A346812686118914281BFAE
:10A6D000151B01210C4A11702A460146181918F061
:10A6E000D5FA2C44094B44F62062346019680848B6
:10A6F000BDE8704007F0EABB70BD00BF68C0002035
:10A7000078C500206CC000207CC5002080C50020DA
:10A710001DA70408002010707047000000232DE9D9
:10A72000F3413E4E8DF8073033684BB93C4A452023
:10A730003C4906F087F94FF0FF3002B0BDE8F081E8
:10A74000394C4920394A2368364906F07BF90DF126
:10A75000070221683068FFF7DDFF0546A8B93768B2
:10A76000334B9F4225D19DF80750002DE3D1314E48
:10A770005720314A33782B4906F064F9218838464E
:10A7800006F0AAF935702560D5E72368834205D223
:10A790002A4A4520234906F055F9256830682A469B
:10A7A000411918F080FA2268551B2560002DD6D17A
:10A7B000C1E7204D2B7833B1214A4520194906F0D5
:10A7C00041F900232B701F4B25681B68EBB13068E3
:10A7D000D8B12946984710F0FD07ACD1DFF86C805E
:10A7E000D8F80030DB6898472268AA420BD9306855
:10A7F000561B4119324618F056FA2660D8F8003038
:10A800001B69984797E72760F8E72B460E4A0549EA
:10A81000572006F017F9002323608CE768C000205A
:10A82000626706086F67060878C500207867060823
:10A8300074C300207CC50020A36706088067060853
:10A84000B667060874C50020C567060874CB0020EB
:10A8500010B50021044607F00DFE094807F078FF07
:10A86000012007F097FE07F013FF42F21073B3FBCD
:10A87000F4F04000034B012838BF0120186010BDE0
:10A88000B9A6040880C500202DE9F843174F0646F5
:10A89000DFF86C800D463B681446DB689847D8F8B3
:10A8A000003003BB1249DFF85C900A6842B1A24253
:10A8B000284628BF22460A60D9F8001018F0E6F9A9
:10A8C0000C4BC9F800501C600124C8F800603B68BC
:10A8D0001B69984724B9084A4520084906F0B2F890
:10A8E0002046BDE8F8830024F1E700BF74CB0020C8
:10A8F00078C500206CC00020DD6706086F67060879
:10A9000074C5002068C0002070B5164D0446164E70
:10A910002B68DB6898473368A34221D1134B144C52
:10A920001A684AB1B2F5007F2168124828BF4FF477
:10A9300000721A6018F0AAF90E4B4FF400722360EF
:10A9400001240D4B1A60002333602B681B69984764
:10A9500024B90A4A45200A4906F074F8204670BD19
:10A960000024F2E774CB002074C5002078C50020D5
:10A9700068C0002074C300206CC00020F767060880
:10A980006F67060838B505460C460B46054A06496A
:10A99000492006F057F821462846BDE8384007F020
:10A9A0007DBE00BF1C6806086F67060838B50D4BF2
:10A9B0001C68034604F1080520B10B4A45200B49E9
:10A9C00006F040F828460FF0CCFB20460FF028FA9E
:10A9D000074B0522002107481A70074ABDE8384096
:10A9E00007F074BAA8C5002024680608366806086F
:10A9F000A4C5002009AC0408B882010038B50E4B8C
:10AA00001C6804F10805206628B103460B4A0C496E
:10AA1000452006F017F828460FF0A3FB20460FF05C
:10AA2000FFF9084B0222002107481A70074ABDE8C7
:10AA3000384007F04BBA00BFA8C5002024680608BC
:10AA400036680608A5C5002081AF0408B882010059
:10AA500038B50E4B1C6804F10805206628B1034682
:10AA60000B4A0C49452005F0EDFF28460FF079FB15
:10AA700020460FF0D5F9084B0122002107481A7033
:10AA8000074ABDE8384007F021BA00BFA8C500203A
:10AA90003F68060836680608A5C5002081AF04088F
:10AAA000B88201002DE9F041134F0546FCF778F913
:10AAB000124E3C6804F108082566ADB13B6845209C
:10AAC0000F4A1B6E0F4905F0BDFF0523204633706A
:10AAD0000FF0A6F940460FF044FB0B4A00210B484B
:10AAE000BDE8F04107F0F2B904F10C010FF0BEFD32
:10AAF00020660028E2D1E8E7A8C50020A4C5002010
:10AB00004E68060836680608B882010009AC0408D9
:10AB10002DE9F843DFF87C800646FCF741F9184F31
:10AB2000D8F80040054604F10809266666B1D8F851
:10AB300000304520134A1B6E134905F083FF95F83A
:10AB4000353073B105230DE004F10C010FF010FD59
:10AB500020660028EBD195F83630012BF2D903237B
:10AB600000E0042320463B700FF05AF948460FF0EE
:10AB7000F8FA064A00210648BDE8F84307F0A6B9EE
:10AB8000A4C500205E68060836680608B882010081
:10AB900009AC0408A8C500202DE9F041144F054672
:10ABA000FCF7FEF8134E3C6804F108082566ADB1C9
:10ABB0003B684520104A1B6E104905F043FF0523F2
:10ABC000204633700FF02CF940460FF0CAFA0C4AB9
:10ABD00000210C48BDE8F04107F078B904F10C0100
:10ABE0000FF043FC20660028E2D10223E8E700BF13
:10ABF000A8C50020A4C500206E68060836680608AF
:10AC0000B882010009AC04082DE9F043A64C93B0CA
:10AC1000DFF8D882FCF7C4F80646A4482568FCF79C
:10AC2000C3F898F8009005F10807B9F1050F00F294
:10AC3000C980DFE819F00600C900EA00FA000A013D
:10AC40005D01236849209A4993F85820994B53F89D
:10AC50002230994A05F0F6FE28460FF0B1F8384642
:10AC60000FF044FA236893F85850032D3AD8DFE8E0
:10AC700005F0022F32354FF010090027FCF7AAF833
:10AC800001234A46029030461946CDE900570EF09E
:10AC900097F84FF0022373664FF40073A6F8523012
:10ACA000FCF77EF82368089705460D9793F858300F
:10ACB0008DF814708DF815708DF816708DF817706A
:10ACC000CDE90677032B14D8DFE803F0610E6D732E
:10ACD0004FF02009D1E74FF03009CEE702254FF0C1
:10ACE0005009CAE74D46C8E70DF1150107A802F063
:10ACF00001FD05F13807384608F0CAFB9DF815201C
:10AD00000799384608F04CFB302300226B49A5F820
:10AD10009430281D102308F097FB10230022684967
:10AD2000E81808F091FB236805F1C0040DAADB6D5B
:10AD30000DF1160108A8C5F8BC300DF1170302F09B
:10AD40000AFD204608F0A4FB204605F198049DF872
:10AD500017200D9908F024FB204608F099FB9DF878
:10AD600016200899204605F1B00408F019FB05A942
:10AD700006A803F06FFA204608F08AFB9DF814201D
:10AD80000699204608F00CFB0023C5F8CC3096F855
:10AD90003540A4B9012388F80030FCF713F82046A9
:10ADA00013B0BDE8F0830DF1150107A802F0B1FC66
:10ADB0009FE70DF1150107A802F0BCFC99E70223FB
:10ADC00088F800300024E8E729463046D4F800909F
:10ADD0000FF090FA2368C9F860001B6E43B9052391
:10ADE000384A39462846FFF7F7FB4FF0FF34D4E7DF
:10ADF000354A2F49452005F025FE28460FF010F86A
:10AE000038460FF0AEF90523DAE729463046D4F884
:10AE100000900FF03AFB2368C9F860001B6E13B96D
:10AE200005232A4ADDE72A4AE3E729463046D4F8D3
:10AE300000900FF0CDFB2368C9F860001B6E13B9BA
:10AE40000523244ACDE7244AD3E728460EF0B8FF6D
:10AE500038460FF04BF9294630460FF006FE034600
:10AE6000B0B96C7964B91D4A4920114905F0EAFD71
:10AE700038460FF076F928460EF0D2FF05238AE710
:10AE8000174A49200A4905F0DDFD0523154AA8E7C0
:10AE9000154A4520064905F0D5FD38460FF061F901
:10AEA00028460EF0BDFFAEE7A8C50020A06A060840
:10AEB00036680608B46A06087E68060884C500205D
:10AEC00094C5002099AB04088C68060811AB0408EF
:10AED000A6680608A5AA0408C0680608EF68060860
:10AEE00003690608ADA904081E690608A4C5002068
:10AEF00023681A6E002A36D193F8582049201C4B3B
:10AF00001C4953F822301C4A05F09CFD96F8363057
:10AF1000012B13D90DAD112208A9D6F8B000FBF70B
:10AF2000B3FF1122294606F11C00FBF7ADFF08AB69
:10AF3000124A49200F49009505F084FD2368002539
:10AF4000196E93F85800B1FA81F1490902F090F8AE
:10AF50002368D3E918029047206888F8005005F06C
:10AF6000E7FB256041E730460DF0A2FFE6E700BFB2
:10AF7000B46A060836680608386906084A69060889
:10AF80002DE9F047474EFBF70BFFDFF84091804675
:10AF900045483568FBF708FF99F8004005F10807B8
:10AFA000012C3AD0022C6ED0002C6AD128460EF02B
:10AFB00007FF38460FF09AF83C4A3D49492005F012
:10AFC00041FD4FF4007322462946A8F8523040460E
:10AFD000D6F800A00FF0CDFC3368CAF860001B6EF5
:10AFE00043B90523334A39462846FFF7F5FA4FF0AF
:10AFF000FF340DE0304A45202D4905F023FD384649
:10B000000FF0AFF828460EF00BFF012389F800304F
:10B01000FBF7D8FE2046BDE8F08728460EF0D0FEAC
:10B0200038460FF063F82946404634680FF01DFD9E
:10B03000336820661B6EB3B96C7964B91F4A492026
:10B040001B4905F0FFFC38460FF08BF828460EF040
:10B05000E7FE0223DAE71A4A4920154905F0F2FC17
:10B060000523184ABFE7184A4520114905F0EAFCB4
:10B0700038460FF076F828460EF0D2FE022389F803
:10B0800000300024C4E733680024D3E91802904755
:10B09000404689F800400DF00BFF306805F048FB92
:10B0A0003460A4E7A8C50020916A06087169060803
:10B0B0003668060851AA04087E690608EF68060883
:10B0C00003690608FDA904081E690608A5C5002035
:10B0D0002DE9F04107460E4615463AB9154A16497C
:10B0E000452005F0AFFCFB20BDE8F081DFF8608073
:10B0F000D8F800400CB1114AF1E76821012005F0B1
:10B1000087FAC8F8000038B90D4A45200A4905F009
:10B1100099FC4FF48270E7E70A4B214680F858709B
:10B12000C665094A1C70C0E91845084806F0CEFEFD
:10B130002046D9E79569060836680608BE690608FC
:10B14000E9690608A4C50020B882010009AC04081A
:10B15000A8C50020F8B50546FBF722FE064635B91E
:10B16000144A1549452005F06DFCFB20F8BD134F2E
:10B170003C680CB1124AF4E76821012005F048FA56
:10B18000386038B90F4A45200B4905F05BFC4FF495
:10B190008270EBE796F835200B49B2FA82F2520939
:10B1A000C0E918450A702146084A094806F08EFE93
:10B1B0002046DBE7166A060836680608A8C50020A0
:10B1C000396A06085E6A0608A5C50020B882010033
:10B1D00081AF040810B5114CB0B9226892F828303C
:10B1E000062B11D1136B49200D49D3660D4A05F08A
:10B1F00029FC2368012200210B4883F860200B4AB8
:10B20000BDE8104006F062BE0346094A04494520E5
:10B2100005F018FC23689A6FDA66EBE7ACC50020EE
:10B22000D26A0608C46A060869B20408B882010036
:10B23000DB6A06087FB505914379094A04930379CF
:10B2400008490393C378029383780193437800936A
:10B250000378492005F0F6FB07B05DF804FB00BF5A
:10B26000026B0608D26A06082DE9F047724D9AB0C3
:10B27000FBF796FD8046D5F800A0704856460AF1C7
:10B28000100756F8049BFBF78FFD286890F8604084
:10B29000012C2CD0022C00F0B280002C40F0C48095
:10B2A00030460EF08DFD38460EF020FF04230722B5
:10B2B00049464046CDE900460FF044FA034638B906
:10B2C0005F4A39463046FFF7F3F94FF0FF3408E0A4
:10B2D0005C4A45205C4905F0B5FB2B68022283F8E7
:10B2E0006020FBF76FFD20461AB0BDE8F0873046BE
:10B2F0000EF096FD38460EF034FF30460EF060FD3D
:10B3000038460EF0F3FE2B688AF83F4007211A6892
:10B3100009A809F0D5FC2A6892F86830012B0FD0F3
:10B32000022B3DD0002B56D1072249464046CDE99D
:10B33000003602230FF006FA002853D1434AC0E733
:10B34000116F41B902A802F043F920B12A68029BAB
:10B35000D16E5B1A13672868D0E91B13B3FBF1F2B7
:10B3600001FB12329B1A4A1E1A44036742674920A6
:10B37000CDE90021364A344905F064FB2B6803A867
:10B38000196F0AF011F92B6806A8596F0AF00CF929
:10B3900006AB03AA09A9404600960FF039FACBE79D
:10B3A000B2F87E302B482C49B2F87C20012B98BF94
:10B3B00001464920CDE90012284A234905F042FB05
:10B3C0002A6809A94046B2F87E30B2F87C2000967F
:10B3D0000FF012FAB0E7224A45201B4905F032FB74
:10B3E0004FF0FF3003461F4A1749452005F02AFB5E
:10B3F0002B6840F60202A3F86020002471E7C36EB8
:10B4000000F11401026F446E1A4490F86100A047E5
:10B4100030460EF005FD38460EF0A3FE286805F014
:10B4200087F900232B6050E723460F4A0649452041
:10B4300005F008FBE1E700BFACC50020546C06082E
:10B44000D5B10408236B0608D26A06086DB4040857
:10B45000316B0608287E06085A5B06085B6B0608F7
:10B46000786B0608836B06089E6B0608F7B5244CBC
:10B47000054602264FF6FF732068ADF8063080F8C7
:10B48000606004300EF0CCFC85B12B461D4A1E498D
:10B49000452005F0D7FA2368082283F861201B4A6B
:10B4A00000211B4806F012FD03B0F0BD20680DF12D
:10B4B0000601878B143009F06BFC014610B103467E
:10B4C000144AE4E7BDF806302268012B97830ED9B1
:10B4D00092F86800022804D0012382F861300B4AF8
:10B4E000DFE7B2F87E00984205D00723F5E713B9ED
:10B4F00082F86160D3E7002182F86110EFE700BFB6
:10B50000ACC50020AF6B0608D26A0608B8820100FD
:10B5100069B20408C16B06082DE9F04107460D46E3
:10B5200039B9194A4520194905F08CFA0020BDE8BF
:10B53000F081DFF86480D8F8006056B1144A4520E5
:10B54000124905F07FFA002305201A461946A8473C
:10B55000ECE78021012005F05BF80446C8F8000004
:10B5600048B90C4A4520094905F06CFA23462246A1
:10B5700021460620EBE74566076080F86160466774
:10B58000C0E91B660120D2E7E16B0608D26A060813
:10B59000F36B0608226C0608ACC5002038B50546DA
:10B5A000FFF7BAFF90B10A4B0024012228461B681E
:10B5B000214683F8602083F86840FFF73BFE214670
:10B5C000044A0548BDE8384006F080BC38BD00BFDD
:10B5D000ACC50020B882010069B20408F8B50E4677
:10B5E000194604461546FFF797FF98B10A4B01210B
:10B5F000002720461B6883F8681083F860701E6778
:10B600009D67FFF717FE3946044A0548BDE8F84034
:10B6100006F05CBCF8BD00BFACC50020B8820100DC
:10B6200069B2040870B50E46194604461546FFF780
:10B6300073FFA8B10B4B0221012220461B6883F83F
:10B64000681083F86020A3F87C60A3F87E50FFF7B1
:10B65000F1FD054A00210548BDE8704006F036BC02
:10B6600070BD00BFACC50020B882010069B20408FB
:10B6700008B578220021044817F02FFB034B102255
:10B6800000201A7008BD00BFB4C50020B0C500205E
:10B690000E2838B50346144605D9224A22494520CA
:10B6A00005F0D0F907E0EFF3058038B11F4A4520D7
:10B6B0001D4905F0C7F94FF0FF300CE01C4D2A780A
:10B6C000102A09D12B70012C1A4B18BF01201B68BE
:10B6D000DB699847012038BD9A4207D113461249C9
:10B6E000154A452005F0AEF90420F4E731B9134AB4
:10B6F00049200D4905F0A6F90220ECE7104800EBBF
:10B70000C30255790DB10F4AC8E740F83310012143
:10B710001471492051710C4A034905F093F9032033
:10B72000D9E700BF6D6C0608846C06088D6C0608AE
:10B73000B0C5002054CB00209C6C0608B46C0608F1
:10B74000B4C50020DB6C0608FA6C06080E28034618
:10B7500073B508D9254A4520254905F073F94FF0FE
:10B76000FF3002B070BDEFF30582224D29783AB167
:10B77000814207D1322200211F4806F0A7FBEEE7E5
:10B78000814206D0009145201C4A194905F05AF91A
:10B79000E5E710231A4C2B7004EBC203D1B25879A1
:10B7A000D8B1297000214920597113461049154A12
:10B7B00005F048F92B78144E102B12D054F8333082
:10B7C00098472B7804EBC30433682479DB69012C98
:10B7D00009D1002098470120C3E701320F2ADBD1AD
:10B7E000E8E73368DB690120F4E700BF6D6C060809
:10B7F000846C0608B0C500200DB80408106D06085A
:10B80000B4C50020336D060854CB002008B50849A4
:10B810004520084A05F016F9074A0549492005F070
:10B8200011F9064B1878FFF791FF4FF0FF3008BD74
:10B83000846C0608506D06087B6D0608B0C50020B4
:10B840000E28034607B509D9154A4520154905F0C4
:10B85000F9F84FF0FF3003B05DF804FBEFF305801B
:10B8600028B1114A45200F4905F0ECF8F1E70F4ADD
:10B8700012789A4206D0009245200D4A094905F0F7
:10B88000E1F8E6E70B4B01291B6818BF0120DB69D3
:10B890009847094A0349492005F0D4F80120DAE71E
:10B8A0006D6C0608846C06088D6C0608B0C5002017
:10B8B0009D6D060854CB0020C76D06080B22034B74
:10B8C000002103481A70034A06F000BB30C600206E
:10B8D00039BA0408B882010010B50346084C40B9D3
:10B8E0000A2323700021074A0748BDE8104006F0EC
:10B8F000EDBA064A4520064905F0A4F80B23F0E707
:10B9000030C60020B882010039BA0408D96D060893
:10B91000F36D06080922034B002103481A70034AFD
:10B9200006F0D4BA30C6002039BA0408B882010043
:10B9300010B50346084C40B9072323700021074A7D
:10B940000748BDE8104006F0C1BA064A452006493E
:10B9500005F078F80923F0E730C60020B88201002E
:10B9600039BA0408FC6D0608F36D06080622034B7D
:10B97000002103481A70034A06F0A8BA30C6002016
:10B9800039BA0408B882010010B50346084C40B922
:10B99000052323700021074A0748BDE8104006F040
:10B9A00095BA064A4520064905F04CF80623F0E70B
:10B9B00030C60020B882010039BA0408166E0608A5
:10B9C000F36D06080422034B002103481A70034A52
:10B9D00006F07CBA30C6002039BA0408B8820100EB
:10B9E00010B50346084C40B9022323700021074AD2
:10B9F0000748BDE8104006F069BA064A45200649E6
:10BA000005F020F80423F0E730C60020B8820100DA
:10BA100039BA0408306E0608F36D06080122034B9C
:10BA2000002103481A70034A06F050BA30C60020BD
:10BA300039BA0408B8820100F0B5734D8DB0FBF738
:10BA4000AFF907467148FBF7AFF92B780B2B18D8E5
:10BA5000DFE803F006223F6D747C8088A8ACAFB3AA
:10BA60006B4A49206B4904F0EDFF01226A490C2022
:10BA7000FFF70EFE012802D1287000241BE00328E6
:10BA800002D14FF0FF3416E0644A4520614904F0CA
:10BA9000D9FF4EF660240EE06021012004F0B8FDCD
:10BAA0005F4B0446186058B95E4A4520594904F076
:10BAB000C9FF0B232B70FBF785F920460DB0F0BDB5
:10BAC00000215948FBF774FF0028DAD00B232B70B4
:10BAD000D3E7534E0024306804300EF071F930681B
:10BAE00010300EF003FB336801225049043338460E
:10BAF0000094019302230EF025FE034638B9306806
:10BB00004B4A00F110010430FEF7D2FDB9E7494A73
:10BB10004520404904F096FF032330682B70043021
:10BB20000EF07EF9306810300EF01BFBC3E7424880
:10BB3000FBF796FF0028A4D00423C8E701213F4863
:10BB4000FBF736FF00289CD00623C0E73C48FBF7F4
:10BB500087FFF7E702213B48FBF72AFF002890D038
:10BB60000923B4E72E4E0024306804300EF028F983
:10BB7000306810300EF0BAFA3368012232490433CB
:10BB800038460094019302230EF0DCFD034610B901
:10BB900030682E4AB5E7274A45201E4904F052FF77
:10BBA0000823BAE72A48FBF75BFFD7E703212948B8
:10BBB00088E72948FBF754FF86E7194C0C20FFF76C
:10BBC000C5FD2068E8B10678C6B1244B01201B688A
:10BBD0009847206804F0ACFD002302A8236017F00A
:10BBE00085F80A9B49201E4A0193099B0949009345
:10BBF000029B04F027FF04F069FC42E704F098FD83
:10BC0000266000232B7044E730C600209C6F060896
:10BC10004A6E0608F36D06081DBA0408BE550608EC
:10BC200034C60020836E0608E1B90408B66F060822
:10BC300019BD0408236B0608C5B9040889B90408AE
:10BC40006DB9040831B90408B06F060865BC040872
:10BC500015B90408D9B80408BDB804082CC60020DA
:10BC6000D24D060870B5034686B0234E002840D159
:10BC7000326892F828300A2B14D1136B1C689D7916
:10BC80000DF1070102A804F017F99DF8072022B171
:10BC90002146029816F0EAFFC8B12946204604F072
:10BCA000DDF814E0092BE8D0062B0BD1136B0B2128
:10BCB000124A03A817F0FCFA03A818F01BFB03AC08
:10BCC000C5B2DDE70E4A0F49572004F0BBFE3068CD
:10BCD00004300EF0A5F8306810300EF042FA0A4B2E
:10BCE0000822002109481A70094A06F0EFF806B048
:10BCF00070BD084AE7E700BF34C60020D4930608A9
:10BD0000A06E0608F36D060830C6002039BA040894
:10BD1000B8820100C56E0608F0B5044689B03A4FF6
:10BD2000002845D13A6892F828300A2B27D1136BA6
:10BD300001241D689E7904F033FB3B681C7064B1DC
:10BD40000DF10F0104A804F07FF89DF80F20002AE0
:10BD500038D13146284604F049F8386804300EF0EE
:10BD60005FF8386810300EF0FCF9284B03220021F0
:10BD700027481A70274A06F0A9F809B0F0BD092B28
:10BD8000D5D0062B0CD1136B0B21234A05A817F035
:10BD90008FFA05A818F0AEFA0124C6B205ADCAE7BD
:10BDA0001E4A45201E492646254604F04BFEC2E7A2
:10BDB000002403461B4A452019492646254604F01F
:10BDC00041FEBAE72946049816F050FF0028C4D077
:10BDD000701C04F0E5FB044680B13246294616F09B
:10BDE00055FF0023104A4520A355049B0C4900949D
:10BDF00004F028FE204604F09BFCAAE70B4A4520ED
:10BE0000074904F01FFEA4E734C6002030C6002016
:10BE100039BA0408B8820100D4930608E26E060815
:10BE2000F36D0608066F0608226F0608536F0608B2
:10BE300010B5044630B90F4A45200F49BDE81040FF
:10BE400004F000BE0D4B196849B10D4A45200A495E
:10BE500004F0F8FD23460020BDE810401847094BC8
:10BE6000094A1970094BBDE810401860084806F0EF
:10BE70002DB800BF696F0608F36D060834C60020B0
:10BE8000896F060830C60020B88201002CC6002049
:10BE900039BA040808B501F0DFFC20B10B4B0122D0
:10BEA0001B6883F8AD2101F09EFC20B101F0B1FCCC
:10BEB000074B01221A70074B0222002106481A7014
:10BEC000064ABDE8084006F001B800BF40C60020A1
:10BED0003DC600203EC60020DDBF0408B882010038
:10BEE00073B52A4C256825B395F8AC31022B09D1DE
:10BEF00095F8AD61FEB1264A4920264904F0A2FD1D
:10BF000003F06AFF00F030FC20680C3007F0C0FA44
:10BF1000206818300DF01AF82368586804F008FCFF
:10BF20002368986804F004FC206804F001FC0023F6
:10BF3000236002B070BD01A803F048FF2368019A96
:10BF4000D3F8A83193420AD9134A4920114901264E
:10BF500004F078FD2368D3F8A80103F031FF01A8AD
:10BF600003F028FFD5F8D430019A93420BD90B4A3D
:10BF70004920084904F066FDD5F8D40003F014FF09
:10BF800003F086FEBEE7002EBCD0F9E740C60020D5
:10BF9000BC6F06080970060812700608387006089B
:10BFA00007B503F0F3F810B90220FFF7CFFB0DF14E
:10BFB000070003F08BFF074B9DF807201B789A4280
:10BFC00002D1054B1B7813B10020FAF773FF03B0C1
:10BFD0005DF804FB3CC600203DC60020F0B5454D91
:10BFE0008FB0454F45482E68FAF7DEFE3C78012CAD
:10BFF00040D0022C61D0002C7AD1286806F10C02C6
:10C0000010F8181B13F04FFA012302463B7048B199
:10C010003B4A3C49452004F015FDFAF7D3FE204683
:10C020000FB0F0BD748A0CB9374AF2E720232146DD
:10C03000F068FBF7C3F8738A044698B9334A452081
:10C04000304904F0FFFC28680C3007F021FA2B6817
:10C050000022A3F86E21A3F87021A3F82221A3F8EF
:10C060002421DAE72A4A492026494EF6602404F0C2
:10C07000E9FCE8E701F0B7FB88B1264A49202149ED
:10C0800004F0E0FC01210220FFF7DAFB012811D1C6
:10C09000214801F0E7FF68B14FF0FF3407E00DF1F0
:10C0A0000E0104A801F0CCFA0028E6D100240223F6
:10C0B0003B70B2E701F0ADFBF8E7FFF711FF174A5D
:10C0C0001049492004F0BEFC04A816F00FFE0C9B9A
:10C0D000134A492001934FF0FF340B9B0949009309
:10C0E000049B04F0AFFC04F0F1F9FFF759FF94E76B
:10C0F000002492E740C600203EC60020C07106081A
:10C1000050700608097006086B70060882700608F1
:10C11000897006089E70060895BE0408B37006086C
:10C12000D24D06080122034B002103481A70034A2E
:10C1300005F0CCBE3EC60020DDBF0408B882010079
:10C1400008B5074A4520074904F07CFC064B02224B
:10C15000002106481A70064ABDE8084005F0B6BE40
:10C16000C6700608097006083EC60020DDBF040838
:10C17000B8820100014B1868704700BF38C6002024
:10C180002DE9F04F914C8DB01D46914B169A074604
:10C19000266888461A60002E40F0E7808D4A4920C4
:10C1A0008D4908968DF81C6009968DF81D600A96D9
:10C1B0008DF81E600B968DF81F6004F043FC022280
:10C1C00031461046FFF764FA01280AD0042808D047
:10C1D000824A4520804904F035FC00200DB0BDE8BE
:10C1E000F08F7F484FF0000A03F070FE7D4B4FF454
:10C1F000D871012083F800A004F00AFA4FF4B56169
:10C200002060012004F004FA4FF4B46106460120D6
:10C2100004F0FEF98346206828B116B1BBF1000F87
:10C2200014D104F085FA16B1304604F081FABBF15E
:10C23000000F02D0584604F07BFA6B4A452066494D
:10C2400004F000FC0220FFF7ABFEC6E74FF4B46930
:10C250004FF4B5630122C0E9016B11461830CDF8E7
:10C260000090CDE90163CDE903B90CF03DFF2068F2
:10C2700000F5D47003F0AAFD2268022DD2F8A8318F
:10C2800082F850A103F1FF33A2F86C90A2F86A90F3
:10C29000C2F8A83182F8AC5158D107A908A801F01A
:10C2A00038FA0DF11E030AAA0DF11D0109A801F0CB
:10C2B00052FA0DF11F010BA801F0CCFF266806F120
:10C2C000500986F84E50484607F0E2F89DF81C20C9
:10C2D0000899484607F064F8302306F1D80906F1BA
:10C2E000D400A6F8AC3003F065FD484607F0D0F85E
:10C2F000484606F1B0099DF81E200A99C83607F095
:10C300004FF8484607F0C4F89DF81D2009994846A3
:10C3100007F046F8304607F0BBF89DF81F200B9950
:10C32000304607F03DF8236803F5D472C3F80C21BA
:10C330002068294600F5D472183000F02BFAA0B915
:10C340002A4A2549452004F07DFB09E015B982F809
:10C350004E50EDE72B46264A1F49452004F072FB5C
:10C36000FFF7BEFDFFF71CFE37E74346214A1A4997
:10C37000492004F067FB206890F8AC31AB4207D04D
:10C38000009345202B461C4A134904F05BFBE7E76A
:10C390000C3006F0F4FE206808F1FF32394600F157
:10C3A0000C03183092B213F073F8014608B1134A27
:10C3B000C7E7134B4744187017F8012C236811483E
:10C3C0001A70114A05F082FD012007E740C60020DF
:10C3D00038C60020D970060809700608414E0608C4
:10C3E0003CC600203DC60020ED70060846710608D8
:10C3F00020710608807106089771060850700608BB
:10C400003EC60020DDBF0408B8820100094B1A684F
:10C41000002352F8231059B1814206D10E3352F84D
:10C420002330054A1B01D05C704701330E2BF0D13D
:10C430000E20704744C60020EC7506080B4B37B53C
:10C4400003EB01122021558813462A46043308F0D5
:10C45000C3FB044630B100902B46054A45200549F0
:10C4600004F0F0FA204603B030BD00BFEC750608BA
:10C47000CE710608EC710608044B09010A1D194427
:10C4800013444A884C2108F0A7BB00BFEC7506088E
:10C490002DE9F341234F04460D4601A80DF1030198
:10C4A00001F037F93B6820481A1F343352F8046F03
:10C4B000916B3EB1090110F80180B8F1020F09D06B
:10C4C0009A42F3D1194A452019494FF0FF3504F03B
:10C4D000B9FA23E029010B1D014403444A88204690
:10C4E000782108F079FB0546C0B9396804F11400D9
:10C4F00084F85380B1F870200DF0D4FC30230D4A3D
:10C5000004F1540084F820300B4B0199C4E90D2349
:10C510009DF803301A4606F097FF2666284602B0BB
:10C52000BDE8F08144C60020EC750608F5710608E8
:10C53000EC7106080078B800A005A005F0B589B038
:10C5400005460E46174605A806F019FEEB88182B7F
:10C5500008D01822174945200092174A04F072FAB1
:10C5600000240BE00DF10F0104A801F00CF90446C2
:10C5700050B9124A45200F4904F064FA05A806F0A4
:10C5800087FF204609B0F0BD05AB2A469DF80F1085
:10C59000049808F053FA30B13B46094A0549452052
:10C5A00004F050FADCE79DF81A100598B0470446ED
:10C5B000E4E700BFEC710608267206084F72060811
:10C5C000717206081FB50C46C18820290BD920239B
:10C5D00000240C4A452000930B460B4904F032FA24
:10C5E000204604B010BDC9B200680392A047039B67
:10C5F00004460028F4D1054A4520034904F022FAF4
:10C60000EEE700BF89720608EC710608AC720608F6
:10C6100038B50546FFF712FF044630B902F0B6FD03
:10C62000014605F110000FF06DFB204638BD37B50F
:10C630000446FFF703FF0546C8B90DF1060003F0F5
:10C640008DFBBDF806300C2101201A0A8DF805304B
:10C6500004238DF80420237403F0DAFFA06130B1C5
:10C6600007F016F90C2201A9A06907F0A1F92846E4
:10C6700003B030BD37B50546FFF7E0FE044648B9C4
:10C680000DF1060003F04CFBBDF8061005F110009B
:10C690000EF09EFD204603B030BD0000094B09019D
:10C6A0000A1D194410B513444A882021044608F095
:10C6B00093FA30B986232374034B1B68D3F8883070
:10C6C000A36110BDEC75060844C6002038B5090109
:10C6D0000F4B04460A1D194413444A88782108F078
:10C6E0007BFA054688B90B4B04F114001968B1F8C0
:10C6F00070200DF0D7FB10234FF4C01284F8535074
:10C7000084F82030044BC4E90D23284638BD00BF0F
:10C71000EC75060844C60020A005A005104B0901D1
:10C720000A1D194470B513444A883C21044608F098
:10C7300053FA054690B90B4E082304F114003168F2
:10C740001A467C3106F080FE0823316804F120008F
:10C750001A46743106F078FE03232382284670BD02
:10C76000EC75060844C6002038B5094C236873B13F
:10C770000025236853F8250008B103F0D9FF0135DF
:10C780000E2DF6D1206803F0D3FF0023236038BDBF
:10C7900044C600202DE9F74F474F06468846012042
:10C7A0008C211546002403F033FF3860002834D074
:10C7B000DFF820B1DFF80CA10467C0E921653F4D27
:10C7C000B8F1000F2CD1AB7A002B3ED0D7F80090F7
:10C7D000D9F8703001936B880F2B2AD025D8012B04
:10C7E0002CD0082B2CD05A465146452004F02AF96B
:10C7F00000203968019B49F823000B6F51F8239002
:10C8000001EB8300B9F1000F1CD12D4A45202D49C1
:10C8100004F018F9FFF7A8FF002003B0BDE8F08F7F
:10C82000B8F1020F11D1EB7ACEE7402BDBD13C21DE
:10C8300000E07821012003F0EBFEDAE72021F9E7A0
:10C840004C21F7E7013384630B67013410350E2C5C
:10C85000B6D1396806F180050024B1F87020284669
:10C860000DF020FB3B681A6FA2420AD828460DF053
:10C87000AEFB18B9304610F0BFFEB0B10346124A05
:10C880000CE003EB840253F82400916B0B4A02EB9B
:10C890000112D2689047034628B10C4A0949452045
:10C8A00004F0D0F8B6E70134DCE7094A492005492D
:10C8B00004F0C8F80120B0E744C60020EC75060873
:10C8C000EC720608EC71060818730608FA7206087E
:10C8D00036730608C67206080B880F2B10B509D1EF
:10C8E00090F83630012B35D1072A14BF01220322DC
:10C8F000104610BD012B04D1022A02D190F8361047
:10C9000041B315490968D1F8841091F8024134B94E
:10C91000124A4520124904F095F80022E8E7012A5E
:10C92000E6D090F83610A9B1282B05D1012911D0F5
:10C93000022A0DD0042AD8E7032B0BD0012B07D0F5
:10C94000402B07D0082BE8D1022A18BF0022CFE7DE
:10C950000322CDE70122CBE744C60020447306083A
:10C96000EC71060890F83600012894BF00200120E1
:10C9700070472DE9F3470E4600254FF006084FF0AB
:10C9800001097379AB4202D102B0BDE8F08701AA78
:10C99000294630460CF019FF0028F5D1019C94F887
:10C9A00018A0BAF1010F15D067693B880F2B11D081
:10C9B0000C2B0FD03846FFF729FD04280AD1BAF115
:10C9C000020F07D1BB691B6884F80080013384F82B
:10C9D0001190A3600135D4E72DE9F04F00258BB00D
:10C9E0008846DFF8B8A22E46A9462F46914CDFF8BC
:10C9F000B0B298F80530BB4244D1B9F1000F01D173
:10CA0000002E3CD00DF1120003F060FAB9F1000FD6
:10CA10001FD09DF81230002B00F0FE804FF47A7486
:10CA2000FFF7A8FB089B8349B0FBF4F4019449206D
:10CA3000B3F904200092804A1B6804F003F8089BB5
:10CA40001868B3F90410204400F0E6FD06A80EF0C3
:10CA500067FBA6B19DF81230002B00F0E680002D98
:10CA600000F0E08002F0FCFA48B90223734A7149F1
:10CA700045203386012373742B4603F0E3FF0BB08C
:10CA8000BDE8F08F05AA394640460CF09EFE28B15D
:10CA90006B4A4520674903F0D5FFF0E7059B5869CD
:10CAA0000393FFF7B3FCC21E039B0A2A00F2AC807B
:10CAB000DFE802F08BAA061215181E21243D76002D
:10CAC000604A61499868FFF77DFD40BB059B0C22D9
:10CAD0001A8601225A7422E05C4A5D49F2E75D4AF7
:10CAE0005D49EFE75D4A5E499868FFF727FDECE78F
:10CAF0005C4A5D49F8E75D4A5D49F5E71B8940F20C
:10CB00009151A3F10F0292B28A420AD8594A2146A2
:10CB1000492003F097FF059B188903F0F9F80137C6
:10CB200067E7554A2146452003F08CFFCEE71A7887
:10CB3000042A0AD0092119860121597413464F4A43
:10CB40002146452003F07EFFE9E79B68D88806F080
:10CB500081FE0228059B03D19A68D1880C2909D04F
:10CB60000C22214645201A8601225A74444A03F0B9
:10CB700069FFD4E713680DF112001B885BBA9BB202
:10CB8000039303F0EBF8BDF81220039B9A4203D104
:10CB90003C4A21464920EAE7184603F0C9F8BEE7B7
:10CBA0001A78032A06D009211986012159741346DF
:10CBB000354AC5E702F0EAFA059B1D7A003D18BF29
:10CBC0000125A84223D1314AE3E71A78092A14D172
:10CBD000996891B106A80EF090F806AA1921059857
:10CBE0000BF011F80346A0B1294A2146452003F075
:10CBF00029FF06A80EF094FA91E709211986012170
:10CC0000597413465A469BE70346524698E71E4618
:10CC100085E74FF0010982E71E4A5720054903F0D6
:10CC200011FF13E702F090FA1EE71B4A5720014953
:10CC300031E700BFEC7106089F740608FC74060813
:10CC40005C730608886A0608A5D704088B6A06087C
:10CC5000ADD704088E6A0608B5D704087A730608AB
:10CC6000BDD7040876730608CBD704087973060885
:10CC7000D9D704087D730608A3730608CF73060886
:10CC8000F473060816740608337406085A74060806
:10CC90003E520608CB74060821750608757406080E
:10CCA0006552060837B50D4600246B79A34201D1C1
:10CCB00003B030BD01AA214628460CF086FD0028AD
:10CCC000F6D10134F1E7FFF7EDBF7047FFF7EABF98
:10CCD0002DE9F0470F2990B006460F461C46DDF8B7
:10CCE000608010D106220AA907A80DF0DBF8002306
:10CCF00007AA394606F18000ADF822300DF0ACF9F4
:10CD00000546002842D0D8F8143083B963795720FB
:10CD1000214A0493237921490393E37805970293E9
:10CD2000A378019363780093237803F08BFE0020AF
:10CD300010B0BDE8F0870135A9B2BDF822308B42B2
:10CD4000E1D006AA07A80DF036F90028F3D1069A1B
:10CD5000492096F8361092F920300291514692F807
:10CD600053200192F28D00924A4603F06BFE069B1F
:10CD7000F28D93F920109142DDD193F8531096F87B
:10CD800036209142D7D1C8F81430BCE7DFF81090B4
:10CD9000DFF808A0D0E700BF84750608EC7106082C
:10CDA0006B750608044A4920044908B503F04AFE99
:10CDB000FFF7B8F9002008BDB4750608EC71060845
:10CDC000034A4920034908B503F03CFE002008BD92
:10CDD000C5750608EC710608044A4520044908B5E3
:10CDE00003F030FEFFF7ACF9002008BDD37506084C
:10CDF000EC710608002070470120704770477047AB
:10CE000008B5044B1B689B6898474FF47A735843E6
:10CE100008BD00BF78CB0020F8B5144A05460C4683
:10CE200049201349012703F00DFE0023114E1A4635
:10CE300019462B7007FA03F0014316F813009840C7
:10CE40000133C9B20243042BD2B2F3D1D3072A7003
:10CE50005EBF237843F0010323702B788B421EBF03
:10CE6000237843F008032370F8BD00BFCC76060892
:10CE7000E076060848C6002010B588B003A80CF07C
:10CE80009FFF002305A801938DF8023006F077F983
:10CE9000062105A808F0C6F820B14A4A45204A49AB
:10CEA00003F0D0FD0DF1020101A801F0D3F99DF8C6
:10CEB0000220019905A808F047F820B1434A45200F
:10CEC000414903F0BFFD02A802F080FF029905A8C6
:10CED00008F077F820B13E4A45203B4903F0B2FD07
:10CEE00004223C4905A808F02FF820B13A4A452011
:10CEF000354903F0A7FD394C0DF103002146FFF73A
:10CF00008BFF0822217805A807F0B1FF20B1344A31
:10CF100045202D4903F096FD08229DF8031005A831
:10CF200007F0A5FF20B12F4A4520274903F08AFDCD
:10CF30000DF1020101A802F087FF9DF8022001997E
:10CF400005A808F001F820B1274A45201E4903F042
:10CF500079FD03AB05AA2549002000F095FC0446A5
:10CF600005A806F095FA3CB3039B214A18680223F2
:10CF7000C1880068FAF722F900BB1E4A42F2107419
:10CF80001149452003F05EFD03A80CF049FF05A8F8
:10CF900006F07EFA02A802F099FF9DF8083043B926
:10CFA000631C06D1144B154A1C6894429CBF620056
:10CFB0001A60204608B010BD114ADFE74FF0FF3479
:10CFC000E2E700BFE9760608E07606080377060880
:10CFD00015770608EB5106082677060850C600208C
:10CFE000457706086277060888770608F877060806
:10CFF00025D004089C77060870C00020FF52070067
:10D00000B3770608044B42F210711A781043034AB2
:10D010001870034804F05ABF50C60020B8820100BF
:10D0200079CE040813B50446037B0E4A49200E4905
:10D0300003F008FD207B20B902B0BDE81040FFF7E7
:10D04000E1BF0DF1070002F041FF9DF80730074AEC
:10D050002BB9137803F0FD03137002B010BD002349
:10D06000FAE700BFCE770608E076060850C6002033
:10D07000114B420010B403EB400464781CB113F868
:10D0800010408C4215D01A44012403F8101054703B
:10D0900018B911B9997019719971074B04205A7810
:10D0A0003AB1013803F10203F9D15DF8044BFFF7FF
:10D0B000A9BF5DF8044B704748C6002038B5044648
:10D0C0000D46054A4920054903F0BCFC2946204687
:10D0D000BDE83840FFF7A0BEEA770608E07606080C
:10D0E0000422034B002103481A70034A04F0EEBEE9
:10D0F00054C600203DD10408B88201000028054B29
:10D100004FF0000104480CBF022204221A70034AA7
:10D1100004F0DCBE54C600203DD10408B8820100F2
:10D120000122034B002103481A70034A04F0CEBECB
:10D1300054C600203DD10408B8820100F0B55F4D0F
:10D140008DB0F9F72DFE07465D48F9F72DFE2B78D7
:10D15000042B1DD8DFE803F0032B346B6F00012490
:10D16000584A5949492085F8284003F06BFC574B31
:10D170001B681B6898472246686003205449FEF7E5
:10D1800087FAA04202D1287000240BE0032802D1C4
:10D190004FF0FF3406E047F230544E4A4A494520EA
:10D1A00003F050FCF9F70EFE20460DB0F0BD022151
:10D1B0004948FAF7FDFB0028EAD004232B70E3E787
:10D1C000464E5821012003F023FA0446306058B33C
:10D1D0000CF0F6FD3068002408300CF087FF33684F
:10D1E00001223F4901933846022300940DF0AAFA28
:10D1F000034630B930683B4A00F10801FDF758FAA0
:10D20000C6E7394A4520304903F01CFC0323306847
:10D210002B700CF005FE306808300CF0A2FF30686F
:10D2200003F086FA3460BDE703232B70BAE72F487A
:10D23000FAF716FCBFE702A8244C15F057FD0A9B2D
:10D240002B4A49200193099B1F490093029B03F03D
:10D25000F9FB03F03BF923681B68984723680146F4
:10D2600068685B699847234B984220D24FF47A73E1
:10D27000214A1549B0FBF3F0C0F56A4449206034F7
:10D28000B4FBF3F303F0DEFB03200026FEF75EFAA7
:10D2900095F829302E7085F82860002B82D0174A27
:10D2A0004920094903F0CEFB85F829606CE7144A50
:10D2B00057200549002403F0C5FBE5E754C60020CC
:10D2C000AE7B0608FE7706080A78060878CB0020B1
:10D2D00021D10408BE550608FDD0040880C60020F0
:10D2E000BB7B0608E1D30408236B0608E1D00408E1
:10D2F000D24D0608008793037E5606081378060869
:10D30000AC5F060810B586B003A805F038FF01A889
:10D310000CF056FD00231B4A49201B4903F092FBE9
:10D32000042103A805F0B2FF044618BB03A980201E
:10D330000CF0E1FA0446E8B91022144903A806F0FB
:10D340002FF80446B0B901AB03AA1149022000F03E
:10D350009BFA78B1019B0F4A18680A23C1880068BC
:10D36000F9F72CFF01A80CF05BFD03A806F090F87C
:10D3700006B010BD2346084A0349452003F062FB6E
:10D38000F0E700BF2C7806080A7806086CC6002073
:10D39000C17B06089DD304084978060810B50446E9
:10D3A000037B0B4A49200B4903F04CFB237B5BB109
:10D3B000094C4920094A074903F044FB04F11003D2
:10D3C0000FCB84E80F0010BDBDE81040FFF79ABFF7
:10D3D000727806080A7806085CC60020907806086D
:10D3E0002DE9F74F0346434EDFF8348100287ED104
:10D3F000326892F82030042B75D1916ACB88DA0814
:10D40000102A6AD10C6808F10800214615F02EFC9C
:10D4100000285CD0234608F1180403F110051868B1
:10D42000083353F8041C2246AB4203C21446F6D11B
:10D43000314A492031490024DFF8C49003F002FB4F
:10D44000DFF8E0A01021DFF8E0B02D4803F044FB46
:10D4500019F8013BD3B125460727284919F8013CA3
:10D460003B41DB070ED500231AF83320AA4229D10D
:10D470000AEBC3035B6800935A462B46492003F02E
:10D48000E1FA1E490135013FEDB2E7D10834E4B2BB
:10D49000802CDDD1FFF736FF0323306888F8003099
:10D4A0000CF0BEFC306808300CF05BFE306803F016
:10D4B0003FF90021134A1448316003B0BDE8F04F32
:10D4C00004F004BD0133152BCED1104BD3E7104A25
:10D4D00049200A4903F0B6FADEE70E4A5720074909
:10D4E00003F0B0FAD8E70C4A04494520F8E70B4AA4
:10D4F000FAE700BF80C60020AA7806080A78060866
:10D500006CC60020B88201003DD104089E78060850
:10D51000BA780608C9780608EA780608097906087C
:10D5200054C60020C87B0608AF780608064A492082
:10D53000064908B503F086FA054A00210548BDE80A
:10D54000084004F0C3BC00BF207906080A7806082A
:10D55000B88201003DD10408084B1B6807B55B6920
:10D5600001A8984728B9019803F040FC03B05DF882
:10D5700004FB034B1B681B689847F5E768CB00204A
:10D5800078CB002038B504466FF0004503F036FC38
:10D59000B5FBF4F304FB1353EB1A8342F6D9B0FB4B
:10D5A000F4F304FB130038BD08B5054B1860054BB8
:10D5B0001980054B1B689B689847044B186008BD91
:10D5C00088C6002084C6002078CB002098C60020A2
:10D5D000F8B50D4F05460D4E0C463B6830680343C9
:10D5E0000FD045B10A4B1B689B6898473B6832686F
:10D5F0009B1A03442B6014B1064B1B882380012027
:10D6000000E01846F8BD00BF88C6002098C600207C
:10D6100078CB002084C6002008B5054B1860054B68
:10D620001980054B1B689B689847044B186008BD20
:10D630008CC6002094C6002078CB002090C6002025
:10D6400070B50A4E05460C46306868B1084B1B6839
:10D650009B689847074A336812689B1A0344012065
:10D660002B60054B1B88238070BD00BF8CC600203B
:10D6700078CB002090C6002094C6002037B5044621
:10D680000D46012001A902F029FB019B20465919F2
:10D6900004F1100350F8042B984241F8042BF9D1FF
:10D6A0000199012002F0FCFA012003B030BD2029CD
:10D6B000F7B507460C4615461E4618D801A90120A5
:10D6C00002F00CFB019820220021284415F005FBF4
:10D6D000019822463946284415F0D8FA019B0120CA
:10D6E0009C55019902F0DCFA012003B0F0BD002046
:10D6F000FBE7704737B505460C46002001A902F04C
:10D70000EDFA019B01202B6093F89030237003B059
:10D7100030BD37B505460C46002001A902F0DEFAFF
:10D72000019B012003F120022A6093F891302370BD
:10D7300003B030BD37B505460C46002001A902F004
:10D74000CDFA019B012003F140022A6093F8923048
:10D75000237003B030BD2DE9F34180460F46002011
:10D7600001A91D46164602F0B9FA019C012004F1F8
:10D7700060037034C8F8003010233B7034602B70A5
:10D7800002B0BDE8F08137B505460C46002001A97E
:10D7900002F0A4FA019B012080332B601023237038
:10D7A00003B030BD90230022FFF781BF91232022D8
:10D7B000FFF77DBF92234022FFF779BF102902D1E6
:10D7C0006021FFF75BBF00207047102902D1702154
:10D7D000FFF754BF00207047102902D18021FFF7C6
:10D7E0004DBF0020704713B5002469460120CDE9E4
:10D7F000004402F073FA01A9204602F06FFA932266
:10D80000DDE9000115F032FA001B18BF012002B05B
:10D8100010BD13B5002401A90120019402F05EFAA5
:10D820000199204602F03CFA012002B010BD00230D
:10D8300007B5012001A9019302F050FA019803B045
:10D840005DF804FB07B5002001A9019002F046FA3B
:10D85000019803B05DF804FB13B5002401A9012071
:10D86000CDE9004402F03AFA6946204602F036FA61
:10D870000099019810226031603015F0F7F9001B13
:10D8800018BF012002B010BD2DE9F041D6B0074607
:10D89000884616460DF11F0109A81D4602F00CFB33
:10D8A000FC22002117A815F018FA0CA805F067FC57
:10D8B0003FB1022F4FF0000462D0002056B0BDE807
:10D8C000F08101214023642217A80097CDE901715E
:10D8D0000BF076FA04210CA807F0A4FB04460028FC
:10D8E0003FD19DF81F200CA8099907F02DFB044695
:10D8F000002836D1062241460CA807F025FB044635
:10D9000078BB0FAC0AA90BA8FFF762FE19232046CB
:10D910000B9914948DF8483007F046FEBDF8283076
:10D9200012AA09210CA8ADF8403008F020FA0446EC
:10D93000B8B932893046059205F014FC059A0346C1
:10D9400031460CA805F04BFD044650B9014612A81B
:10D95000FFF73EFE21462B460CAA17A80FF00BFE40
:10D96000044617A80BF0A4FA0CA805F091FD002CB2
:10D9700055D023462B4A2C49452003F063F89CE7F9
:10D9800008A90AA80F948DF820408DF821408DF841
:10D99000224012948DF82340CDE90A44FFF7B9FEE6
:10D9A0000DF1230112A800F055FC0121402364224F
:10D9B00017A80097CDE901410BF002FA25A805F060
:10D9C00067FD9DF820200A9925A805F0E9FC302381
:10D9D0000FAA0DF12101ADF8F0300BA80DF12203D3
:10D9E000FFF7B9FE47A805F053FD9DF822200F99D7
:10D9F00047A805F0D5FC3DA805F04AFD9DF821207B
:10DA00000B993DA805F0CCFC43A805F041FD9DF81D
:10DA10002330129943A81A4605F016FD5AE7012053
:10DA20004CE700BF707C0608907C06080A4B1B6818
:10DA300093F82821D10703D5022283F834217047B7
:10DA400012F0060F01D00322F7E712F0700F14BF97
:10DA500004220522F1E700BF9CC60020044B0622E9
:10DA6000002104481B6883F83421034A04F02EBACD
:10DA70009CC6002009DD0408B88201000028074B7D
:10DA80004FF000011B680CBF01220622C3F83001D1
:10DA900083F834210248034A04F018BA9CC60020D7
:10DAA00009DD0408B882010010B5094C2068D030A7
:10DAB0000CF086F92068D8300CF018FB2068B430E0
:10DAC00005F05DFB2068BDE81040C0300DF015B9D1
:10DAD0009CC6002010B5094C2068D0300CF0A0F98D
:10DAE0002068D8300CF03DFB2068B43005F0D0FC45
:10DAF0002068BDE81040C0300DF012BB9CC600206D
:10DB000008B50346B8B90F4A49200F4902F09AFFF9
:10DB1000FFF7E0FF0D4B0E481A6892F8283123F00A
:10DB2000700382F82831FFF781FF0A4A0021BDE81F
:10DB3000084004F0CBB9084A4520034902F082FFAF
:10DB4000E6E700BF9A7C0608B47C06089CC6002065
:10DB500009DD0408B8820100BD7C060813B51B4C22
:10DB6000236893F8282102F00202F0B918494920ED
:10DB7000184B002A18BF0B46174A184902F062FFDB
:10DB8000FFF7A8FF226892F82831980719D523F0EB
:10DB9000020382F82831FFF749FF1148114A00219A
:10DBA00002B0BDE8104004F091B90949094B00905A
:10DBB0004520002A18BF0B460B4A084902F042FFD5
:10DBC000DEE75907E7D523F00403E2E79CC600200F
:10DBD0008B6A06088E6A0608D77C0608B47C06089D
:10DBE00009DD0408B8820100FA7C060808B503467E
:10DBF000B8B90F4A49200F4902F024FFFFF76AFF26
:10DC00000D4B0E481A6892F8283123F0010382F870
:10DC10002831FFF70BFF0A4A0021BDE8084004F055
:10DC200055B9084A4520034902F00CFFE6E700BF5A
:10DC30001D7D0608B47C06089CC6002009DD04088A
:10DC4000B88201003D7D060808B5034698B90D4A23
:10DC500049200D4902F0F6FE00210846FFF7DCFCE2
:10DC6000FFF738FF0948FFF7E1FE094A0021BDE848
:10DC7000084004F02BB9074A4520034902F0E2FEB0
:10DC8000EAE700BF5D7D0608B47C060809DD0408EC
:10DC9000B8820100797D0608F0B587B006460F46C8
:10DCA000144668461D4605F06AFA03A805F067FAAF
:10DCB00010220C99684605F073FB48B100246846B1
:10DCC00005F0E6FB03A805F0E3FB204607B0F0BD36
:10DCD00003AB6A463946304606F03AFE0028EDD1DD
:10DCE0000221204607F09EF90028E7D12946204668
:10DCF00007F0B4F90028E1D1204603A907F006F99E
:10DD0000B0FA80F46409DAE72DE9F04FA24D8DB046
:10DD1000F9F746F800232F688046A048089307F1DA
:10DD2000C009ADF81E3007F1B40BD7F82C41F9F754
:10DD30003BF82B6807F1D00607F1D80A93F8342195
:10DD4000062A4BD8DFE812F00700160058008200C0
:10DD5000C70079017D01022191480593F9F728FE5A
:10DD6000059BC3F83001002838D02B68062283F8C1
:10DD700034213FE00DF11E0108A8FFF761FC0028E7
:10DD800036D0BDF91E304920864A87490093089B4A
:10DD900002F058FEFFF788FE089909A807F004FC76
:10DDA000BDF81E3009A95846ADF8283007F04CF8E8
:10DDB000B8B9594648460DF031FA90B90123082206
:10DDC0007A4940460296CDE9009302230CF0B4FE56
:10DDD00038B9774A51463046FCF76AFC4FF0FF34B9
:10DDE00019E1744A4520704902F02CFEFFF772FEDB
:10DDF000FFF71CFE00240EE1FFF756FE94F890207A
:10DE00002146584607F0A0F888B9594648460DF013
:10DE100005FA60B901230F22674940460296CDE911
:10DE2000009307230CF088FE08B9644AD2E7644ADD
:10DE300057205D4902F006FEFFF74CFE2A6892F873
:10DE4000283123F0010382F82831D1E793F8282103
:10DE500097071FD504F120075A4A94F891400F21E3
:10DE6000184606F02DFFFFF71FFE2246394658469A
:10DE700005F096FAD8B9594648460DF0CFF9B0B931
:10DE80004B4602222968404600960CF0BCFE70B951
:10DE90004D4A9FE712F004020FBF144604F14007F9
:10DEA0004A4A94F8924004BF27462246D7E7484A98
:10DEB00057203D4902F0C6FDFFF70CFE2A6892F894
:10DEC00028319C0702D523F00203BCE758078FD501
:10DED00023F00403B7E703F178003E4A402106F03F
:10DEE000EFFEFFF7E1FDD5F80090002399F82841F7
:10DEF000D9F82CB104F07004002C48D10DF11D01AB
:10DF000009A80593FFF73FFC002874D009F1B4027B
:10DF1000059B104699B2059207F092F800286AD145
:10DF20002B68059A93F8283113F0100F56D12B68FF
:10DF300093F8283199060CD50BF160039DF81D105C
:10DF40000998009300230592FFF7A6FE059A002882
:10DF500051D02B6893F828315B0662D4B9F8BA2007
:10DF600009F1C000D9F8B4100DF03CF9002842D1F5
:10DF700001960222B7F8BA30404629680093D7F8D4
:10DF8000B43078310CF0A6FEA8BB134A22E7621E1B
:10DF900001331440B0E700BF9CC600202E7E060867
:10DFA0007DDA0408947D0608B47C06085D7E0608C8
:10DFB00049DC0408B47D0608517E0608EDDB040840
:10DFC000C87D0608577E06085DDB04084B7E060800
:10DFD000E17D0608637E060801DB04080BF170038F
:10DFE0009DF81D100998009302230592FFF754FE37
:10DFF000059A00289BD1184A5720184902F022FDA3
:10E00000FFF768FD2A6892F8283123F0700382F840
:10E010002831FFF70BFDF8F7D5FE20460DB0BDE81F
:10E02000F08F0BF180039DF81D10099800930323D6
:10E03000FFF732FE002891D1DDE70948F9F710FD1E
:10E0400091E6D3F83001D3F838219047286802F0E0
:10E050006FFB00232B60C1E6FA7D0608B47C06083E
:10E060005DDA0408F8B5054630B94A4A4A49452000
:10E0700002F0E8FC0020F8BD484E37680FB1484A6E
:10E08000F4E74FF4A071012002F0C2FA04463060B8
:10E0900008B9444AEAE7C0F83851C0F8307180F84E
:10E0A0002871FFF7C4FBC4F82C01FFF7C0FB04463E
:10E0B000FFF7C8FB90F8902094F8903005469A42FC
:10E0C00004D10146204614F0D1FD30B1326892F8F7
:10E0D000283143F0010382F8283194F8913095F803
:10E0E00091209A4206D105F1200104F1200014F09C
:10E0F000BDFD30B1326892F8283143F0020382F856
:10E10000283194F8923095F892209A4206D105F180
:10E11000400104F1400014F0A9FD30B1326892F8DA
:10E12000283143F0040382F82831102205F1600100
:10E1300004F1600014F09AFD366828B196F8283191
:10E1400043F0200386F82831102205F1700104F114
:10E15000700014F08BFD28B196F8283143F01003BD
:10E1600086F82831102205F1800104F1800014F0B6
:10E170007DFD28B196F8283143F0400386F8283118
:10E180000021094A094886F8341103F09FFE012056
:10E1900071E700BF0C7E0608B47C06089CC6002010
:10E1A0001F7E06082A7E0608B882010009DD0408E1
:10E1B00010B5AAB09B2200211F4C03A814F08DFDBE
:10E1C00003F0C4FB9B2103A803F0EAFB00282DD039
:10E1D0001A4A45201A4902F035FC1A4B1A889B78D6
:10E1E0002280A37002A8184B1B685B69984730B166
:10E1F0000023164A12494520029302F023FC002313
:10E200000F494920E370029B1A0EE37100932271BB
:10E210001A0C62711A0A084BA2710D4A02F012FC24
:10E220000821054802F058FC2AB010BDBDF8A33003
:10E2300023809DF8A530D4E7A0C60020697E06089B
:10E24000987E0608947E060868CB0020A17E06080A
:10E25000C77E0608024B0360082301200B7070473D
:10E26000A0C6002010B50B4C40B903232370002139
:10E27000094A0A48BDE8104003F028BE084B0822AE
:10E2800008495A700346084A452002F0DBFB0D237B
:10E29000ECE700BFB4C60020B8820100E1E8040842
:10E2A000B5C60020EC7E0608E07E0608064B00217D
:10E2B00006481B68002B064B0CBF01220B221A706C
:10E2C000044A03F003BE00BFA8C60020E1E804082A
:10E2D000B4C60020B882010038B504460C4D40B9E0
:10E2E0000C232B7000210B4A0B48BDE8384003F08B
:10E2F000EDBD002001F0F2FD084B08220849452041
:10E300005A702346074A02F09DFB0D23E9E700BF40
:10E31000B4C60020B8820100E1E80408B5C60020B8
:10E32000EC7E0608F57E060810B5094C20680BF057
:10E3300047FD206808300BF0D9FE206868300CF0EB
:10E34000DCFC2068BDE81040583004F018BF00BF66
:10E35000B8C6002010B5094C2068583005F098F870
:10E36000206868300CF0DCFE206808300BF0F9FE05
:10E370002068BDE810400BF053BD00BFB8C60020B8
:10E38000F8B50A222A4F2B4E044639682A4D3270BE
:10E39000002844D191F82030162B39D191F828303B
:10E3A0006870062B25D0072B2AD0052B2DD1234AA8
:10E3B0004920234902F046FB3A6892F8CC30ABB1D1
:10E3C0000C21013B317082F8CC3047F23054337865
:10E3D0000A2B02D1002001F081FDFFF7BBFF21468F
:10E3E000184A1948BDE8F84003F070BD0B236B7064
:10E3F000EBE7164A4920124902F024FB6C70E6E76D
:10E40000134A45200E4902F01DFB0B236B70DEE71B
:10E410006A7045200F4A0A4902F014FBD7E7034609
:10E420006A70074945200C4A002402F00BFBCEE736
:10E43000B8C60020B4C60020B5C60020037F060879
:10E44000EC7E0608B8820100E1E80408217F060896
:10E450004C7F0608677F06088E7F060870B5044665
:10E46000104E114D70B9012001F038FD0A2374706F
:10E470002B70FFF76FFF0D4A00210D48BDE870407B
:10E4800003F024BD022803D10D2373700523EFE7A9
:10E490000A23084A084973702B700346452002F08E
:10E4A000D1FAE6E7B5C60020B4C60020B882010064
:10E4B000E1E80408B37F0608EC7E060808B50F4AB9
:10E4C0000F4B58B9507005221A70FFF743FF0D4AE1
:10E4D00000210D48BDE8084003F0F8BC022802D135
:10E4E0000D215170EFE70A21517019700346074A58
:10E4F0004520074902F0A6FAE7E700BFB5C60020AD
:10E50000B4C60020B8820100E1E80408DA7F0608FA
:10E51000EC7E0608144908B5D8B9144B1A68D2F82D
:10E52000B030D2F8C0000133C2F8B030D2F8AC201D
:10E530005343834222BF0E4B08221A7000234B70B4
:10E54000FFF708FF0B4A00210B48BDE8084003F025
:10E55000BDBC0A23064A4B7013700346074A452088
:10E56000074902F06FFAEBE7B5C60020B8C60020F5
:10E57000B4C60020B8820100E1E80408FF7F060865
:10E58000EC7E060808B50C490C4B58B905224870BA
:10E590001A70FFF7DFFE0A4A00210A48BDE808406A
:10E5A00003F094BC0A224A701A700346064A4520BA
:10E5B000064902F047FAECE7B5C60020B4C60020D1
:10E5C000B8820100E1E8040828800608EC7E06080D
:10E5D000F8B50A21324F334E04463A68324D317055
:10E5E000002854D192F82030162B49D192F82830C7
:10E5F0006870072B07D8DFE803F004082F0F2129E4
:10E6000039410623337000240FE00723FAE70B2378
:10E610006B7047F2305408E0244A49202449002412
:10E6200002F010FA09236C703370FFF793FE214655
:10E63000204A2148BDE8F84003F048BC1F4A1C4965
:10E64000452002F0FFF90B236B70DCE71C4A4920E0
:10E65000174902F0F7F93A6892F8CC30002BD6D07F
:10E660000521013B317082F8CC30D2E70024154AF5
:10E670000F49492002F0E6F96C70D6E7124ADEE74E
:10E6800069704520114A0A4902F0DCF9CDE70346DA
:10E6900069700F4A4520064902F0D4F9B3E700BF7C
:10E6A000B8C60020B4C60020B5C6002054800608B5
:10E6B000EC7E0608B8820100E1E8040881800608C3
:10E6C000037F0608217F06084C7F0608677F06083F
:10E6D0008E7F06082DE9F7430A23284FDFF8C08014
:10E6E00004463968264D88F80030002841D191F859
:10E6F0002060062E35D18B6AD1F8C000C1F8AC304D
:10E70000B0FBF3F203FB1200002818BF01324920CE
:10E71000C1F8B4201B4900921B4A02F093F9D7F8C4
:10E7200000900121D9F8AC0001F072FF3B68C9F8F4
:10E73000C800D3F8C83063B16C7088F80060FFF788
:10E7400009FE124A0021124803B0BDE8F04303F06D
:10E75000BDBB07230F4A0B4945206B7002F072F9CD
:10E76000EDE76B7033460C4A0649452002F06AF922
:10E77000E5E76B700346094AF6E700BFB8C600201C
:10E78000B5C60020EC7E06089E800608B88201000F
:10E79000E1E80408EC720608BA800608D080060892
:10E7A000B4C6002038B50A21194B1A4C1D6803461F
:10E7B000194A217040BB95F82030032B1DD195F8E4
:10E7C0002830012B11D10523144949205370144AD4
:10E7D00002F038F904232370FFF7BCFD114A002131
:10E7E0001148BDE8384003F071BB06230B494920AE
:10E7F00053700E4A02F026F9EEE751700C4A0749B1
:10E80000452002F01FF9E7E751700A4AF7E700BF19
:10E81000B8C60020B4C60020B5C60020EC7E0608AD
:10E82000F3800608B8820100E1E8040806810608C2
:10E830001A8106083381060807B50DF1070001F0BB
:10E8400063FB9DF80710084B49B10B2207491A706A
:10E85000074A084803F03AFB03B05DF804FB0D22B9
:10E860001A70034AF5E700BFB4C60020E093040025
:10E87000B8820100E1E80408F0B585B00D46044611
:10E8800016461F46F8F78CFA0390FFF74DFD00235C
:10E8900012220F4900932346039801950BF052FF73
:10E8A000044648B93A4631462846FBF701FFB4FA18
:10E8B00084F0400905B0F0BDFFF74CFD054B09227F
:10E8C000054945205A702346044A02F0BBF8EEE79A
:10E8D000D1820608B5C60020EC7E0608236B060828
:10E8E0002DE9F04F964C974E2DED028B8FB0F8F737
:10E8F00057FA07469448D4F80080F8F755FA337869
:10E900000D2B27D8DFE813F00E0031007A008500C8
:10E910009900A900B6005201E301100239023F023A
:10E920004D026702022289490D20FCF7B1FE012841
:10E930000ED1874B1C6844B93070F8F743FA204673
:10E940000FB0BDEC028BBDE8F08F0B23337071E18B
:10E95000032802D14FF0FF34EFE77E4A45207E497D
:10E9600047F2305402F06EF8E7E701207B4FD021E8
:10E97000387001F04DFE05462060002835D0784BF8
:10E9800000F1B801002277481B681C681023A047DB
:10E99000044650B1744A45206F4902F053F80223EF
:10E9A0003B7007237B700D23D0E7D5F8B8206F4B61
:10E9B0009A4207D002236E4A7B706749492002F0D1
:10E9C00041F8F0E7D5F8BC301BB90323694A7B70E6
:10E9D000F3E70423684A604949207B70D5F8C030CA
:10E9E00002F030F802233370A7E7644A45205A4901
:10E9F00002F028F807237B700A23A7E7574C03216E
:10EA00005F482170F8F7D4FF0028A3D00823637073
:10EA1000C9E721680422514B05201A7001F1080250
:10EA2000584BFFF729FF0446002893D1564A4A491C
:10EA3000572002F007F80A23D5E721680522474B43
:10EA400002201A7001F10802504BFFF715FF04462F
:10EA500000287FF47FAF4E4AE9E7216806204D4B3E
:10EA600001F10802FFF708FF044600287FF472AFA7
:10EA7000494ADCE720680723DFF8E0B01221474A63
:10EA800078308BF8003006F01BF9FFF74DFCD4F816
:10EA90000090022109F15805284604F078FC00286E
:10EAA00042D10221284604F072FC00283CD1092101
:10EAB000284604F06CFCB8BBDFF8ECA029469AF8B5
:10EAC00004000AF018FF78BB9AF804202846DAF808
:10EAD000001004F065FC38BB0621284604F057FC02
:10EAE00010BBD9F8C010284604F056FCE0B9B9F8BC
:10EAF0005E2009F16800D9F858100CF073FB98B942
:10EB000021680122384601917831B8F85E300093CF
:10EB1000D8F858300CF0DEF830B92068204A00F1FF
:10EB20000801FBF7C5FD15E7FFF714FC09231D4A93
:10EB3000572009498BF8013001F084FF5CE700BFE2
:10EB4000B8C60020B4C60020BB820608ADE20408A7
:10EB5000A8C60020BE550608EC7E0608B5C60020F3
:10EB60005CCB002080E20A864E810608C9D8B3AC8F
:10EB7000718106087D81060898810608335B0608C6
:10EB800065E20408A5E70408B6810608D5E604088E
:10EB9000C4810608D1E50408CF810608D1820608A1
:10EBA00085E50408DB810608ACC60020A44B0822DA
:10EBB000A44949201A702268D2F8B430013B00936E
:10EBC000D2F8B030A04A01F03DFF20689F4A1221E0
:10EBD000783006F075F8FFF7A7FB25689C48D5F854
:10EBE000C060D5F8C890D5E92BBA49460BFB0AF3AB
:10EBF000F61A03F11002974B5E4503921B6828BF7B
:10EC00005E461B6808EE106A1E4618EE103AB047C2
:10EC1000039A88B113468B498F4A4520CDF800B03E
:10EC200001F010FFFFF796FB854B09225A700A226C
:10EC30008A4B1A70002480E605F1580B02215846D1
:10EC400004F0A5FB0028EDD10221584604F09FFBFB
:10EC50000028E7D10621584604F099FB0028E1D1AD
:10EC60005146584604F098FB0028DBD1092158464C
:10EC700004F08DFB0028D5D1594618EE100A0AF091
:10EC80003AFE0028CED118EE103A494658469AB2BC
:10EC900004F086FB0028C5D1B5F85E2005F16800B8
:10ECA000A96D0CF09FFA0028BCD1216802223846D9
:10ECB00001917831B8F85E300093D8F858300CF0F4
:10ECC00009F80028AED1664B664A186827E75C4B06
:10ECD000092203255B491A7049202368624A83F898
:10ECE000CC5001F0AFFE2068584A1221783005F070
:10ECF000E7FFFFF719FB21680F232A46384681F802
:10ED00006830002381F8703001F168030091783198
:10ED10000BF079FF002885D120685A23534A00F16F
:10ED20000801FBF759FC15E6454B0A2245494920E5
:10ED30001A700322236883F8CC204D4A01F082FE2A
:10ED40002068424A1221783005F0BAFFFFF7ECFA4A
:10ED500021680F230422384681F86830002381F8A7
:10ED6000703001F16803009178310BF04CFF0028FE
:10ED70007FF458AF20683F4AD1E6FFF7EBFA3E48F0
:10ED8000F8F76EFEE6E52E4C0B2303213B4823707B
:10ED9000F8F70EFE00283FF4DDAD002001F09EF8EC
:10EDA00034E6274B0A25216806201D70032301F154
:10EDB000080281F8CC30324BFFF75EFD0446002894
:10EDC0007FF4C8AD01F08AF82E4A1E49572001F0A1
:10EDD00039FE3570B1E52C4D286818B12B790BB18F
:10EDE00013F03CFF0023C5E9003323684BB1D3F88F
:10EDF000C80008B101F09CFC206801F099FC0023D8
:10EE0000236004A8214C13F071FF0C9B204A492079
:10EE100001930B9B0B490093049B01F013FE01F03F
:10EE200055FB0D20FCF792FC0548F8F7E3FA236840
:10EE3000002B3FF48FAD9847002323608AE500BF85
:10EE4000B5C60020EC7E0608E8810608D1820608D7
:10EE500080E20A865CCB002002820608B4C600204D
:10EE6000B8C6002015E5040833820608BDE404088E
:10EE7000558206085DE4040839E80408D9E204086C
:10EE800081E3040875820608ACC60020A8C60020ED
:10EE9000D24D0608F8B50D46064600B131B90F4A05
:10EEA0000F49452001F0CEFD0020F8BD0D4F012097
:10EEB00013F0BCFE386008B90B4AF1E72A46314628
:10EEC00013F0E4FE0021094B094A1960094B0A4876
:10EED0003D71197002F0FAFF0120E6E7838206080F
:10EEE000EC7E0608ACC60020EC720608A8C600201E
:10EEF000B8820100B4C60020E1E8040837B5054631
:10EF00000DF1070001F000F89DF8073013B3124A25
:10EF10004920124901F096FDD021012001F078FB33
:10EF20000F4B0446186050B10E4B00210E4A1D6075
:10EF30000E4B0F48197002F0C9FF03B030BD0D4AE7
:10EF40004520064901F07EFD204600F0C7FF0A4B30
:10EF500007225A70A847F0E794820608EC7E06085C
:10EF6000B8C60020A8C60020B8820100B4C60020A0
:10EF7000E1E80408335B0608B5C6002013B5044673
:10EF80000DF1070000F0C0FF064B1B8823809DF8A1
:10EF9000073013B9044B1B680BB10123637002B037
:10EFA00010BD00BFB5C60020B8C6002013B50DF1D6
:10EFB00007000C4600F08AFF9DF807302BB90E4A77
:10EFC0000E49452001F03EFD11E00D4B1B788BB141
:10EFD000D4E90001FBF7D6FC6368984201D0094AE6
:10EFE000EEE70346084A0549492001F02BFD0020C1
:10EFF00002B010BD054AE3E7D78206080883060879
:10F00000BCC6002011830608378306084A83060819
:10F0100030B5102289B005460C460DEB02000021E8
:10F0200013F05BFE6FF00103002101A8039301239D
:10F030008DF812304123CDE901548DF814308DF84C
:10F04000153002F0E1FB20B1034A4520034901F0ED
:10F05000F9FC002009B030BD738306080883060858
:10F0600070B5154D2C7834B1144A1549452001F07E
:10F07000E9FC204670BD134E40F2DC5013F0E6FD73
:10F080000146306008B9104AEFE740F2DC520F4801
:10F09000FBF7FAFB044640B90D4A4520084901F048
:10F0A000D1FC306813F0DAFDE3E7012000F05EFEEA
:10F0B00001232B70DDE700BFBCC600209383060848
:10F0C00008830608C0C60020A383060811F00408C0
:10F0D000CD83060837B5002516488DF8075002F095
:10F0E00075FA0DF1070000F057FE9DF80730124A3F
:10F0F0004920124901F0A6FC9DF80740BCB1104A16
:10F1000049200E4901F09EFC022229461046FCF7D8
:10F11000BFFA012808D02C460A4A0849452001F0C8
:10F1200091FC204603B030BDFFF79AFFF9E70124B8
:10F13000F7E700BF74C00020F383060808830608C1
:10F14000138406083984060838B50B4D2C7834B979
:10F150000A4A45200A4901F075FC204638BD094895
:10F16000FBF7D2FB084B186813F078FD00202870DD
:10F1700000F0FCFDF1E700BFBCC600204D8406088E
:10F180000883060811F00408C0C60020014B187857
:10F19000704700BFBCC600200A4B10B51B688EB07C
:10F1A000044609481B6901A9984728B10023C4E90E
:10F1B0000033A3600EB010BD0A232360079B636079
:10F1C000089BF6E75CCB0020BA73E58A2DE9F0478F
:10F1D00086B0DFF8949004460E4603A81546FFF764
:10F1E000DBFFD9F80030324621461F682B461A480B
:10F1F000B84758B100242B46184A452018490096B4
:10F2000001F020FC204606B0BDE8F087DFF85C8006
:10F21000DFF844A0D8F80030DC681B6898470399F1
:10F22000A0470746D9F800305046DB68984788B1B8
:10F23000D8F800301C691B6898473946A047044637
:10F240000028EFD12B46074A05494520009601F0DA
:10F25000F9FBD7E70124D5E7BA73E58A6984060884
:10F26000938406089C8406085CCB002078CB0020A1
:10F270002DE9F0431E46264B93B004461B68894691
:10F28000244805A91B6990469847074600283CD1A9
:10F290004FF6FF73204A089DA381BDF8683005FB37
:10F2A00009F16681E3811368A4F8088005FB08333F
:10F2B0001360079A9642C4E900150BD900923346B1
:10F2C000164A02271649452001F0BCFB384613B008
:10F2D000BDE8F083B5FBF6F206FB12521AB13346D5
:10F2E000104A0095EDE7069A934202D900920E4A21
:10F2F000E7E7AD0A009123460C4A094949200396E5
:10F30000CDE9018501F09EFBE0E70127DEE700BFC4
:10F310005CCB0020BA73E58AC4C60020CE84060800
:10F320009384060812850608578506089B850608FB
:10F330002DE9F04F0E46044689B0FF213046924633
:10F3400013F0CBFC636827894FF0FF394FF00008BA
:10F350004AF25A5B5F4363894D46B7FBF3F7B84502
:10F3600008D16B1C59D123462E4A2F49492001F060
:10F3700069FB3EE06189102223680DEB020008FB67
:10F380000131FFF723FF08B9032033E0059B4B450C
:10F3900005D2BDF810205A4504BF9946454608F1EC
:10F3A0000108DCE722683046B4F80A8005FB08282B
:10F3B00052464146FFF70AFF0028E5D032884AF25C
:10F3C0005A539A4219D1718962898A4215D9728831
:10F3D00004395846039201F0E9FB039A82420CD1AA
:10F3E0002346124A10494920CDE9008501F02AFB45
:10F3F000A581002009B0BDE8F08F09F1010960681E
:10F40000228961891DB900FB02F5B5FBF1F5013DCB
:10F41000B945C7D12346064AA7E74FF0000906F1D0
:10F42000040BF5E7E2850608938406080C860608B7
:10F43000408606082DE9F04F0E46904604462DED15
:10F44000048B8DB0002800F02C81002900F0298168
:10F450004189914240F225812289A389D0E9005750
:10F4600001337A43B2FBF1F2B7FBF1F09A4298BF55
:10F470000023A3819BB2B3FBF0F201FB035500FB19
:10F480001233002B3DD10123DFF868A209A80795AC
:10F490000893FFF781FEDAF8003008AA07A9894827
:10F4A0009B68984768B1079B874A8849452001F0C7
:10F4B000C9FA2346864A45208449009501F0C2FADC
:10F4C0005DE0DFF83492DFF8FCB1D9F80030DF6896
:10F4D0001B6898470B99B8470746DAF8003058463A
:10F4E000DB68984768B1D9F800301A691B68039245
:10F4F00098473946039A90470028EED1079B754AF2
:10F50000D3E7E389A6F80A8033817368013B73600F
:10F510005A2333706FF05A037370331D08EE103A9C
:10F52000A8F1040318EE100A194608EE903A01F00B
:10F530003DFB0490708009A8FFF72EFE15F0030331
:10F54000039314D1DFF8ACB128F0030A29465D48D3
:10F55000DBF80020534657683246B8470746A8B143
:10F5600053465D4A00955949452001F06BFA234600
:10F570005A4ACDE900855549452001F063FA032731
:10F5800038460DB0BDEC048BBDE8F08FDFF8689114
:10F59000D9F80010CA680968059288470A99059A3F
:10F5A000904709EE100ADBF800204648D2689047E1
:10F5B000002878D0D9F800100A69096805928847B0
:10F5C00019EE101A059A90470028ECD15346009581
:10F5D0004DE04FF0FF32A8EB0A0906EB0A01089252
:10F5E0009DF80C20039B4A4503F1010B13D305EB57
:10F5F0000A03DFF800B108AA32480393DBF80030B1
:10F600000399D3F804A00423D04770B1039B344A74
:10F6100000934B46A7E702F130038A5CCDF80CB0AB
:10F620000DEB030000F8102CDAE7DFF8CCA0DAF8D5
:10F630000030DA681B68059298470A99059A904746
:10F6400009EE100ADBF800301E48DB68984760B30B
:10F65000DAF800301A691B680592984719EE101AFB
:10F66000059A90470028EDD1039B00934B461D4A15
:10F6700079E718EE901A18EE100A01F097FA049B39
:10F68000834206D02346184A1049452001F0DAF992
:10F6900075E72346154A0D494920009501F0D2F936
:10F6A0006EE702276CE7D04593D1424629463046A3
:10F6B000FFF78CFD0028DCD123460D4ACDE90085FB
:10F6C00059E700BFBA73E58A708606089384060876
:10F6D00090860608EB870608BB8606080987060899
:10F6E000E6860608B98706086B8706088987060834
:10F6F000388706085CCB002078CB00204AF25A53AA
:10F7000010B504889C4209BF038900200B804389FF
:10F7100004BF0120138010BD0E4A034630B51146C8
:10F7200000F138041D8808330832D58233F8045CB0
:10F73000558333F8065C158333F8025CA342958346
:10F74000F0D190F8383081F8563090F8393081F89F
:10F75000573030BDD8C6002038B50C4D2C7834B9A0
:10F760000B4A57200B4901F06DF9204638BD5E2247
:10F7700009490A48FFF75EFE0028F6D00024084A2F
:10F780000449572001F05EF92C70EEE736C70020DF
:10F790001A8806084F880608D8C60020C8C6002068
:10F7A0005888060810B50446074A0849492001F060
:10F7B00049F92288064B1A8362885A83A288BDE8D9
:10F7C00010409A83FFF7C8BF8F8806084F88060845
:10F7D000D8C60020034B1A8B02805A8B9B8B428029
:10F7E00083807047D8C6002010B5064A04460649F3
:10F7F000492001F027F9054B1C61BDE81040FFF7D7
:10F80000ABBF00BFAD8806084F880608D8C60020E9
:10F81000014B1B6903607047D8C6002010B5064A2B
:10F8200004460649492001F00DF9054B5C61BDE82D
:10F830001040FFF791BF00BFD28806084F88060826
:10F84000D8C60020014B5B6903607047D8C6002012
:10F8500010B50446054A0649492001F0F3F8204650
:10F86000FFF75AFFBDE81040FFF776BFF78806089C
:10F870004F88060838B5124A04461249492001F05B
:10F88000E1F8114A234604F138001146D58B0833BC
:10F89000083223F8085C558B23F8045C158B23F899
:10F8A000065C958B23F8025C8342EFD191F85630C9
:10F8B00084F8383091F8573084F8393038BD00BFBB
:10F8C0000F8906084F880608D8C6002030B51A4CA4
:10F8D00093B0236902A80293F8F76AFD48BB029B24
:10F8E0004920164A012500931549236901F0AAF819
:10F8F000029B2361636902A80293F8F7E1FE50B905
:10F90000029B49200F4A012500930D49636901F0CC
:10F9100099F8029B636103A8FFF7ACFF03A8F9F70E
:10F920007DFF18B9012503A8FFF7F6FE284613B09E
:10F9300030BD0025DEE700BFD8C600202F890608AD
:10F940004F880608718906084E22FF21054808B530
:10F9500013F0C3F9FFF7BAFFFFF7FEFE80F00100D6
:10F96000C0B208BDE8C6002030B5022385B005222C
:10F970000321009380232D48FFF77AFC002851D102
:10F980005E222B492948FFF7D3FC012304460028B7
:10F990004AD1284A03A9264813700DF10E02FFF739
:10F9A000ADFE054690B9244A4920244901F04AF8A1
:10F9B000FFF7CAFFFFF78AFF00B925B1FFF7CCFEBA
:10F9C00080F00100C4B2204605B030BDBDF80C3057
:10F9D0004FF6FF72934218D0022B16D0012B12D192
:10F9E000BDF80E30582B08D0154A1449492001F0B3
:10F9F00029F8FFF7A9FF0025DCE7124A49200F4943
:10FA000001F020F8D6E7104AEFE7BDF80E305E2B84
:10FA1000F1D05E220949452000920C4A01F012F80B
:10FA20000B4AE2E70424CEE71C46CCE7C8C6002018
:10FA3000D8C6002036C70020B38906084F880608BC
:10FA4000CF890608ED890608128A06082F8A06085B
:10FA5000928A060810B50446094A0A49492000F06E
:10FA6000F1FF2288084BA3F858206288A3F85A2097
:10FA7000A288BDE81040A3F85C20FFF76DBE00BF70
:10FA80008F8806084F880608D8C60020054BB3F8B3
:10FA900058200280B3F85A20B3F85C30428083804B
:10FAA000704700BFD8C6002038B50D4D2C7834B94A
:10FAB0000C4A57200C4900F0C5FF204638BD4FF4D2
:10FAC000B9720A490A48FFF7B5FC0028F5D00024AE
:10FAD000084A0549572000F0B5FF2C70EDE700BF3C
:10FAE000BAC80020AE8A0608E38A060848C7002084
:10FAF00038C70020EC8A060870B5A6B04FF4B17282
:10FB0000FF21234813F0E9F80021932201A813F004
:10FB1000E4F801F01BFF932101A801F041FF90BB25
:10FB20001C4A49201C491D4C00F08CFF01A993225E
:10FB300004F1AB00002513F0A9F801A9932204F108
:10FB4000180013F0A3F801260F232822294604F2F7
:10FB50004310A4F83E3184F842512561666113F0E8
:10FB6000BCF84FF47F4384F86B61A4F87051C4F87B
:10FB70006C314FF6E073A4F84031FFF795FF704009
:10FB8000C0B226B070BD064A45200349CBE700BF8E
:10FB900058C70020238B0608E38A060848C70020C0
:10FBA0003D8B060830B5022285B04FF40073012169
:10FBB0002D480092FFF75CFB002850D12B4D4FF4ED
:10FBC000B97229482946FFF7B3FB012304460028F0
:10FBD00047D1274A03A9284613700DF10E02FFF7FB
:10FBE0008DFD38B9234A2449492000F02BFFFFF747
:10FBF00083FF20E0BDF80C304FF6FF7293421FD018
:10FC0000022B1DD0012B19D1BDF80E30B3F5B97FF1
:10FC100001D01A4AE7E71A4A4920174900F012FFB3
:10FC2000B5F8403123F01003A5F84031FFF73CFF51
:10FC300080F00100C4B2204605B030BD114AD2E7C1
:10FC4000BDF80E30B3F5B97FF5D04FF4B9720A495B
:10FC5000452000920C4A00F0F5FE0C4AC3E704244C
:10FC6000E9E71C46E7E700BF38C7002048C7002087
:10FC7000BAC80020588B0608E38A0608748B060869
:10FC8000928B0608B78B0608D48B0608378C0608BB
:10FC900008B5FFF709FF80F00100C0B208BD000001
:10FCA00008B540B101280ED0084A4520084900F0A7
:10FCB000C9FE002008BD9322064812F0E7FFBDE808
:10FCC0000840FFF7F1BE93220348F6E7538C06087D
:10FCD000E38A0608F3C7002060C7002008B540B1DA
:10FCE00001280AD0064A4520064900F0ABFE002054
:10FCF00002E0054B01200B6008BD044B0B60FBE7E5
:10FD00006B8C0608E38A0608F3C7002060C7002052
:10FD1000024BA3F83E01FFF7C7BE00BF48C7002053
:10FD2000024BB3F83E310380704700BF48C7002044
:10FD30000346074A074910B50446492000F082FEF1
:10FD4000054BA3F84041BDE81040FFF7ADBE00BF32
:10FD5000828C0608E38A060848C70020024BB3F8E5
:10FD600040310380704700BF48C700200346074A60
:10FD7000074910B50446492000F064FE054B83F89E
:10FD80004241BDE81040FFF78FBE00BFA58C0608BA
:10FD9000E38A060848C70020024B93F842310370FB
:10FDA000704700BF48C70020014B1861704700BF73
:10FDB00048C70020014B1B690360704748C70020FB
:10FDC000014B5861704700BF48C70020014B5B6979
:10FDD0000360704748C70020034B00210122C3E99C
:10FDE0000412FFF761BE00BF48C700200C290A4675
:10FDF00073B5114C28BF0C220E460546014604F28D
:10FE0000431084F8682112F041FF0C2E0BD804F245
:10FE100043130A4A0A49492000F014FE02B0BDE823
:10FE20007040FFF741BE04F24313064A04495720CD
:10FE3000009500F007FEF1E748C70020C38C0608D4
:10FE4000E38A0608D78C0608034B03F243120260CC
:10FE500093F868310B70704748C700200F290A4695
:10FE600073B5114C28BF0F220E460546014604F516
:10FE7000A87084F8692112F009FF0F2E0BD804F541
:10FE8000A8730A4A0A49492000F0DCFD02B0BDE827
:10FE90007040FFF709BE04F5A873064A04495720CD
:10FEA000009500F0CFFDF1E748C70020F58C06086B
:10FEB000E38A06080D8D0608034B03F5A87202605D
:10FEC00093F869310B70704748C70020024B93F8D4
:10FED0006B310370704700BF48C700200346074AD4
:10FEE000074910B50446492000F0ACFD054B83F8E6
:10FEF0006C41BDE81040FFF7D7BD00BF2F8D06084D
:10FF0000E38A060848C70020024B93F86C3103705F
:10FF1000704700BF48C7002070470000034B93F8AC
:10FF20006D210270D3F86E310B60704748C7002016
:10FF30000C4A49200C4908B500F084FD0B4802F03A
:10FF40004DF80B4801F07EFB0A4801F05DFE0A48BF
:10FF500002F044F8094802F041F8094B00221A70F7
:10FF600008BD00BF648D0608728D0608D50005081F
:10FF70008CC00020DD010508650105084501050864
:10FF8000E2C8002013B51C4C04F11A0104F11B0057
:10FF9000FDF794F8194B1022002118681B79206195
:10FFA0002046237512F099FEA37EDA070AD40DF1DC
:10FFB000030101A8FFF748FF9DF803200199E01C09
:10FFC00012F064FEE37E5B070AD50DF1030101A880
:10FFD000FFF772FF9DF803200199074812F056FEC3
:10FFE000074A0C2192F825304B43D1184968216209
:10FFF000D35AA38302B010BDBCC80020EB51060841
:020000040805ED
:10000000E4C8002007B503460190264A4920264946
:1000100000F018FD019B062B3BD8DFE803F0041627
:100020001E3A35041900214B01221A70FFF7AAFF6E
:100030001F4B1B78002B32D01E4B64221E481968C0
:1000400003B05DF804EB01F041BF194B00221A70B8
:1000500003B05DF804EBFFF76BBF184B1B78F3B1EF
:1000600011494920164A00F0EDFC114B01221548B8
:100070001A7001F0E7FA144801F0C6FD0B4B1B782B
:100080006BB1FFF77FFFD7E7642246F2A8110F4854
:10009000D6E70F4A4520044900F0D4FCD8E703B066
:1000A0005DF804FB7B8D0608728D0608E3C800200E
:1000B000E1C800200CC9002065010508E0C8002047
:1000C0008D8D06088CC00020DD010508450105085E
:1000D0009E8D0608134B1B7810B553B9124A492060
:1000E000124900F0AFFC0120FFF78CFF4FF0FF3406
:1000F00010E00F4B1A7852B10E4B1C78002CF5D142
:100100000D4A4920094900F09DFC2046ECE70122F8
:100110000A4C1A7023460A4A0449492000F092FC0E
:10012000204610BDE0C80020AF8D0608728D06087D
:1001300010C90020E3C80020CE8D0608C0D40100FD
:10014000E38D0608054A4920054908B500F07AFC08
:100150000520FFF757FF4FF0FF3008BDFB8D060865
:10016000728D060830B5164B89B04FF0FF34154A32
:1001700001932423144D0021CDE90234134BCDE922
:1001800004232B78022BCDE9061114D801A801F025
:100190003BFB2B7858B90E4A49200E4900F052FC1F
:1001A0002B784FF47A6001332B7009B030BD0A4AC6
:1001B00045200849F2E70620FFF724FF2046F4E730
:1001C000BCC80020FFFF010C11C9002046460100F9
:1001D0000B8E0608728D0608228E0608032808B5C5
:1001E00009D10A4A49200A4900F02CFC0220BDE846
:1001F0000840FFF707BF022806D1064A49200449F4
:10020000BDE8084000F01EBC08BD00BF438E0608D4
:10021000728D06084E8E0608F8B54B68032B06D87B
:10022000434A4520434900F00DFC0020F8BD0B680F
:100230001B68013303D0404A49203E49F3E73F4B56
:1002400001223F4C00271A708D68234691F91C60EB
:1002500091F91D2094F82410F8B288421FD3032985
:100260004ED193F9000093F90C400028ACBF002058
:100270000021A042C8BF204693F91840C8BF012101
:10028000A042C4BF204602218242CEDD0C200024C1
:1002900048431F181C50C7E90144084605E0D4F83C
:1002A00004C001370C346545D6D10228BDD80C21D5
:1002B00001FB003741433C7A072C9CBF01343C7260
:1002C0005C1865606670247A012C05D95956521A5B
:1002D00092FBF4F20A4452B20C2193F824404843B2
:1002E000012C1A54A1D993F90000002293F90C10A3
:1002F00083F825208842D88415DB022C06D194E7A8
:10030000481C83F82400C8E70846012293F9181016
:10031000814206DC002A88D00146D98483F8252052
:1003200083E70222F9E7022CEED10122F5E700BFB4
:10033000C7510608728D06085B8E0608E0C80020CB
:10034000E4C8002008B50F4801F040F90C210E4820
:1003500001F024FC64224EF660210C4801F0B6FD49
:100360001420FDF70FF94FF47A730122084958431E
:10037000084B18604920084B1A70084ABDE808402D
:1003800000F060BB8CC00020DD010508D500050829
:10039000728D06080CC90020E2C80020668E06088F
:1003A000054B1B7813B10420FFF72CBE034A4520F0
:1003B000034900F047BB00BFE2C80020728E060868
:1003C000728D060880EA9073194A30B5A3FB0212B9
:1003D0000446184800FB0322CB0E174843EA421399
:1003E0004B4082EAD261154A5A4300FB012214496C
:1003F000A3FB00300244D80F40EA4200D1F80021AC
:100400004340013A134001EB830251F8230050B1FD
:10041000D0E9005345B1AC4206D11360D1F80431A4
:10042000013BC1F8043130BD021D1846EFE700BFA3
:10043000B9E5E41C6D4758BFEB113113BB49D094AB
:1004400014C9002070B504681B4A84EA94731B4DDC
:10045000A3FB021205FB0322CB0E194D43EA421304
:100460004B4082EAD261174A5A4305FB0122A3FBA3
:1004700005352A44DD0F45EA4205134AD2F800113A
:100480006B4001390B4052F82350294671B9456041
:1004900042F82300D2F80431D2F80C1101338B4218
:1004A000C2F8043188BFC2F80C3170BD0E680EB1BD
:1004B000B442FAD04968E9E7B9E5E41C6D4758BF92
:1004C000EB113113BB49D09414C900202DE9F34737
:1004D000214CD4E94031D4F80C2141B90092492093
:1004E0001E4A1F4900F0AEFA02B0BDE8F087274669
:1004F0000026DFF874804520DFF86490CDE9002104
:10050000184A174900F09EFAD4F80031B3420DD8CA
:10051000002140234FF480720F48C4F80C11C4E945
:10052000403102B0BDE8F04712F0D7BB57F8045B8A
:100530000DB90136E8E7D4F81431D5F804A09B07CB
:1005400005D52B6842464946452000F07BFA2846EF
:10055000554612F083FBEBE714C900208E8E060887
:10056000BD8E0608C68E0608048F06080B4BD3F80E
:10057000101110B5044671B940221846C3F80C1189
:10058000C3E940214FF4807212F0A7FB0122C0F8AA
:100590001441C0F81021002010BD00BF14C9002074
:1005A000F8B50546EFF3058717B100242046F8BDDE
:1005B0000220FFF7DBFF012D38BF012505F1080000
:1005C00012F044FB0F4B044650B9D3F814319B078B
:1005D000EBD52B460C4A0D49452000F033FAE5E7F0
:1005E000D3F8182100F108062A443446C3F818212C
:1005F000D3F81C210132C0E90067C3F81C21FFF7C2
:1006000021FFD3E714C900200D8F0608BD8E060810
:10061000F8B504460D46EFF3058717B100242046D0
:10062000F8BD65430220FFF7A1FF0120012D38BF6F
:10063000012505F1080112F0F9FA104B044650B9F2
:10064000D3F814319B07E9D52B460D4A0D494520B7
:1006500000F0F8F9E3E7D3F8182100F108062A447E
:100660003446C3F81821D3F820210132C0E90067CD
:10067000C3F82021FFF7E6FED1E700BF14C9002030
:10068000378F0608BD8E0608F8B506460D46EFF30F
:1006900005830BB1002416E00220214FFFF766FF0F
:1006A000012D38BF012586B13046FFF78BFE044689
:1006B00060B9D7F814319A07ECD53346194A1A496C
:1006C000452000F0BFF92046F8BD344605F1080189
:1006D000204612F0D5FD76B178B92046FFF7B2FE7C
:1006E000D7F814319B07D5D52B46104A0E49452023
:1006F00000F0A8F9CEE70028F2D0002300F10804AA
:100700004360D7F8183104602B44C7F81831D7F884
:1007100024310133C7F82431FFF794FED3E700BF3B
:1007200014C90020618F0608BD8E0608C88F060810
:1007300010B50446EFF30583CBB9C0B1FFF742FE15
:100740000B4B58B9D3F814319B0710D52346094AEF
:1007500009494520BDE8104000F074B9D3F82821BC
:100760000132BDE81040C3F8282112F077BA10BD5D
:1007700014C90020F38F0608BD8E0608F8B50A4D8F
:100780000A4F2B68DC681B6898474FF4FA61A04752
:1007900004463B783BB12B681E691B68984721468D
:1007A000B0470028F5D1F8BD78CB002044CA00201E
:1007B000684620F007018D46144931B5144C0120DC
:1007C000C8642288638892B29BB29A4215D0114DB8
:1007D000AB6C5B0615D52288638892B29BB29A42B5
:1007E0000FD063882846DBB22344197902F06DF8F4
:1007F000638801339BB26380EAE7074B00220865F8
:100800001A70BDE831408546704700BF00200A409D
:100810004CCA002000000A4044CA0020F8B5264F08
:1008200006460D463B680BB1DB689847234C23888E
:1008300062889B1A9BB2C3F58073AB421DD321889B
:100840007019628889B292B286421DD191420FD14D
:100850001B4B01221B4E1A65B36C5B0605D5228823
:10086000638892B29BB29A421AD1174B01221A7036
:100870003B683BB11B69984704E03D6815B12B69A3
:10088000002598472846F8BD238816F801CBDBB22F
:10089000234483F804C0238801339BB22380D3E729
:1008A00063883046DBB22344197902F00EF863887E
:1008B00001339BB26380CFE774CB00204CCA002089
:1008C00000100A4000000A4044CA002070B53B4DA9
:1008D00088B006466C460FCD0FC495E80F0084E83B
:1008E0000F000023364A374C53801380364A13706A
:1008F000364A1360236813B1DB690D2098472368DB
:1009000013B11B6A0D209847236813B1DB690E20D1
:100910009847236813B11B6A0E209847012157207E
:10092000F3F71EFE03214FF44060F3F7F7FF0023B7
:10093000694627488DF80030602302968DF80C3008
:1009400002F01EF9234B5A6E22F00F025A661A6FFC
:1009500022F001021A671022C3F8E4240122C3F82E
:10096000FC2403F5CC231C4A1A65DA64236813B10E
:100970001B6A0E20984723682BB19C690022174BF5
:100980000E210120A0470621114801F099FF012105
:100990005720F3F7E5FD012002F0D4F90D4A104885
:1009A000536EB0FBF6F023F00F03013043F0040365
:1009B00053660C4B186008B070BD00BFE09E06087F
:1009C0004CCA002074CB002044CA002040CA00203A
:1009D00000000A4000C00340FF3F0D03B1070508B7
:1009E0000010270048CA00200FB410B5C2B04FF461
:1009F000807144AB02A853F8042B019312F0C0FCA1
:100A0000FF28044606DD2323FF248DF806310A2340
:100A10008DF80731214602A8FFF700FF50B9FFF714
:100A2000ADFE214602A8FFF7F9FE18B901210448DE
:100A3000FFF7F4FE204642B0BDE8104004B0704716
:100A4000305E06080CB430B5ADF5097D04468CAABD
:100A5000059152F8045B07921C4A1268526890474D
:100A60007D22059B4FF480715043194A0009CDE95E
:100A70000145009048A812F01BFC079B48AA4FF4C0
:100A8000807108A812F07CFCFF28044606DD2323B1
:100A9000FF248DF81E310A238DF81F31214608A846
:100AA000FFF7BCFE50B9FFF769FE214608A8FFF723
:100AB000B5FE18B901210748FFF7B0FE20460DF535
:100AC000097DBDE8304002B0704700BF78CB002000
:100AD00025900608305E06082DE9F04707460D46CA
:100AE0000024DFF83C8001F1FF39DFF830A0AC4290
:100AF000A6B204D10948BDE8F047FFF775BF06F07C
:100B00000F06395D4046FFF76FFF0F2E04D1A14558
:100B100002D05046FFF768FF0134E8E7C68F0608A9
:100B20003990060870B50A4D2B68DC681B68984739
:100B3000084B4FF47A711B685943A04704462B6851
:100B40001E691B6898472146B0470028F7D170BD41
:100B500078CB002048CA00201FB50F4B08211B6826
:100B60000DEB01009B6A984730B10C4A57200C49A5
:100B7000FFF768FF04B010BD039B2024094A4920F9
:100B800000930749029B0194FFF75CFF214606484A
:100B9000FFF7A2FFEEE700BF74CB00203F900608EE
:100BA000599006086290060820040020024601447D
:100BB0004FF6FF7010B5074C8A4200D110BD12F8F5
:100BC000013B83EA102334F8133083EA002398B200
:100BD000F2E700BF789006080023C0E90033836085
:100BE00070470068704703683BB9016000234160AB
:100BF0000B60836801338360704743681960F5E7D1
:100C000003461A461B6873B18B42FAD10B68136016
:100C10008368013B836043688B4204D182420ABFF0
:100C200000234260436008467047006800B970477F
:100C30008842FAD101207047401AC00F7047000067
:100C40002DE9F0410C4F06460C463B689B689847DF
:100C5000054620B940F2FF18013C444502D1284620
:100C6000BDE8F0813B68214630469B6898470028E4
:100C7000F2D00546F3E700BF50CB00202DE9F84F36
:100C8000374B40F20E21DFF81CB118603548FFF7F2
:100C9000D7FF354B4FF40271DFF80CA118603348D1
:100CA000FFF7CEFFDFF8049140F20E21CBF80000F1
:100CB0002F48FFF7C5FFDFF8F88040F20121CAF89E
:100CC00000002C48FFF7BCFF2B4F4FF40071C9F810
:100CD00000002A48FFF7B4FF294E40F20321C8F86C
:100CE00000002848FFF7ACFF274D4FF40071386033
:100CF0002648FFF7A5FF264C40F202213060254828
:100D0000FFF79EFF4FF4007128602348FFF798FF1C
:100D10004FF4007120602148FFF792FF124B204AE8
:100D20001B681060B3B1DBF800309BB1DAF800301B
:100D300083B1D9F800306BB1D8F8003053B13B68BB
:100D400043B1336833B12B6823B130B12368003B22
:100D500018BF01231846BDE8F88F0346FAE700BF25
:100D600050CB002061F1030054CB002076D6CE7426
:100D700065C1F902D51BDB7758CB00204DC21300AB
:100D800070CB002015FF4E0160CB0020AFD613774B
:100D90005CCB002038230F00493BFD01B70B086EE8
:100DA00064CB002068CB00206CCB002074CB0020EB
:100DB00078CB002010B5084C08492268084B01FB8D
:100DC00002332360074B1B681B689847236818444D
:100DD000054B186010BD00BF7CCB00200D661900CC
:100DE0005FF36E3C78CB002080CB002080F00100C8
:100DF000014B1860704700BF7CCB002008B5FFF79F
:100E0000D9FF014B186808BD80CB002038B50F4CC6
:100E1000021E0F49236819440BDB9D180D488542BB
:100E200010DD11F00BFF0C234FF0FF31036008467B
:100E300038BD981A002805DA0023236011F0FEFE61
:100E40000E23F1E713442360F1E700BF84CB0020B9
:100E500068D20020902D0000F8B504461546D0E970
:100E60000006331A9F1A002F0ADA1EB1D51A002382
:100E7000C4E9003322684FF000402A44226005E0B4
:100E800011F004FF226800202A442260F8BD30B52A
:100E900019BA85B014BA182A9DF82050CDE9021469
:100EA00073F100010DF10F0109D205EB14658DF806
:100EB0000F5004AB5A1AFFF7CFFF05B030BDB2F5A3
:100EC000807F73F100042CBF01240024B2F5803F21
:100ED00073F1000228BF01340BB10134E4B20123E5
:100EE0001835A3402C44C91A0C70E2E7816810B48D
:100EF0009DF8044009B10139816001945DF8044B0B
:100F0000FFF7C5BF1FB50446084621680160616848
:100F10004160A16809B10139A160541C03F02001AE
:100F2000B2F1FF3F8460C1600CD141F004011F3376
:100F30000122C1600DF10F018DF80F30FFF78CFF1A
:100F400004B010BD09B11444846000930023FFF77E
:100F50009EFFF5E70A44016042600222C0E90223D5
:100F6000704707B500210091FFF7C0FF03B05DF89F
:100F700004FB30B5402385B004461546009300239A
:100F80000391FFF7B3FF2A460399204605B0BDE859
:100F90003040FFF761BF30B5602385B00446154689
:100FA000009300230391FFF7A1FF2A4603992046EF
:100FB00005B0BDE83040FFF74FBF02F1004310B469
:100FC0006FF00044A34204D3A0235DF8044BFFF765
:100FD00099BF4FF480605DF8044B70470B6813B500
:100FE000036004464A68CB68426013F004000AD0EC
:100FF000FF2301220DF1070120468DF80730FFF78E
:101000002BFF02B010BD8B68012B06D0002B40F2E5
:10101000013008BF4FF44070F3E7002A08BF4FF0DB
:101020000040EEE700F0DF00402803D0803818BF12
:10103000012070470020704701207047FF2103689E
:10104000024670B5817341681D68A94202D140F221
:10105000011070BD0B7803F0E00403F01F038473EC
:101060001B2B4FF000009381D07317D91F2B07D093
:1010700040F2051040F20313E02C08BF1846E8E7E1
:101080002046FFF7CFFF10B90423D373E1E7E02C2C
:1010900040F2051008BF4FF48170DAE7172B07D92B
:1010A000A3F1180601206D1AB0400130A842CED835
:1010B000202C4FEA541009D14FF40070D081172B27
:1010C00013D9182B21D14B7893810EE00728F6D144
:1010D000143B072B09D8DFE803F0040C0C0C0F0CB1
:1010E0000A0A0023F521938191730020B1E70123BF
:1010F000D3730B789373F8E74B781F2B9381F4D855
:10110000FF234FF483709373A3E7192B03D1B1F836
:1011100001305BBAD8E7D37B43F00103D373E4E734
:101120008268531C07D1D0E9001309688B4202D0B2
:101130001978FF2901D0FFF781BF01338273436023
:10114000002383601846704783685A1C05D0827B51
:10115000C02A02D0013B83600BB1FFF7E1BFFF2241
:1011600082731846704711F091BD73B5054600684B
:10117000034613F8014B04F01F042B60172C04D80E
:101180000020C2E9004002B070BD1B2C27D8183CDB
:101190000126C91A06FA04F4A14223D3B44207D1A6
:1011A0004178116000212344516000202B60EAE760
:1011B000022C04D1B0F8011049BA89B2F1E7042C2D
:1011C00003D1D0F8011009BAEBE7D0F801006E4660
:1011D000596803C601BA019800BA1060E3E740F20B
:1011E0000510D0E740F20110CDE713B5044650F8E2
:1011F000043B6A461968FFF7B8FFA37B204603F05B
:10120000DF03402B01BF6368009A9B186360FFF700
:101210009BFF02B010BD73B5C37B0E461546044656
:10122000990703F0040209D57AB9002320463360F8
:101230002B6002B0BDE87040FFF786BF2AB142685C
:1012400043F002030132C3734260D4E90023116802
:101250008B4203D140F2011002B070BD1A78FF2A10
:1012600002D101336360E0E7A37B02F0E002934226
:101270001CD16A46201DFFF778FF10B100232B60B8
:10128000EAE7DDE900232A606BB9D4E900130968B5
:10129000C91A9142DED3336013446360E37B43F0A9
:1012A0000203E373D8E74FF48060D5E74FF4827010
:1012B000D2E72DE9F04F87B0894690461D46DDE91B
:1012C000106A06B902AE00240FC8A34686E80F00D4
:1012D00001232B7001AA69463046FFF79CFF0746A1
:1012E000A8B90099D1B1019AA7180ED22B7893B161
:1012F000D8F80030BB420ED309EB0400D0470038C9
:1013000018BF012028703C46E4E74FF48067384658
:1013100007B0BDE8F08F85F800B0F4E72B7873B123
:10132000D8F80030A3420AD98DF80400012201A99F
:1013300009EB0400D047003818BF01202870C8F816
:101340000040E4E7426882B0117811F0010104D155
:10135000D2F8010000BA02B07047D2F805106B460F
:10136000D2F8010003C308BA009909BAF3E710B430
:10137000044601982144C3E90012C0E90034012366
:101380005DF8044B8360FFF759BE83680BB1FFF72C
:101390002CBF0320704737B505460C460FC884E8BC
:1013A0000F00EB7B13F004030AD04FF0FF33013141
:1013B000A3606160204603B0BDE83040FFF7B0BED7
:1013C0006A460168201DFFF7D0FEDDE90032A36008
:1013D0000AB9591C05D16B684FF48060636003B093
:1013E00030BDA17BA02903D1002BF4DB5900A16003
:1013F0001343DFD1FF230020A373F0E74B68436062
:10140000FFF7A2BE38B5C37B05460C4613F00103B7
:1014100006D0FFF797FF0B1E03DA4FF480600BE056
:101420008089C4E90003EA7B12F0020205D0C043C0
:10143000DB43C4E90003002038BD1046FCE738B5A3
:10144000C37B05460C4613F001030ED0FFF77AFF6D
:10145000EB7B13F002030BD0B0F1004F71F10003EE
:101460000BD2C0432060002038BD80891946EFE7C9
:10147000B0F1004F71F10002F4D34FF48060F3E754
:101480007FB50A4C0A4D002908BF2C46CDE900342F
:101490000DF10F03FFF70DFF28B99DF80F30002B5A
:1014A00008BF4FF0004004B070BD00BF67110508D1
:1014B0003910050830B5837B85B004460D461846C3
:1014C000FFF7B0FD014628B1204605B0BDE8304029
:1014D000FFF78BBE03F0DF03802B09D04FF0FF3303
:1014E0006A46204600932346FFF7CAFF05B030BD89
:1014F000A5B169462046FFF74EFF0028F6D1013D11
:10150000029B23B969462046FFF778FFEEE729469C
:101510006846FFF7CFFF0028F2D0E7E740F201402E
:10152000E4E783681BB14FF48061FFF7C3BF03207A
:10153000704743680020B3F801305BBA0B807047F6
:101540000189084A70B452F831404CB102EBC10530
:1015500000262346AD8842F83160058170BC1847EB
:1015600070BC704798CB002038B50F4D2C78CCB9A3
:101570000E48FFF731FB0E4B214680221C700D4CAC
:101580000D4811F0AAFB23680C481B6898470C4BC8
:101590000C481B68DB6D984723680B485B689847CD
:1015A00001232B70002038BD88CB00208CCB00207D
:1015B00089CB002054CB002098CB002015170508BC
:1015C00068CB0020DD1605084115050838B51A4B13
:1015D00004461B784BB383684BB3027B032A28D89D
:1015E000038A01339BB2B3F5807F22D8C3890133CC
:1015F0009BB2B3F5807F1CD8023A012A01D9436916
:10160000BBB90E4D2B68DB68984721460C48FFF7A5
:101610000CFB20B9207121460948FFF7E4FA2B683A
:101620001B6998470020607138BD0620FCE7042044
:10163000FAE70320F8E700BF88CB002074CB002036
:101640008CCB00200F4B1B7870B50446BBB90E4DF8
:101650002B68DB68984721460C48FFF7D1FA844293
:1016600008D063790BB100F0ADF8182200212046B4
:1016700011F033FB2B68BDE870401B69184701234C
:10168000037170BD89CB002074CB00208CCB00206F
:1016900070B50F4E0F48FFF7A4FA3368DB68984720
:1016A0000D4B00220B481A70FFF79BFA044624B931
:1016B0003368BDE870401B6918472046FFF791FA70
:1016C0002379054613B12046FFF7BCFF2C46EEE711
:1016D00074CB00208CCB002089CB002038B5054688
:1016E0000B48FFF77EFA044618B9FFF7D1FF2046F2
:1016F00008E0237B023B012B01D92046F1E7636917
:101700000BB9012038BD284698470028F5D0F8E7E6
:101710008CCB0020F8B5012506462848FFF761FA72
:101720002F46274B04461D701CB9FFF7B1FF284612
:10173000F8BD237B70695BB9431C04D000F07F4384
:10174000B3F1004F08D12046FFF74BFA0446EBE710
:10175000012B16D10130F6D1B4F90E30591C22D12B
:10176000B4F910305A1C03D0B27CDBB29A42EAD1F1
:10177000A368314620469847D0B9012D08BF0025FF
:10178000E1E7022B00F07F4209D1B2F1004FDAD13C
:101790006369002BE0D098470028DDD1D3E7B2F190
:1017A000004FF5D0D8E7727CDBB29A42CBD1D7E7B5
:1017B000022804BF05466771C5E700BF8CCB002037
:1017C00089CB00200D4810B5FFF70BFA0C4B012216
:1017D0001A7050B90124FFF75BFF6CB1094B01206F
:1017E0001B68BDE81040DB691847437913B9FFF760
:1017F000F8F9EEE70024EEE710BD00BF8CCB002027
:1018000089CB002054CB0020264B1B78F7B504462B
:101810000E46002B3AD0A9B9C37B23F00103C37352
:101820004FF6FF73A38120461F4B1B689B699847A7
:10183000054678BB1D4B01A81B685B699847284685
:1018400003B0F0BD1A4A00204FF0FF33114615686F
:10185000A5B9B3F1FF3F08BF034601300832102895
:10186000F5D15A1C14D041F8336001EBC301A289B1
:101870008A80E27B42F00102E273D3E7B542ECD109
:101880009788A589AF42E8D10825D8E70C25D6E787
:101890000725D4E7002ED2D0A2890021044B43F8BB
:1018A0003210CCE788CB002054CB002068CB00203E
:1018B00098CB00202DE9F743114E01903368114F6A
:1018C000DC681B6898470199A047DFF83C80054613
:1018D0003B684046DB68984733680446D3F810906D
:1018E0001B68984701462846C84714B10028EFD026
:1018F000044684F00100C0B203B0BDE8F08300BF2D
:1019000078CB00205CCB0020BA73E58A13460B4AE3
:10191000126810B514680A4601460948A04750B934
:10192000084B094893F83030002BBDE8104008BF41
:101930000020FFF7BFBF002010BD00BF5CCB002020
:10194000BA73E58A20CC0020A086010038B50E4D80
:101950002B78A3B90D4B0E4C1B6821460D481B6913
:10196000984770B923690C4A042B38BF04231360CD
:101970006268D31A094A136001232B7038BD002016
:10198000FCE70120FAE700BF18CC00205CCB002068
:1019900020CC0020BA73E58A1CCC002054CC002057
:1019A000164B1B7837B505460C46F3B1144B1B6834
:1019B0008B421CD3042200210DEB0200FFF7A6FF8F
:1019C00080B1019B44200F4A0F49FFF73BF80F4BB2
:1019D000019A9A420DD10E4B224628461968FFF70C
:1019E00095FF40B9062003B030BD0220FBE703207D
:1019F000F9E70420F7E70020F5E700BF18CC002046
:101A000054CC00207892060887920608D8FE751EEE
:101A10001CCC00202DE9F043002385B02F4E8046DA
:101A200001930C462E4BF06802932E4BD6F8109083
:101A30001B78002B4DD02C4B1B688B424BD3451E83
:101A40002A4F03AA0D443B6801A99B68B5FBF0F53A
:101A500027480395984720B10624204605B0BDE8E5
:101A6000F083F06968434000FFF724FF00282ED080
:101A700009F1FF331F4D42461D481C443B6829684D
:101A8000B4FBF9F409FB04F4D3F804902346C847E7
:101A900080460028E0D1306A7369034463435800EC
:101AA000FFF708FF98B13B6802AA414610485C68FE
:101AB0002B68A04704460028CED1336A70691844C9
:101AC0002B6858434000FFF7F5FE0028C5D10524D8
:101AD000C3E70224C1E70324BFE700BF20CC0020F6
:101AE000D8FE751E18CC002054CC00205CCB002002
:101AF000BA73E58A1CCC002073B5124E33682BB143
:101B0000DB68CDE900019847DDE900010E4D0124B5
:101B10002B6884403BB16A68144204D0CDE90001CF
:101B20009847DDE90001AB681BB1EA68144200D0B8
:101B30009847336823B11B6902B0BDE8704018476D
:101B400002B070BD74CB00205CCC002010B5084CF6
:101B500023785BB9074A084813609360074B1B68FA
:101B60001B6B984708B90123237010BD0020FCE7C8
:101B700058CC00205CCC0020F91A05086CCB002062
:101B8000044B1B781BB1044B1B681B6818470320D0
:101B9000704700BF58CC00206CCB0020174B1B783F
:101BA00070B504460D463BB320B329B3144E3368D9
:101BB0000BB1DB689847134B1A681AB194420DD0E9
:101BC0004FF0FF32996889B18C420DD07AB106246A
:101BD00033680BB11B699847204670BD002203EBA8
:101BE000C20300245D60F3E70122F8E7012243F815
:101BF0003240F4E70424EFE70324EDE758CC00205B
:101C000074CB00205CCC00200E4B1B7870B50546D1
:101C1000B3B10D4E33680BB1DB6898470B4B1A68B4
:101C200095429A680ABF002403241C60954204BFB1
:101C300000249C6033680BB11B699847204670BD37
:101C40000324FBE758CC002074CB00205CCC0020A0
:101C500070B502790446164E33688AB11B689847FE
:101C60003368054601461B692068984708B1002083
:101C700070BD3368284621685B69BDE8704018472D
:101C80005B689847054601462068FEF7D5FF0028A7
:101C9000EDD12068074B401B984297BF4FF47A73F1
:101CA0004FF0FF305843C00998BF5843E0E700BFEA
:101CB00078CB00207B63080002790B7970B50C4665
:101CC00042B173B10C4B09681B6800681B69BDE821
:101CD000704018472BB909680068BDE87040FEF7EE
:101CE000ABBFFFF7B5FF05462046FFF7B1FF8542C2
:101CF0002CBF0020012070BD78CB0020174A184B64
:101D000012681B688A4270B505460C460AD9012242
:101D1000DE681B68027198474FF47A716143B047DF
:101D2000286070BD00225B6802719847630E09D07D
:101D300004F07E434FF47A7224F07E44B3FBF2F356
:101D400000EBC310E4014FF47A72B4FBF2F102FB32
:101D500011440844002CE3D00130E1E770CC0020AE
:101D600078CB00202DE9F743DFF800813A4E98F850
:101D70000030E3B9394C2068C8B10430FFF768FF80
:101D8000A8B92468637C93B9236883B19847336802
:101D900005460BB1DB689847237C23B9637C13B9F4
:101DA0006A1C48D1236033680BB11B6998473368BC
:101DB0000BB1DB6898470027294D3C46B94655F8DA
:101DC000043C23B16B7B002B3AD045F8049C0537CB
:101DD0001435822FF3D1DFF88490C9F80040F4B1B4
:101DE0006D46204B271D19682846FFF787FF2946B7
:101DF0003846FFF761FF68B3E46897E803002334CF
:101E000085E803002846FFF723FF33680146224692
:101E10009B6815489847D9F8003000221A740023AF
:101E200088F8003033680BB11B6998474FF0FF30DA
:101E300003B0BDE8F0832946201DFFF75FFFB2E73E
:101E40000CB92C1FC3E7211D2846FFF735FF0028DA
:101E5000F7D1BCE72324D5E774CB002074CC002055
:101E60007CCC002070CC0020651D05086CCC0020C7
:101E700038B5104D2C78DCB90F4B1B689B6998471F
:101E80004FF47A730D4A2146B0FBF3F00A23C000E9
:101E9000B0FBF3F00A4B18600A4B1C600A4B1C7035
:101EA000234642F823100533822BFAD101232B70ED
:101EB00038BD00BF6DCC002078CB002078CC00204E
:101EC00070CC002074CC00206CCC00202DE9F043B5
:101ED00087B00D468046144602AF102200213846D6
:101EE00010F0FBFE29463846CDF804800494FFF735
:101EF00005FF334B93F80090B9F1000F5AD004F16D
:101F00002302304B9A4257D8002C57D02E4E3368BC
:101F10000BB1DB68984733680BB1DB6898472B4AF5
:101F20000023019D1C4611461068A84225D11422A9
:101F300002FB031397E803001A1D82E80300012245
:101F40001A8233680BB11B699847B9F1000F2FD083
:101F50001F4B196811BB1F4B012200211E481A702C
:101F6000232233689B689847002433680BB11B69B0
:101F70009847204607B0BDE8F08310B9002C08BF91
:101F80001446013314321A2BCED12CB101AD0FCD32
:101F90000FC42B682360D4E7A146D2E70B68434502
:101FA000D9D004313846FFF787FE0028D3D1DBE7CC
:101FB0000124DAE70324DCE70424DAE70524D8E780
:101FC0006DCC0020A086010074CB002078CC0020CE
:101FD00074CC00206CCC0020651D05081C4B1B78C0
:101FE00070B50646002B30D01A4D2B680BB1DB685C
:101FF00098472B680BB1DB68984700231421164CD7
:1020000001FB03F21059864218D1144440F2011327
:1020100023822B680BB11B699847A4B12B6801215F
:102020000E4A00249B681170232200210C48984717
:102030002B680BB11B699847204670BD01331A2BE2
:10204000DED10024E5E70224F2E70324F4E700BF31
:102050006DCC002074CB002078CC00206CCC00200C
:10206000651D050808B5FFF703FFFFF77DFAFFF7C9
:102070006DFDBDE80840FFF769BC08B500F03AF80F
:10208000BDE8084000F07ABE01280CD819B1074B12
:1020900013F810300B7022B1044B03EB400043786F
:1020A0001370002070470320704700BF9992060804
:1020B00037B50A790DF10601C2F38104621ED2B26E
:1020C000022A97BF0A4B002404F001049D5C88BFDC
:1020D00025460DF10702FFF7D7FF23462A469DF854
:1020E00007109DF80600F2F777FE03B030BD00BF81
:1020F00093920608F0B585B03D4C00209DF80C3059
:10210000257823F00F0302908DF80C30002D6DD14F
:102110000DF107020DF10601E8B2FFF7B5FF9DF8DA
:10212000063083B1012B11D0022B11D0032B12D119
:102130003F239DF80720D34013F001030BD0012D5E
:102140000BD01D46E4E740F2FF73F2E70F23F0E700
:1021500040F2FF33EDE7042048E0264D2B680BB139
:10216000DB6898474FF08062234B02A900205A6633
:10217000FFF79EFF214F029B02A9214E01203B60E9
:102180009DF80C30C3F301035B0063F00703337069
:10219000FFF78EFF029B40F6FF721B217B609DF8CC
:1021A0000C30C3F301035B0063F007037370154B3E
:1021B000C3F8242401222B6810469E69124BB047B5
:1021C00001222B681A2110469E690F4BB0472B68DD
:1021D0001B201B6A98472B681A201B6A98472B689C
:1021E0000BB11B69984701230020237005B0F0BD97
:1021F0008CCE002074CB00200090004084CE0020C4
:1022000080CE002000E003406D22050837B5154A56
:102210000C46127802B3012820D8F9B1124A135C97
:1022200013F001051CD10DF107020DF10601FFF7B6
:102230002BFF30229DF806302846534302F180429E
:10224000143302F570329B589DF80720D34003F0F9
:102250000103237003B030BD0120FBE70320F9E741
:102260000520F7E78CCE002080CE00202DE9F74333
:1022700000241D4E1D4FDFF87C80355D5FFA84F928
:10228000ED081F2D1DD0D7F82034EB40DB0718D503
:102290000DF107014846FFF7B9FF58F8242052B165
:1022A000335D9DF80710C3F34103032B15D00129BB
:1022B0000DD1D80714D4012303FA05F50C4BC3F84C
:1022C000205414B103B0BDE8F0830124D5E7002900
:1022D000F1D19B07EFD5022102E0012918BF0221AD
:1022E00048469047E7E700BF80CE002000C003408B
:1022F00000E0034084CE00201A4B1B78F7B504465B
:102300000D465BB301282BD851B30B7803F00300C3
:10231000032821D0144B154E1F5C33680BB1DB68CA
:1023200098470DF107020DF106012046FFF7ACFEBC
:102330002B783A469DF80600C3F380039DF80710FA
:10234000F2F74AFD0A4A3068135D43F00103135562
:1023500010B103699847002003B0F0BD0120FBE7EE
:102360000320F9E78CCE00209692060874CB00205B
:1023700080CE0020174A127813B50C4622B30128EC
:1023800024D8154A135CDB0722D50DF107020DF1A5
:102390000601FFF779FE012C9DF806209DF8071035
:1023A0000E4B09D18C40302101FB023303F58253DF
:1023B00000201C6002B010BD01248C40302101FBC4
:1023C000023303F50153F3E70120F3E70320F1E7BC
:1023D0000520EFE78CCE002080CE002000C0034017
:1023E00007B5114A1278CAB1012819D80F4A135CEF
:1023F000DB0717D50DF107020DF10601FFF744FECB
:102400009DF8073001229DF8061000209A403023E5
:102410005943074B5A5003B05DF804FB0120FAE71B
:102420000320F8E70520F6E78CCE002080CE0020C0
:1024300040F0034068460C4B042220F00701DB6BA0
:102440008D4601B582B0ADF80630084BDA64084B12
:102450001A6822B11B6801210DF10600984702B0ED
:10246000BDE80140854670470000014B0020014B4C
:1024700094CE002070B53C4D88B006466C460FCD1A
:102480000FC495E80F0084E80F000023374A384C4A
:1024900053801380374A1360374A1370374A1360EA
:1024A000236813B1DB690B209847236813B11B6ABB
:1024B0000B209847236813B1DB690C2098472368E9
:1024C00013B11B6A0C20984701215620F2F748F8F7
:1024D00003214FF44060F2F721FA11215620F2F760
:1024E0001DFA0023694626488DF8003060230296C5
:1024F0008DF80C3000F044FB224B5A6B22F4700232
:102500005A631A6C22F020021A645A6B22F070622D
:102510005A631A6C22F040021A641022C3F8C424D1
:102520004FF4A022C3F8DC244FF4C022C3F8D42413
:10253000154B164A1A65DA64236813B11B6A0C201E
:10254000984723682BB19C690022114B0C21012074
:10255000A04706210A4800F0B3F900215620F1F700
:10256000FFFF012008B070BD009F06089ACE002032
:1025700074CB002094CE002098CE002090CE002076
:102580000000014B00C003400020014BFF3F0D0342
:102590001D26050870B51E4D06462B680BB1DB687D
:1025A00098471C4C2368BEB16BB901215620F1F746
:1025B000D7FF012000F0C6FB174A536B23F47003CA
:1025C00043F4800353632368013323602B68EBB12A
:1025D0001B69BDE87040184713B12368013B2360B5
:1025E0002468002CF2D10C4A0120536B23F47003B1
:1025F00043F400135363136C43F02003136400F09F
:1026000083FB21465620F1F7ABFFDFE770BD00BF2B
:1026100074CB002090CE002000C00340684620F01C
:1026200007018D46164931B5164C0120C864228831
:10263000638892B29BB29A4216D0134DAB6C5B0684
:1026400019D52288638892B29BB29A4213D06388CC
:102650002846C3F308032344197900F036F9638848
:1026600001339BB26380E9E708650020FFF792FF22
:10267000064B00221A70BDE831408546704700BF06
:102680000020014B9ACE00200000014B98CE002084
:102690000521014800F014B90000014BF8B5274F9F
:1026A00006460D463B680BB1DB689847244C2388EF
:1026B00062889B1A9BB2C3F50073AB423BD321885F
:1026C0007019628889B292B286421AD1914212D1AF
:1026D00001201C4EFFF75EFF1B4B01221A65B36CF5
:1026E0005B0605D52288638892B29BB29A4215D1C7
:1026F000164B01221A703B680BB11B69984728469C
:10270000F8BD238816F801CBC3F30803234483F8EC
:1027100004C0238801339BB22380D5E76388304609
:10272000C3F308032344197900F0CFF86388013319
:102730009BB26380D3E70025DDE700BF74CB0020A8
:102740009ACE00200000014B0010014B98CE0020D3
:1027500070B5234C054623680BB1DB689847214BC5
:10276000012156201D60F1F7FBFE236835B32BB124
:102770009D6900221C4B0B210120A8471B4B042202
:102780001A651B4A536B23F0706343F00073536365
:10279000136C43F040031364164B042200215620AF
:1027A000DA64F1F7DDFE236813B11B6A0B2098474A
:1027B0002368A3B11B69BDE87040184713B1DB69FA
:1027C0000B2098470B4B04221A65094B5A6B22F0D9
:1027D00070625A631A6C22F040021A64DCE770BD22
:1027E00074CB002094CE0020352405080010014B46
:1027F00000C003400020014B436D0B42FCD17047E9
:1028000008B54368DA0714D58368DB0702D5036986
:10281000D90707D50A2350218363FFF7EDFF836CA7
:102820009A07FCD100F5005301225A6043689B07C8
:10283000FCD408BD38B50C4600F580530121024692
:1028400004F00F05596040F6FF71FFF7D5FF7821BE
:102850008563FFF7D1FF04F00103610748BF43F030
:102860000203916C01F003019942FAD138BD0000D6
:1028700010B5FFF7C5FF042300F5805100F50052A5
:102880000B6113610B6113610B6113610B6141F209
:1028900002011361202303610023C360836041614F
:1028A0004FF4A021836141620449C36103628362E2
:1028B000C36243630365D164036310BDFF3F0D032F
:1028C00009B9FFF79DBFFFF7B5BF836C5B06FCD569
:1028D00041647047F8B50446154669B9364B9842CD
:1028E00035D0364B984234D0354884420CBF5820FE
:1028F0000020F1F751FE0146A368D80731D566687C
:10290000B1FBF5F116F0010601F1FF3527D02821C2
:102910002046FFF771FFA36C9A071CD1A36CDB075D
:102920001BD4A36C13F0020F0CBF00270627204610
:10293000FFF766FF236923F07F4343EA05652561BE
:10294000CEB139462046BDE8F840FFF7B9BF562062
:10295000CFE75720CDE70527E9E70927E7E737461F
:10296000E8E76368A06800F0E00040281BD003D8C7
:10297000D8B120281BD0F8BD60281AD08028FAD101
:10298000012305FB03F249012046B1FBF2F10D4A98
:10299000203902EAC1020121FFF72EFF2263BDE8C0
:1029A000F840FFF729BF0623EBE71023E9E70823E8
:1029B000E7E70423E5E700BF0000014B00000A4001
:1029C00000400A40F8FF7F00436870B504460D469A
:1029D00016461BB140F6FF71FFF70EFF2046FFF7CA
:1029E00047FF6269E9896B7B22F44C520B43298AC9
:1029F00022F00F020B4313436361A2682B7B297EF5
:102A000022F080420B4322F0E20213436A6913432F
:102A1000A360AB681BB9A36843F00043A360EB69F4
:102A2000002B62D0A268197A42EA8152997AA26098
:102A3000A26842EA4142A2609A88A16802F4C042B8
:102A40000A435978A260A26842EA8102597BA260D7
:102A5000A26842EAC102997BA260A26842EA01121E
:102A60009978A260A26842EA81229979A260DA7913
:102A7000520242EA8122E2601A7802F0FD01023A33
:102A8000012902BFE16841F00401E160012A364AF0
:102A90004AD8944244D0354A944243D034498C4277
:102AA0000CBF02214FF0FF314901324A0A44022192
:102AB000516004F580515A7A8A621AB1E26842F490
:102AC0000062E260DA7A82B1E268294942F40042A7
:102AD000E260254A1B7B9442274A03F00F0308BF9C
:102AE00053668C42136708BFD36736B196F820301F
:102AF00004F5805153B301230B6205212046FFF7F3
:102B000099FEAA6812B16968FFF7E4FE29782046A9
:102B1000FFF7D6FEA36CDB4313F4405FFAD170BD20
:102B20000021C1E70121BFE794420BD00F4A944234
:102B30000AD00F498C420CBF02214FF0FF314901EE
:102B40000E4AB3E70021FAE70121F8E7E26996F8B7
:102B5000223096F8210022F009020343134343F088
:102B60000103CB61C9E700BF0000014B00000A4030
:102B700000400A40C0D4034000900340C0E403403A
:102B80000022FFF721BF0000014B1868704700BF0B
:102B9000A8C00020084B1B6F03F00703022B04D0D2
:102BA000032B05D0012B05D0FEE7044B18687047B6
:102BB000034BFBE70348704700800040A8C000209B
:102BC000ACC00020002D310108B5FFF7E3FF054B35
:102BD0001B6FC3F303330133B0FBF3F0024B1860F8
:102BE00008BD00BF00800040A4C00020004870471E
:102BF00000B4C404014B1868704700BFACC000208B
:102C000000487047002D31014FF094439868C0F39D
:102C100004400C2822D8DFE800F0092121212121DD
:102C2000071719211B1D1F000F4870479B6803F0F1
:102C30004073B3F1807F13D0B3F1007F12D00B4A01
:102C4000002B08BF10467047094870470948704775
:102C50000948704709487047094870470020704785
:102C60000848704708487047405DC60000093D00AD
:102C70000024F400C0EA210180BA8C010048E80178
:102C8000005A620280841E0040420F004FF4004050
:102C900070474FF47A707047014B1868704700BF57
:102CA000B0C0002038B51D46036804469847B0F50B
:102CB000007F1AD30E480F4A0F49121A0FF0E6FF91
:102CC0000E480F4A0021121A10F007F82046FDF7AF
:102CD000D5FFFFF7D2F9F2F7C1F8FFF7C3F92046A5
:102CE00000F00CFA074B1B682B60002038BD00BFBA
:102CF00000C0002038C10020289F060838C10020ED
:102D000068D20020BCC0002070B50C4C054623687A
:102D10000BB1DB6898470A4B1A6822EA05021A6071
:102D2000186818B923680BB15B69984723681BB111
:102D30001B69BDE87040184770BD00BF74CB002010
:102D4000A0D0002070B50B4C054623680BB1DB68A2
:102D50009847094A13682B431360236813B15B69D2
:102D60000120984723681BB11B69BDE870401847D4
:102D700070BD00BF74CB0020A0D0002013B59DF81B
:102D800004300A4C23F00703207843F004038DF845
:102D9000043040B901A9FFF7AFFA01A90120FFF7FC
:102DA000ABFA0123237002B010BD00BFA4D00020F5
:102DB00008B5084B1B784BB1012809D8064B81F0A8
:102DC0000101185CFFF7D6FA002008BD0220FCE7DD
:102DD0000120FAE7A4D00020BD92060808B5074BF1
:102DE0001B783BB1012807D8054B185CFFF7F8FAB0
:102DF000002008BD0220FCE70120FAE7A4D0002053
:102E0000BD92060808B5FAF774FCF7F7E3FBFCF788
:102E100061F9F4F7BFF8FBF7CBF906480021F4F7A6
:102E2000A1F9F4F7EBFBF4F7EBFA0348BDE808402F
:102E3000F8F7FEBFB52E0508892E0508034B1B7851
:102E400013B90348F5F74EBD704700BFA6D0002068
:102E5000C52E050807B50DF10700FDF737F89DF8F9
:102E6000073043B1054B1B782BB1054B1B7813B1D1
:102E70000448FCF743F803B05DF804FBA5D000203C
:102E8000A7D000203D2E0508094B07B518700DF19D
:102E90000700FDF71BF89DF80730002B14BF022038
:102EA0000620FAF7AFF8FFF7D5FF03B05DF804FB93
:102EB000A5D00020024B01221A70FFF7CBBF00BF44
:102EC000A7D0002007B538B3FAF730FBFAF744FB78
:102ED0000DF10600FCF724FFF5F750F8F5F770FA4E
:102EE0001148FAF74FFBF5F7F3FB1048FAF74AFBE6
:102EF000F5F74EFF0D48FAF745FBF7F73BFA0C489C
:102F0000FAF740FBF6F7D2FCF6F7B0FF094B0122C7
:102F10001A7003B05DF804FB074A5720074903B055
:102F20005DF804EBFDF78EBD00DD6D0000974901F3
:102F300080EE3600A6D00020BF920608DE9206087A
:102F4000004700002DE9F043002393B00393F3F70B
:102F500041FFF0B9574A58494920FDF773FDFDF785
:102F6000FBFDFDF7EFF9012010F0D6F901301AD181
:102F70000FF064FE03680C2B15D14F4945204F4AD2
:102F8000FDF760FD01214E48F4F7ECF813B0BDE801
:102F9000F083F3F71FFF012801D14A4ADBE74A4AD1
:102FA00045204549D9E74FF0FF30484D10F0B4F9BE
:102FB0000220FDF7DBFAFCF7F5FDFCF7D5FC2B68EA
:102FC00005A943481B69984778B9089C04A92B6850
:102FD000043C3F481E6804232246B047D0B1234634
:102FE0003C4A35494520FDF72DFD3B4B03A81B68A6
:102FF0005B699847039B394A49202F49FDF722FD19
:10300000F3F714FFF7F724FCF8F732FB3448FFF727
:1030100097FFBBE7049B0133E7D1324A4920264999
:10302000FDF710FDFCF768FD20B12F4A452022492D
:10303000FDF708FDFCF788FC20B12C4A45201E490D
:10304000FDF700FD002305A9214804932B681B69A7
:1030500098470028C9D1089C04AA2B68043C1C4846
:103060005E6804232146B04710B12346204AB8E7E2
:10307000204FDFF85C903B68DE681B6898470B992F
:10308000B04706462B684846DB6898470028ACD016
:103090003B68D3F810801B6898473146C04700282A
:1030A000F0D10423144A044945200094FDF7CAFCDA
:1030B0009BE700BFE7920608DE9206080193060828
:1030C000B52E0508EC920608F49206085CCB0020A9
:1030D000BA73E58A2293060868CB0020C6930608D7
:1030E000052E05084A930608599306087B9306089F
:1030F0009D93060878CB0020B987060810B5436871
:1031000088B0984704464FF4E120FDF7DFFB0F4BF2
:10311000BF220F490793E3B249200693C4F3072364
:103120000593C4F30743240E0493AF230394CDE91E
:103130000132B223074A0093B823FDF783FC064807
:1031400008B0BDE81040F3F7FBB900BFEB5106082B
:10315000DE920608D8930608452F050808B1808836
:10316000C00B704718B1C3880089181A80B2704725
:103170008088C0F30E00704700B1C08870470023FC
:10318000C0E9003303811846704738B504460D4640
:10319000FFF7E4FFD8B931B92068B8B1FDF7C8FA34
:1031A0002560E58012E0A3883BB90846FDF7F8F9F1
:1031B000206040B94FF4827038BD2068FDF764FA92
:1031C0000028F7D02060E388AB42EAD8A580A38826
:1031D000C3F30E03AB42EDD30020EDE7F8B58F1833
:1031E000838804460D469F4216460ADCE3889F42C8
:1031F0000DDC20683246002128440FF06EFD0020CF
:1032000004E0B9B2FFF7C1FF0028EFD0F8BDE780B6
:10321000EFE770B504460E461546FFF79FFF20B94D
:10322000A388C3B18A189A4213DCA3883544C3F338
:103230000E03AB420ADB00200AE03233A3800EE02B
:103240002846FDF7ADF920600028EED14FF48270DA
:1032500070BD322DF1D9EA18A280002BF0D0A188E0
:103260002068FDF711FA0028F0D02060DDE770B586
:103270000D461646044630B10122FFF7CAFF08B9D1
:1032800023685E5570BD4FF48170FBE710B50A46A8
:10329000044640B1C1882046FFF7E9FF10B9E38832
:1032A0000133E38010BD0146F5E770B50C46C188D7
:1032B00005461646631C8B4202DB0222FFF7A9FF7C
:1032C0002B68320A00201A5529680C44667070BDBC
:1032D00010B50A46C1880446FFF7E7FF10B9E38836
:1032E0000233E38010BD70B51446042206460D4635
:1032F000FFF78FFF68B93368220E5A55220C3368E6
:103300002B445A70220A33682B449A7031680D445A
:10331000EC7070BD10B50A46C1880446FFF7E3FFA4
:1033200010B9E3880433E38010BD70B5C188164638
:10333000082204461D46FFF76CFF38BBE28823686D
:103340001344DE71E28823681344320A9A71E288DA
:1033500023681344320C360E5A71E28823681344F2
:103360001E71E28823681344DD70E28823681344E9
:103370002A0A9A70E288236813442A0C2D0E5A7088
:10338000E3882268D554E3880833E38070BDFFF7F3
:103390007DBF89B2FFF79CBFFFF7BCBFFFF7C5BF7A
:1033A000F8B504460F461546A2B1C188FFF731FFB4
:1033B000064668B9E388A288591991420CDC206856
:1033C0002A46394618440FF061FCE2881544E5802E
:1033D0003046F8BD1646FBE74FF48276F8E770B545
:1033E00016461C460D4699B1A3B14FF6FF739C4299
:1033F00008BFCC88096808BFA41A314408BFA4B22A
:103400002246FFF7CDFF10B92A8914442C8170BDE4
:103410000846FCE71846FAE738B504460D46084664
:1034200089B110F067FF70B1421C2946204692B264
:10343000FFF7B6FF38B9E2882368134403F8010C9C
:10344000E388013BE38038BD11B94FF482707047C7
:103450009342FAD301601904F7D46FEA4343C28060
:103460006FEA53438380002303811846704738B5C1
:103470000C460546084610F03DFF214682B228461C
:10348000FFF78EFF05462046FDF752F9284638BD66
:1034900038B50446FFF762FE054630B9206810B122
:1034A000FDF746F925600023A3800020E0802081FD
:1034B00038BD0389C2889A4281BF0268D35C0B7011
:1034C000038983BF0133038100204FF4827070476A
:1034D0000389C2889A4281BF0268D35C0B7003895A
:1034E00083BF0133038100204FF482707047C3888B
:1034F0008B4285BF036800204FF482705B5C88BFFD
:10350000137070470289C38810B5541C9C420BDAB3
:1035100003689C5C13445B7843EA04230B800389B3
:1035200002330381002010BD4FF48270FBE7028953
:10353000C38830B5D41C9C4210DA0468A55C1444DE
:103540000432E37843EA05636578A47843EA0543E7
:1035500043EA04230B600281002030BD4FF48270E7
:10356000FBE70289C38810B5541C9C420BDA036840
:103570009C5C13445B7843EA04230B800389023389
:103580000381002010BD4FF48270FBE710B5CC1C06
:1035900070B1C3889C420DD80068445C014400208F
:1035A0008B78497843EA044343EA0123136010BD52
:1035B0000346EFE74FF48270F9E710B504460A4678
:1035C0000189FFF7E3FF23890333238110BDC388FB
:1035D00010B50C1D9C420ED80068445C0144CB78A9
:1035E000487843EA0463897843EA0043002043EAC9
:1035F0000123136010BD4FF48270FBE710B5044641
:103600000A460189FFF7E3FF23890433238110BDB4
:10361000C38810B501F108049C421AD80068445CC4
:103620000144CB78487843EA046343EA004388784E
:1036300043EA00230020C2E900034B790C791B0404
:1036400043EA0463CC798979234343EA0123136075
:1036500010BD4FF48270FBE710B50A46018904469D
:10366000FFF7D6FF10B923890833238110BDFFF778
:10367000F3BFC38810B58C1C9C4297BF03684FF4FE
:103680008270585CC9189FBF4B7843EA0023002022
:10369000138010BD002337B505460DF10202084620
:1036A00001A9019306F0A0F9044648B9019939B17E
:1036B000BDF802202846FFF773FE0198FDF738F8A1
:1036C000204603B030BDC188006806F043B910B58C
:1036D00088B004460123009203A80A46142106F08C
:1036E000DFF903A92046FFF797FE08B010BD0022BE
:1036F000FFF7EDBF91422DE9F0410446884616469A
:103700001F4603EB020512D9C388AB421FDB67B12A
:1037100020683A46ADB200EB080130440FF0C3FA1E
:103720002389E580AB4288BF258100200DE0838896
:10373000C3F30E03AB42EADAFFF710FD38B9A9B2C2
:103740002046FFF722FD0028E1D0BDE8F0814FF4CC
:103750008170FAE770B516464A1CC388044692B2D7
:103760000D46FFF7C7FF58B91DB9E3880BB9012310
:10377000E380324629462046BDE87040FFF777BD1A
:1037800070BD2DE9F0410F46D188804615461E4692
:1037900031B93A4601462846BDE8F041FFF700BE80
:1037A0003944104689B2FFF7F0FC044688B9EB882B
:1037B000BA19314628469B1B92B29BB2FFF79AFF7B
:1037C000044630B928683A4608EB060130440FF049
:1037D0006AFA2046BDE8F081C38801898B4210B5A2
:1037E000044604D10023C3800020208106E05B1A38
:1037F00000229BB2FFF77EFF0028F5D010BD70B508
:103800000446FFF7AFFC9042064609D1258920689F
:1038100028440FF02BFA18B935440120258170BDDA
:103820000020FCE738B50B461546044678B171B167
:103830000189C088401A904209DB2068014418467B
:103840000FF024FA228900201544258138BD4FF459
:103850008270FBE710B5044610F08EF802460B4666
:1038600074B100224FF07F5310F000F96407024654
:103870000B4605D00022054B0FF042FF02460B46D7
:103880001046194610F02CFB80B210BD0000F03F2E
:103890000023C0E90033038170476FEA43430160AE
:1038A000C2806FEA53438380002303817047B0F9DD
:1038B0000430002B70B505460C461BDB0668818082
:1038C00031B91EB13046FCF733FF2C6000200AE00E
:1038D0000846FFF7BFFF014636B9FCF761FE2860D6
:1038E00040B94FF4827070BD3046FCF7CDFE002821
:1038F000F7D02860AB88C3F30E039C42E6D9F0E70B
:10390000F8B507460E461546003DB7F90430B988AC
:1039100018BF0125002B20DB8E421ED3083138460C
:1039200089B2FFF7C4FFB8B9BB88B342ECD9012410
:10393000BB88B3421CD9304610F02EF800224FF05D
:103940007F5310F093F810F0A3FA72073B6800D091
:103950002CB1ED011D540020F8BD0024E8E7F6432A
:1039600006F0070605FA06F61D5C2E431E54F2E724
:103970004FF48270F0E710B50A46C1880446FFF79D
:10398000BFFF10B9E3880133E38010BDB0F9043004
:10399000002B10B5044607DB006818B1FCF7C8FE21
:1039A000002323600023A3800023E380238110BD34
:1039B000F8B5144606460F46FFF7E8FF8CB12146DE
:1039C0003046FFF774FF054648B92046FFF742FF2F
:1039D0003946024630680FF059F9F480358128469F
:1039E000F8BD2546FBE7C3888B4270B505460C46FB
:1039F00016461CDD08460FF0CFFF00224FF07F5324
:103A000010F034F810F044FA62422B6804F0070416
:103A100002F007021B5C4FF0000058BF5442C4F193
:103A2000070443FA04F404F00104347070BD4FF449
:103A30008270FBE773B5002406460D460C60F388E0
:103A4000A34202D1002002B070BD0DF10702214651
:103A50003046FFF7C8FF0028F5D19DF8073003FA7C
:103A600004F22B68013413432B60E8E773B5064674
:103A7000C08800240130FCF793FD0546F388A3427B
:103A800004D1002328462B5502B070BD21460DF10C
:103A900007023046FFF7A7FF9DF80730002B0CBF49
:103AA000302331232B550134E8E7431E01390F3011
:103AB00010B513F8012F11F8014F834282EA040276
:103AC0001A70F6D110BDC368C17A1BBACA074FEA93
:103AD000530348BF43F000431A0EC37302731A0C1A
:103AE00042731A0A037A8273427A120442EA036228
:103AF000837A0A43C17942EA0322CB074FEA520292
:103B000048BF42F00042130EC2720372130C43729C
:103B1000130A0279837243791B0443EA02638279B0
:103B20000B4343EA0223C2785B08D10748BF43F046
:103B30000043190EC3710171190C4171190A4378C0
:103B400081711B04017843EA016313438278590EA3
:103B500043EA02225B0C01704370530A52088370DF
:103B6000C2707047C3681BBA01331A0EC373027365
:103B70001A0C42731A0A827370472DE9FF411646E8
:103B80000C4610220746002130460FF0A6F86A4680
:103B9000234604F1100590461868083353F8041CB6
:103BA0001446AB4203C42246F6D1002507247B5DB0
:103BB0002341DA0703D541463046FFF776FF9DF8EB
:103BC0000F304046DB070FD5FFF77DFF9DF8003033
:103BD00083F0E1038DF80030013CE8D20135102D6F
:103BE000E4D104B0BDE8F081FFF76DFFF4E7002AEF
:103BF0002DE9FF471646B8BF02F10F0680460F4673
:103C000015461C4636114FF000090DF1100AB1455A
:103C100007EB09112BDB26EAE67607EB06112F44AA
:103C20003201B94220D2AD1A68462A460FF02EF86A
:103C3000C5F1100200210DEB05000FF04EF86946AA
:103C4000204604ADFFF731FF6A4641462046FFF7A4
:103C500094FF6B461A46083403CAAA4244F8080C7B
:103C600044F8041C1346F5D104B0BDE8F0872046A3
:103C7000FFF71BFF6A4641462046FFF77EFFEC46F2
:103C800022466346083203CB534542F8080C42F8FB
:103C9000041C9C46F5D109F10109B8E72DE9FF4163
:103CA000DDE90A470646984615463B46FFF79FFF63
:103CB0003B46224641463046FFF799FFC5F34F3257
:103CC000EB0000218DF80520C4F347528DF8073032
:103CD000E3008DF80C20C4F34F328DF80010C5F3CB
:103CE00057158DF80110C4F357148DF802103046A3
:103CF0008DF803108DF804108DF808108DF8091058
:103D00008DF80A108DF80B1069468DF80D201022E1
:103D10008DF80F303B468DF806508DF80E40FFF7BA
:103D200066FF04B0BDE8F08170B50025061D0446AD
:103D30008562058085703046FFF721FA304604F130
:103D4000100610221149FFF72BFB3046FFF717FA38
:103D5000304604F11C0610220D49FFF721FB3046C6
:103D6000FFF70DFA304604F12C0608220949FFF747
:103D700017FB3046FFF703FA102207493046FFF7DA
:103D80000FFBA56384F83C5070BD00BF2F9406085C
:103D90003F940608179406081F94060838B50123B7
:103DA000002504460430436200F8045C00F8025C1D
:103DB000FFF76EFB04F11000FFF76AFB04F11C0033
:103DC000FFF766FB04F12C00FFF762FBA06B28B144
:103DD000FFF75EFBA06BFCF7ABFCA56338BD0000F2
:103DE000F0B50B68802A1BBA03604B681BBA4360AE
:103DF0008B681BBA8360CB681BBAC36035D1564C45
:103E000000F1A0055549C268103014F8017BD3B207
:103E100050F8106C51F8233086EA076603F47F43AC
:103E20007340C2F3072651F8266006F47F067340FC
:103E3000160E51F82660C6F307267340C2F30746F4
:103E400051F82660360206F07F46734050F80C6C3D
:103E50000360734050F8086C4360734083605340C4
:103E6000C3608542CFD10020F0BDB2F5807F6FD115
:103E70000B6900F1C005384C1BBA384A03614B6925
:103E80001BBA43618B691BBA8361CB691BBAC361DF
:103E9000C169854214F8017BCBB2066852F8233021
:103EA00086EA076603F47F4383EA0603C1F3072625
:103EB00052F8266006F47F0683EA06034FEA11668D
:103EC00052F82660C6F3072683EA0603C1F30746C5
:103ED00052F826604FEA062606F07F4683EA06037C
:103EE0004668036283EA06038668436283EA060340
:103EF000C668836283EA0603C362B4D0C3F30726AD
:103F0000DFB2203052F8266052F8277006F47F4660
:103F1000C7F307273E4350F8107C7E401F0EC3F3C3
:103F2000074352F8277052F823303F0203F47F030F
:103F300007F07F473B43734050F80C6C03617340BC
:103F400050F8086C4361734083614B40C3619FE745
:103F50004FF4817088E700BF5F9406086C940608F0
:103F60002DE9F04F14688BB005688446576824BA71
:103F700096686C403FBA456836BA6F4085686E40B7
:103F8000D568C2682DBA55404A1093460192A44A9A
:103F90004FEA146EDCF810105FFA85F8BBF1010BE4
:103FA00052F82EE05FFA84F952F828805FFA87FA17
:103FB0008EEA010EDCF8141052F829908EEA386E61
:103FC000C7F3074852F82AA052F828808EEA382E04
:103FD000C6F3072852F828808EEA384E4FEA176851
:103FE000C7F3072752F8288088EA0108DCF8181080
:103FF00088EA3968C6F3074952F8299088EA3928CF
:10400000C5F3072952F8299088EA39484FEA16691A
:10401000F6B252F8299052F8266089EA0109DCF8D4
:104020001C1089EA3A69C5F3074A4FEA156552F848
:104030002AA052F8255089EA3A29C4F3072A85EACA
:104040000105C4F3074452F82AA052F8244085EA37
:10405000366589EA3A4985EA342552F8274085EAE7
:1040600034455CF8204F4FEA156652F82610CEF31F
:104070000746029152F82610C8F30726039152F81A
:1040800026105FFA89F6049152F826105FFA88F636
:10409000059152F82610CEF30726069152F8261005
:1040A000C5F30746079152F826104FEA19660891A2
:1040B00052F826105FFA8EF64FEA1E6E52F82670FE
:1040C000C5F307260991EDB252F826A0C9F30746B9
:1040D000C9F3072952F8255052F826104FEA1866FE
:1040E000C8F3074852F8299052F8266052F8288001
:1040F00052F82EE02CD084EA0E0484EA3564DCF811
:1041000004507540DCF8086084EA382485EA376595
:1041100084EA394485EA3125069985EA3A47099DBA
:10412000754085EA31660899DCF80C5086EA31263C
:10413000079986EA3146029969400D46059985EA54
:104140003165039985EA3125049985EA31451FE7F0
:104150004FEA0E2E09F47F49C5F3072508F47F08BE
:104160000EF07F4E019A45EA090501F47F0B4EEAF5
:10417000080800EB42100AF47F4AC7F3072785EAD4
:10418000080547EA0A076C40220EDC701A70220C00
:104190005A70220A9A70320202F07F4242EA0B02FF
:1041A000574042687A40110EDA711971110C597139
:1041B000110A069A9971C2F30726079A089902F420
:1041C0007F4201F47F011643099A120202F07F42F6
:1041D0000A430599564082685640320EDE721A72C2
:1041E000320C5A72320A9A72029A1502039A05F038
:1041F0007F4502F47F022A43C1F30725049901F4A5
:104200007F410D435540C26855402A0EDD731A7335
:104210002A0C5A732A0A9A730BB0BDE8F08F00BFBC
:104220006C9406082DE9F04F89B092461D464FEA7E
:10423000231B6A460646129F0B4601F1100C91465D
:104240001868083353F8041C1446634503C4224617
:10425000F6D14FF00008C3454FEA081207EB0813E8
:104260000AEB081418D1AD1A984612D0254404ABB5
:104270004A46D6F8F0103046FFF772FE14F8012BCC
:1042800019784A400FBB04F8012CA54203F1010341
:10429000F4D109B0BDE8F08FD6F8F01077B904ABCF
:1042A00030464A46FFF75CFE19462046FFF7FDFB05
:1042B000484608F10108FFF755FCCCE730464A466E
:1042C000FFF74EFE21461846F0E708F8012BDCE721
:1042D000F0B5074689B01D46CBB104AB0C4601F1E1
:1042E000100E9C462068083454F8041C1E46744581
:1042F00003C63346F6D160460392FFF733FC002332
:104300000146039A009338462B46FFF78BFF09B00E
:10431000F0BD00002DE9F04F2DED028BDDB0002443
:1043200008EE103A06469DF8A0318B460492002113
:10433000F4221FA803936B9D9DF8B0710EF0CDFC85
:10434000102221461BA81A94CDE90A44CDE90C4459
:10435000CDE90E44CDE91044CDE91244CDE9144431
:104360000EF0BBFC0822AF4969980EF07FFC0028D4
:1043700000F00F82224614231AA907A8FFF764F859
:104380000C2107A8ADF82240FEF7FFFE04460028E6
:1043900040F042810822699907A8FFF701F8044616
:1043A000002840F0398118EE101A07A8FEF7B2FF76
:1043B0000446002840F0308173781FA8022B6A9BC6
:1043C0000CBF4FF4807280221968FFF709FD044684
:1043D000002840F0218173781FA8022B0AAB0CBF84
:1043E0000E210A211A465B91FFF7BAFD9DF8228043
:1043F000DDF81C90B8F10C0F40F0CA80D9F800002D
:104400000EABD9F8041003C3D9F8080018600123D3
:10441000ADF844408DF846408DF84730BBF1200F91
:1044200000F0EC80002F40F0E98007A8FFF730F89B
:10443000EB8829680C220C3B07A81944FEF7B0FF53
:10444000EB8881460C3BEB807378022B0CBF4FF05E
:1044500021084FF01108BBF1100F40F0E5802989C9
:104460001FFA88F828460591FEF77CFE424603466F
:1044700005992846FFF73EF98146002840F08E81D5
:1044800028810146727828460DF1480A42F0100250
:10449000FEF7EDFE2868728EF16A01300EF0F6FB31
:1044A0000AA8CDE9009A2B68EA881946FFF7F6FBBF
:1044B000EB884A464146A3EB080328469BB2FFF728
:1044C00019F9002840F06881EA880EA92B681FA816
:1044D0001344524600935B46FFF7A4FEEB88002F7F
:1044E00000F08F800C33EB80B36A0133B362049B1E
:1044F000032B40F0918007A8FEF7CAFF044600286E
:1045000040F08A80039907A8FEF7C0FE0446002801
:1045100040F08280039B2533DBB2012B08D807A92A
:10452000082005F0E8F90822699907A8FEF738FF86
:10453000777896F83C304BEA07070BB147F0400715
:10454000E88807A9053005F0D6F90446002863D1AC
:10455000394607A8FEF79AFE044600285CD118EEFB
:10456000101A07A8FEF7D6FE0446002854D10346C9
:104570002A46BDF822100798FFF703F904460028E1
:104580004AD1BDF82220079928680EF07FFB43E04E
:10459000214610220EA80EF0A0FB0EAB4246494663
:1045A0000AA8FFF724FB10224FEAC80316A94FEA16
:1045B00058180AA88DF867300EAB8DF858408DF862
:1045C00059408DF85A408DF85B408DF85C408DF86D
:1045D0005D408DF85E408DF85F408DF860408DF84D
:1045E00061408DF862408DF863408DF864408DF82D
:1045F00065408DF86680FFF7FAFA0FE74FF0000983
:1046000022E729680C221AA819440EF02FFB40F269
:104610000F13002818BF1C4620465DB0BDEC028B6E
:10462000BDE8F08F4F940608BBF1200F2BD112ABE1
:104630000AA80193002300932B68EA881946FFF724
:104640002DFB67B9298928460591FEF78BFD3A466F
:10465000034605992846FFF74DF881462F812B899F
:1046600028462A681A440592FEF77CFD059A0346FF
:104670000EA91FA8FFF72CFEB9F1000F40F08E80A5
:10468000002FC9D030E7BBF1300FF5D167B12B89CE
:1046900028462A681A440592FEF764FD059A0346E7
:1046A0000EA91FA8FFF714FE29891FFA88FA2846C9
:1046B0000591FEF757FD5246034605992846FFF738
:1046C00019F88146002869D1288101467278284668
:1046D00042F03002FEF7CBFD2868728EF16A01309D
:1046E0000EF0D4FA12AB2968424601930AA8EB886F
:1046F000A3EB0803009301EB0803FFF7CFFAEB8865
:104700004A465146A3EB0A0328469BB2FEF7F2FF46
:10471000002841D1B7B9EA880EA92B681FA8134415
:1047200012AA00931023FFF77DFD2B892A682846E3
:104730001A440592FEF716FD059A03460EA91FA816
:10474000FFF7C6FDEA880EA92B681FA8134412AA1A
:1047500000931023FFF766FDEB88002F7FF4C2AEB5
:1047600029680C221AA819440EF080FA18B140F2F8
:104770000F142F8150E7298928460391FEF7F2FC98
:104780003A46034603992846FEF7B4FF2F810446B4
:1047900042E74FF481743FE704463DE74C463BE770
:1047A00010B5012486B004940B9C03940A9C0294D7
:1047B000099C01949DF820400094FFF7ABFD06B0E2
:1047C00010BD00002DE9F0478AB006460D46904620
:1047D000DDF850901C46DDE9127A13B94FF4817070
:1047E0009FE0DB8822899B1A012BF7DD0DF119016F
:1047F0002046FEF75EFE002840F093809DF81930B9
:10480000DC2BEBD8C72B23D82D2B51D8202BE5D967
:10481000213B0C2BE2D801A252F823F0B94805083D
:10482000DD470508DD470508DD470508B9480508E7
:10483000B9480508DD470508B9480508DD470508FA
:10484000DD470508DD470508B9480508B9480508EA
:10485000C83B142BC2D801A252F823F0B94805086E
:10486000B9480508B9480508B9480508B948050810
:10487000B9480508DD470508B9480508B9480508DD
:10488000B9480508B9480508B9480508B9480508F0
:10489000B9480508DD470508B9480508DD4705089A
:1048A000DD470508DD4705082949050829490508A8
:1048B000412B01D0482B91D10DF11A01204604F073
:1048C000E9FF70BB0DF119012046FEF7F2FD40BB78
:1048D0009DF8193003F030023A70BAF1000F03D09E
:1048E00003F003028AF800205B063FF577AF3B78C0
:1048F000002B3FF473AF07A92046FEF718FE80B9DE
:10490000079BB9F1000F01D0C9E900300022304601
:10491000CDE9034200920222CDE901583978FFF730
:10492000F9FC0AB0BDE8F0870DF11A01204604F049
:10493000B1FF0028F5D1BDF81A20002ABCD0082A02
:104940007FF44CAF08A9204608ADFEF76BFFB3E734
:104950002DE9F04F002489B015461E468146CDE969
:104960000044CDE90244CDE90444CDE906440028E1
:104970005CD010295AD1002A58D0D388102B55D199
:10498000002E53D018213046FEF7FFFB2A4918238A
:1049900032683481F3800B68B5F8068013604B6889
:1049A000C8F3C70853603068EA88296806250830CC
:1049B0000EF06CF908FB04FB012727E032686B4618
:1049C0004FEAC70A1068516803C302EBC70152F8E7
:1049D0003700496803C31023494668460DEB0302BC
:1049E00004F0B6FD07EB0B030DF11702C3B904ABDE
:1049F0003268013703CBFFB210605160326803CBDD
:104A000002EB0A0C42F80A00CCF804104745D5D94D
:104A1000681E013410F0FF05E4B2CBD1284607E050
:104A2000117859401B0A02F80119DFE74FF4817031
:104A300009B0BDE8F08F00BF0E9406082DE9F04FD5
:104A40008FB01D460F46164601901046FEF794FBA8
:104A5000019B002B00F08B80102F40F08880002EEF
:104A600000F08580C0F3C704F38800F4FF60834240
:104A70007DD1002D7BD039462846FEF786FB0028E5
:104A800038D1EF80013C376804ABF288E4B228816A
:104A900006263868083A79680DF1180B03C307F148
:104AA000080128680EF0F2F8012C38BF0124A3B2E7
:104AB0004FFA84FA04EB840402930AF1FF3354445E
:104AC000DB00A4B20393A146039FD046B8F1000FC8
:104AD00013DC013E029B16F0FF06A4EB0304A4B214
:104AE000F1D10822234904A80EF0C0F810B14FF00C
:104AF000FF30EE800FB0BDE8F08F04AB2A6808F1FC
:104B0000FF3893E8030008AB4FFA88F88BE80300FE
:104B1000D119D0594A46496803C30123C3F108019A
:104B200001333831DBB2694411F8200C5040C2F334
:104B30000F2201F8200C002AF0D10AAA10230199B3
:104B4000584604F01BFD0AAA04AB09F1FF3992E8AC
:104B500003002A681FFA89F983E803000CAB02EB13
:104B6000070C03CBD051083FCCF80410AEE74FF44C
:104B70008170BFE75794060817281FD00ED8082861
:104B800019D005D8012819D007281BD0002070475C
:104B90000F2815D01228F9D134200DE03E2808D076
:104BA00005D81E280ED02828F0D1482004E040283F
:104BB000ECD13C2000E04C2080B270472020FBE785
:104BC0007820F9E74420F7E70B68C0F803308B88BA
:104BD000A0F807300020704770B50446104615460F
:104BE000FFF7CAFF1E460246002860D009B188427E
:104BF0005FD1002120460EF070F8258033781D2DFE
:104C0000E37073782371B3786371F378A3713379A8
:104C1000E371737923720ED80E2D13D90F3D0E2D2B
:104C200010D8DFE805F0160F0F0F420F0F0F3442B8
:104C30000F0F420F31005A2D37D005D82F2D34D009
:104C4000482D32D0002033E05B3D012DFAD80323FC
:104C50001BE00622022384F83C2041F20202A370EA
:104C60006285154A84F852300123E26240F2011253
:104C70006384228602F13D7202F60172E26440F61C
:104C80000502A4F85020DDE70223A370DAE78022B2
:104C90000123A2831922A3706283084A237622612A
:104CA00002F5750208326261CCE70123EDE70B20C3
:104CB00070BD0C20FCE700BFF4020508780010006E
:104CC00013460A460021FFF787BF000038B50446A7
:104CD0000D46FFF751FF014658B10120FBF798FC44
:104CE000286040B121460480044ABDE83840FFF7FF
:104CF000E7BF0B2038BD4FF48270FBE7C0C0002037
:104D000037B50C460DF105010546FEF7D2FB60B93B
:104D10009DF80530022B0AD10DF10601284604F05A
:104D2000B9FD10B9BDF80630238003B030BD0C20AA
:104D3000FBE713B50C460DF10601FFF7E1FF20B9C3
:104D4000BDF80630A34218BF092002B010BD37B528
:104D500005460C463AB90DF10601284604F09AFDC5
:104D600068B103B030BD0DF10501FEF7A2FB0028CC
:104D7000F7D19DF80530012BEDD00C20F1E7BDF8FF
:104D8000063022889A4201D32380EAE70920E8E727
:104D90000122FFF7DCBF37B50D460DF107010446D0
:104DA000FEF787FB38B99DF80730112B05D129464E
:104DB0002046FEF77EFB03B030BD0C20FBE737B585
:104DC0000D460DF107010446FEF773FB38B99DF857
:104DD0000730122B05D129462046FEF793FB03B07E
:104DE00030BD0C20FBE7F7B50C460DF1050105467B
:104DF00017461E46FEF75DFBA8B99DF80530BB427D
:104E00001CD10DF10601284604F044FD58B966B9DD
:104E10002046FEF73DFB30B9BDF8063029462A8909
:104E20002046FEF7DCFA03B0F0BD2046FEF7A0F9FD
:104E3000BDF806308342EBD00920F4E70C20F2E7FE
:104E400000230922FFF7CFBF38B50D4609210446DC
:104E5000FEF71CFA50B90C212046FEF717FA28B9C4
:104E600021462846BDE8384005F04CBF38BD2DE945
:104E7000FF4105460F46164672B34FEAD20808F1C5
:104E800003082846FEF778F9404484B22846FEF726
:104E90006FF9A04223D304212846FEF7F7F9044610
:104EA00020BB2946304604F026FD0446F0B92868A8
:104EB000A046E98823462246014401A8FEF7EDFCFE
:104EC00046451FFA88F115D100243046FEF7C2FC92
:104ED000EB881844E88009E04FF00208D1E721464A
:104EE0002846FEF752F904460028D4D0204604B0E4
:104EF000BDE8F08107F0010201A8FEF701FD08F10D
:104F0000010804460028E0D17F08D9E738B50C46EF
:104F10000546092144B9FEF7B9F9A0B9014628466A
:104F2000BDE83840FEF7B2B9FEF7B0F958B9A1793B
:104F30002846FEF7ABF930B9E28828462168BDE87B
:104F40003840FEF72DBA38BD70B50E4604461546FA
:104F5000092106B14AB92046FEF798F9A0B90146E1
:104F60002046BDE87040FEF791B9FEF78FF958B9B9
:104F7000E9B22046FEF78AF930B92A463146204682
:104F8000BDE87040FEF70CBA70BD38B50D46112172
:104F90000446FEF77BF928B929462046BDE838408B
:104FA000FEF774B938BD38B50D4612210446FEF738
:104FB0006DF928B929462046BDE83840FEF788B982
:104FC00038BD38B50D4606210446FEF75FF928B90D
:104FD00029462046BDE83840FEF79CB938BD38B5B3
:104FE0000D460F210446FEF751F928B929462046FF
:104FF000BDE83840FEF7CBB938BD38B50D461021B5
:105000000446FEF743F928B929462046BDE8384052
:10501000FEF7BFB938BD0A46097809B9FEF736B9B7
:1050200000F0A5BE38B50C4602210546FEF72EF964
:1050300028B929462046BDE8384004F05CBC38BD9C
:1050400038B50C4601210546FEF720F928B9294656
:105050002046BDE8384004F04EBC38BD38B50D469A
:1050600016210446FEF712F928B929462046BDE864
:105070003840FEF78CB938BD38B50D4603210446DB
:10508000FEF704F928B929462046BDE83840FEF766
:105090007EB938BD2DE9F04F804687B00F46914666
:1050A0000026FA88B3B29A4206D0B1B204AA3846B2
:1050B00006F0CEF8014618B1002007B0BDE8F08F29
:1050C000049B05AA986806F0C3F80028F4D1059857
:1050D00006F04CFB05AA83B201210093049B98685B
:1050E00006F0B6F80028E7D1059B05AA02219B68C7
:1050F000D3F800B0049B986806F0AAF80028DBD12A
:10510000059806F033FB049B054605AA0321986821
:1051100006F09EF804460028CED10598EDB206F0C0
:1051200025FB8246A1B2B8F806308B4221D003AAF3
:10513000404604F0ACFA0028BFD1039B00991868E0
:1051400002888A4217D15A6892F90010A94212D1F6
:10515000528852450FD106225946033001930DF073
:1051600085FD019B38B91946484604F04CFA0028E1
:10517000A3D1013695E70134D4E7F7B517460446C5
:1051800018461D460E4604F075FA3B78022B02D0F5
:10519000002003B0F0BD012E23D1B868C388032BD3
:1051A00012D80026B1B2E3888B42F1D06A4620467D
:1051B00004F06DFA0028ECD100992846013604F07D
:1051C00022FA0028EED0E4E701AA032106F040F815
:1051D0000028DED1019B2A4620469968FFF75AFF36
:1051E000D7E7022EDDD1B868C388022B1BD901AAEC
:1051F000314606F02DF80028CBD1019806F0B6FA1A
:1052000086B2B868C388032B0FD901AA032106F020
:105210001FF80028BDD1019806F0A8FA012E87B228
:1052200006D137B9BDE70026EBE7012EB9D0E788F4
:1052300097B1013EB6B2BE42AAD06A463146204678
:1052400004F025FA0028A4D10099284604F0DBF9DF
:1052500000289ED10136EDE7E788BF1BBFB2E8E723
:105260000023038043804FF48073838070470000E5
:10527000F0B5DFF850C1BDF924409DF81470B4F1C9
:10528000FF3F08BF6446022A9DF818609DF81C5035
:1052900008D84FF6FF7C0C326145D2B21CBF01F139
:1052A000FF3189B24FF0000C40F26D1EA0F806C02D
:1052B000A0F808C04FF6FF7C614502BF0121C18004
:1052C00040F2B271FF2A4FEA910C0EFB01CC4FF471
:1052D000C87EB1FBFEFEF4444FF0640EB1FBFEF15C
:1052E000ACEB010105D1C28842F48172C280012277
:1052F00003E0FE2A50D101220272FF2B51D1C38854
:1053000043F48273C380012302F1010C4FF01E0E9F
:105310005FFA8CFC0EFB021205210CEB4C0CBCFB63
:10532000F1FC62441344254A934205D9A3F52F2387
:10533000A3F6C923002B3DD10023FF2F03608480F7
:105340000DBFC3884FF46162036843F0100316BFBA
:1053500002FB0733C3800360FF2E0DBFC3883C22CE
:10536000036843F0200316BF02FB0633C3800360CB
:10537000FF2D0BBFC388036843F040035B190CBFCC
:10538000C380036014F5004FC38814BF43F080034B
:1053900043F4C073C380F0BDFD2AAED10222027275
:1053A000A5E7FE2B02D104230372ACE7FD2BABD1A2
:1053B0000823F9E7024A5343BFE700BFC8FA0A00CF
:1053C000805101000080FFFF03689BB13C21B3FBCB
:1053D000F1F201FB12324FF461619B1AB3FBF1F25F
:1053E00001FB123206499B1AB3FBF1F201FB1232A8
:1053F0009B1A0360C38823F0F003C380704700BF8B
:1054000080510100174B47F22421174AB0FBF3F0FB
:1054100000F5C74300F51510243300F281309B00DE
:10542000B3FBF2F30F3314221844A0EB930041F6C0
:1054300089434243A2F68A12B2FBF3F3B2FBF1F2C4
:10544000801A40F26D1202FB13004FF47A7250433F
:10545000064A9042A3F5935094BF0C380B3880B2A3
:10546000704700BF80510100B13A02007D890600FB
:105470000068FFF7C7BF0000184B194AB0FBF3F0F4
:1054800000F5C74300F51510243300F281309B006E
:10549000B3FBF2F30F3314221844A0EB930047F24E
:1054A00024234243A2F68A12B2FBF3F3C01A41F658
:1054B0008943B2FBF3F340F26D1202FB13034FF486
:1054C0007A7247F289705343064AB3FBF0F0934275
:1054D00094BF00F1FF300D38C0B270478051010019
:1054E000B13A02007D8906000068FFF7C5BF0000E1
:1054F0001A4B47F289711A4AB0FBF3F000F5C74323
:1055000000F51510243300F281309B00B3FBF2F359
:105510000F3347F224221844A0EB93001423434393
:10552000A3F68A13B3FBF2F2801A41F68942B3FB69
:10553000F2F340F26D1202FB13004FF47A7202FB99
:1055400000F3B3FBF1F31E2101FB130040F25921DC
:105550004B43B3FBF2F3C01AC0B270478051010055
:10556000B13A02000068FFF7C3BF00684FF46163FF
:10557000B0FBF3F203FB12003C23B0FBF3F0C0B22C
:10558000704700683C23B0FBF3F203FB1200C0B28B
:10559000704703684FF4616202FB0131016070479C
:1055A0000368194401607047002301604360038170
:1055B000704700230360C38003817047830706D1CF
:1055C0006422B0FBF2F302FB13039BB253B94FF416
:1055D000C873B0FBF3F203FB120080B2B0FA80F0A4
:1055E000400970470120704708B50B2909D8DFE84A
:1055F00001F00F080F060F060F0F060F060F1E20F3
:1056000008BDFFF7DBFF00280CBF1C201D20F7E7BB
:105610001F20F5E70B7A0372CB88C3804B7A437265
:105620000B680360B1F904308380704710B53C24E7
:1056300004FB023203681A444FF4616303FB012147
:10564000016010BD02294FF0640302F105029FBF03
:1056500000F1FF300C3180B2C9B230B5B0FBF3F4C9
:105660004FF4C87503FB140304EB84049BB2B0FB36
:10567000F5F01A44104400EB93001A2301FB0333A6
:105680000A212044B3FBF1F31844072380B2B0FB96
:10569000F3F3C3EBC303C01A0130C0B230BD000046
:1056A000F8B5DDE908640D461146DDE9067C36B142
:1056B0004FF03C0EB0FBFEF20EFB120232703C26A5
:1056C000B0FBF6F0BCF1000F05D0B0FBF6F206FB24
:1056D00012028CF800203C22B0FBF2F02FB1182609
:1056E000B0FBF6F206FB12023A701822284E47F27F
:1056F0002427DFF8A0C0B0FBF2F000F5C74200F5A8
:105700001510243200F281309200B2FBF6F20F3213
:1057100041F689461044A0EB920014224243A2F6BF
:105720008A12B2FBF6F6B2FBF7F2801A40F26D1263
:105730004FF47A7702FB160047F28972A6F593566A
:105740004743B7FBF2F2674599BF0C3E02F1FF37C2
:105750000B3EA2F10D0705B12E8001B10F705BB1B8
:105760001E2606FB120040F2592672434FF47A7649
:10577000B2FBF6F2821A1A7044B13DB131B12BB1CD
:105780001A7809782888FFF75DFF20700020F8BD9F
:10579000B13A02007D8906002DE9F04186B000246F
:1057A00006460D460DF115030DF1110203940DF19E
:1057B0001601029305ABADF8164001930DF11303EA
:1057C0008DF8114000930DF1120300688DF812401E
:1057D0008DF813408DF814408DF81540FFF760FFE9
:1057E000F28802F00703072B00F0DC80337A13F015
:1057F000010716D07F492846FDF70EFEF3885907AA
:1058000000F1AB801CB92F212846FDF73FFD337A0C
:1058100013F0040423D0784928460024FDF7FCFD4A
:1058200023E013F0020406D0744928463C46FDF7F5
:10583000F3FD0127E2E7900706D402229DF811103C
:105840002846FDF744FFD9E713F00C0705D06C4953
:1058500028462746FDF7E0FDD0E70124CEE71A07EA
:1058600074D568492846FDF7D7FDF388DB0700F1BA
:105870008780002C7AD0BDF816102846FDF737FF38
:105880000024F78807F070071CB920212846FDF78F
:10589000FDFCF38813F0100840F0868002229DF88A
:1058A00013102846FDF713FF0024F388990600F132
:1058B00088801CB93A212846FDF7E8FC02229DF8B1
:1058C00014102846FDF703FF0024F3885A0600F160
:1058D00084801CB93A212846FDF7D8FC02229DF8A5
:1058E00015102846FDF7F3FEB6F9044014F5004FF5
:1058F00021D0F388DB051ED443492846FDF78CFDF3
:10590000002C4FF03C072846B4BF40494049FDF702
:1059100083FD0222284694FBF7F63146FDF7D7FEB9
:105920003C492846FDF778FD07FB16410222284630
:1059300009B2FDF7CCFE00212846FDF7A7FCEB8855
:105940000020013BEB8006B0BDE8F08102229DF80B
:1059500012102846FDF7BBFE87E7002F85D01CB943
:105960002F212846FDF792FC254955E72F2128468F
:10597000FDF78CFCF388D8077FF57DAF21467CE7E7
:10598000337A13F00C0F09D01CB92F212846FDF7EC
:105990007DFC1B492846FDF73FFD71E7002F3FF4D2
:1059A00070AFF1E701246CE7002F3FF47EAF1CB924
:1059B0003A212846FDF76AFC2A212846FDF766FCB5
:1059C00072E7002F81D01CB93A212846FDF75EFC12
:1059D0002A212846FDF75AFC76E7002F84D01CB90F
:1059E0003A212846FDF752FC2A212846FDF74EFCB5
:1059F0007AE700BF6C98060878980608729806083F
:105A00007698060880980608899806088E980608F1
:105A100090980608AD780608037A5B072DE9F041F7
:105A200004460568B0F9048011D5FFF79BFD0646D2
:105A30002046FFF71DFD07462046FFF755FD0146AE
:105A40003846FFF7D1FD064B801B03FB0055C8F31A
:105A50000E0313B13C2303FB18552846BDE8F08123
:105A600080510100F0B54F1C89B006460D46144622
:105A700000F08280FFF7D0FF00230DF1120207A98A
:105A800003930DF11603002702930DF11503019303
:105A900005AB00930DF11303FFF702FE14F5004F61
:105AA0000DF117020DF11E0118BF3C23039718BF1B
:105AB00003FB14550DF11B0302930DF11A03284645
:105AC00001930DF11903009306ABFFF7E9FDF2888E
:105AD00012F077044AD056064DBF3B469DF816009B
:105AE0009DF81B301846950608D49DF815403C21BA
:105AF00001FB04009DF81A4001FB0433D40609D4CD
:105B00009DF814404FF4616101FB04009DF81940B9
:105B100001FB0433510708D49DF81340174901FBDA
:105B200004009DF8184001FB043302F001019207C4
:105B300015D451B9BDF81C10BDF81E20914204D0F7
:105B40001AD24FF0FF3009B0F0BD9DF812109DF849
:105B500017209142F4D19842F2D10020F3E70029B6
:105B6000F9D1BDF81C10BDF81E20F2E73046FFF752
:105B700053FF8542F1D0E4D80120E4E780510100D1
:105B800010B504460846FFF747FF0146B4F9042064
:105B90002046BDE81040FFF765BFB0F90420C2F30E
:105BA0000E035BB103686FF03B0101FB023303603E
:105BB00000238380437A03F07F0343720020704701
:105BC000F0B54FF6FF730025094FAEB20135B24272
:105BD00003D8D84340BA80B2F0BD04683444645C52
:105BE0005C40E4B237F8144084EA1323EDE700BFC9
:105BF0009A98060810F0FB0F03D0831F58425841B3
:105C0000704701207047C38D4BB1036B53B1B0F89F
:105C100052303F2B8CBF00204FF48170704740F210
:105C2000071070474FF484707047D0F8CC000038EC
:105C300018BF01207047D0F8D800003818BF0120E5
:105C400070470000036E9B0710B516D4D0F8D840FB
:105C5000003C18BF0124D0F8CC301BB190F8903034
:105C6000C3F3400302F12500C0B201284FD934B17B
:105C70002AB903F1DB01C9B229E00124EBE7C72906
:105C800020D8BF2907D8622921D063291FD00F2926
:105C9000EFD000211BE0C0390729FAD801A252F841
:105CA00021F000BFD35C0508DD5C0508935C0508A6
:105CB000E75C0508F15C0508FB5C0508935C0508DA
:105CC000055D0508DB2902D0DC2918BF0021084644
:105CD00010BD002B14BFD021C821F8E7002B14BF42
:105CE000D121C921F3E7002B14BFD321CB21EEE74B
:105CF000002B14BFD421CC21E9E7002B14BFD52100
:105D0000CD21E4E7002B14BFD721CF21DFE71146D7
:105D1000DDE700BF90F82C30012B90F82D300CBF40
:105D200080220022012B08BF42F0400231B190F8DE
:105D30002430013303F00F0380F8243090F824005E
:105D40001043704790F82C30012B90F82D300CBF89
:105D50004FF000420022012B836A08BF42F08042CC
:105D6000591C23F07F43816243EA0200704770B5FB
:105D7000064610460D46144605F0B2FE30B93246CE
:105D800029462046BDE8704005F0A1BB70BD70B546
:105D90000E460231154603F07DFD044618B14FF45E
:105DA0008274204670BD0820FAF7FAFBA86000282C
:105DB000F5D005F03BF97188A86805F03BF901239F
:105DC0002B70EEE7C38810B404891B1B032B0DDD79
:105DD00092F90030002B07DB1146062301F8083B3F
:105DE0005DF8044BFDF7A3BB9168F9E7002048710B
:105DF0005DF8044B7047C38810B404891B1B032B48
:105E00000DDD92F90030002B07DB1146052301F868
:105E1000083B5DF8044BFDF7F1BB9168F9E7002002
:105E200048715DF8044B704773B51D460023044666
:105E30000E46ADF80630AAB1C388ADF806300A2385
:105E4000BDF806002B70D0B10C20FAF7A9FBA860B2
:105E5000FDF795F9BDF8063022892146A868FDF7BF
:105E6000BEFA0CE00DF1060103F014FD48B92289D9
:105E7000E3889B1ABDF806209342E0DA707102B005
:105E800070BD4FF48270FAE7F7B51D461746002340
:105E9000044628460E46ADF8063005F041F9AFB18C
:105EA000E388ADF80630BDF80600F8B10C20FAF72B
:105EB00077FBA860FDF763F9BDF80630228921461B
:105EC000A868FDF78CFA0C232B700DE00DF106018C
:105ED000204603F0DFFC58B92289E3889B1ABDF8FD
:105EE00006209342DFDA707103B0F0BDA860FBE7D3
:105EF0004FF48270F8E773B505460C461E4652B162
:105F0000C388ADF80630BDF806409CB9304605F0B0
:105F100007F920460CE00DF1060103F0BBFCB0B917
:105F20002A89EB889B1ABDF806209342EBDA607150
:105F300002B070BD2B89224629683046194405F00D
:105F400051F92B89BDF8062013442B81F0E74FF45B
:105F50008270EDE72DE9F34105460E461C46D2B1AD
:105F6000C388ADF806300C200027FAF719FBA060B3
:105F7000FDF705F9BDF806100A23DFF87480490023
:105F8000A068237089B2FDF700F9BDF80630BB4266
:105F900013D100200EE00DF1060103F07BFC20BBC5
:105FA0002B89EA88D21ABDF806305B009BB29A4270
:105FB000D9DA707102B0BDE8F0810DF10501284613
:105FC000FDF777FA0028F5D19DF805600137A06844
:105FD000330906F00F0618F80310FDF7D8F918F882
:105FE0000610A068FDF7D3F9CFE74FF48270E1E720
:105FF000A09A0608C38810B5144602899B1A002B84
:1060000002DC0020487110BD94F90030002BACBFB9
:1060100004F10801A168FDF74CFA0028F3D194F9C6
:106020000030002BA4BF11232370ECE7C38810B508
:10603000144602899B1A012B02DC0020487110BD16
:1060400094F90030002BACBF04F10801A168FDF702
:1060500088FA0028F3D194F90030002BA4BF102354
:106060002370ECE7C38810B5144602899B1A002BF5
:1060700002DC0020487110BD94F90030002BACBF49
:1060800004F10801A168FDF723FA0028F3D194F97F
:106090000030002BA4BF0F232370ECE7C38810B59A
:1060A000144602899B1A012B02DC0020487110BDA6
:1060B00094F90030002BACBF04F10801A168FDF792
:1060C00021FA0028F3D194F90030002BA4BF122349
:1060D0002370ECE7C38810B5144602899B1A072B7E
:1060E00002DC0020487110BD94F90030002BACBFD9
:1060F00004F10801A168FDF7AFFA0028F3D194F983
:106100000030002BA4BF14232370ECE7C38810B524
:10611000144602899B1A072B02DC0020487110BD2F
:1061200094F90030002BACBF04F10801A168FDF721
:106130009EFA0028F3D194F90030002BA4BF152358
:106140002370ECE7C38810B5144602899B1A002B14
:1061500002DC0020487110BD94F90030002BACBF68
:1061600004F10801A168FDF7A4F90028F3D194F91E
:106170000030002BA4BF16232370ECE72DE9F04379
:10618000C3881646028989B005469B1A032B06DC94
:10619000002004464871204609B0BDE8F0830DF1A7
:1061A0001F01FDF786F904460028F4D10DF11F0107
:1061B00028469DF81F70FDF77CF904460028EAD1B7
:1061C0000DF11F0128469DF81F80FDF772F9044666
:1061D0000028E0D10DF11F0128469DF81F90FDF722
:1061E00068F904460028D6D19DF81F30FF2B16BF52
:1061F00003EB83034FF6FF755D0096F90030002B2B
:1062000003DB0C20FAF7CCF9B060084B4FF6FF71B6
:10621000B0680097CDE90353FF23CDE901891A4601
:10622000FFF726F81B233370B5E700BF0080FFFFA0
:106230002DE9F041C3881546028988B006469B1AAD
:10624000042B06DC002004464871204608B0BDE857
:10625000F0810DF11E01FDF755F904460028F4D137
:106260000DF11D013046FDF724F904460028ECD15C
:106270000DF11D0130469DF81D70FDF71AF9044619
:106280000028E2D10DF11D0130469DF81D80FDF77B
:1062900010F904460028D8D195F90030002B03DB13
:1062A0000C20FAF77DF9A860FF220C4BBDF81E10F8
:1062B0000092A868CDE90323CDE9012243463A467E
:1062C000FEF7D6FF9DF81D30072B81BFAA68D38843
:1062D00043F00803D3801A232B70B6E70080FFFF3A
:1062E0002DE9F041C388174602898AB005469B1AFA
:1062F0000B2B06DC00200446487120460AB0BDE89E
:10630000F08109A9FDF7FEF804460028F5D197F9B8
:106310000030002B80F2C080BE6800230DF11F0109
:1063200028468DF81F308DF820308DF821308DF8FB
:1063300022308DF82330FDF7BCF804460028DCD16C
:1063400008A92846FDF7B5F804460028D5D10DF177
:106350001E012846FDF7ADF804460028CDD10DF109
:1063600021012846FDF7A5F804460028C5D10DF106
:1063700022012846FDF79DF804460028BDD10DF105
:1063800023012846FDF795F804460028B5D10DF104
:106390001E012846FDF78DF804460028ADD10DF109
:1063A00026012846FDF7DDF804460028A5D10DF1A9
:1063B0001E012846FDF77DF8044600289DD1BDF852
:1063C00024304FF6FD729DF81E70013B77729BB230
:1063D000934285BF40F2B27381258025ADF8243009
:1063E0009DF81F305A1E0B2A08D90333DBB2012B4C
:1063F00082BF012345F002058DF81F309DF8203043
:106400005A1E1E2A08D90333DBB2012B82BF012397
:1064100045F004058DF820309DF821304FF000083C
:106420009DF81F203046182BBDF82410CDF80C80A5
:1064300082BF002345F010058DF821309DF82230F1
:106440003C2B82BF002345F020058DF822309DF8BB
:1064500023303C2B82BF002345F040058DF82330CC
:10646000ADB2BDF9263004939DF8233002939DF818
:10647000223001939DF8213000939DF82030FEF7E3
:10648000F7FEFF2FF58008BF45F40075777204BF53
:1064900086F80980F58030E70C20FAF781F8192397
:1064A0000646B8603B7038E7CB882DE9F04F0746C9
:1064B00087B00E4691461BB991B2304604F0BAFD42
:1064C0004FF0000ACA4501D1002430E00DF101016E
:1064D0003846FCF7EEFF044648BB9DF80180B8F152
:1064E000010F70D10DF102013846FDF70BF804469B
:1064F000E8B902A804F001FC0820FAF751F88DF879
:106500000880049010B94FF4827410E004F08EFDFE
:10651000424604993846FFF7C7FF214601AA04986E
:1065200004F096FE044630B1304604F0D4FD204617
:1065300007B0BDE8F08F1020FAF732F805460028C2
:10654000E1D004F0DAFB082085F80080FAF728F89B
:10655000A86030B9284604F0E3FD2846FAF7E8F8C9
:10656000D1E704F063FDBDF80230A34209D102A8CF
:1065700004F0D6FD294630460AF1010A04F082FDF6
:10658000A0E71020FAF70CF880460028E2D004F0CB
:10659000B4FB0199404604F0D7FF834668B14046FA
:1065A0005C4604F0BDFD4046FAF7C2F8284604F008
:1065B000B7FD2846FAF7BCF8B9E74146A8680134A8
:1065C00004F060FDCFE7B8F1020F4FF0100029D1C1
:1065D000F9F7E6FF0546002895D004F08EFB0DF193
:1065E00001013846FCF765FF044648B1304604F027
:1065F00072FD284604F094FD2846FAF799F896E7CC
:10660000082085F80080F9F7CBFFA86000283FF448
:106610007AAF04F00BFD9DF80120A9683846FFF71A
:1066200043FFA7E7F9F7BCFF044600283FF46BAF30
:1066300004F063FBF3881BB90121304604F0FAFC37
:106640004146204604F0BAFD214694E72DE9FF417A
:106650000646B0F80880104615460C4604F060FD6A
:106660003289F3889A4204D10020607104B0BDE8F9
:10667000F0810123277963714FB90DF10D01304687
:10668000FCF717FF0028F1D19DF80D302371237915
:106690000BB90020EAE73089F1888842E4D023F082
:1066A00080033A1E03F1FF3318BF01221A2B00F2B8
:1066B000C980DFE803F00E0E193A5F65C7C7776B34
:1066C000C7717DC783898F959BA3A9AFC7C7B5BB8A
:1066D000C1002B4642462146304600F0B6F82379E9
:1066E0002B700028C2D104E0091A002906DC00231F
:1066F000637195F90030002B11DACAE70DF10E0134
:106700003046FCF7D6FE0028B0D19DF80E3095F942
:106710000020003B18BF0123002A03DB2B722379E2
:106720002B70B6E7AA681370E3E700230DF10E01A2
:106730003046ADF80E3003F0ADF8074610B14FF417
:10674000827093E7BDF80E00FDF784F8F388328974
:106750009B1A834201DA6771CBE70C20F9F720FF1F
:10676000A860FDF795F8BDF80E203146A86803F043
:10677000E7FAB6E72A4621463046FFF73CFBB0E78A
:106780002A4621463046FFF71DFBAAE72B46214645
:106790003046FFF749FBA4E72B4621463046FFF77A
:1067A00073FB9EE72B4621463046FFF7A4FB98E794
:1067B0002B4621463046FFF7CDFB92E72A4621467D
:1067C0003046FFF74FFC8CE72A4621463046FFF75C
:1067D0002DFC86E72A4621463046FFF70BFC80E772
:1067E0002A4621463046FFF759FC7AE700202B461F
:1067F00022463146009000F045F972E72A462146CC
:106800003046FFF767FC6CE72A4621463046FFF723
:106810007DFC66E72A4621463046FFF793FC60E799
:106820002A4621463046FFF75BFD5AE72A462146B5
:106830003046FFF7FDFC54E72A4621463046FFF775
:106840009DFC4EE74FF4817010E72DE9F347994620
:106850004B8807460D46904653B94A46FFF797FACC
:10686000044618B1204602B0BDE8F0876B8833B10A
:10687000FA883B899A4202D100246C71F2E7B5F89C
:1068800000A06B88534523D01020F9F789FE0646F7
:10689000A0B304F032FA6846FEF7E2FC32466946DD
:1068A0003846FFF7D3FE044630B1304604F038FCDA
:1068B0003046F9F73DFFD5E79DF8054064B930460D
:1068C00004F02EFC3046F9F733FFA7F808806C710E
:1068D0000024A5F800A0C5E7BDF80220BDF80030EF
:1068E0009A4206D13146D9F80800B7F8088004F07A
:1068F000C9FB0AF1010A1FFA8AFAC2E74FF482744F
:10690000B0E72DE9F7430D460446684617461E4694
:10691000FEF7A6FC1020B4F808808DF80450F9F7B3
:106920003FFE8146002860D004F0E7F90A2D1FD110
:106930002389A3EB0803B34216D2484604F0F0FBC8
:106940006846FEF78DFC4B460022694620468DF8CE
:106950000450FFF769FA40B94946384604F092FB03
:106960009DF80530002BE3D1002003B0BDE8F08393
:10697000092D34D12389A3EB0803B342F4D248464E
:1069800004F0CEFB6846FEF76BFC4B4600226946DE
:1069900020468DF80450FFF7AEFA0028E5D14946AD
:1069A000384604F06FFB9DF80530002BE2D1DBE7A1
:1069B000484604F0B5FB6846FEF752FC4A46694675
:1069C00020468DF80450FFF741FE0028CDD14946FE
:1069D000384604F057FB9DF80530002BC4D02389BE
:1069E000A3EB0803B342E3D3BEE74FF48270BCE7E6
:1069F0002DE9F743804610200F469146F9F7D0FD68
:106A0000054628B94FF48274204603B0BDE8F083F0
:106A100004F073F9012308202B70F9F7C1FDA86079
:106A20000028EFD0002604F001FBFB88B34205D11B
:106A300029464846002404F025FBE5E701AA314633
:106A4000384604F005FC044630B1284604F068FBE3
:106A50002846F9F76DFED7E70199AA680B78013B44
:106A6000012B4FF0010308D889684046FFF7C0FFAB
:106A700004460028E9D10136D7E7097A4046FFF7F6
:106A800040FFF5E72DE9F04F0E468BB0184615464E
:106A900098469DF8507004F043FBF38832899B1AA6
:106AA000012B03DC00206871044637E00DF1090179
:106AB0003046FCF7FEFC044680BB9DF80950012DD2
:106AC00000F0F4800DF10A01304602F0E3FE0446C6
:106AD00020BB0820F9F764FD0122C8F8080088F8F7
:106AE0000020002800F0E58004F0A0FA022D40F01C
:106AF000D48006A804F09AFABDF80A2006A9304608
:106B0000FFF7D2FC044618B106A804F0E4FA05E049
:106B100047B106A9D8F8080004F090FB20460BB056
:106B2000BDE8F08F3289F3889A422AD1ADF80A0085
:106B300033890193019A33899B1ABDF80A20934245
:106B4000E2DA0820F9F72CFD0746002800F0A280C1
:106B50004FF0000904F06AFABDF81E30994579D06B
:106B600003AA494606A804F073FB0546B0B106A87F
:106B700004F0B1FA384604F0AEFA3846F9F7D8FD19
:106B80000AE00DF10A01304602F084FE05460028B5
:106B9000CED006A804F09FFA2C46BFE703990D78E3
:106BA000022D09D101233A4689683046FFF720FFBC
:106BB000054600284AD0DAE7012D61D108A804F083
:106BC00035FA03992B4608AA89683046FFF710FF6B
:106BD000834630B9014604AA08A804F039FB83466D
:106BE00060B308A85D4604F076FA06A804F073FACC
:106BF000384604F070FA3846F9F79AFDCCE705AA52
:106C0000594604F025FB054618B108A804F063FABC
:106C1000ADE71020F9F7C4FC824600283AD004F012
:106C20006CF80599504604F08FFC05460028B3D156
:106C30000BF1010B5146384604F024FA049B986886
:106C4000C3889B45DBD108A804F045FA3289F38854
:106C50009A421CD1FA88BDF81E309A42FFF454AF14
:106C60001020F9F79DFC0546A0B104F046F8012379
:106C7000AF6029462B70D8F8080004F003FA59E7F2
:106C800001233A46097A3046FFF73BFE90E709F1C7
:106C9000010961E74FF482757EE7BDF80A302946A5
:106CA000D8F808203046FFF72CFEFDE64FF481743B
:106CB00034E74FF4827431E738B502460B680D892A
:106CC0000C46581992F8583003223BB106490BF094
:106CD000CDFF28B903350020258138BD0349F6E7EB
:106CE0004FF48170F9E700BF9D9A06089A9A06084A
:106CF0002DE9F34104460D461746B0F808800026FA
:106D000008EB0601E38889B28B420AD00DF1030239
:106D100020460136FCF7EBFBA8B99DF80330DB07F2
:106D2000EED527B1012E04D040F207100BE0012E62
:106D30000CD10DF103012046FCF7BBFB18B99DF8FF
:106D400003305B082B6002B0BDE8F081022E0ED14B
:106D500001A92046FCF7D6FB0028F4D1BDF8043089
:106D6000C3F346029B1003F47E531343EAE7042E59
:106D700014D101A92046FCF7DAFB0028E3D1019BDE
:106D80009908C3F3460201F47E510A43D9081B094E
:106D900001F4FE1103F07E630A43E6E74FF48170CD
:106DA000D1E7B0F5804F39BFC30900F07F00830BF6
:106DB000C0F30D0034BF0B600B60106070472DE90D
:106DC000F041164686B080460D46002201A93046A5
:106DD0001F46FFF78DFF0446A8B942466946304674
:106DE000FFF786FF044670B9019BB8F1000F23D06E
:106DF0002A6B62B19A420AD04FF4847405AA318991
:106E00003046FCF774FB204606B0BDE8F081EA8D01
:106E10002B63009B72B193420CD005AA3189304696
:106E2000FCF765FB0446002833D19DF81430932B02
:106E30002FD1009BEB85E6E7EA8D00989A4209D0B6
:106E4000824204D12A6B9A4201D1013737814FF037
:106E5000FF34D8E72B6B8342D5D003F07F027F2A23
:106E6000D1D0C3F30D0343F6FF729342CBD003AAF4
:106E700002A9FFF796FF05AA04A9286BFFF791FF67
:106E8000029A049B9A42E2D1039A059B9A42BAD095
:106E9000DDE740F20714B6E77F2810B508DC4000B4
:106EA000012340F00100C0B208600020136010BD53
:106EB000B0F5804F0BDA124B03EA80034000C0B2FA
:106EC000034343F001039BB20B600223EDE7B0F1F3
:106ED000805F12DA0301440003F07E43E4B22343EF
:106EE000C400800004F47E0400F47E402343184371
:106EF000042340F001000860D7E74FF48170D6E723
:106F000000FEFFFF37B50D466A4601A9FFF7C4FF33
:106F1000044638B9009B012B07D19DF80410284680
:106F2000FCF7B4F9204603B030BD022B05D1BDF803
:106F300004102846FCF7CCF9F4E7042B04D101999E
:106F40002846FCF7E7F9EDE74FF48174EAE72DE90D
:106F5000F04389B080461846894617461D46FCF71F
:106F600097FA04230022694602A8FCF76DFA04236D
:106F7000002205A80DEB0301FCF766FA98F85830DB
:106F8000002B00F09B80012102A8FCF7FEF80446CC
:106F9000002840F02681042105A8FCF7F6F80446F5
:106FA000002840F01E8129F0100302A9032B40F0B5
:106FB0008280B8F8880100287DD0FFF7A3FF04463F
:106FC000002840F00E8105A9D8F83000FFF79AFF9D
:106FD0000446002840F0058108212846FCF7D5F832
:106FE0000446002840F0FD807E212846FCF74EF93B
:106FF0000446002F00F0F1803A89B8F864600AB9BD
:10700000033EB6B2002C4CD1FB88002B72D1A021DC
:107010002846FCF73BF90446002842D1BDF80E1083
:107020002846BDF81A30002619440531C9B2FCF7CC
:107030002DF90446ACBB2246BDF80E3002A9284605
:10704000FCF7CDF9044660BB0246BDF81A3005A92D
:107050002846FCF7C4F9044618BBB9F1000F40F00C
:1070600086800121404602F007F801462846FCF7D9
:107070000DF90446A8B9EA8801212846013AFEF72D
:107080009FFD01462846FCF723F9044648B9002E27
:1070900070D17E212846FCF7F9F80446002800F05C
:1070A000818002A8FCF7F4F905A8FCF7F1F9204665
:1070B00009B0BDE8F083B8F82E007EE7042102A8ED
:1070C000FCF763F80446002840F08B80012105A8F6
:1070D000FCF75BF80446002840F0838002A9D8F84A
:1070E0003000FFF70FFF044600287AD105A9B8F851
:1070F0002E006BE79B1AB3422DDC3846FCF732F8C2
:10710000BDF80E10BDF81A30064607311944014487
:10711000C1F3022141F0A0012846FCF7B7F804466C
:107120000028BED1002E3FF479AF06F10B012846AE
:1071300089B2FCF72AF804460028B2D1BDF80E1037
:107140002846BDF81A30194407313144C9B2FCF75A
:107150009DF804466EE7BDF80E30BDF81A100733EF
:107160000B443344C3F3022343F0A801D4E75FFA8E
:1071700089F17BE733463A8939462846FCF72FF9EF
:10718000044600288DD1EA8801212846013AFEF7FD
:1071900017FD01462846FCF79BF8044600283FF4FB
:1071A00078AF7EE798F85830002B3FF47AAF002F85
:1071B0003FF477AFFB8839898B4204D13846FCF71E
:1071C00067F904466DE75B1A024638469BB2FCF746
:1071D00091FA002304463B8163E700283FF417AF90
:1071E0005FE7002F7FF408AF5BE72DE9F8438C8D54
:1071F000054603890E461746B1F80A809C4216D30D
:10720000E41AA4B29CB101F1040908EB0401484658
:1072100089B2FBF7BAFF68B923462A89294648464E
:10722000FCF7DDF830B917B12B8903332B8100202F
:10723000A6F80C80BDE8F8832DE9F04F8DB01F460D
:10724000B2F808B082469DF85C300E461546DDF86F
:10725000589005939DF860300693D388A3EB0B03F9
:10726000082B03DC00203874044683E00123D84651
:107270003B74EB88434520D8D8462A89EB889A424C
:10728000F0D049462846FCF714F90446002871D18D
:1072900099F8003003F0F002A02A1FD02B89013B9F
:1072A0002B81069B2A46314650460293059BCDE929
:1072B00000933B46FFF7C0FFD6E70DF12D012846AE
:1072C000FCF7F7F80446002854D19DF82D307E2BAA
:1072D000D3D008F101081FFA88F8CAE713F0070BAA
:1072E0000DF12D0128461CBF1B0203F4E06BFCF7D7
:1072F000E0F8044600283DD19DF82D302A895B44F2
:107300000793EB889B1A079A0133934203DA387488
:10731000A5F808802EE0079B0DF12D022846434476
:107320009BB2089301339BB219460993FCF7DFF82F
:107330000446F8B99DF82D20099B7E2A02D02B899E
:10734000023BADE72A4631465046FFF738FD04467A
:10735000D8B140F2071398420CD0B0F5847F0DD11C
:107360002B89EA88043393420AD100232846BB853F
:10737000FCF78EF820460DB0BDE8F08F013490D0B8
:1073800008F10108A5F808808BE74946284699F8D6
:1073900000B0FCF78EF804460028EBD13B781BF0D8
:1073A000080F14BF43F0010303F0FE033B70059B7D
:1073B00083B999F80010304601F0DAFD50B9089B06
:1073C00002332B8196F85830002B3FF46AAF40F21D
:1073D0001914CFE72A8908F1010B2846A2EB08020D
:1073E0005946013AFEF7ECFB0DF12E0109902846B3
:1073F000FCF788F804460028BCD1BDF82E30099A65
:107400002989934207D0EB885B1A082B3FF749AFD5
:1074100040F20D14AEE7079B984408F101038B423C
:1074200033D009935946079B28469A1EFEF7C8FB9E
:107430000DF12E02834608F1FF312846FCF719F9B9
:1074400000287FF411AFBDF82E205A45E0D1089BEB
:107450005A1E099BBA8599F8002002F0EF01032912
:1074600066D002F0030103291FD12A89934214D068
:1074700099F80030732B7B7029D00AD81F2B26D0A7
:10748000532B24D06FF0010474E7089A013ABA85AF
:10749000E1E703F0FB03932BF3E70DF12D01284601
:1074A000FCF707F80028E3D0DEE6D10740D5C2F3A9
:1074B0008102013A012AE5D92A89934207D10DF1C7
:1074C0002D012846FBF7F5FF00287FF4CDAE96F896
:1074D0005830002B3FF44EAF069B1BB97B78932BA3
:1074E0007FF448AFF28D3046316BF5F785FC00280C
:1074F0007FF440AFB5F80880EB883063A3EB080356
:10750000F085082B2BDD069B2A4631465046029318
:10751000059BCDE900933B46FFF78EFE336B044697
:10752000002B3FF427AFF38D002B3FF423AFEFE6A2
:107530002A8993420ED10DF12D012846FBF7B9FFA0
:1075400000287FF491AE99F80030DB07BFD5012306
:107550003B70BCE729463046FFF7AEFBB7E740F289
:10756000071407E7F7B5089F1D4600230E4604469B
:107570000DF106013B7090F8583030460BB3FBF725
:10758000C1FF38B9E38D3BB1BDF806209A4203D064
:1075900040F2071003B0F0BDBDF806300DF1060152
:1075A0003046E385FBF7AEFF0028F3D1226BBDF830
:1075B000063022B19A4202D04FF48470EAE7236386
:1075C000E8E7FBF79FFF0028E4D1226BBDF8063007
:1075D000DAB19A4219D0002DEED0A5F84830012337
:1075E0003B700DF106013046FBF78CFF0028D1D12E
:1075F000E28DBDF8063052B19A4208D0002DC7D0B6
:10760000A5F84A3001233B70C4E72363E9E7E3852B
:10761000C0E72DE9FF47DDF8308000241F46824691
:1076200088F800400D46B1F808901646CB881474CF
:10763000A3EB0903072B01DC002033E007B13C7406
:107640002A89EB889A42F7D00DF10E012846FBF704
:1076500059FF38BBBDF80E30012B26D13B463246D0
:1076600029465046CDF80080FFF77CFFD0B927B1FE
:1076700098F80030002B18BF3E460DF10E01284649
:10768000FBF740FF70B92B89EA88BDF80E10D21ABB
:107690008A42AABF012200225B183274ACBFB385B4
:1076A000A5F8089004B0BDE8F0872B89013B2B8139
:1076B000C6E738B50D46C38801890446994203D10F
:1076C000FBF7E6FE002038BD5B1A2A469BB2FCF7AA
:1076D00011F82581F6E7F8B5054618460F46144619
:1076E0001E46FBF7D5FE00284ED1E188304623899F
:1076F0000831C91A89B2FBF748FD002844D101219D
:107700003046FBF7E5FD00283ED195F8583063B3CD
:10771000298E3046FBF7DCFD002835D1B5F88811FD
:1077200009B30F2F01D0C22F1DD13046FBF7D0FD7A
:1077300050BBE1883046FBF7CBFD28BB22892146B0
:10774000E38830469B1A9BB2FBF749FEE0B995F8F7
:107750005830CBB1E38821898B420DD12046BDE85A
:10776000F840FBF795BEE98DDFE7E98D3046FBF782
:10777000AFFD48B9298ED8E75B1A024620469BB276
:10778000FBF7B8FF00232381F8BD10B590F8E03077
:107790000BB9002010BD91F839400021FEF7BAFA6C
:1077A0008442F6D040F21B10F4E72DE9F7430E1D9A
:1077B00007460D460DF1010130469046FBF779FE74
:1077C000044630BB05F1390130469DF80190FBF7C6
:1077D00070FE0446E8B929463846FFF7D6FF04464E
:1077E000B8B9B9F1010F0FFA89F31CD10DF10101FC
:1077F0003046FBF75EFE044658B99DF8013063B190
:107800000DF101013046FBF754FE044608B99DF81E
:107810000140204603B0BDE8F08301463046FFF743
:1078200048FF0446F5E7022B5DD10DF1010130461A
:10783000FBF73FFE04460028EBD19DF801202B7892
:10784000002A42D143F0020301A930462B70FBF716
:107850006EFE04460028DCD1019BD7F88C20012B5A
:1078600036D0012A34D1C7F88C300DF101013046F1
:10787000FBF71FFE04460028CBD19DF80130002BFA
:10788000BED10DF10201304602F004F80446002892
:10789000BFD12B78DB0707D43046FBF763FCBDF87C
:1078A0000230834226D86C70BDF80230A3B9A5F827
:1078B0000A802B78002BACD195F82E30002BA8D164
:1078C0003846AB8101F06CFAA3E703F0FD03BBE798
:1078D0009342CAD013249CE741463046FFF7E9FEA5
:1078E0000028E6D09DE7032B0CBF4FF0FF344FF488
:1078F00081748EE74FF482748BE72DE9F04389B0F1
:107900000C46804604AD02A8FDF7AAFC284603F009
:10791000F4F9237E012B07D18DF80C30238DADF8BF
:107920000A306389ADF80830638D2A46B4F80C90AC
:1079300002A9201DA381FEF789FE064630B1284624
:1079400003F0EEFB304609B0BDE8F0839DF810303F
:10795000002B36D0013B012B1FD99DF80C3084F849
:10796000303004F1180795E80F0087E80F00A3896D
:107970006385BDF80A3023856378A4F80C900F2B3B
:10798000E0D09DF80D30002BDCD02578002DD9D12A
:10799000404601F005FAA581D4E7237E002BE0D014
:1079A000054609E001AA294603F052FC98B90135C1
:1079B0000199206A03F066FB0698C388AB42F1D1B7
:1079C000D5E79DF80D30002BD6D063780F2B04BF80
:1079D000A3896385D0E70646B4E7F7B50F1D0546D2
:1079E0000E460DF107013846FBF763FD0446D8B992
:1079F00006F139013846FBF75CFD0446A0B9314673
:107A00002846FFF7C2FE044670B99DF80730012BE7
:107A100051D10DF106013846FBF74BFD044618B96C
:107A20009DF806301BB11C46204603B0F0BD284629
:107A300001F0B6F9B28973899A42F5D20DF10601C7
:107A40003846FBF736FD04460028EDD19DF8063098
:107A50002BB921463846FFF72CFE0446E4E7012BFC
:107A60002CD10DF106013846FBF723FD0446002812
:107A7000DAD19DF80630002BEBD0092B10D10DF197
:107A80000602B1893846FBF732FD04460028CBD107
:107A90009DF80630102B03D1B389013BB381D8E7A1
:107AA0000DF106013846FBF704FD04460028BBD162
:107AB0009DF80640B8E74FF48074B5E740F20F1424
:107AC000B2E773B50C1D06460D460DF103012046C5
:107AD000FBF7EFFCC8B905F139012046FBF7E9FCDB
:107AE00098B929463046FFF750FE70B99DF803302B
:107AF000012B0CD10DF102012046FBF7DAFC20B975
:107B00009DF80230002B18BF184602B070BD9A1EB7
:107B1000012A04D801A92046FBF709FDF5E7052B4A
:107B200019D101A9204601F0B5FE90B14FF4827041
:107B3000EBE70DF1020120460135FBF7BAFC002806
:107B4000E3D19DF80200BDF80420ABB29A42F0D117
:107B5000DBE70546F7E74FF48170D6E7F7B5144643
:107B6000074668460E46FDF77BFB204603F0D8FA31
:107B7000FB884BB90A2E05D00C2E03D000252846D1
:107B800003B0F0BD2670F9E79EB93846FBF79BFDC0
:107B900005460C20F8F704FDA060FBF7F0FA294633
:107BA000A068FBF739FC2846F8F7C2FD0A232370CA
:107BB000E4E72246694638468DF80460FEF746FD44
:107BC00005460028DBD19DF805303881C3B1092E68
:107BD000D4D12378092BD1D13846FBF774FD064662
:107BE0000C20F8F7DDFCA060FBF7C9FA3146A0686D
:107BF000FBF712FC3046F8F79BFD0A232370BEE723
:107C00004FF48275BBE77FB50D4681680446164682
:107C100049B1CB8801A809681A46FBF715FCA3688F
:107C20001B89ADF80C303246294601A8FFF796FFB4
:107C300004B070BD2DE9F0410E1D8CB0B1F80C8080
:107C400007460D46304601A9FBF771FC044698BB78
:107C500068630DF103013046FBF72BFC044658BB6B
:107C60009DF80330DBB108A803F047F822460C2347
:107C700005A902A8FBF7E8FB9DF80330AA89314665
:107C800002A8FBF7ACFB0446B0B908AA192102A868
:107C9000FFF764FF044678B90A9B1B686B6308F121
:107CA000FF31304689B2FFF704FD044620B929466A
:107CB0003846FFF722FE044620460CB0BDE8F081AE
:107CC0008B8970B5013B0A7888B004469BB2D20715
:107CD0000D468B8100F18980D0F8CC2000F11C0684
:107CE000A2B190F890309B0710D506AB02930DF12E
:107CF000150301930DF1170300930B1D314604F199
:107D00009400FCF75FFD002847D020E0D4F8D8307D
:107D1000002B5BD00822364930460AF0A7FF002826
:107D200054D194F85830A3B906ABD4F8D81004F164
:107D3000980204F1940002930DF1150301930DF1E3
:107D4000170300932B1D0968FCF73CFDF8B108B040
:107D500070BD94F89030002BE6D195F83830002BA8
:107D6000E2D1E28D2046216BF5F746F848B994F848
:107D7000903013F0020301D1E385236340F2071032
:107D8000E5E72046F5F71CF80028CDD0DFE795F8A9
:107D9000383013B9012385F83830D4F8F42042B1D3
:107DA0001168069B8B42079971F100011AD30133C8
:107DB00013600DF11601281DFBF77BFB0028C6D1CF
:107DC0006B78AB709DF816306B70C0E706AB04F1B2
:107DD000980202930DF1150301930DF1170300931F
:107DE0002B1D8BE74FF48E70B1E70020AFE700BF8B
:107DF0009298060873B50DF107010546FBF759FB8C
:107E0000B8B90DF1070128469DF80740FBF751FB73
:107E100078B90DF1070128469DF80760FBF749FB8B
:107E200038B920049DF8074040EA0620204340F07E
:107E3000804002B070BD37B50DF103010446FBF779
:107E400038FBC0B90DF103012046FBF732FB90B9B6
:107E50009DF803500190062D08D12046FBF782F9CA
:107E6000032803D901A92046FBF761FB019845EAE5
:107E7000002040F0004003B030BD0000F0B54E7867
:107E800085B005460C46002E40F0D6800F1D3846C2
:107E9000FBF768F9D0B1A2890DF10F0138460192C4
:107EA000FBF707FB002840F093809DF80F60E02E61
:107EB00066700BD8BF2E019A0BD8182E6CD051D8F3
:107EC0000E2E00F09C800F2E00F0B1804FF48170D8
:107ED0007EE0A6F1C003202BF8D801A151F823F0D1
:107EE000997F0508997F0508997F0508997F0508FE
:107EF000BF7F0508D57F0508CD7E0508E37F05080F
:107F0000757F0508757F0508CD7E0508757F050816
:107F1000877F0508877F0508CD7E0508877F0508D0
:107F2000757F0508757F0508877F0508757F05083B
:107F3000877F0508877F0508CD7E0508877F0508B0
:107F400007800508CD7E0508CD7E05080F80050851
:107F50000F80050825800508CD7E0508CD7E050823
:107F6000ED7F0508612E13D85F2E44D8262E06D843
:107F7000242EABD921462846FFF7A2FE2EE0A6F11B
:107F80002C03012BA2D82146284600F048F925E011
:107F9000A6F16203012B99D894F82F30BBB9A289BE
:107FA00063899A4213D0C42E11D1237813B194F867
:107FB0002E3063B121462846FFF79FFC08E021469A
:107FC0002846FFF7F2FB0028E6D0441C00D1002031
:107FD00005B0F0BD21462846FFF773FD0028F7D114
:107FE000DAE721462846FFF7F8FCF7E7214628465E
:107FF00000F094F8F2E7A389013BA381CCE738466F
:10800000FFF7F8FEEAE73846FFF715FFE6E795F8D1
:108010005830002BB7D095F890309907AAD440F289
:108020001D10D5E72146284600F05EF9D6E7214627
:108030002846FFF7FFFDD1E70B78DA07ACD491F8BB
:108040002E00184308D195F858301BB1A6F16003F3
:10805000012B05D80023A381E02E05D000200EE0DF
:108060000123E02E8B810DD1638E214628460133FA
:10807000A38100F053F8638963860023637095F849
:1080800058309BB1C92E0ED8C72E03D8A6F12503B0
:10809000012BA3D80022638E6270A381214628465B
:1080A000FFF7ECFE9AE7CB2E98D1F3E72D2E637005
:1080B00005D82B2E92D9638E0022A381EEE706F11C
:1080C0003403DBB2102B89D8A6F1CC03102B85D852
:1080D00001A252F823F000BFB7800508B780050859
:1080E000DD7F0508B7800508DD7F0508DD7F050811
:1080F000DD7F0508DD7F0508B7800508B780050826
:10810000DD7F0508B7800508DD7F0508DD7F0508F0
:10811000DD7F0508B7800508B78005082DE9F34124
:1081200001F104088E8907460D4640460DF1010114
:10813000FBF7BFF9044618BB9DF801300DF10201B1
:108140004046C3F3801203F03F032A646B64FBF7DD
:10815000D9F90446A0B901A94046FBF7D3F9044672
:1081600070B9BDF80210BDF8042001290CD0D7F871
:108170008C30013E013BB6B29A4206D06E816870E7
:10818000204602B0BDE8F0810646002369874046DC
:108190000DF10601AA876B7001F07CFB04460028F4
:1081A0003AD16B89A989BDF806205B1A9A4201D0A1
:1081B0002874E5E731464046FFF77BFA044600287D
:1081C000DED19DF901202B78002A03DB43F0040364
:1081D0002B70D5E723F004032B706B89002BCFD0D5
:1081E0000246A88129463846FFF748FE90B9AA8979
:1081F0006B899A42C4D06B78C42BC1D12B781BB148
:1082000095F82E30002BBBD0002329463846AB8191
:10821000FFF773FB0446B3E74FF48274B0E7F0B5A1
:108220000B788FB005460C46DB075BD497B20E4641
:108230008F8156F8041F114430460591FAF792FFDA
:1082400004903046FAF794FF03460BA80DF11E0682
:10825000DDE90421FBF7F8F895F8903005F194007A
:1082600005F11C0113F0020F08AA0DF11F032CD019
:10827000D5F8CCC0BCF1000F27D000930BABCDE9F3
:1082800001626246FCF79EFAE8B9BDF832303B4421
:1082900063819DF81F3095F894209A421CD1D5F83F
:1082A000F42042B1089B10680999002908BF984240
:1082B00015D1013313600022214628466270FFF772
:1082C000DDFD638963860FB0F0BDCDE901620093E7
:1082D00005F198020BABD5E740F21D10F3E74FF420
:1082E0008E70F0E70020EEE7F0B50B7889B0064617
:1082F0000D46DB072BD48B890F1D00F19802013B43
:108300008B8106AB00F11C01943002930DF1170331
:1083100001930DF1160300933B46FCF753FA044614
:1083200090B90DF115013846FBF7C3F8044658B96A
:108330009DF8163068703BB1024629463046FFF77B
:108340009DFD002818BF0446204609B0F0BD00245A
:10835000FAE7000090F858300A4623B100230321C1
:108360000248FBF70EBA03210148FAE79A9A060879
:108370009D9A060830B50C4689B0014628B92046BA
:1083800009B0BDE83040FAF781BF01A81923E5889C
:1083900006908DF81030FDF707F904AA0921204650
:1083A000FDF7E5FC48B9E388691C2A462046013BF5
:1083B00089B25B1B9BB2FBF79DF909B030BD70B56C
:1083C0000446C0680D461646FAF7CCFEA3680BB10A
:1083D000DB88184406B11630637D53B9EB882268F8
:1083E0000233B2F8522003449342D4BF0023012346
:1083F0006375A37D53B1EB88083318442368B3F841
:1084000052309842CCBF00200120A07570BD000002
:108410002DE9F04F037989B004460F46A3F16002BD
:10842000012A03D9026892F89420FAB994F80580D9
:10843000B8F1000818BF4FF00108602B5FFA88F907
:1084400017D1A16800223846CB88FAF7C8FF064644
:1084500046B9226892F83500FDF7CCFB002840F0C1
:108460009B810646304609B0BDE8F08F4FF0010809
:10847000E3E7236893F85830002B39D005AD462345
:108480000022994905A8FAF7DFFF2179E02931D0C8
:108490002846FAF7FBFE06462379C22B0BD00F2B9A
:1084A00004D003F12702D2B2012A2AD8217F19B3BE
:1084B0002846FAF72FFF29462069FFF75BFF06469B
:1084C000002E40F0C480A368002B4ED12379C22B2C
:1084D00054D1237DFF2B40F0F780E068002840F066
:1084E0000581236893F85830002B00F0228113E1B6
:1084F0003D46CAE70026CFE72068FDF723FC01468A
:10850000D6E7622BDCD0C02B08D0E36833B1DB8820
:1085100023B14A4629462046FFF751FF2279A37925
:10852000C12A13D1627D1AB1012B0BD10223A37191
:10853000A1792846FAF7AAFE217F79B12846FAF7F1
:10854000A5FEBCE7022BF3D10323F0E7C42AEFD149
:10855000627D002AECD0012BEAD1E7E7206890F891
:10856000E010FDF7D7FB0146E8E7DA8838461968DE
:10857000FAF716FF0028A9D0064668E00F2BA8D00E
:1085800023681B6E5907A4D4637D002BA1D0A17D65
:1085900001B101212846FAF779FEA1692846FAF7C8
:1085A000B9FEA3690133A361237DFF2B0BD033B147
:1085B0002379C42B03D101212846FAF767FE217DD8
:1085C0002846FAF763FEE068002870D0B0F806B0DD
:1085D0000089ABEB00001FFA80FBEA880BEB02037B
:1085E000B8F1000F00D016332168B1F852A09A45B7
:1085F00011DAAAEB020A1FFA8AFAB8F1000F03D0C7
:10860000AAF1160A1FFA8AFA504601F035F9AAEBC8
:1086100000001FFA80FB2946584601F06CF900283B
:10862000AAD1236893F85830002B42D003463A462B
:10863000E9882868FBF7A5F800287FF412AFBBF1A2
:10864000000F3FF446AFB8F1000F77D146462379CB
:10865000E02B08D0637D002B3FF4FAAE23681B6E3D
:108660005B077FF5F5AEE0212846FAF70FFE2946B5
:108670004A462046FFF7A3FEA17D002940F08A80EC
:108680002846FAF703FE00212846FAF7FFFD217E6F
:108690002846FAF7FBFDA369002128460133A361B0
:1086A000FAF7F4FD00212846FAF7F0FDD0E68346FC
:1086B00093E7E1680029C2D05B460A893846FAF799
:1086C0008EFE0028BBD057E733B12379C42B03D1EA
:1086D00001212846FAF7DAFD217D2846FAF7D6FD72
:1086E00000287FF4FEAEF8E6A8D00020C3881BB3B4
:1086F000FAF738FD2168FB88B1F852200344934211
:1087000007DDE368D8881B891844121AE888101A14
:1087100080B291F8583033B100233A46E98828688E
:10872000FBF72FF805E0E168034638460A89FAF7B7
:1087300056FE002887D01FE71846D2E6FB88002B9C
:1087400085D02179622982D0266896F8D030ABB1E5
:1087500006F1A40862793046FDF774FAB4460322A4
:108760001CF8941FCDE90287D6F8B030CDE900039C
:108770006046D6F8BC30FCF713F8FDE6D6F8CC809E
:10878000B8F1000F03D096F890309A07E2D406F1C2
:108790009808DFE7802173E73946104609B0BDE845
:1087A000F04FFFF7D7BD00BF2DE9FF47037905461E
:1087B00088460F2B30D0C22B0CBF4FF013094FF05F
:1087C00000092C6A1CB901AC01A8FAF7D8FC4FF0DB
:1087D000010A21462846FFF71BFE064668B9AB682A
:1087E00085F816A02BB92A68D2F88C300133C2F86C
:1087F0008C302289E3889A4211D12046FAF748FE4C
:1088000036B9EB6823B11A89B146DB889A42E0D1C8
:10881000304604B0BDE8F0874FF01309D1E798F86F
:108820000630CBB198F8053098F804209A4244D924
:10883000D8F8002052F823700133384688F8053004
:10884000FAF726FE286890F83530042B30D8DFE898
:1088500003F0180F282F18000C20F7F7A1FE074689
:1088600058B3FAF78CFC3946404601F0B5FAE9E70F
:108870003B4622462979FEF72EFF0028B9D006464E
:10888000BBE749463B462246FEF761FB014690B9ED
:108890002289E3889A42ACD0286800F0EDFB81463B
:1088A000A7E7E388002221463846FAF798FDE4E777
:1088B0004FF48176A1E706469FE74FF48276A7E75B
:1088C000F0B50D4697B0044610461646FAF7E0FD9F
:1088D00025B94FF48174204617B0F0BDEB070ED5D3
:1088E000204600F0D8FB94F835200146002AF0D14C
:1088F0003346204617B0BDE8F040FEF728BB94F899
:108900003430002BE5D094F858300AAD002B2846BF
:1089100014BFC427C027FAF732FC94F834309BB355
:10892000D4F88C102846FAF7F5FCD4F88C3008A857
:108930000133C4F88C3001F043FA94F834304BB36F
:108940000022FF2321460DA804920195CDE90223C0
:108950000223CDE9052200933B4601F0A3FB08A9C1
:108960000DA8FFF721FF044638B9089B02463046A0
:108970001968CB88FAF733FD04462846FAF788FDD4
:1089800008A801F04DFAA6E7B4F88C102846FAF7CB
:108990009FFCCAE74FF48174EFE72DE9F04387B0FD
:1089A0001C4600230546DDF83C900E4617469DF810
:1089B00038808DF81730B9F1000F01D089F80030F8
:1089C00095F83530042B63D8DFE803F003161F62F7
:1089D000030097F838303246294695F8580001933D
:1089E0000DF11703CDF8088000933B46FEF724FCF9
:1089F00088B107B0BDE8F08323463A4631462846A1
:108A0000CDF80090FEF705FEF2E7F388BB85003B4A
:108A100018BF01233B7499F8003023B11CB1237CAB
:108A20002BB90020E5E73B7C002BFAD03C4695F8BB
:108A3000350006281CD19DF8173003F0EF02032AF9
:108A400001D12278F2B1DB071CD595F83500FDF78E
:108A5000D1F838B163892BB13389F2889A421CBFAF
:108A6000033333816378972BDBD16FF00100C0E7CC
:108A7000FDF7C0F8214602463046FEF7B6FB002857
:108A8000D9D0B6E7424621462846FFF7F7F9B0E7C6
:108A90004FF48170ADE71FB50DF10F04CDE900343F
:108AA0000023FFF77AFF04B010BD38B51024054647
:108AB000FAF7EEFC01F020F901462846FAF7E6FB4A
:108AC00008B9013CF6D138BD2DE9F0438FB080469E
:108AD00099460F46169D16462846FAF7D9FC04A873
:108AE000FAF74DFB98F83630022B53D1F788102354
:108AF00000220AA907A8FAF7A7FC3B0705D0F288CD
:108B0000103702F00F02BF1ABFB2B9F80620F3887F
:108B1000934207D212F00F0317BF02F11007174656
:108B2000FF1ABFB2D9F8001007A8FAF739FC0446BB
:108B300030BBBDF8221007A87A1A92B2FAF74EFBA2
:108B40000446E8B9F28804A83168FAF729FC04461B
:108B5000B0B9BDF8161004A87A1A92B2FAF73EFB23
:108B6000044668B9BDF816102846FAF70EFB04460D
:108B700030B9BDF822302A680799049800F0E8FC63
:108B8000BDF8223007A8EB80FAF782FC04A8FAF7B8
:108B90007FFC07E0052B09D198F83630DA1E012A50
:108BA00019D8FE2420460FB0BDE8F083062BF8D07C
:108BB000F28804A83168FAF7F3FB04460028F1D1E3
:108BC000B9F8062004A8D9F80010FAF7E9FB044622
:108BD0000028E1D0E6E7062BE3D0052B2DD108F1E4
:108BE00098030122102108F194000293D9F8003073
:108BF00003960193002300933B46FBF7D1FD044607
:108C00000028C3D198F89510284641F01001FAF7D2
:108C10003DFB04460028B9D139462846FAF77AFBCD
:108C200004460028B2D1F2880C23314628460C3A7B
:108C300092B2FAF7D4FB0446A8E70024B2E7CA8848
:108C40000B899A4230B5054685B00C466FD00DF1C0
:108C500007012046FAF72DFC78B90DF107012046EF
:108C6000FAF727FC48B90DF107012046FAF721FC75
:108C700018B92289E3889A4201D305B030BD02A910
:108C80002046FAF716FC0028F7D10DF1090120461D
:108C9000FAF70FFC0028F0D19DF80930022B16D00E
:108CA000042B1CD0012B44D10DF107012046FAF70B
:108CB00000FC9DF8073003930028DED19DF80830B2
:108CC000053B032B30D8DFE803F00F171F270DF10A
:108CD0000A012046FAF716FCBDF80A30EBE703A9B3
:108CE0002046FAF724FCE7E7039BB5F866209A4292
:108CF000BFD9A5F86630BCE7039BB5F864209A425B
:108D0000B7D9A5F86430B4E7039B95F869209A4277
:108D1000AFD985F86930ACE7039B95F868209A4293
:108D2000A7D985F86830A4E74FF48170A1E7002047
:108D3000A3E74FF48170A0E7FF2938B505460C463C
:108D400008D80121FAF7A2FA2846E1B2FAF79EFA0A
:108D5000002038BD0221FAF799FA21462846FAF791
:108D6000B7FAF5E770B5054608460E461446FAF719
:108D7000F5F990B124B123880BB9F38823802488B6
:108D800095F89420F3884AB12A331C44B5F8520070
:108D9000A4B2A0422CBF0020012070BD1433F4E720
:108DA0000123C0F88C30704790F8583023B14FF64B
:108DB0001E63A0F85630704740F6FE63F9E70000E6
:108DC0002DE9F34104469DF8287000250E469DF8D4
:108DD00020004FF001082363062384F8357004F166
:108DE00038070999E28584F8503084F8346084F8B3
:108DF0003600384684F8E050A4F8D650C4F8D8506D
:108E0000C4F88C800191FAF7BAF901993846FAF75B
:108E100003FB04F14400E5614FF6FF772562FAF7A2
:108E2000AEF94FF48063204A04F18000A4F8543076
:108E30001E4BA4F85270AE4208BF134640F2011612
:108E400084F85850E3654FF08013A5626366A4F878
:108E5000686084F8905001F005F8201D84F8905067
:108E6000257084F82480FAF78AF904F11000FAF7E3
:108E700086F904F19400A685FAF756FF2046A4F877
:108E8000D470FFF791FF04F1E400C4F8DC5000F067
:108E9000E9FF04F17400A4F8F070C4E93D5502B094
:108EA000BDE8F04100F0DEBF38C004000278B80031
:108EB00070B50025044680F8D650D0F8D80038B1F7
:108EC000FAF7E6FAD4F8D800F7F732FCC4F8D8502D
:108ED000002504F138000126E5612562FAF7D8FA89
:108EE00004F14400FAF7D4FA94F8581004F1800021
:108EF000B1FA81F1490901F005F8201D84F890507C
:108F0000257084F82460FAF7C3FA04F11000FAF728
:108F1000BFFA40F2011304F19400A385FAF73EFF73
:108F20004FF6FF73314604F1E400A4F85230A4F880
:108F3000D43000F0E7FF04F17400294600F0E2FFAE
:108F40002046FFF731FFC4F8F45070BDFFF7B0BF03
:108F500000F1200300F00E00184340F01000C0B2F2
:108F60007047831C20F00F0003F00E031843704776
:108F70001329F8B5054649D001F00303032B26D188
:108F8000932917D190F8582092B990F85630102BA9
:108F900001D0FE2B05D195F85720A2F10E004242D8
:108FA000424182F001022846FFF7FEFE1046F8BD5E
:108FB0000022F6E7732929D190F8583033BBB0F876
:108FC000562040F6FE63D11A4A424A41EEE711F0BC
:108FD000010290F856600AD006F0F106B14233D093
:108FE00090F85700FFF7B4FF85F85700DEE790F8D8
:108FF000577006F001063846FFF7B3FF04462EBB54
:10900000FFF7A6FF814203D185F857100122CDE773
:1090100020F01000814203D195F86930012BF3D183
:10902000FB060CD495F86930012B08D044F01004ED
:10903000E4B2A142E8D024F01004A142E4D095F8B3
:109040005830B3B9FE2FDFD00022AFE7814203D101
:10905000324685F85710A9E720F010039942D3D083
:1090600095F86930012BEAD040F01004E4B28C424C
:10907000E4E70E2F9AD1C7E708B5024690F85600EC
:10908000FFF76FFF034611B1FFF762FF0346184673
:1090900082F8563008BD024608B590F8560040F0F8
:1090A0000100FFF755FF82F8560000F0F10008BDFF
:1090B00090F8563043F0010280F8562023F00E005D
:1090C00040F0010070470078003818BF0120704759
:1090D000002310B5044600F80C3BFAF750F8201DA9
:1090E000BDE8104000F01CBB7FB5002504461E46BD
:1090F00002922B462A46CDE90055FFF761FEE36D4B
:109100002A46099943F0020304F5A870E365BDF807
:109110002830FAF799F904F5807000F0E7FFBDF800
:1091200030302A460B9904F58270FAF78DF9BDF8B4
:10913000203004F5AE70A4F86460A4F85430012324
:10914000A4F8666084F8583084F87451FFF7C0FFC3
:109150002046C4E95E55C4E96055FFF725FEA4F832
:10916000885104B070BD002310B5044600F80C3BD4
:10917000FAF78EF9201DBDE8104000F05ABBCB096C
:1091800080F82C30C1F3801301F00F0180F82D30EE
:1091900080F8241070470000224B1A68224B02F11D
:1091A00010001946F0B514780432043101F8044C6B
:1091B00012F8034C01F8034C12F8024C01F8024C6F
:1091C00012F8014C824201F8014CECD10421174EF7
:1091D000174F11F0030F1A7B5D7B9C7BD87B08D166
:1091E00016F805C0355D345CB05C8A08BA5C8CEA60
:1091F000020293F800C00131043382EA0C022C29E8
:109200001A7313F8032C85EA020513F8022C84EA7A
:10921000020413F8012C5D7380EA02009C73D8737A
:10922000D7D1F0BDF0D00020F4D00020BB9B0608C1
:10923000B09B06080A4B00011968F0B50A1D094EDB
:109240001431131F35181C7815F8017B7C4003F886
:10925000014B9342F7D11A1D04308A42F1D1F0BD7F
:10926000A4D10020F4D00020084B09481B68191D28
:1092700010B5002213F82240045D03F822400132A9
:10928000042AF7D101338B42F3D110BDA4D10020C1
:10929000BB9B06080D4B1B6859795A785970597A4F
:1092A0005971597B5A735972997A9A789970997B46
:1092B0009A729A799971D97B9A73DA78D970D97A36
:1092C000D973D979DA71D972704700BFA4D100205F
:1092D000C30903EB430303EBC30383EA4000C0B2BB
:1092E00070470000084B09481B68191D10B5002283
:1092F00013F82240045D03F822400132042AF7D11A
:1093000001338B42F3D110BDA4D10020B09A0608DE
:109310000D4B1B68597A5A7B597359795972597890
:109320005A705971997A9A789970997B9A729A7948
:109330009971D9799A73DA78D970D97AD971D97B38
:10934000DA73D972704700BFA4D100202DE9F84F1D
:109350000124254F0020FFF76DFFFFF785FFFFF782
:1093600099FF3A6802F1100A92F80090043212F85C
:10937000035C12F8021C12F8018C89EA050081EAEC
:10938000080B8BEA0006FFF7A3FF89EA0000704094
:1093900002F8040C85EA0100FFF79AFF684070406C
:1093A00002F8030C5846FFF793FF4840704002F85C
:1093B000020C89EA0800FFF78BFF88EA00004640AC
:1093C00002F8016C9245CFD120460134FFF732FFFD
:1093D000E4B20A2CC1D1FFF747FF2046FFF75AFF3E
:1093E000BDE8F84FFFF726BFA4D100202DE9F04FCC
:1093F000092689B00A20FFF71DFFFFF789FFFFF755
:1094000071FF3046FFF716FF504B196801F110034A
:10941000069391F80090043111F8038C484611F836
:10942000027CFFF755FF0090FFF752FF0190FFF716
:109430004FFF8346404611F801ACFFF749FF024653
:10944000FFF746FF0290FFF743FF05463846FFF758
:109450003FFF0390FFF73CFF0790FFF739FF0446FB
:109460005046FFF735FF0490FFF732FF0590FFF7F6
:109470002FFF8646DDE9003083EA000C0298079B47
:109480008BEA0C0C82EA0C0C8BEA02024240039835
:1094900085EA0C0C6A4083EA0C0C4240059884EA89
:1094A0000C0C62408EEA0C0C4240039888EA0C0CCB
:1094B00082EA0E0287EA0C0C89EA02028AEA0C0CA4
:1094C0007A4001F804CC8AEA020201F8032C019ADE
:1094D00082EA0B026A4042405A40049B62405A4072
:1094E00082EA0E0289EA020288EA02028AEA02039A
:1094F00001F8023C009B83EA0B0B029B83EA0B0BF7
:10950000049B85EA0B056C405C40059B83EA040ADA
:109510008EEA0A0089EA000988EA090887EA08074A
:1095200001F8017C069B8B427FF473AF013E16F07D
:10953000FF067FF462AFFFF7EBFEFFF7D3FE304686
:1095400009B0BDE8F04FFFF775BE00BFA4D1002001
:1095500038B514460D461A460146204609F096FBDA
:10956000044B1C60044B1D60FFF716FEBDE838403D
:10957000FFF7ECBEA4D10020F0D0002038B514468F
:109580000D461A460146204609F080FB044B1C603C
:10959000044B1D60FFF700FEBDE83840FFF726BF13
:1095A000A4D10020F0D000200023C0E90033836064
:1095B00070478088C0F30E00704738B5B0F90430AA
:1095C00004460D46002B06DB006859B910B1F7F7C9
:1095D000AFF82560A580A388C3F30E03AB4209DB77
:1095E000002009E0890040B90846F6F7D9FF20605D
:1095F0000028EFD14FF4827038BDF7F745F8002806
:10960000F8D02060E6E738B50D46C3888188044667
:109610008B4207D2E3880020226842F823500133AE
:10962000E38038BD0A31FFF7C8FF0028F2D0F8E721
:1096300038B5C38804468BB9B4F90420A388002A3E
:109640000EDA0023A36038BD236853F825000135E6
:10965000F7F76EF8E388AB42F6D1EDE70025F9E7BE
:109660002BB12068F7F764F800232360A380002360
:10967000E380E6E7C38810B5044623B10068F7F736
:1096800057F8002323600023C4E9013310BD48B11B
:1096900042B1C3888B4208D90368002053F82130B7
:1096A000136070474FF4817070474FF482707047B9
:1096B000838870B50446BBB970BD50F8256001358C
:1096C0003068F7F735F87068F7F732F83046F7F793
:1096D0002FF8E3882068AB42EFD1F7F729F8002391
:1096E000C4E90033A360E7E70025F2E7C3888B42B3
:1096F00010B512D91AB1046854F8214014608B4295
:1097000003D1013BC380002010BD026802EB81043D
:10971000646842F821400131F1E74FF48270F3E7C9
:109720000023036083808371704738B590F904305B
:1097300004460D46002B07DB01718900006860B903
:109740000846F6F72DFF2060207900F07F00854263
:109750008CBF4FF48270002038BDF6F795FFF2E71A
:1097600038B590F9042004460D460379002A08DA3A
:109770002279637902F07F0293420CD34FF4827016
:1097800008E042799A42F3D30233D9B2FFF7CDFF12
:109790000028EDD038BD2268002042F82350013364
:1097A0006371F7E710B590F904300446002B08DB2D
:1097B000437923B10068F6F7BBFF00232360002341
:1097C000237100236371A37110BD43798B42C5BF20
:1097D000036800204FF4827053F82130C8BF136033
:1097E000704738B50446002501F087FA04F12000DF
:1097F00025826561258301F080FA256384F8345061
:10980000A4F84050C4E90E5538BD38B504460025CB
:1098100001F086FC04F1200025826561258301F0BA
:109820007FFC256384F83450A4F84050C4E90E55F9
:1098300038BD38B590F904300446002B03DB43797A
:10984000C3B90023237100236371A37138BD50F89D
:109850002500FFF7DAFF236853F825000135F6F7F6
:1098600067FF63792068AB42F1D1F6F761FF00230F
:109870002360E6E70025F4E77F2807D9FF2807D90A
:10988000B0F5803F34BF03200520704701207047AA
:109890000220704737B50C460DF103010546F9F774
:1098A00008FEA0B99DF80330802B08D9812B08D180
:1098B0000DF103012846F9F7FCFD9DF803302380E4
:1098C00005E0822B05D121462846F9F71BFE03B09F
:1098D00030BD832B05D101A92846F9F76EFE019B07
:1098E000EDE7842B04D101A92846F9F720FEF6E71D
:1098F0004FF48170EBE77F2838B505460C4605D854
:10990000E9B22046BDE83840F9F7C0BCFF2806D8C8
:1099100081212046F9F7BAFC0028F1D038BDB0F516
:10992000803F0BD282212046F9F7B0FC0028F5D108
:10993000A9B22046BDE83840F9F7CABC84212046C8
:10994000F9F7A4FC0028E9D129462046BDE83840B3
:10995000F9F7E0BCF0B51E4B85B005460C466E46E7
:1099600003F110071868083353F8041C3246BB4251
:1099700003C21646F6D12CB304EB44063046F6F784
:109980000FFEE8B12B46202105461C4413F8012B9D
:1099900004AFA970033507EB121702F00F029C42C7
:1099A00002F1100217F8107C6A4405F8037C12F8E3
:1099B000102C05F8022CE9D18319002203F8012CA0
:1099C00005B0F0BD0120F6F7EBFD0470F8E700BF2D
:1099D000BB9C0608392805D95A288CBF5738373818
:1099E000C0B270473038FBE700232DE9F0418046D4
:1099F00014460D46138019B1086808B1F6F798FEB1
:109A0000B8F1000F02D10020BDE8F08140460AF015
:109A100071FC06460028F6D047103846F6F7C0FD20
:109A2000014678B3434646444FF0FF32286013F8AE
:109A3000010BB4F80080A0F1300CBCF1360F1BD83C
:109A4000B2F1FF3F0CD1FFF7C5FF02469E42EED1B7
:109A500021888F42D7D02868F6F716FE2860D2E713
:109A6000FFF7B8FF40EA021001F80800228801322F
:109A700022804FF0FF32E9E7B2F1FF3FE6D0FFF777
:109A8000A9FFF1E74FF48270BEE700001B289ABFE0
:109A9000024B18564FF0FF30704700BFCC9C0608B1
:109AA000F0B59DF814404BB1002A2EDA00293ADDBA
:109AB0002D230139524200F8013B01230CB1013C36
:109AC000E4B215460A27092D95FBF7F61FDC651C45
:109AD000002604441B1AEDB2465505463026A54221
:109AE00005EB030019D10A260C1800291BDD92FB97
:109AF000F6F306FB132230322A701A4603B1013DF9
:109B00000139601A002BF0D1F0BD0023D6E70130F7
:109B10000CB1013CE4B23546D5E7002903DD01393B
:109B200005F8016BDBE74FF0FF30EDE72DE9F0477B
:109B30009DF820400546894617461E460CB1013C5B
:109B4000E4B2BA46B04600230A22504641460AF023
:109B500037FABAF10A0F78F100032AD2621C002307
:109B6000D2B2AB543022A342A9EB030828D1B8F1FA
:109B7000000F2FDD0A220023384631460AF020FA72
:109B80003032002338462A7031460A2208F1FF3865
:109B90000AF016FA0A2F0346A9EB080076F1000234
:109BA00028BF05F1FF350A2F76F100020FD2BDE87C
:109BB000F08701350CB1013CE4B282468846C2E729
:109BC000B8F1000F06DD013305F8012BCBE71F4686
:109BD0000E46CCE74FF0FF30E9E730B5B8B1037877
:109BE0002D2B12D101300121431E0A24002005E053
:109BF000303AD5B2092D0AD804FB002013F8012F02
:109C0000002AF5D101B1404230BD0021ECE74FF010
:109C1000FF30F9E72DE9F0479DF8207004468846AB
:109C200016461D46FFB3002B40DA002942DDD2F173
:109C3000000A4FF02D0301F1FF384FF0010765EBEB
:109C4000450904F8013B00230A22304629460AF060
:109C500067F90A2E75F1000321DA0023A8EB040846
:109C60002744637004EB0803002B23DD504649466C
:109C70000A2200230AF054F930320023504604F837
:109C8000012949460A220AF04BF951EA00028246AC
:109C90008946A7EB0403E5D11846BDE8F0870134F7
:109CA00006460D46CFE792469946CCE7924699463E
:109CB0000027C8E74FF0FF33EEE730B5C0B10378B7
:109CC0002D2B13D101300121431E0A24002005E071
:109CD000303AD5B2092D0BD804FB002013F8012F20
:109CE000002AF5D101B14042C11730BD0021EBE798
:109CF0004FF0FF300146F8E7084A09491388D808B1
:109D000080EA9300584080EA531000F00100086098
:109D1000C00340EA53001080C0B27047C6C00020A4
:109D2000A8D1002001460822002001F001034908C3
:109D300043EA4003D8B2531E13F0FF02F5D1704737
:109D400000232DE9F3478DF807304FF6FF731446D3
:109D50004FF000099A4207460D464E4608BFCC8890
:109D60004FF0010802BF0A89A41AA4B21FFA89FAA7
:109D7000544503D1002002B0BDE8F0871AF0070F68
:109D80000BD10DF1070229892846F9F7B0FB00280D
:109D9000F1D12B89072601332B8108FA06F39DF8B0
:109DA0000720514638461A4009F10109F9F7A8FD84
:109DB0000028E0D1FB88013E0133B6B2FB80D5E735
:109DC000022310B5044603710820F6F7E9FB0023CF
:109DD00020606371A37110BD38B5027904464379E0
:109DE0000D46934207D063790020226842F8235041
:109DF0000133637138BD827912B14FF48270F9E793
:109E00000233DBB203719900006830B90846F6F7F7
:109E1000C7FB20600028E6D1EFE7F6F735FCF8E74E
:109E200038B5857904462DB943798BB92068A0B936
:109E3000002323710023637138BD52F82530186860
:109E4000F6F776FC236853F825000135F6F770FC29
:109E500063792268AB42F0D1E8E7F6F769FC0023AA
:109E60002360E5E70023C0E900330381704738B57C
:109E7000B0F9043004460D46002B07DB81808900D1
:109E8000006860B90846F6F78BFB2060A088C0F335
:109E90000E0085428CBF4FF48270002038BDF6F76B
:109EA000F3FBF2E7A2F50043C28001608380002348
:109EB00003817047B0F90420002A38B504460D46E6
:109EC00083880CDBC2889A4209D30A339BB2838011
:109ED0009900006898B90846F6F762FB2060A288EE
:109EE000E388C2F30E0293423BBF226800204FF486
:109EF000827042F823503CBF0133E38038BDF6F74F
:109F0000C3FBEBE7036870B504460E46D3B90023E4
:109F1000E380238170BDAAB22368013553F8220083
:109F200008F0D5FBE288ABB29A42F4D1C6B9B4F9D5
:109F30000430002BEBDB2068F6F7FAFB00232360EC
:109F4000A380E4E70025EDE7AAB22368013553F8C2
:109F50002200F6F7EDFBE288ABB29A42F4D1E6E7D5
:109F60000025F8E7B0F90430002B10B5044607DBF4
:109F7000006818B1F6F7DCFB002323600023A38000
:109F80000023E380238110BD38B50D460446FFF75A
:109F9000E9FFE9882046FFF76AFFEA8800239A4232
:109FA00001D1E28038BD296851F82300216841F8C9
:109FB00023000133F3E7C3888B4285BF0368002089
:109FC0004FF4827053F8213088BF1360704737B563
:109FD00004460025A9B2E3888B4202D1002003B0D9
:109FE00030BD01AA2046FFF7E6FF0028F7D1019B0C
:109FF00001351B88002BEDD14FF48170EFE72DE97F
:10A00000F743002405460E469846174601941C6007
:10A01000FAB1A1B2EB888B4201D1002014E001AA71
:10A020002846FFF7C8FF78B9DDF80490B9F800308A
:10A03000B34200D05EB90622394609F1030008F0A8
:10A0400015FE20B9C8F8009003B0BDE8F0830134D4
:10A05000DFE74FF48170F7E7F7B500250E461446A9
:10A0600007460195D8B1D2B1A9B2FB888B4206D17F
:10A07000E1882046FFF7FBFE002003B0F0BD01AAF7
:10A080003846FFF798FF0028F7D101990B88B342B3
:10A0900000D016B92046FFF70DFF0135E4E74FF475
:10A0A0008170EAE70277D1F88C2003719DF81030B7
:10A0B000016043719DF8003082618371019B836070
:10A0C000029BC360002303619DF80C3003759DF86B
:10A0D000143043759DF818308375D1F8DC30036275
:10A0E00070470078003818BF0120704738B5002548
:10A0F000044680F8395040F8045BF9F740F804F161
:10A100001800257400F0F9FD84F830506586656309
:10A1100084F838506587A587A564C4E90A55C4E961
:10A12000105538BD38B50025044680F839500580F3
:10A13000857021B10430F9F7ABF984F83850002567
:10A1400004F11800257400F0EBFF84F830506586A8
:10A1500065636587A587A564C4E90A55C4E91055F8
:10A1600038BD0121FFF7DEBF2DE9F04397B0074668
:10A17000894698460AAD09921E9E2846F8F7FFFFC9
:10A180003846FEF70DFE09992846F9F7A1F804466E
:10A1900048BB062249462846F9F702F9044610BB97
:10A1A00041462846F9F772F80446E0B90EB1F38843
:10A1B00003BB00212846F9F769F8044698B9FF2344
:10A1C0000246394604900195CDE902630123CDE9A9
:10A1D000050000930DA8C023FFF764FF1F990DA889
:10A1E000FEF7E2FA04462846F9F752F9204617B07E
:10A1F000BDE8F08301212846F9F748F80446002815
:10A20000F1D10246F38831462846F9F7E8F8D4E759
:10A210002DE9F0479AB01446074600220EAD0BAE6A
:10A220008A46994608A90A232846DDF88880F9F766
:10A230000BF93046F8F7A3FF3846FEF7B1FD21468B
:10A240002846F9F745F8044688BB062251462846B9
:10A25000F9F7A6F8044650BB49462846F9F716F820
:10A26000044620BBB8F1000F04D098F80040003C31
:10A2700018BF0124E1B22846F9F708F80446B0B93E
:10A28000B8F1000F1DD1FF230022394611A8049216
:10A290000195CDE902630123CDE905220093C32393
:10A2A000FFF700FF239911A8FEF77EFA0446304617
:10A2B000F9F7EEF82846F9F7EBF820461AB0BDE8B2
:10A2C000F08798F80030002BDDD0092B08D1D8F8A2
:10A2D0000800F8F751FF053081B23046F8F755FF16
:10A2E000424698F800103046FBF741FD044600282E
:10A2F000C9D0DCE7F0B5054685B008460E46FFF745
:10A300008FFD6B6E0020EB66B5F8683085F8900025
:10A31000A5F8703095F8353085F8590013F0FB0F2B
:10A3200040F0A1802846FEF73FFD0C20F6F738F9F3
:10A330000746F8F724FF01A8F8F721FF1E2101A81E
:10A34000F8F723FF812101A8F8F7A0FF04460028B1
:10A3500063D1802101A8F8F799FF044600285CD159
:10A36000014601A8F8F792FF0446002855D16B6E0C
:10A37000B3F1801F0DD1B5F8682040F201139A4265
:10A3800007D1BDF80A20032A4FD101A8F9F780F8B8
:10A3900054E0052101A8F8F779FF044600283CD1D4
:10A3A000B5F8641001A8FEF7C7FC0446A8BB062157
:10A3B00001A8F8F76BFF044678BBB5F8661001A852
:10A3C000FEF7BAFC044640BB072101A8F8F75EFF80
:10A3D000044610BB04210DEB0100F8F757FF0446BB
:10A3E000D8B995F8681001A8F8F794FF0446A0B909
:10A3F000082101A8F8F74AFF044670B904210DEBC3
:10A400000100F8F743FF044638B995F8691001A830
:10A41000F8F780FF04460028B3D001A8F9F738F810
:10A4200039463046FFF7D8FC1AE0033A022101A86A
:10A43000D2B2F8F71CFF04460028EED13B4601AA31
:10A4400093212846FCF783FD04460028E5D001A8A7
:10A45000F9F71EF83846F9F71BF83846F6F768F9A9
:10A46000204605B0F0BD0446FAE770B505460E4635
:10A47000FEF7E5FB044630B93046F8F77DFE10B133
:10A48000012385F89030204670BDC36DF0B50546B8
:10A4900095B00F4623B94FF48174204615B0F0BD36
:10A4A000FBF7C9FB0028F6D1B5F8523008AEA5F885
:10A4B0006A303046F8F763FE64213046F8F765FEEF
:10A4C00004460028E9D195F89030284623F002038D
:10A4D00085F89030FEF764FC3846FFF7A1FC28466B
:10A4E000FBF791FB04460028D7D105F11000F8F7DF
:10A4F000CFFF95F8E030B3FA83F35B0985F8243099
:10A5000095F83630012B0FD83146284605F0BEFDB0
:10A51000044698B195F89030304623F0020385F850
:10A520009030F8F7B5FFB8E72B78002BECD1281D59
:10A53000FEF7BBFA04460028E6D0AEE795F83430C3
:10A540009BB1FF23024629460490CDE90203CDE9E1
:10A5500005006023CDE900060BA8FFF7A3FD3946EF
:10A560000BA8FEF721F90446D4E74FF48174D1E734
:10A570001FB500230DF10E0204468DF80F300DF1CA
:10A580000F0300930DF10D0305F0DEFD40B99DF8BA
:10A590000E303BB1022B40F2111008BF4FF489700E
:10A5A00004B010BD9DF80D300E2B14BF0023012305
:10A5B00084F859301EBF94F8903043F0020384F8B9
:10A5C000903094F85030062B18BF4FF48570E7E7B1
:10A5D000F0B593B0044620230F4600220AA903A831
:10A5E000F8F732FF94F8363003F0FD03052B01D065
:10A5F000E38FB3B32046FEF7D3FB94F8363003AABB
:10A60000D4F8BC10052B2046009204F110020CBFB8
:10A6100004F1B00304F13803FEF756FA0546D0B949
:10A6200006AE304600F069FB09238DF8183003AB05
:10A63000089394F834308BB101230F220A49204645
:10A64000CDE90067FFF7E4FD0546304600F068FD00
:10A6500003A8F8F71DFF284613B0F0BD4FF481752D
:10A66000F3E74FF48175F6E7E89C060870B58EB005
:10A6700000220C46402305AE304905460BA8049243
:10A68000F8F7E2FE2E49402300223046F8F7DCFEC0
:10A690000BA92046FAF7D4FB50B195F8903040F260
:10A6A000171423F0020385F8903020460EB070BDD9
:10A6B000BDF83230002BF0D095F83630052B3AD16A
:10A6C000082305F11C0108A81A46F8F7BDFEBDF8DD
:10A6D00032200B993046F8F763FE04460028E4D197
:10A6E0000DF10F013046F8F7E4FE04460028DCD1F6
:10A6F00004A93046F8F71BFF04460028D5D13046A0
:10A70000F8F7C6FE08AB2A1D049928460096FEF706
:10A71000DBF904460028C8D1BDF8322030460B9939
:10A72000F9F76DF80028B8D095F8903043F002039F
:10A7300085F89030B9E705F13803E4E7ECD1002063
:10A74000ACD1002030B413B130BCFFF70DBD4FF4D5
:10A75000817030BC70472DE9F043074687B09146C1
:10A7600098460E46002944D003AD2846F8F707FD69
:10A7700002212846F8F78AFD044698BB04212846A2
:10A78000FAF750FC044668BB49462846FAF719FC1C
:10A79000044638BBB8F1000F02D008F1FF38C844B6
:10A7A00041462846FAF70DFC0446D8B9BDF83810E2
:10A7B0002846FAF7F8FB0446A0B9BDF83C10284635
:10A7C000FAF7F1FB044668B997F8343053B1109B9F
:10A7D00031463846CDE90053022331F8032BFFF709
:10A7E000C3FC04462846F8F753FE204607B0BDE8F0
:10A7F000F0834FF48174F8E71FB5069C4FF0000C0E
:10A8000002940124CDE9004CFFF7A5FF04B010BD70
:10A810002DE9F04F814689B017461E460D460029A6
:10A8200000F09580002A00F09280002B00F08F80CD
:10A83000129B002B00F08B804B8C002B75D005AA4F
:10A84000002105F11C00FEF722FF804600287AD186
:10A85000059BD3F800A03AF803BB0BF1FF3253423B
:10A86000534105F11000039307F0BCFE8046002819
:10A8700069D105AC2046F8F782FC01212046F8F7A3
:10A8800005FD804600285BD104212046FAF7CAFB6B
:10A890008046002854D104212046FAF7C3FB8046A5
:10A8A00000284DD159462046FAF77DFB8046002806
:10A8B00046D1062251462046FAF746FB804600283C
:10A8C0003ED102212046FAF78AFB8046C0BB0146F2
:10A8D0002046FAF768FB804690BB039B53B338468B
:10A8E000FBF79AF801462046FAF76BFB3046FBF778
:10A8F00093F801462046FAF764FB80460121204682
:10A90000F8F7C4FC00212046F8F7C0FC99F8342081
:10A91000B2B1129B29464846CDE90043022331F8E3
:10A92000032BFFF721FC80460AE0DFF838A04FF048
:10A93000080B96E739462046FAF786FA804648B172
:10A940002046F8F7A5FD404609B0BDE8F08F4FF46A
:10A950008178F8E731462046FAF776FA80460028F3
:10A96000CCD0EDE7C8C000200023FEF794B8FDF777
:10A97000A7BF2DE9F041064694B008460F46904621
:10A98000FFF74EFA96F8903013F0020422D023F02D
:10A99000020308AD86F890302846F8F7F0FBB8F1CE
:10A9A000000F1BD103212846F8F770FC044688B934
:10A9B00080212846F8F76AFC044658B90121284648
:10A9C000F8F764FC044628B901462846F8F75EFC0F
:10A9D000044640B3204614B0BDE8F081002128466B
:10A9E000F8F754FC04460028F4D180212846F8F7F3
:10A9F0004DFC04460028EDD101212846F8F746FC1D
:10AA000004460028E6D101462846F8F73FFC0446F4
:10AA10000028DFD12946304604F055FFBDF8263026
:10AA2000089A013B137096F83430DBB10022FF2303
:10AA300031460BA804920195CDE902230123CDE90B
:10AA4000052200936223FFF72DFB39460BA8FDF783
:10AA5000ABFE04462846F8F71BFDB6F86A30A6F8A8
:10AA60005230B7E74FF48174F4E7F0B5044685B08F
:10AA700008460F46FFF7D4F94FF6FF73A4F852309B
:10AA800094F8903013F001052DD023F001030C2031
:10AA900084F89030F5F784FD0646F8F770FB94F8DB
:10AAA0003520012A26D012F0FB0242D13346532131
:10AAB0002046FCF74CFA0546C0B931463846FFF748
:10AAC0008BF994F83500FBF795F828B1E36E6366CF
:10AAD000B4F87030A4F86830B4F86A302046A4F8AE
:10AAE0005230FEF761F9284605B0F0BD3046F5F763
:10AAF0001FFEE6E701A8F8F742FB622101A8F8F77C
:10AB0000C5FB002101A8F8F7C1FB334601AA0021CB
:10AB10002046FCF7E0FD054638B931463846FFF7D8
:10AB20005BF901A8F8F7B4FCCBE73046F5F700FE77
:10AB3000F7E74FF48175C4E72DE9F0479AB007466F
:10AB400088461C46DDF888909DF88CA00992002B61
:10AB50004DD00EAD0BAE2846F8F711FB3046F8F796
:10AB60000EFB3846FEF71CF909992846F8F7B0FBAA
:10AB7000062241462846F8F713FC21462846F8F7F6
:10AB800085FB00212846F8F781FBBAF1000F21D0A0
:10AB9000D9F8081000223046CB88F8F720FCFF23B4
:10ABA0000022394611A804920195CDE902630123E0
:10ABB000CDE905220093C123FFF774FA249911A867
:10ABC000FDF7F2FD04463046F8F762FC2846F8F738
:10ABD0005FFC08E04A4699F800103046FBF7C7F8DA
:10ABE00004460028DBD020461AB0BDE8F0874FF4B9
:10ABF0008174F8E730B413B130BCFFF709BB4FF4F0
:10AC0000817030BC704713B590F834404CB1049C4F
:10AC1000CDE90034134631F8032BFFF7EBFF02B008
:10AC200010BD4FF48170FAE72DE9F0439BB0074661
:10AC3000894698460992002B49D00EAD0BAE2846A6
:10AC4000F8F79DFA3046F8F79AFA3846FEF7A8F872
:10AC500009992846F8F73CFB044670BB0622494692
:10AC60002846F8F79DFB044638BB41462846F8F7CE
:10AC70000DFB044608BB01212846F8F707FB0446F4
:10AC8000D8B9BDF88C2028462299F8F789FB0446EC
:10AC900098B9FF230246394604900195CDE9026335
:10ACA0000123CDE90500009311A8C323FFF7FAF9AA
:10ACB000249911A8FDF778FD04463046F8F7E8FB23
:10ACC0002846F8F7E5FB20461BB0BDE8F0834FF4BB
:10ACD0008174F8E71FB590F834405CB1079C02948A
:10ACE000069CCDE90034134631F8032BFFF79CFF97
:10ACF00004B010BD4FF48170FAE700230370836045
:10AD00001846704770B5FF2386B04FF6FF760546AC
:10AD10008DF811300DF1150304AA0C46039305AB11
:10AD20000DF11601ADF8166002930DF113038DF8C5
:10AD3000106001930DF112038DF8126000930DF174
:10AD4000110300688DF813608DF814608DF815609C
:10AD5000FAF7A6FCEB88D807204648BFADF8166086
:10AD60005907BDF816101CBFFF238DF81530F8F7F2
:10AD7000AFFA2B7ADA0753D5FE212046F8F786FA88
:10AD80002B7A580757D5FE212046F8F77FFAEB8833
:10AD90001B075BD49DF8153013B907238DF81530C8
:10ADA0009DF815102046F8F771FAEB882046DE066C
:10ADB00054BF9DF81210FF21F8F768FAEB88980647
:10ADC000204654BF9DF81310FF21F8F75FFAEB8877
:10ADD0002046590654BF9DF81410FF21F8F756FA83
:10ADE000E988204611F0800118BFFF21F8F74EFADC
:10ADF000BDF816204FF6FF739A4202D0EB88DA05B1
:10AE000026D515492046F8F7C4FAEB8820469B055D
:10AE10004CBFFF21697AF8F739FA002006B070BDFF
:10AE20009B0701D5FD21A8E7EB889E0754BF9DF83D
:10AE30001010FF21A1E7190701D5FD21A4E7EB8838
:10AE40005A0754BF9DF81110FF219DE7FF21A9E784
:10AE5000B5F90410D6E700BF0080FFFF70B5FF23EF
:10AE600086B04FF6FF7605468DF814300DF11503C8
:10AE70000C460DF11302039300230DF11601ADF8FA
:10AE8000166000938DF813608DF81560CDE90133DD
:10AE900005AB0068FAF704FCEB88D807204648BFEA
:10AEA000ADF81660BDF81610F8F712FAEB8899079E
:10AEB0002DD42B7ADA0726D5FE238DF813309DF892
:10AEC00013102046F8F7E2F9EB88580725D42B7ABF
:10AED00059071ED5FE238DF814309DF81410204616
:10AEE000F8F7D4F9EB881B0719D49DF8153013B97E
:10AEF00007238DF815309DF815102046F8F7C6F990
:10AF0000002006B070BD9E07D9D5FD23D5E7FF21EF
:10AF1000D7E71A07E1D5FD23DDE7FF21DFE7FF21B2
:10AF2000EBE7F0B587B00023FF2705460DF11702C8
:10AF300003930C46194602920DF116028DF8157016
:10AF400001920DF115028DF8167000921A460068F4
:10AF50008DF81770FAF7A4FB064610BBEB88204665
:10AF6000D90654BF9DF815103946F8F78FF9EB88CC
:10AF700020469A0654BF9DF81610FF21F8F786F96F
:10AF8000EB8820465B0654BF9DF81710FF21F8F7A9
:10AF90007DF9E988204611F0800118BFFF21F8F7FC
:10AFA00075F9304607B0F0BD30B50B7885B0044672
:10AFB0000D460A2B16D101A8F8F7E1F8AB6801A8F5
:10AFC0001968F8F767FB2146BDF80A00FEF793FC05
:10AFD000BDF80A30002201A92046F8F700FA002047
:10AFE00005B030BD092B11D18B6823B92146002053
:10AFF000FEF781FCF3E70146D888FEF77CFCAB68DE
:10B000002046DA881968F8F7CBF9E8E7002BEDD08D
:10B010004FF48170E4E7000019289ABF024B1856DC
:10B020004FF0FF30704700BFF99C06080023C0E9CD
:10B0300000337047B0F90420002A38B504460D46A5
:10B04000838806DB61B91BB10068F5F771FBE58009
:10B05000A580A388C3F30E039D4209D8002009E010
:10B06000890043B90846F5F79BFA20600028EFD124
:10B070004FF4827038BD0068F5F706FB0028F7D062
:10B080002060E5E738B504460D468088B4F9043001
:10B09000002B0ADBE388984207D80A3080B2A080F0
:10B0A00080007BB9F5F77CFA2060A288E388C2F3C0
:10B0B0000E0293420CD22268002042F82350013342
:10B0C000E38007E001462068F5F7DEFA0028EBD1BF
:10B0D0004FF4827038BD026838B50446B0F90430C8
:10B0E000DAB1002B17DA0023E38038BD50F82500D1
:10B0F00000F016F8236853F825000135F5F718FB22
:10B10000E3882068AB42F1D1F5F712FB00232360FE
:10B110000023A380E7E70025F2E7002BF8DAE2E757
:10B1200038B590F9002004460378002A21DB013B62
:10B130001A2B3ED8DFE803F028283D333D3D3D3D46
:10B140000E1F3D0E3D3D3D3D3D3D283D3D3D3D3DC0
:10B1500039393900806850B1F8F79AF9A068F7F7E3
:10B16000FDFF054618B9A068F5F7E2FAA5600023CF
:10B170002370002038BD80680028F8D0F8F788F9DF
:10B18000A068F5F7D5FAF2E780680028EFD0FFF75E
:10B19000A2FFA068F5F7CCFA0023A360E7E7806878
:10B1A0000028E4D0F8F7F2FBEAE780680028F1D144
:10B1B000DDE700220023C0E90223D8E738B50446C2
:10B1C0000D46FFF7ADFF112300202572237038BD17
:10B1D00038B504460D46FFF7A3FF12230020258152
:10B1E000237038BD70B5037804460D461646092B0A
:10B1F00010D0FFF795FF0C20F5F7D2F9A060F7F714
:10B20000BEFF0923237032462946A068BDE870407E
:10B21000F8F7C6B88068F8F73BF9F4E738B50C469C
:10B220000546FFF77DFF23892846E2882168D21A68
:10B23000194492B2BDE83840FFF7D4BF8B888380B1
:10B240000B680360CB88C3800023C1E900337047DB
:10B25000C3888B42C5BF036800204FF4827053F847
:10B260002130C8BF13607047F0B5044685B00F4663
:10B2700016463A0602D507F07F07FAE77A1E012A3A
:10B2800026D839463046F8F701F8054648B9A0688F
:10B2900000B1C0883146FEF72EFB054608B9A36809
:10B2A00093B9284605B0F0BD03AA3946FFF7D0FF91
:10B2B00060B93146039800F00DF938B90137A0683C
:10B2C000C388BB42F0D1ECE70746F8E70546E8E75C
:10B2D00013BB1B2F1DD8DFE817F0F8001C001C0063
:10B2E0003400E600780078001C001C00AB009300DE
:10B2F0001C001C001C001C005C00690027004000B2
:10B300001C0084004D0027001C001C00B600C70074
:10B31000D8004FF48175C4E739463046F7F7B6FFD9
:10B3200005460028D5D0BCE794F90030002BB6BF05
:10B33000A368217A1978304605B0BDE8F040F7F7E8
:10B34000A5BF94F90030002B05DAA36819780039FD
:10B3500018BF0121EFE7217AF9E794F90030304670
:10B36000002BB6BFA3682189198805B0BDE8F0405D
:10B37000F7F7AEBF94F900303046002BB6BFA36894
:10B38000D4E90223D3E9002305B0BDE8F040F7F784
:10B39000CCBF94F900303046002BB6BFA368217AA9
:10B3A000197805B0BDE8F040F7F7F1BF94F9003027
:10B3B0003046002BB6BFA368B4F90810B3F90010EB
:10B3C00005B0BDE8F040F7F7E4BF94F9003030462F
:10B3D000A168002BB8BF096805B0BDE8F040F7F7D9
:10B3E00099BF94F900303046002BB6BFA368D4E96A
:10B3F0000223D3E9002305B0BDE8F040F7F7CEBF44
:10B40000A068314620B905B0BDE8F040FEF773BA38
:10B41000C088FEF770FA054600287FF442AFA368A3
:10B42000DA881968304605B0BDE8F040F7F7B8BFD4
:10B430002378192B0ED10C213046F7F727FF05464C
:10B4400000287FF42EAF3146A06805B0BDE8F0407B
:10B45000FFF758BC1A2B0ED105213046F7F716FF1F
:10B46000054600287FF41DAF3146A06805B0BDE851
:10B47000F040FFF7F3BC1B2B0ED104213046F7F749
:10B4800005FF054600287FF40CAF3146A06805B0E3
:10B49000BDE8F040FFF745BD2146304605B0BDE8A8
:10B4A000F040FFF781BDA3683146D888FEF723FA44
:10B4B000054600287FF4F5AEA3681968D888019185
:10B4C000F8F7C8F901990246ACE70025E9E601233F
:10B4D000FFF7CABE0A460178FFF7F9BF70B5054607
:10B4E0000E46FFF71DFE044640B90C20F5F758F84C
:10B4F0003146A860FAF78EF819232B70204670BDEC
:10B5000070B505460E46FFF70BFE044640B90C2009
:10B51000F5F746F83146A860FAF77CF81A232B7045
:10B52000204670BD70B505460E46FFF7F9FD04468E
:10B5300040B90C20F5F734F83146A860FAF76AF8FC
:10B540001B232B70204670BD2DE9F3410E460546A6
:10B55000097896F90030002B25DA01F17F03DBB280
:10B56000012B06D801F07F010170B36883600024CD
:10B5700032E001F17C03DBB2172B04D87A4A22FABD
:10B5800003F3DB0708D401F07F012970B368D3E926
:10B590000023C5E90223EAE78268304602B0BDE82D
:10B5A000F041FFF794BF90F900200378002A30DAC9
:10B5B000A1F10903012B13D801A9B068FEF76AF9BC
:10B5C000044648B9B3680C20BDF80420198900FB73
:10B5D0000131A86807F05AFB204602B0BDE8F081AF
:10B5E0000846FEF753FA0446ADF804002878A4B2E2
:10B5F00080F08000FEF74AFAA04207D1BDF804208F
:10B6000006F10801A86807F041FBB0E74FF4817428
:10B61000E2E7013B012B04D88368B3F90430002B27
:10B620001BDB2846FFF77CFD04460028D4D1337885
:10B6300080462B7030780A2812D1B368002B96D040
:10B640000C20F4F7ADFFA860F7F799FDB368A86880
:10B65000DA881968F7F7A4FE89E74FF00108E9E7EF
:10B660000928EAD0431E012B48D8B368002B3FF4C9
:10B670007EAFDB88002B3FF47AAFAC682CB9082092
:10B68000F4F78EFFA860C0E90044B3680027A868FB
:10B69000D988FFF7CFFCB068C388BB423FF467AFDF
:10B6A0006A463946FFF7D4FD0446002894D1B8F124
:10B6B000000F0FD001AAA868FFF7CAFD04460028B2
:10B6C0008AD1DDE90010FFF73FFF0446002883D14F
:10B6D0000137E0E71020F4F763FF019080F8008065
:10B6E0000099C0F80880FFF72FFF044600287FF478
:10B6F00073AF0199A868FFF7C5FCE9E7192806D1DF
:10B70000B168284602B0BDE8F041FFF7E7BE1A284D
:10B7100006D1B168284602B0BDE8F041FFF7F0BE9F
:10B720001B2806D1B168284602B0BDE8F041FFF7FA
:10B73000F9BE04280ED10C20F4F732FFA860F8F708
:10B74000A7F8B368A868DA88196802B0BDE8F041C4
:10B75000F8F72EB9FFF760FC021E7FF708AF06F17D
:10B76000080105F108004EE76100E0001FB590F9FF
:10B7700000200378002A0DDA01466846FFF7E4FE50
:10B7800028B96846FFF7F2FF05B05DF804FB4FF0FB
:10B79000FF30F9E7033B132B28D8DFE803F00A2139
:10B7A00019192727271B272727270F1215172719AE
:10B7B0001915007A003818BF0120E5E790F9080054
:10B7C000E2E7B0F90800DFE7007ADDE70089DBE7B0
:10B7D0008068D9E7806805B05DF804EBFEF7FDB935
:10B7E00069468068F8F726F90098CDE70020CBE796
:10B7F0002DE9F041CCB0002304460D46014604A8D3
:10B800008DF8103006938DF820300A93FFF79CFED8
:10B81000064600286DD12046FFF782FC0A2D40F035
:10B82000D6800C20F4F7BCFEA060F7F7A8FC9DF8CA
:10B8300010301B2B00F24B81DFE813F032001C00AC
:10B840001C005F00AD006900730049014901BA00A6
:10B850004901490149014901490185008B009100D5
:10B86000960049019B00A400910049014901B500DF
:10B87000B500B50000257B21A068F7F707FD069805
:10B88000AFB2C388BB420ED17D21A068F7F7FEFCA2
:10B890000021A068F7F7FAFCA268D388013BD380A7
:10B8A0000A2323704BE00DAAA9B2FFF7D1FC0028B0
:10B8B00040F00B813FB12C21A068F7F7E7FC202175
:10B8C000A068F7F7E3FC0D9908A8FFF73DFE0028F4
:10B8D00040F0FB80A16808A800F0BEF9074608A860
:10B8E0000135FFF71DFC002FC9D03E4604A8FFF725
:10B8F00017FC30464CB0BDE8F0819DF8183023B9F4
:10B900007549A068F7F788FDCAE77449F9E700238D
:10B91000069A00930123FA210DA8FEF7C1F80DA99C
:10B92000EFE70023069AFA210DA80093FEF7FEF830
:10B930000DA9A068F7F770FD06460028B0D004A84E
:10B94000FFF7EEFBD5E700239DF9182000930123B4
:10B95000E1E70023BDF9182000930123DBE7002372
:10B960009DF818200093D6E70023BDF81820009317
:10B97000D1E70123FA210DA80093DDE90623FEF7A4
:10B9800049F9CCE70023FA210DA80093DDE906234D
:10B99000FEF7CCF8C3E70698F8F768F80146A06808
:10B9A000F7F765FD7CE7A1680698F9F7F5FE77E7FC
:10B9B000069800283FF474AFF7F785FE0546014668
:10B9C000A068F7F729FD2846F4F7B2FE68E7227869
:10B9D0000A2A54D1032D09D1069B3F49186808F063
:10B9E0007FFC003818BF0120207206E0052D06D12B
:10B9F000069B1868FEF7F1F8A06025709FE7062DFA
:10BA0000F6D00F2D04D1069B1868FEF7E6F8EBE799
:10BA1000102D05D1069B1868FEF7DFF82081ECE7B2
:10BA2000112DF0D0122D06D1069B1868FEF7D5F81F
:10BA30001223208135E7142D06D1069B1868FEF7E6
:10BA40003CF9C4E90201D8E7152DF6D0162DDAD05D
:10BA5000092D3CD1069B0C2019680391F4F7A0FD39
:10BA6000A060F7F78CFB0399A068F7F713FE04A812
:10BA70002570FFF755FBA068F7F7AEFE39E79DF894
:10BA800010000DF11808FFF7C7FA07461046FFF738
:10BA9000C3FA874202460FDDC3B2FFB29F4205D10F
:10BAA000414604F1080007F0F1F8A6E718F8031082
:10BAB00079B901339BB2F1E704F108033146184626
:10BAC00007F00BF93A464146EDE7064611E7FE2638
:10BAD0000FE74FF481760CE7EE9C0608F49C06080D
:10BAE00010B4027804460B468A4208D019B95DF8B2
:10BAF000044BFFF715BB012A03D109297DD1002092
:10BB00002DE00A2A03D15DF8044BFFF771BE03391B
:10BB100013290ED8DFE801F00A0D0A0A0D0D0D0AEF
:10BB20000D0D0D0D0A0A0A0A0D0A0A0A19462046C9
:10BB3000E9E7053A162A5DD8DFE802F00C0C5C5CF8
:10BB4000145C5C5C1C5C0C0C0C0C5C0C0C0C0C0C8D
:10BB50004A5757000D2B0CBFFE204FF481705DF843
:10BB6000044B7047193B022B98BFFE2088BF4FF44F
:10BB70008170F4E7053B132B3CD801A252F823F067
:10BB8000FFBA0508FFBA0508F5BB0508F5BB0508AF
:10BB9000F5BB0508FFBA0508F5BB0508F5BB0508A8
:10BBA000F5BB0508F5BB0508FFBA0508FFBA05088F
:10BBB000FFBA0508FFBA0508F5BB0508FFBA050876
:10BBC000FFBA0508FFBA0508FFBA0508FFBA05085D
:10BBD0000A2B05D8092B34BF4FF481700020BEE733
:10BBE0001A3B012B98BF0020C0E70A2BF2D9193B62
:10BBF000022BF7E74FF48170B1E7CA1E132AF9D878
:10BC000001A151F822F000BF2DBB0508F5BB0508C6
:10BC10002DBB05082DBB0508F5BB0508F5BB0508C0
:10BC2000F5BB05082DBB0508F5BB0508F5BB0508E8
:10BC3000F5BB0508F5BB05082DBB05082DBB0508A0
:10BC40002DBB05082DBB0508F5BB05082DBB050858
:10BC50002DBB05082DBB0508F0B5037885B0064659
:10BC60000D465A1E012A32D8012B4FF000072846F4
:10BC70000CBF7B215B21F7F78AFBB268BBB2D2888D
:10BC80009A4201D1002417E03BB12C212846F7F756
:10BC90007EFB20212846F7F77AFB6A46B9B2B068E6
:10BCA000FFF7D6FA044638B929460098FFF7D4FFC3
:10BCB000013704460028E0D033782846012B0CBF1A
:10BCC0007D215D21F7F763FB204605B0F0BD002321
:10BCD000014668468DF800300293FFF735FC0446B4
:10BCE00060B90A216846FFF7FBFE044630B9029BA3
:10BCF00023B1DA8828461968F7F752FB6846FFF740
:10BD00000FFAE1E738B504460D46FFF709FA10B916
:10BD100003232572237038BD38B50C4605460C2028
:10BD2000F4F73EFC2368A8600360A3888380E3885F
:10BD3000C380238903810023C4E9003323810923BD
:10BD40002B7038BD037E0146022B03D140691030B1
:10BD5000FFF7FABB4FF481707047022AF0B5064630
:10BD600085B00D461C4629D11B78092B21D1A3682B
:10BD7000FBB16846FEF7C1FF20466A461921FBF772
:10BD800042FF044690B905F1340702993846F9F7A5
:10BD900041FC96F8583033B13846F9F7FEFE394683
:10BDA000284606F0C1FE6846FFF7BAF9204605B0FE
:10BDB000F0BD05F13400F9F7FCFB05E0032A05D1DD
:10BDC0001846FFF7D3FC28860024EFE7042A05D1A4
:10BDD0001846FFF7CBFC85F82000F5E7052A18D1B7
:10BDE0001B78092B12D1A36883B16846FEF785FF43
:10BDF00020466A461921FBF706FF04460028D5D1E4
:10BE0000029905F12400F9F705FCCCE705F12400BF
:10BE1000D1E7062A16D11B78092B10D1A36873B17C
:10BE20006846FEF76AFF20466A461921FBF7EBFEDB
:10BE300004460028BAD1029905F11400E3E705F1A0
:10BE40001400B8E7072A0DD11846FFF78FFC687475
:10BE500096F85830002BB7D005F13401284606F08B
:10BE600063FEB1E7082A04D11846FFF77FFCA874E7
:10BE7000EEE7092A04D11846FFF778FC2874A3E7F7
:10BE80004FF4817492E72DE9FF41CB8805460E46B9
:10BE9000022B40F0A98001AA00213046FFF7D8F913
:10BEA0000446002871D1EB68002B46D0DB88002BBC
:10BEB00048D00027019B9868BBB2C2889A4258D1EB
:10BEC00001AA01213046FFF7C3F9044600285CD1DE
:10BED0000646019B9868B3B2C2889A4255D0B1B267
:10BEE00002AAFFF7B5F90146002879D1029B1A781A
:10BEF000022A48D19868C388022B44D103AAFFF7CD
:10BF0000A7F900286ED10398FFF730FCEB68C7B2A1
:10BF10005B8A9F420FD8029B03AA01219868FFF712
:10BF200097F900285ED10398FFF720FCEB68DB68E7
:10BF30003B4403F8010C0136CBE718210120F4F74C
:10BF400067FBE860284606F05AFC81B2E868F7F71C
:10BF50001CF9EB6828469A88DA8006F0CFFCEB687B
:10BF600081B203F10C00F7F710F9EB681A8A5A82D4
:10BF70009FE702AAB9B2FFF76BF9044628B9029B02
:10BF80001A78022A05D04FF48174204604B0BDE827
:10BF9000F0819868C388032BF5D1214603AAFFF7E7
:10BFA00057F904460028F0D10398FFF7DFFBEB6850
:10BFB0005FFA80F8DB88984510D8029B03AA01211C
:10BFC0009868FFF745F904460028DED10398FFF78B
:10BFD000CDFBEB681B68434403F8010C013769E7AC
:10BFE0000446D2E70446D0E70024CEE7022A2DE932
:10BFF000F047804686B00D4617461E4640F08480C6
:10C000001435002728460597FDF7ACFFB468002CCF
:10C0100078D1204606B0BDE8F08705A94846F8F774
:10C0200055FE0446002859D00B2802D0B0F5817F78
:10C03000EFD10137B068C388BB42EAD003AA3946C2
:10C04000FFF706F904460028E3D1039B014604AA42
:10C050009868FFF7FDF804460028DAD10498FFF746
:10C0600085FB039B1FFA80F904AA01219868FFF75A
:10C07000EFF804460028CCD10498FFF777FB039B28
:10C08000824604AA02219868FFF7E2F804460028D5
:10C09000BFD1049B494608F180009A6805AB12683D
:10C0A000FDF7ADFF04460028B3D1059B002BB4D0AB
:10C0B000039B04AA03219868FFF7CAF804460028E6
:10C0C000A7D1049B05989968FFF7DDFE0446002878
:10C0D0009FD105992846FDF7EDFEAAE7049B059838
:10C0E0009B681968F8F770FD0446002891D10599FE
:10C0F00008F1E40081F802A0FDF7DCFE0446002808
:10C10000D6D086E73C4695E7032A1BD103AA002137
:10C110009868FFF79DF8044600287FF47AAF0398EB
:10C12000FFF724FB03AA85F820000121B068FFF780
:10C130008FF8044600287FF46CAF0398FFF716FBD6
:10C14000688466E7042A40F02F8193F80080B8F1F4
:10C15000090F40F0C380986803681B78602B28D1D2
:10C16000002301F12E024B858B850321F7F7BFF9E0
:10C17000044600287FF44DAF05F12F023946B06820
:10C18000F7F7B5F9044600287FF443AF05F1300214
:10C190000521B068F7F7ABF9044600287FF439AF02
:10C1A00005F131020621B06806B0BDE8F047F7F7A7
:10C1B0009EB905A9F7F77DF910B14FF4817428E70E
:10C1C0009DF81430022BF8D105A9B068F7F771F982
:10C1D0000028F2D19DF81430072BEED105A9B068E4
:10C1E000F7F767F90028E8D19DF81430112BE4D156
:10C1F00005F12A01B068F7F75CF90028DDD105A93F
:10C20000B068F7F756F90028D7D19DF81430112BF4
:10C21000D3D105F12B01B068F7F74BF90028CCD149
:10C2200005A9B068F7F745F90028C6D19DF8143084
:10C23000122BC2D105F12C01B068F7F763F9002881
:10C24000BBD19DF81430122BB7D105A9B068F7F710
:10C2500030F90028B1D19DF81430112BADD105F182
:10C260002E01B068F7F725F90028A6D105A9B06816
:10C27000F7F71FF90028A0D19DF81430112B9CD19D
:10C2800005F12F01B068F7F714F9002895D105A939
:10C29000B068F7F70EF900288FD19DF81430112BF4
:10C2A0008BD105F13001B068F7F703F9002884D18C
:10C2B00005A9B068F7F7FDF800287FF47EAF9DF878
:10C2C0001430112B7FF479AF05F13101B068F7F725
:10C2D000F0F8044600283FF49CAE6EE7B8F1020F78
:10C2E00040F0B78003AA00219868FEF7B1FF04462A
:10C2F00000287FF48EAE0398FFF738FA03AA85F87A
:10C300002A000121B068FEF7A3FF044600287FF44D
:10C3100080AE0398FFF72AFA03AA85F82B0041465E
:10C32000B068FEF795FF044600287FF472AE0398CC
:10C33000FFF71CFA03AAA8850321B068FEF788FF5F
:10C34000044600287FF465AE0398FFF70FFA03AAAE
:10C3500085F82E003946B068FEF77AFF04460028BB
:10C360007FF457AE0398FFF701FA03AA85F82F0070
:10C370000521B068FEF76CFF044600287FF449AE43
:10C380000398FFF7F3F903AA85F830000621B06897
:10C39000FEF75EFF044600287FF43BAE0398FFF7EC
:10C3A000E5F985F8310034E6052A5AD103AA0021BF
:10C3B0009868FEF74DFF044600287FF42AAE0398E4
:10C3C000FFF7D4F903AA68630121B068FEF740FFC4
:10C3D000044600287FF41DAE0398FFF7C7F903AAAF
:10C3E00028870221B068FEF733FF044600287FF457
:10C3F00010AE0398FFF7BAF903AA68870321B06863
:10C40000FEF726FF044600287FF403AE0398FFF7EB
:10C41000ADF903AA85F83C000421B068FEF718FFC7
:10C42000044600287FF4F5AD0398FFF79FF903AAAF
:10C4300085F83D003946B068FEF70AFF044600283B
:10C440007FF4E7AD40352846F7F722F8039B99685B
:10C4500009B90024DDE5CB8800222846F6F7BFFFA6
:10C46000D7E5062A40F0C4801F78092F5BD1986871
:10C4700003681A78602A0ED10024CC64DA7881F837
:10C4800050201A7981F851205A7981F852209B79ED
:10C4900085F85330BDE50721F8F74BFC044600282A
:10C4A0007FF4B7AD05F14C01B068F8F774FC0446B1
:10C4B00000287FF4AEAD05F14D01B068F8F76BFCD4
:10C4C000044600287FF4A5AD05F14E01B068F8F7E9
:10C4D00076FC044600287FF49CAD05F15001B0685D
:10C4E000F8F759FC044600287FF493AD05F151019B
:10C4F000B068F8F750FC044600287FF48AAD05F1D7
:10C500005201B068F8F747FC044600287FF481AD7B
:10C5100005A9B068F8F73FFC044600287FF479AD20
:10C520009DF81430B4E7022F93D103AA0021986834
:10C53000FEF78EFE044600287FF46BAD0398FFF7EC
:10C5400015F903AA85F84C000121B068FEF780FEBA
:10C55000044600287FF45DAD0398FFF707F903AAAE
:10C5600085F84D003946B068FEF772FE0446002893
:10C570007FF44FAD0398FFF7F9F803AAA5F84E0032
:10C580000321B068FEF764FE044600287FF441AD45
:10C590000398FFF7EBF803AA85F850000421B06870
:10C5A000FEF756FE044600287FF433AD0398FFF7EC
:10C5B000DDF803AA85F851000521B068FEF748FEB2
:10C5C000044600287FF425AD0398FFF7CFF803AAAF
:10C5D00085F852000621B068FEF73AFE04460028AE
:10C5E0007FF417AD0398FFF7C1F885F8530010E505
:10C5F000072A14D154352846F6F74AFFB1680029B6
:10C600003FF427AF08460191F6F7B6FD0022034636
:10C610000199284606B0BDE8F047F6F7E0BE082AC3
:10C6200004D11846FFF7A2F8287412E7092A11D19D
:10C630009868F6F7A1FD062840F09780B26805F1EA
:10C640006003402108F18000126806B0BDE8F047A1
:10C65000FDF7D5BC0A2A51D16435284605F0F7FF0D
:10C66000B368002B3FF4F5AE4FF0000826E00498C5
:10C67000FFF77CF83870039B04AA01219868FEF745
:10C68000E7FD044600287FF4C4AC039B9B68D88870
:10C690000130F3F785FF786068B3039B08F1010868
:10C6A0009B68DB88C454039B78689B681968DA88A8
:10C6B00006F0ECFA39462846FCF7A5FFB068C388B7
:10C6C00043453FF4C6AE03AA4146FEF7C1FD04460A
:10C6D00000287FF49EAC039B014604AA9868FEF7ED
:10C6E000B7FD044600287FF494AC0820F3F758FF08
:10C6F00007460028BBD14FF482748AE40B2A7FF4EA
:10C700005CAD486F08B1F4F713F8B068C388022B2A
:10C710007FF453AD03AA0021FEF79AFD04460028DA
:10C720007FF477AC0398FFF721F803AA85F870002F
:10C730000121B068FEF78CFD044600287FF469AC47
:10C74000039B9B68002B3FF484AED88800283FF4FD
:10C7500080AE0130F3F724FF68670028CBD0039B3D
:10C760009968CA8806F092FA53E40C2451E4023A1C
:10C770002DE9F3410D461F46042A00F21081DFE83F
:10C7800002F0030C11282A003846FEF7EFFF287448
:10C790000024204602B0BDE8F0813846FEF7E6FFEF
:10C7A0006874F5E720352846F6F772FE044600283F
:10C7B000EFD1B8680028EBD0F6F7D4FC0828034680
:10C7C000E6D1B96828460A8902B0BDE8F041F6F71B
:10C7D00006BE1435E7E701F12C06304605F050FFA0
:10C7E000BB68002BD4D00025A8465CE000236B601A
:10C7F000A6E0019B9B68DA88196806F047FA019B5E
:10C80000AA689B68DB88D454009B01AA042198681D
:10C81000FEF71EFD0446002840F0A880019B9B689F
:10C82000002B00F0B680D888002800F0B2800130DC
:10C83000F3F7B6FEE860002800F09680019B9B6845
:10C84000DA88196806F022FA019BEA689B68DB889F
:10C85000D454009B01AA05219868FEF7F9FC044610
:10C86000002840F08380019B9B68002B00F094809F
:10C87000D888002800F090800130F3F791FE2861FD
:10C88000002871D0019B9B68DA88196806F0FEF9D0
:10C89000019B2A699B68DB88D45408F1010829466A
:10C8A0003046FCF7B0FEB868C38843453FF470AF2C
:10C8B0006A464146FEF7CCFC0446002874D1142099
:10C8C000F3F76EFE054600286BD0009B214601AAB7
:10C8D0009868FEF7BDFC0446002847D10198FEF792
:10C8E00045FF2870009B01AA01219868FEF7B0FC63
:10C8F000044600283AD10198FEF738FF6870009B83
:10C9000001AA02219868FEF7A3FC044600282DD155
:10C91000019B9B68002B3FF469AFD88800283FF447
:10C9200065AF0130F3F73CFE019B68609B68DA88D5
:10C93000196806F0ABF9019B6A689B68DB88D454E0
:10C94000009B01AA03219868FEF782FC044668B99F
:10C95000019B9B68D3B1D888C0B10130F3F720FEAA
:10C96000A86000287FF445AF4FF48274686808B16E
:10C97000F3F7DEFEE86808B1F3F7DAFEA86808B15D
:10C98000F3F7D6FE2846F3F7D3FE02E70023AB60A9
:10C990003AE70023EB605CE700232B617DE703248B
:10C9A000F7E64FF48274F4E6002D3FF4F2AEDDE7D3
:10C9B000022910B50446104604D1FEF7D7FEA07533
:10C9C000002010BD032903D1FEF7D0FEE075F7E784
:10C9D000042903D1FEF7CAFE2076F1E7052903D129
:10C9E000FEF7C4FEA082EBE7062903D1FEF7BEFEE8
:10C9F000A083E5E7072903D1FEF7B8FE6083DFE7F0
:10CA0000082903D1FEF7B2FE2082D9E7092903D114
:10CA1000FEF7ACFE6082D3E74FF48170D1E7022AC3
:10CA20002DE9F04380468BB00D461E467BD1103574
:10CA3000284605F0EFFDB368002B72D10024A6E074
:10CA40006A463946FEF704FC0446002840F09F8001
:10CA5000009B014601AA9868FEF7FAFB04460028ED
:10CA600040F095800198FEF781FE009B1FFA80F947
:10CA700001AA01219868FEF7EBFB0446002840F06C
:10CA80008680019B4946069008F180009A6806ABB3
:10CA90001268FDF7B4FA0446002878D1069B9BB9CA
:10CAA00006A94846F8F712F9044600286FD10699FE
:10CAB00008F1E400FDF7FEF9019B06989B6803303E
:10CAC000DA88196806F0E2F80420F3F769FD0446F5
:10CAD0000028B3D0009B01AA02219868FEF7B8FB9A
:10CAE0000028ABD10198FEF741FE2070009B01AAFF
:10CAF00003219868FEF7ACFB00289FD1019801370D
:10CB0000FEF734FE2146C0B26080069805F057FD5E
:10CB100001462846FCF777FDB068C388BB428FD139
:10CB20008CE70027F8E7032A35D101F120073846C2
:10CB3000F6F7AEFC6A460021B068FEF789FB0446B2
:10CB400028BB0098FEF712FE6A4628770121B068DC
:10CB5000FEF77EFB0446D0B9009B9B685BB1DB8887
:10CB60004BB13846F6F794FC009B38469B68DA8850
:10CB70001968F6F715FC6A460221B068FEF768FBF3
:10CB8000044620B90098FEF7F1FD85F82C002046F8
:10CB90000BB0BDE8F083042A56D130352846FCF7A7
:10CBA00087FDB368002B3FF449AF02A80024FEF7CD
:10CBB000A4F806A8FEF7A1F8B068C388A34205D080
:10CBC00021466A46FEF744FB014630B102A8FEF753
:10CBD000A7FA06A8FEF7A4FA30E7009B01AA986816
:10CBE000FEF736FB0028F1D102AA19210198FBF7C4
:10CBF0000AF80028EAD1009B01AA01219868FEF7F3
:10CC000027FB0028E2D106AA19210198FAF7FBFFB9
:10CC10000028DBD10C200134F3F7C2FC07460C20BE
:10CC2000F3F7BEFC804604993846F8F7F3FC089900
:10CC30004046F8F7EFFC4146384605F0C0FC014697
:10CC40002846FCF7E0FCB7E7052A04D11846FEF7B2
:10CC50008DFDA887F2E6062A05D11846FEF786FD67
:10CC600085F83E00EAE6072A05D11846FEF77EFD64
:10CC7000A5F84000E2E64FF4817488E702292DE927
:10CC8000FF470646174608D11046FEF76FFD306194
:10CC90000024204604B0BDE8F08703290CD11430ED
:10CCA0000190F6F773FEBB680198002BF0D0DA888C
:10CCB0001968F6F77DFEEBE7042904D11046FEF76C
:10CCC00055FD3062E4E7052908D11046FEF74EFD18
:10CCD000003818BF012086F82400D9E7062905D1BD
:10CCE0001046FEF743FD86F82500D1E7072961D1FC
:10CCF00028363046FCF79CFCBB68002BC8D00025CA
:10CD0000A84652E002AA4146FEF7A2FA04460028CD
:10CD100056D11C20F3F744FC054600284DD000F105
:10CD2000040A05F110095046F6F729FA4846F6F7C5
:10CD300026FA029B214603AA9868FEF789FA044660
:10CD4000002840D10398FEF711FD029B286003AA3A
:10CD500001219868FEF77CFA0446002833D1039B32
:10CD6000996808460191F6F707FA224603460199A9
:10CD70005046F6F734FB029B03AA02219868FEF79F
:10CD800067FA0446F8B9039B08F101089968084658
:10CD90000191F6F7F1F92246034601994846F6F764
:10CDA0001EFB29463046FCF72EFCB868C388434575
:10CDB000A8D16DE74FF481746BE74FF4827468E794
:10CDC000002D3FF466AF2846F3F7B2FC61E72DE98A
:10CDD000F043814685B008460D46174605F035FC00
:10CDE000044620BBBB682846D988FCF7E6FBBB6835
:10CDF000002B40F081800024E9882846FCF7DDFB09
:10CE000015E001A93046F7F761FF044678B9039BA6
:10CE100001989B681968F7F7D7FE044638B901995D
:10CE200009F1E400FDF746F8044600285BD02046EF
:10CE300005B0BDE8F083029B03AA02219868FEF7C3
:10CE400007FA04460028F2D10398FEF78FFC3070F1
:10CE5000029B03AA03219868FEF7FAF9044600280A
:10CE6000E5D1039808F10108FEF780FC3146C0B215
:10CE70007080019805F0A3FB01462846FCF7C3FB30
:10CE8000B868C3889845B6D002AA4146FEF7E0F9D3
:10CE900004460028B0D1029B9868C388042B2DD18A
:10CEA000214603AAFEF7D4F904460028A4D103982A
:10CEB000FEF75CFC029B86B203AA01219868FEF78C
:10CEC000C7F90446002897D1039B314609F1800039
:10CED0009A6801AB1268FDF792F8044600288BD1DE
:10CEE000019B002B8DD00420F3F75AFB0646002847
:10CEF000A1D14FF482747FE7A046C1E74FF481745B
:10CF00007AE70000022A2DE9F04F81468DB00D46E8
:10CF10001E4640F007814B8C2BB301F110084046B0
:10CF200005F060FB0446002836D13378092B33D155
:10CF30004046FCF73EFB05A9ADF81400B068F7F7D2
:10CF400027FF044640BBBDF81430EB8223B30146F3
:10CF500008AA4046FCF79BFBA0B9089B9B68DF88AA
:10CF60006B8CBB4210D24FF48174D4E008AA4046C7
:10CF7000FCF78DFB30B93946B0680AF1010AF7F7C2
:10CF8000D8FE18B1044607E0A246FFB21FFA8AF1A4
:10CF9000BDF814308B42E9D13378012B11D105AFA4
:10CFA00000214FF0000A3846F8F7FEFAB368404611
:10CFB000D988FCF702FBB0681FFA8AF3C2889A424C
:10CFC00008D199F85830E98A03B1A9634046FCF7C3
:10CFD000F4FAA0E002AA1FFA8AF1FEF739F9044632
:10CFE000002840F09680029B9B68DA886B8C9A42FE
:10CFF00040F095808346029A1FFA8BF39068C288AE
:10D000009A4211D808200AF1010AF3F7C9FA8346B7
:10D01000FEF70CF8029B58469968FEF70FF959463F
:10D020004046FCF7F0FAC6E703AA1FFA8BF101931A
:10D03000FEF70EF9024600286CD1039A1278092AED
:10D040004AD840F2412323FA02F2D30744D5019B88
:10D0500004AA05F11C001946FCF719FB024600283A
:10D0600058D1049BD3E90001039BB0F800C01A78A3
:10D07000BCF1080F33D191F90030022B2CD1092AD1
:10D080001AD108A8FDF739FE039B08A89968FEF796
:10D0900043FE039A19210A98FAF760FD019008A847
:10D0A000FEF73EF8019A002A34D1039B9B6893E86F
:10D0B000070087E807000FE072B995F82C30A96ADD
:10D0C000012B02D0042B18BF49423846F8F768FA02
:10D0D00039460398FEF702FA0BF1010B8BE7062A9B
:10D0E000FAD1BCF1010FF7D191F900100229F3D167
:10D0F00058490330019305F0B9FD019B0028EBD19D
:10D10000996808A8F8F750FA08A90398FEF7E6F915
:10D11000CBE70246144620460DB0BDE8F08F4FF431
:10D120008172F7E7032A11D1002301F110008B630C
:10D1300005F058FA04460028EDD1324605F11C01ED
:10D1400048460DB0BDE8F04FFFF741BE042A05D1B7
:10D150001846FEF70BFBA8620024DCE7052A05D180
:10D160001846FEF703FB85F82C00F5E7062A61D187
:10D170001C780CB90C63CEE7986800283FF4F3AE36
:10D18000C388042B7FF4EFAE08AA0021FEF760F8F5
:10D1900004460028BFD10898FEF7E8FA08AA074617
:10D1A0000121B068FEF754F804460028B3D1A84620
:10D1B0000023BFB209F1800048F8303F089B394690
:10D1C0009A6843461268FCF71AFF04460028A2D169
:10D1D0002B6BA3B941463846F7F778FD0446002883
:10D1E00099D1089B286B9B681968F7F7EDFC0446FA
:10D1F000002890D1296B09F1E400FCF75BFE08AA36
:10D200000221B068FEF724F80446002883D108986C
:10D21000FEF7ACFA08AA85F83C000321B068FEF7D7
:10D2200017F8044600287FF476AF0898FEF79EFAB8
:10D23000E88770E7072A04D11846FEF797FAA86333
:10D240008AE7082A7FF48FAE1846FEF78FFA6863E4
:10D2500082E700BFCEC000202DE9F04F0F46A1B0FD
:10D260008246022407F110060EA807F12C05FCF7F0
:10D27000B8FA3046F6F70CF92846F6F709F9012313
:10D2800005A813978DF86A308DF85040FCF748FADE
:10D2900007A8F5F774FF0EA905A8FCF761FA9DF839
:10D2A000493053B107A80024F6F7F2F805A8FCF7B7
:10D2B00079FA204621B0BDE8F08F21462846F5F7DF
:10D2C000E5FF044618B13046F6F7E2F8F1E7A1466B
:10D2D0002946788CFCF70FFB1FFA89F17B8C8B4277
:10D2E000E0D001AA07F11C00FCF7D1F904460028A0
:10D2F000E9D1019B0EA950461A685B6813921B780E
:10D300008DF8503004F04CFC044618B10EA8FDF71F
:10D3100007FFD8E79DF86B30002B00F0DB801098FA
:10D32000F5F72AFF014618B92846F5F7AFFF6EE07A
:10D33000109B1B6819784B1E012BF5D80DF1280B9B
:10D3400003A8F7F78DFF5846FDF7D7FC1098012387
:10D350000DF102010381FCF79DFA30B9019BBDF884
:10D3600002205B685B889A4208D20EA84FF4827450
:10D37000FDF7D6FE3046F6F78BF89AE7002B7AD108
:10D38000109B28461B681978F5F780FF109B2846EC
:10D390001B681A785978012A18D1F5F799FF4FF0D0
:10D3A000000B5FFA8BF3BDF8022093422CD203A846
:10D3B000F7F756FF0AA8FDF7B3FE0AAA03A91098CB
:10D3C000F9F744F9044620B10AA84AE0F5F75EFFF0
:10D3D000E5E79DF8101028464B1E012B30D8F5F7D5
:10D3E00055FF0C9BA04628469979F5F74FFF0C98FE
:10D3F0001FFA88F3C2889A4212D8109B0BF1010BD6
:10D400001B681B78012BCCD10AA8FDF789FE0EA85A
:10D4100009F10109FDF784FE0EA8FCF7F6F95BE7B8
:10D420001FFA88F102AAFDF713FF08F1010804466C
:10D430000028C9D1029B28461978F5F727FFD6E7BF
:10D44000F5F724FFD9E75846FDF76AFE03A8F7F77A
:10D4500007FF5A4603A91098F9F7F8F8044618B1DF
:10D460005846FDF75DFE51E79DF8113008F10108BF
:10D4700013B903241DE78046019B5A685FFA88F3BD
:10D4800052889342DFD39DF81010284602291ED1FE
:10D49000F5F7FCFE0C9B4FF0000828469979F5F74C
:10D4A000F5FE0C981FFA88F3C2889A42ACD91FFA8D
:10D4B00088F102AAFDF7CCFE08F101080446002815
:10D4C00082D1029B28461978F5F7E0FEE9E7F5F7E7
:10D4D000DDFE99E70EAA9DF8381007A8F8F747FC7B
:10D4E000044630B10EA8FDF71BFE07A8F5F7D0FFE4
:10D4F000E9E6079B28461978F5F7C8FE07A8F5F76F
:10D50000C7FF84E7023A70B506460C461D46042A5A
:10D510002ED8DFE802F003101E2527001034204625
:10D52000F5F7B6FFAB68CBB12046DA881968BDE8DD
:10D530007040F5F735BF2A461C31FFF748FC70B93B
:10D5400096F8583053B121463046BDE87040FFF799
:10D5500083BE2846FEF70AF984F82800002070BD33
:10D560002C34DCE72846FEF701F984F83800F5E7AB
:10D570004FF48170F3E730B51C4690F834300D4617
:10D5800093B01146A3B10022FF23CDE90021CDE9DC
:10D59000022301460F2309A80492CDE90522FCF7D6
:10D5A00081FD214609A80D95FBF7FEF813B030BDAB
:10D5B0004FF48170FAE770B50D460446FCF7D2FCD3
:10D5C000E9882046FCF753FC0022EE88134691B20E
:10D5D0008E4201D1E38070BD296851F8221008887D
:10D5E0000C2806D00F281FBF206840F823100133F5
:10D5F0009BB20132EBE7000001232DE9F74380F8ED
:10D6000074310546B0F852303F2B49D9002600F15D
:10D610008008DFF8A0903746B1B2B5F886308B426B
:10D6200020D1002F42D195F83430002B40D001A9F1
:10D630000F20F7F74BFB044680B9019E05F18007E8
:10D6400031463846FCF736FC019905F1E400FCF759
:10D6500031FC394606F11400FCF796FC204603B075
:10D66000BDE8F0836A464046FCF7A5FC0446002866
:10D67000F4D1009C06224946E01C05F0F7FA90B16F
:10D6800023880F2B0AD195F834303BB1638B23B933
:10D69000414604F11400FFF78EFF009F0136BBE7FF
:10D6A0004FF48174DAE74FF48374D7E70024D5E7A9
:10D6B0003C46D3E7199D060838B50025044680F896
:10D6C000D650D0F8CC0038B1F5F7E2FED4F8CC0053
:10D6D000F3F72EF8C4F8CC50002504F5AE70E561E0
:10D6E0002562FBF740FD0123201D84F89050C4F80B
:10D6F0008C3084F8365084F8595084F89450F5F7FB
:10D70000C7FE04F11000BDE83840F5F7C1BE10B502
:10D710000446FFF7D1FF2046FBF746FB012104F545
:10D720008070FCF7FFFC00232363E385C4E96033CA
:10D7300010BDF0B5044685B00F461846D8211646F0
:10D740001D46F5F7A3FD90B939462846F5F79EFD2D
:10D7500068B9B6F58E7F33D106212846F5F796FDD8
:10D7600028B9D4F8F43028461968F5F7D3FD94F8B1
:10D770009430C3B12046F8F758FA50B394F890307B
:10D780009B0726D5D4F8CC204E232046CDE9022590
:10D79000D4F8B020CDE90032D4F8BC30032210F820
:10D7A000941FF6F7FDFFC0B994F8353013F0FB0F66
:10D7B00013D12946204605B0BDE8F040FAF7CABDAE
:10D7C000B6F5807F28460CBF02210521F5F75EFDE6
:10D7D000CDE704F198022E23D7E705B0F0BD000095
:10D7E0002DE9F0419EB000260446042309AD0F4602
:10D7F000324605A928468DF81160F5F725FE94F804
:10D800003530013B012B2AD82046FFF755FF94F80D
:10D81000353013F0FB0F04D194F89030DB0740F162
:10D8200058810DF111030DF1120239462046009383
:10D830000DF1130302F088FC06463846F5F728FE82
:10D84000A6F58E73022B0DD832463B4602212046A8
:10D85000FFF76FFF064630461EB0BDE8F08184F842
:10D860009460D4E7002E40F019819DF81230002B0F
:10D8700040F0148194F85030052B59D801260E2120
:10D8800028468DF812608DF81360F5F7FFFC3146DD
:10D890002846F5F7FBFC06212846F5F7F7FC31464C
:10D8A0002846F5F7F3FC062384F8503094F8363018
:10D8B000012B00F297809DF81230002B40F0D580AC
:10D8C00094F83430002B00F0D080834B07AA0F214E
:10D8D00018689B88079004F18000ADF8203006ABF3
:10D8E000FCF78DFB06460028B5D1069E76B90DF1F2
:10D8F00030084046FBF775FF07AB32460F21204644
:10D90000CDF80080EFF7E4F9119B0693069B002BFE
:10D9100000F0AB8094F89420002A0CBF012203226F
:10D9200083F8312094F8362083F8532002229BE0BC
:10D93000B4F852303F2B18D801260E2128468DF816
:10D9400012608DF81360F5F7A1FC31462846F5F713
:10D950009DFC06212846F5F799FC03212846F5F79A
:10D9600095FC4023A4F85230A0E7236EABB9012602
:10D970000E2128468DF812608DF81360F5F786FCAD
:10D9800031462846F5F782FC06212846F5F77EFC4D
:10D9900002212846F5F77AFC88E79DF8133033B169
:10D9A00001238DF8123002238DF813307EE704F145
:10D9B000380294F836102046EFF71CFA8DF8130061
:10D9C00030B12046EFF708FA01238DF812306DE7E9
:10D9D00094F83630012B7FF66EAF0E238DF81200CF
:10D9E0008DF813302378002B7FF465AF04F110001D
:10D9F000FBF75BF8064618B12846F5F749FD2AE71C
:10DA000094F834308BB3344B07AA0F2118689B88E5
:10DA1000079004F18000ADF8203006ABFCF7EFFA78
:10DA2000064600287FF417AF069E76B90DF1300840
:10DA30004046FBF7D6FE07AB32460F212046CDF815
:10DA40000080EFF745F9119B0693069B6BB194F8A4
:10DA50009420002A0CBF0122032283F8312094F87D
:10DA6000362083F8532001221A7494F8353013F0CD
:10DA7000FB0F03D139462046FAF76CFC9DF81130B4
:10DA800039469DF81220204602930023CDE9005329
:10DA90009DF8133002F056FE0646ADE79DF8138060
:10DAA000B8F1000FE1D101260E2128468DF8126051
:10DAB0008DF81360F5F7EAFB31462846F5F7E6FBEB
:10DAC00006212846F5F7E2FB41462846F5F7DEFB3E
:10DAD000CBE76FF00106BEE6209F06082DE9F8436C
:10DAE000D0F8783104460D46002B64D09A8BA0F80C
:10DAF00066209A8AA0F864201A7E80F86920DB7D6F
:10DB000080F8683029462046FBF799F80646002839
:10DB10004ED12846F5F7BCFC94F89490D4F83080A8
:10DB20002046E78DFFF7F3FD8121284684F8949085
:10DB3000C4F83080E785F5F7A9FB80212846F5F782
:10DB4000A5FB31462846F5F7A1FB05212846F5F748
:10DB50009DFBB4F864102846FBF7EEF80621284632
:10DB6000F5F794FBB4F866102846FBF7E5F80721B3
:10DB70002846F5F78BFB04212846F5F787FB94F838
:10DB800068102846F5F7C6FB08212846F5F77EFB06
:10DB900004212846F5F77AFB94F869102846F5F732
:10DBA000B9FBEA8802212846033AD2B2F5F75FFBB7
:10DBB0003046BDE8F8834FF08013436640F201130E
:10DBC000A0F868309EE738B590F8353005460C4629
:10DBD000012B09D163212046F5F758FB204600218F
:10DBE000BDE83840F5F752BB81212046F5F74EFBE2
:10DBF00080212046F5F74AFB00212046F5F746FB39
:10DC000005212046F5F742FBB5F864102046FBF7E6
:10DC100093F806212046F5F739FBB5F86610204643
:10DC2000FBF78AF807212046F5F730FB0421204650
:10DC3000F5F72CFB95F868102046F5F76BFB0821EB
:10DC40002046F5F723FB04212046F5F71FFB95F846
:10DC500069102046F5F75EFBE28820460221033A70
:10DC6000BDE83840D2B2F5F702BB37B51C4690F894
:10DC700035300D461146042B24D8DFE803F0030E9F
:10DC800016230300732D0A4623460CBF29460021A4
:10DC900003B0BDE83040F9F75AB90A462346294691
:10DCA00003B0BDE83040F9F716BD08460191F5F71D
:10DCB00063FA002203460199204603B0BDE83040D4
:10DCC000F5F78DBB4FF4817003B030BDC1292DE94C
:10DCD000F041054694B00E461746984608D0C32931
:10DCE00029D0C02929D090F8024114B100241EE0A7
:10DCF000C52408A8F5F743FA95F83430FBB10022A3
:10DD00000123FFB229460BA80492019200932346F7
:10DD1000CDE90522CDE90227FCF7C4F908A90BA833
:10DD2000FAF776FB044650B108A8F5F7B1FB204698
:10DD300014B0BDE8F081C724DBE7C424D9E743462B
:10DD400008AA31462846FFF790FF0446ECE72DE984
:10DD5000F04F8BB0804648200D4608AF994602929E
:10DD6000F2F71EFC0646FBF73CFD3846FBF7D8FCF5
:10DD700031463846FBF7F4FC05A92846F5F7C2FB07
:10DD8000044618B13846FBF754FD3AE02B6806F11B
:10DD90001801B5F808A0284603930AF10603BDF858
:10DDA00014B02B81F5F785FB04460028EAD10DF16C
:10DDB00013012846F5F77DFB04460028E2D1029BBB
:10DDC000022B3DD10DF113012846F5F772FB0446F5
:10DDD0000028D7D19DF8133006A92846B3FA83F35B
:10DDE0005B0989F81530F5F7A2FB04460028C9D174
:10DDF000D8F88C30069A934207D013243846FBF7A4
:10DE000018FD20460BB0BDE8F08F01330DF116016F
:10DE10002846C8F88C30FBF73DFD28B138464FF452
:10DE20008174FBF706FDECE7EB882989BDF8162025
:10DE30005B1A9A4204D038460E24FBF7FAFCE0E75E
:10DE400099F815309BB1039B594608F18000534463
:10DE50009A4606F114035246FCF7D1F80446B0B1D5
:10DE6000029B012B8ED12846F5F712FB8AE706A804
:10DE7000F7F7F6F94046FAF793FF324606A9284627
:10DE8000F8F7E4FB044600287FF47CAFDBE7736916
:10DE90003BB902465346594640460096EEF718FFF6
:10DEA00004462846F5F7F4FA002CD9D17169002907
:10DEB00058D0327E4046EEF70FFD0238C0B201283E
:10DEC00052D839464046EEF787FD99F81530D3B160
:10DED00008F5B47A08F5B07B5046F5F7D9FA5846FC
:10DEE000FBF7A7FC97E803008BE803003046FDF73B
:10DEF00017F93846FBF714FC2846F5F72FF938B127
:10DF0000C12388F85C31B6F9303083B11C46A7E7ED
:10DF10002A892946EB8850469B1A9BB2F5F75FFA8F
:10DF2000C12388F85C310028EDD0044698E7737C63
:10DF3000002B95D199F81530002B91D131464046F0
:10DF400004F011FE044618B1B6F9303003B930863A
:10DF500039464046EEF7B9FEB6F93030002B18BF0F
:10DF60001C467DE70B247BE7032479E72DE9F04F7E
:10DF70000E4687B0804617460DF1160130461D4605
:10DF80009DF84090F5F7BEFA0446B8BB336805F13A
:10DF90001801B6F808B0304603930BF10603BDF83C
:10DFA00016A03381F5F785FA044638BB0DF115014B
:10DFB0003046F5F77EFA044600BB039B514608F154
:10DFC00080005B449B4605F114035A46FCF717F8A2
:10DFD000044698B96B693BBB02465B4651464046D6
:10DFE0000095EEF775FE0646B9F1000F1AD1A8B9F3
:10DFF000696939B90B213846F5F748F9204607B069
:10E00000BDE8F08F2A7E4046EEF766FC0238C0B2CB
:10E01000012801D90321EEE70021ECE70B21384666
:10E02000F5F734F93446E9E7B9F1000FE6D1DFE757
:10E030002DE9F04F8FB0074690460D460BA8F5F737
:10E040009EF80A210BA8F5F7A0F809A8FBF768FBD2
:10E050004820F2F7A5FA0646FBF7C3FB09A83146AC
:10E06000FBF77EFB0DF11A012846FBF713FC044673
:10E07000F8B92B89814682460493BDF81A201FFA0D
:10E0800089F39A4208D10DF11A012846FBF702FCE8
:10E09000044670B903944CE033460BAA294638462F
:10E0A000CDF800A009F10109FFF760FF0446002840
:10E0B000E3D009A80026FBF7BCFB2846F5F7E8F9F2
:10E0C000FF232946BDF8320088F81430FBF713FC13
:10E0D000BDF83220B3B29A4240F09D800BA8F5F70C
:10E0E000D7F90523204688F806300FB0BDE8F08F39
:10E0F000737CC3B998F81530ABB93146384604F093
:10E1000032FD044638B1B6F9303023B9C2B24946BF
:10E110000BA8F5F7ACF809A93846EEF7D6FDB6F925
:10E120003020002A71D13046FCF7FAFF039B0133FF
:10E130000393BDF80C90BDF81A304B45B9D007A831
:10E14000F7F78EF83846FAF72BFE049BB5F808A0CF
:10E150000BAA2B8101232946384600933346FFF74B
:10E1600005FF2B890446A5F808A004930028A0D138
:10E17000324607A92846F8F769FA044620B1C2B228
:10E1800049460BA8F5F773F80DF119010BA8F5F73F
:10E1900090F90028CAD19DF81930002BC6D10DF195
:10E1A000240A38465146EEF717FC98F815302BB381
:10E1B00007F5B47B5846F5F76BF907F5B0731846C9
:10E1C0000593FBF736FB059B9AE8030083E8030001
:10E1D0003046FCF7A5FF5046FBF7A2FA2846F4F7B5
:10E1E000BDFF40B92A892946EB8858469B1A9BB245
:10E1F000F5F7F5F80446C12387F85C31002C92D17D
:10E20000B6F93020002A3FF473AFD2B249460BA8CA
:10E21000F5F72DF887E7B3B20B9A28460136D15CA3
:10E22000F5F734F854E72DE9FF410E4605460DF1A8
:10E23000010117463046F5F73CF90446002856D14F
:10E240009DF8013001A93046B3FA83F35B097B7571
:10E25000F5F76DF90446002847D1D5F88C30019ABE
:10E26000934248D101330DF102013046C5F88C309C
:10E27000FBF710FB002840D1F1883289BDF802304D
:10E28000891A8B423CD105F5B47831464046F5F702
:10E29000A6F8044648BB7B7D3BBBD5F8603102A89D
:10E2A0001E68F6F7DDFF02A940463246F8F7CEF9C0
:10E2B000E8B905F5B07828464146EEF78DFB737C4A
:10E2C0005BB97B7D4BB93146284604F04CFC0446D3
:10E2D00068B941462846EEF7F8FC05F5AE70002413
:10E2E000FAF741FF2846FAF75BFD01237B752046CC
:10E2F00004B0BDE8F0811324F7E74FF48174F4E72C
:10E300000E24F2E72DE9F041069C05461E4688469C
:10E3100020461746F5F7BCF895F8353013F0FB0F9B
:10E3200003D121462846FAF715F80E212046F4F7C6
:10E33000ADFF41462046F4F7A9FF39462046F4F7E1
:10E34000A5FF31462046F4F7A1FF0020BDE8F0818B
:10E3500070B50D4692B006460DF123012846F5F73B
:10E36000A8F80446002852D10DF122012846F5F7FD
:10E37000A0F8044600284AD19DF822103046FAF74A
:10E38000FEFE96F802319DF82220314609A8CDE91B
:10E3900003439DF82330CDE905440093C523CDE91F
:10E3A0000145FBF77FFE9DF82320032A32D007D8D2
:10E3B000531E012B0CD9012303248DF82A300EE0C3
:10E3C000042AF8D109AA29463046FFF731FE04E0B5
:10E3D00009AB29463046FFF7BAFC044690B12846FF
:10E3E000F5F756F83046FAF7DBFC631EFA2B4FF0D0
:10E3F000000328BF03248DF8393001238DF83840FD
:10E400008DF82A30294609A8FAF702F80446204672
:10E4100012B070BD09AA29463046FFF704FFDCE7B9
:10E420002DE9F04F0E4695B007469146FAF7B8FC35
:10E430000DF122013046F5F765F8044600285CD15D
:10E44000B6F808A008A93046D6F800B00AF10603CD
:10E450003381F5F72EF8044600284ED19DF8203080
:10E46000002B00F0228148200DF12408F2F798F8E3
:10E470000546FBF7B6F909234046AE602B709DF8C0
:10E4800020302B76FBF74CF929464046FBF768F91C
:10E490009DF820300DF1210130462B76F5F709F873
:10E4A000044650BB9DF82130ABB10BA8F6F7D8FE5F
:10E4B00005F119013046F4F7FCFF044638B905F1BF
:10E4C00020020BA93046F8F7C1F8044618B14046BF
:10E4D000FBF7AFF911E0DA443046F4F7D9FF05F164
:10E4E00014035246BDF8221007F18000FBF787FDA8
:10E4F000044630B13046F4F7CBFF204615B0BDE8F6
:10E50000F08F6A6932B95346BDF82210384600953B
:10E51000EEF7DEFB6969002900F0BA809DF8202043
:10E520003846EEF7D9F9C10740F1B480BDF8223082
:10E530000F2B28D19DF82040012C24D106225146D2
:10E540005B4804F093FBF0B985F83340092130466D
:10E55000F4F79CFE04460028CFD106213046F4F79C
:10E5600095FE04460028C8D1062251493046F4F7EA
:10E5700017FF04460028C0D1B5F93040BCB1304681
:10E58000F4F786FF1FE041463846EEF7F2F96B7C60
:10E59000002BF1D12946384603F002FB04464146E0
:10E5A0003846EEF790FB002CE6D00124E7E795F81B
:10E5B0003330002B5AD12A4629783046F7F7D7FB5B
:10E5C000041E18BF012495F83330002B64D00023BB
:10E5D0002B70E4B239460BA8D5E90E23CDE90264CD
:10E5E0009A424FF000020CBF01230023069314BF90
:10E5F00001230023059397F8023104930123CDE909
:10E600000032C4234A46FBF74DFD31460BA8F9F70B
:10E61000FFFE0446D5E90E239A4205D1F288B7F8E9
:10E6200052309A427FF653AF07F5AE70FAF79BFD72
:10E6300007F5B07398E8030083E803004046FBF752
:10E640006FF83046F4F78AFD48B932893146F388CD
:10E6500007F5B4709B1A9BB2F4F7C1FE0446012380
:10E66000A5F84030C02387F85C3130E7A868F4F79C
:10E6700075FD0028A7D1A96822463046CB88F4F75B
:10E68000AEFE041E284618BF0124FCF749FD9AE798
:10E69000042498E7032496E72B78092B99D1A868DE
:10E6A000F4F75CFD002892D193E74FF4807424E7DF
:10E6B000139D06082DE9F0430E4697B005460CA9B8
:10E6C00030460992F4F733FF0446E8B93046F4F7D0
:10E6D000DFFE0C99D5F88C30099A8B4295F802111F
:10E6E00016D013230DA8049129460194CDE90243C5
:10E6F0000223CDE905440093C423FBF7D3FC314644
:10E700000DA8F9F785FE0446204617B0BDE8F08352
:10E7100001330DA8C5F88C300123CDE90533022360
:10E72000CDE9034100932946C423CDE90146FBF717
:10E73000B9FC95F85C31002BE6D005F5B477B5F857
:10E740006E31224630463946F4F749FE3846F4F732
:10E750009FFEF288B5F852309A424ED331460DA84A
:10E76000F9F756FE04463046F4F7F8FC0028CBD102
:10E7700032893146F38838469B1A9BB2F4F72FFE54
:10E78000C2E70B9B414628469E6083F80090EEF757
:10E79000F0F80B994B7C53B9284603F001FA10B1FD
:10E7A00001238DF8483041462846EEF78CFA0B9A43
:10E7B00092F83330BBB100231370013495F8653102
:10E7C000A34206D00BAA21464046FAF7FEFF0028D6
:10E7D000D7D00B9AD2E90E32934234BF00230123E3
:10E7E0008DF84A30BAE711783046F7F7C0FA0028BA
:10E7F000EFD10B98FCF794FCDFE705F5B0784FF00C
:10E800000909DBE72DE9F04F0C4697B00546924623
:10E810000DF126012046FBF73DF80746002840F0A1
:10E820002D810BAE3046FAF77BFFBDF82620BBB238
:10E830009A425FD009A92046F4F764FE002859D116
:10E8400023890DF1220122682046BDF8249002EBB5
:10E85000030806332381F4F72CFE00284AD1482010
:10E86000F1F79EFE0A90FAF7BCFF0A993046FAF7D4
:10E8700077FF0A9B9DF822204946143305F180005A
:10E880001A714246FBF7BBFB002833D10A9B5A6939
:10E890002AB90093494643462846EEF719FA0A9BDF
:10E8A000596919B904221A860137BEE79DF822205A
:10E8B0002846EEF711F810B90A9B0322F3E70DF191
:10E8C00023012046F4F7F5FDA0B99DF82330002B75
:10E8D000EAD00DA8F6F7C4FC0A9920461931F4F7DE
:10E8E000E8FD38B90A9A0DA920462032F7F7AEFEA6
:10E8F0000028D9D000272046F4F7CAFD4FF00109BF
:10E9000031462846B846EEF734F82146BDF82600D1
:10E91000FAF7F1FF9DF83120BBB29A4205D00AAA5E
:10E92000B9B23046FAF751FF18B331462846EEF730
:10E93000CAF988F00103002229460DA8CDE9058314
:10E9400095F802310493FF23CDE902430323CDE977
:10E950000032C4235246FBF7A5FB21460DA8F9F768
:10E9600057FD04463046FAF764FF204617B0BDE86D
:10E97000F08F0A9BB3F9301099B92046B4F806B06D
:10E98000F4F784FC0A994B7C5BB9284603F008F93C
:10E9900038B10A9B012259462046A3F83090F4F77B
:10E9A00066FC0A9AB2F93030002B53D192F833301A
:10E9B000002B3BD111782046F7F7D9F910B10A9B0B
:10E9C000A3F830900A9B93F83320002A4DD00A9B7D
:10E9D0004FF000021A700A9BD3E90E12914223D025
:10E9E000A3F84090C02305F5AE7085F85C31FAF7C6
:10E9F000BAFB05F5B07396E8030083E803000A98B4
:10EA0000FCF78EFB3046FAF78BFE2046F4F7A6FBA8
:10EA100040B922892146E38805F5B4709B1A9BB260
:10EA2000F4F7DDFC4FF00108013773E79068F4F765
:10EA300095FB02460028C5D10A9B20469968CB88E1
:10EA4000F4F7CDFC10B10A9BA3F830900A98FCF7BC
:10EA500067FBB7E701212046F4F718FC0A9B204624
:10EA600093F83010F4F712FCACE71A78092AB2D107
:10EA70009868F4F773FB0028A9D1ACE74FF48174D0
:10EA800073E770B50C4692B005460DF123012046A0
:10EA9000F4F70FFDC8B90DF1220120469DF823605F
:10EAA000F4F707FD88B99DF822102846FAF767FBAE
:10EAB000012E0CD19DF8222021462846FFF7B0FCFC
:10EAC000B0F5807F0BD14FF4807012B070BD022E74
:10EAD00025D19DF8222021462846FFF7EBFD00288E
:10EAE000F3D0431EFA2B28BF032095F802310022F1
:10EAF000C0B229460493C423CDE90522CDE90240E2
:10EB0000CDE9006209A89DF82220FBF7CBFA204648
:10EB1000F4F7BEFC214609A8F9F77AFCD5E7032EE5
:10EB200009D12B6E5B04CED59DF8222021462846C4
:10EB3000FFF768FED3E701260320D6E72DE9F0476B
:10EB40000E4698B007460CA93046F4F7B2FC0028F0
:10EB50004AD10DF12F013046F4F7ABFC002843D128
:10EB60009DF82F103846FAF70AFB0DF132013046B6
:10EB7000F4F7C8FCC0BBB6F808A00DF1310130466F
:10EB8000BDF832800AF10603D6F800903381F4F71D
:10EB900090FC48BB0CA93046F4F78BFC20BB0DA8B9
:10EBA000FAF7BEFD4820F1F7FBFC0546FAF719FE1F
:10EBB0000DA82946FAF7D4FD9DF831302B769DF843
:10EBC0003030A3B10FA8F6F74BFB05F120020FA9D7
:10EBD0003046F7F73BFD044648B13046F4F758FCA1
:10EBE0000DA8FAF726FE204618B0BDE8F087B8F168
:10EBF0000F0FD1440AD100236B614B4600224146DE
:10EC000038460095EEF764F804460DE005F114036C
:10EC10004A46414607F18000FBF7F1F90446002817
:10EC2000DBD16B69002BE8D03046F4F731FC696921
:10EC3000002900F0A880B8F10F0F9DF8312001D114
:10EC4000012A71D03846EDF78DFE00286CD10323E0
:10EC50002B86B5F93020002A40F0868011463046D8
:10EC6000F4F778FD0446002871D1014601223046B0
:10EC7000F4F770FDB0F10008044618BF4FF001082A
:10EC800095F83330002B68D0A868F4F767FA81460E
:10EC900000285FD12B78092B5CD1A968084609911F
:10ECA000F4F76AFA4A46034609993046F4F797FBA7
:10ECB000041E284618BF4FF00108FCF731FA002C5B
:10ECC0008ED1002397F8022139460FA804925FFAEB
:10ECD00088F20193CDE905330123CDE90262009367
:10ECE000C7239DF82F20FBF7DDF931460FA8F9F770
:10ECF0008FFB6B690446002B3FF472AF1A880F2A12
:10ED00007FF46EAF9DF83120012A7FF469AF1B7C40
:10ED1000022B3BD197F89030384643F0020387F836
:10ED20009030EEF74DF85BE70DA93846EDF7BAFFE6
:10ED30006B7C002B8DD12946384603F0F7FB00B1E0
:10ED400028860DA938460024EDF7C0FF81E74FF073
:10ED5000010895E700232B70B1E72A462978304651
:10ED6000F7F705F80446AAE7531E30469BB2FA2B84
:10ED700034BF90464FF00908F4F78AFB0021304673
:10ED8000F4F784FA9BE74FF0040898E73846EEF76B
:10ED900023F897F8903023F0020387F890301FE7AC
:10EDA000F0B50D4685B006460DF103012846F4F78F
:10EDB00080FB0446002872D10DF102012846F4F7C9
:10EDC00078FB044600286AD10DF102012846F4F7C9
:10EDD00070FB0446002862D10DF102012846F4F7C9
:10EDE00068FB044600285AD19DF803702846F4F7C2
:10EDF0004FFB01A8F4F7C3F9032F49D196F835303A
:10EE000013F0FB0F03D129463046F9F7A3FA63212B
:10EE10002846F4F73BFA002841D1BDF80A102846ED
:10EE20000331C9B2F4F732FAC8BB80212846F4F79F
:10EE30002DFAA0BB01212846F4F728FA78BB9DF8EB
:10EE400002102846F4F722FA48BBBDF80A3033B363
:10EE5000BE212846F4F71AFA08BBBDF80A10284666
:10EE60000131C9B2F4F712FAC8B904212846F4F7FF
:10EE70000DFAA0B99DF80A102846F4F707FA70B900
:10EE8000BDF80A20284601990024F4F789FA06E023
:10EE9000224601A9304601F07DF80028AED0204678
:10EEA00005B0F0BD2DE9F743044690F835000F4654
:10EEB00016469846F6F79EFE00BB4FF00009932FCA
:10EEC00000F0A08037D8602F00F0A88022D8002F53
:10EED00000F0C980532F00F0B5803046F4F7D8FA1F
:10EEE00094F83430002B00F0C58033464FF4807224
:10EEF00001212046FEF71DFC05466FE004F5B470C5
:10EF0000F4F73AF90028D8D000212046FAF7B4F8EF
:10EF10008146D4E7622FE0D131462046FFF740FF1B
:10EF200005462046EDF73EFF94F8903023F00203AB
:10EF300084F890304EE0C12F3DD0C32F59D0C02F60
:10EF4000CBD194F838311BB994F890309907C4D5D7
:10EF5000236E1A03C1D594F85C31002B44D032895A
:10EF6000F3889A4240D10023338194F8353013F06E
:10EF7000FB0F0DD13046F4F7F5F8D4F878319B8AC1
:10EF800083423EBF94F8003143F0010384F800311E
:10EF90004346324649462046FEF767FE532F054654
:10EFA00005D094F83530012B1AD1622F18D12046A4
:10EFB000FEF7ADFB14E094F838311BB994F89030AB
:10EFC0009D078AD5236ED80287D531462046FFF7A4
:10EFD000BFF90546B5F5807F3FF47FAF002DC4D063
:10EFE000284603B0BDE8F08331462046FFF749FDCF
:10EFF000EFE7236E1B027FF570AF31462046FFF727
:10F000009DFDE6E731462046FEF768FD0546C8BB94
:10F0100001234FF0730984F89030A6E7314620466B
:10F02000FEF7DEFB054668BB94F83630012B9CD812
:10F0300094F89030204643F0020384F89030EDF7C6
:10F04000BFFE92E731462046FEF7BDFD94F89030B2
:10F0500005462BB12046EDF7A5FE002384F890303D
:10F060004FF07309B6E7394620463781FAF704F8BE
:10F0700081467AE702230322012120460096FFF70A
:10F0800041F939E7B5F5807FAAD126E72DE9F043AC
:10F09000044689B00E46002900F0EF818868F4F735
:10F0A000F7F9336823B90025284609B0BDE8F08395
:10F0B000B388002BF7D094F87431002B00F0E08176
:10F0C00094F8355015F0FB0519D1D4F87831B3B167
:10F0D0001B8AA3B1EDF794FED4F884314FF47A7112
:10F0E000D4F87821C31A128A9BB2C4F88401B3FB06
:10F0F000F1F39A429CBFA4F85651A4F8585104F574
:10F10000A8794846F4F72AF8F0B1B4F856514846C1
:10F11000B3881D44F4F72CF8854215DD94F835705A
:10F1200017F0FB07BFD19721B3683A462046F7F79F
:10F130000EFF0121054604F58070A4F85671A4F86D
:10F140005871FAF7EFFFAFE7B28848463168F4F735
:10F1500027F9054618B14846F4F79AF9A3E7236B57
:10F1600063BBB4F82E80B8FA88F84FEA581804F553
:10F1700080774346494620463A46F9F78CFC0028FA
:10F180007CD0A0F58E73022B22D805AFB068F4F7BF
:10F190007FF90A23002202A93846F4F755F906231D
:10F1A0000022012120460097FFF7ACF8054638B150
:10F1B0000023A4F85631A4F8583175E78046D6E705
:10F1C0000146B3683A462046FEF74FFD05466BE719
:10F1D000B0F5847F3FF467AF40F2071398421FD128
:10F1E00094F83831ABB320460026EDF7DBFD20461E
:10F1F000FEF78DFA01233A4649462046A4F85861A5
:10F20000F9F749FC20B1A4F85661A4F85861DDE78C
:10F210000023A4F85631A4F858310121384690E76C
:10F2200040F21913984210D194F8903013F0010372
:10F23000EFD0EDF7E5FDB368C4F880010022972117
:10F240002046F7F784FE0546B2E740F20D139842D8
:10F25000DED094F8358018F0FB08D9D194F89030BE
:10F26000D907D5D5B368424697212046F7F76FFEF8
:10F27000A4F856810546A4F8588115E794F8103192
:10F28000002B3FF410AF4846F4F702F994F801312F
:10F29000532B0CD194F8902012F0010240F0F3802F
:10F2A000B3681F212046F7F752FE0546B5E7B8F1CF
:10F2B000000F07D1932B05D094F83520012A36D1C1
:10F2C000602B34D194F83530022B30D013F0FB0F83
:10F2D00005D194F8383113B12046EDF763FD94F869
:10F2E0003530012B15D194F80131602B1FD1E28DFF
:10F2F0002046216BEDF780FD58B994F8903001213C
:10F30000384613F0020304BFE3852363FAF70AFFCC
:10F31000C9E694F8353013F0FB0F08D194F890301B
:10F32000204643F0010384F89030EDF749FD94F84E
:10F330000031DA070FD5EDF763FDC4F880012046F0
:10F34000F9F7A9FE0146B3680022204609B0BDE8DE
:10F35000F043F7F7FCBD94F8011141B994F85C3122
:10F36000B4F80A51002B3DD095BB84F8013194F8D4
:10F37000353013F0FB0F46D1D4F87831002B42D052
:10F380001B8A002B3FD094F80131932B3BD0EDF733
:10F3900037FDD4F88031C01A4FF47A73B0FBF3F024
:10F3A000D4F878311B8A98422DD394F838211ABBAF
:10F3B00094F80131532B04D1B3681F212046F7F78D
:10F3C000C6FD2046EDF7EEFC2046FEF7A0F96AE602
:10F3D000A4F80C112046F9F74FFEB368014604F576
:10F3E0008272B2E7002DC2D1EDF70AFDC4F88001A8
:10F3F0002046F9F75DFEA5E794F89030DB0702D5CB
:10F400002046EDF7CFFCB36804F5827294F8011141
:10F410002046FFF747FD0546A8B1B068F4F738F875
:10F4200094F83520B36812F0FB021ED10235204655
:10F430000CBF1F219721F7F78AFD00230546A4F88A
:10F440005631A4F8583194F800810021384694F8D8
:10F450000161FAF767FE18F0010F18BF84F85C61CC
:10F46000EDF7CEFCC4F880011EE6FA2294F80111F3
:10F470002046FEF72BFC0546E5E74FF4817513E6C1
:10F4800040F2031510E6B8F1000F7FF41BAF13E74D
:10F490007FB5019101A9ADF808200393FFF7F6FDB0
:10F4A00007B05DF804FB07B513468DF8071001227D
:10F4B0000DF10701FFF7ECFF03B05DF804FB00005E
:10F4C00030B590F8363085B005460C4613B990F843
:10F4D000940070B3324B8A2118689B8802902046B2
:10F4E000ADF80C30F3F7D2FE18BB02212046F3F73B
:10F4F000CDFEF0B907212046F3F7C8FEC8B9802138
:10F500002046F3F7C3FEA0B98B212046F3F7BEFED9
:10F5100078B907212046F3F7B9FE50B9062202A9AF
:10F520002046F3F73DFF20B995F836102046F3F753
:10F53000ADFE95F836308BB3012B2BD1E88F58B345
:10F540003835AC212046F3F7A1FE38BB2846F3F747
:10F5500013FE0230C1B22046F3F798FEF0B98021C5
:10F560002046F3F793FEC8B92846F3F705FEC1B26B
:10F570002046F3F78BFE88B985B1296828460191AA
:10F58000F3F7FAFD01990246204605B0BDE8304088
:10F59000F3F706BF0435D4E70546D2E705B030BD22
:10F5A0001F9D0608F8B590F8D63006460D46002B8C
:10F5B00055D106F19400F9F786FDA12107462846AA
:10F5C000F3F764FE0446002863D109212846F3F7C7
:10F5D0005DFE044600285CD106212846F3F756FE5E
:10F5E0000446002855D107212846F3F74FFE04466C
:10F5F00000284ED160212846F3F748FE0446002833
:10F6000047D185212846F3F741FE0446002840D122
:10F6100074212846F3F73AFE0446002839D1052123
:10F620002846F3F733FE044698BB08212846F3F733
:10F630002DFE044668BB01212846F3F727FE044649
:10F6400038BB96F83430002B5AD0002F14BF03215A
:10F6500001212846F3F71AFEE8B1044619E080219B
:10F660002846F3F713FE044698B902212846F3F71B
:10F670000DFE044668B902212846F3F707FE04464A
:10F6800038B996F8D6102846F3F700FE044600284D
:10F690008FD02046F8BD96F85830002BF9D1002FB6
:10F6A00033D196F83630052B2FD0B6F9D43001334C
:10F6B000EFD096F89430002BEBD0A9212846F3F731
:10F6C000E5FD04460028E4D103212846F3F7DEFDDA
:10F6D00004460028DDD102212846F3F7D7FD044671
:10F6E0000028D6D101212846F3F7D0FD0446002892
:10F6F000CFD196F8D4102846BDE8F840F3F7C6BD40
:10F70000002F14BF04210221A3E7B6F8B63023B3BB
:10F71000A6212846F3F7BAFD00289ED10A212846E3
:10F72000F3F7B4FD002898D104212846F3F7AEFD85
:10F73000002892D108212846F3F7A8FD00288CD193
:10F740000822D6F8B0102846F3F72AFE002884D104
:10F7500096F85830002BA8D09BE74FF4817498E7B7
:10F76000D0F8CC0020B1C088A0F110035842584115
:10F77000704773B50D460DF107010646F3F799FE84
:10F78000044610BB9DF80700FAF7CCFA0DF107010B
:10F7900028603046F3F78DFE0446B0B99DF80700A7
:10F7A000FAF7C0FA2B680DF1070143EA0020286040
:10F7B0003046F3F77EFE044638B99DF80700FAF7A5
:10F7C000B1FA2B6843EA00402860204602B070BDC1
:10F7D00038B50C460546C0B2FAF7A4FA01462046F1
:10F7E000F3F754FD90B9C5F30720FAF79BFA0146E9
:10F7F0002046F3F74BFD48B9C5F30740FAF792FAF4
:10F8000001462046BDE83840F3F740BD38BD38B565
:10F810000C46054601212046F3F738FD95F8943053
:10F820001BB12846FFF79CFF98BB00212046F3F749
:10F830002DFD00212046F3F729FD95F8D710D1BB07
:10F840002046F3F723FD95F850102046F3F71EFDF0
:10F85000C0BB5F212046F3F719FD98BB1F2120464E
:10F86000F3F714FD70BB04212046F3F70FFD48BBEE
:10F8700001462046F3F70AFD20BB2146E86DFFF75D
:10F88000A7FFF8B9B5F852102046BDE83840F3F7A5
:10F890001FBD01212046F3F7F9FCD5F8CC302146F5
:10F8A000D888FAF728F8D5F8CC302046DA881968D5
:10F8B000F3F776FDBDE701212046F3F7E7FC95F865
:10F8C000D710BDE738BD2DE9F04107460E4688B098
:10F8D000BE2107F194083046F3F7D8FC4046F9F70B
:10F8E000F2FB90B910213046F3F7D0FC04213046EA
:10F8F000F3F7CCFC0E213046F3F7C8FC314638460E
:10F9000008B0BDE8F041FFF782BF05AD2846F3F728
:10F9100036FC29463846FFF77AFF044698BB07F1C4
:10F920009803032297F8941040460293D7F8B0301A
:10F930000395019321230093D7F8BC30F4F730FFEF
:10F940000446E8B9BDF81A1030460231C9B2F3F7DF
:10F950009DFC0446A0B904213046F3F797FC044609
:10F9600070B99DF81A103046F3F790FC044638B988
:10F970000246BDF81A3029463046F3F730FD0446FA
:10F980002846F3F785FD204608B0BDE8F081000069
:10F990002DE9F0410D468AB00646904605A9284655
:10F9A0001F46F3F786FD044600287BD12A89EB88A1
:10F9B0009B1A9DF814209342C0F29F810DF115010E
:10F9C0002846F3F776FD044600286BD19DF81530E4
:10F9D000042B40F09B8105A92846F3F76AFD0446F5
:10F9E00000285FD10DF115012846F3F762FD0446AA
:10F9F000002857D19DF81510282930D021292ED064
:10FA000048292CD041292AD001F12503DBB2012B52
:10FA100025D99DF81570082F40F081800DF1150152
:10FA20002846F3F746FD044600283BD19DF81530E3
:10FA3000002B40F0D18096F85830002B40F0D68053
:10FA40000DF113012846F3F734FD044650BB9DF831
:10FA50001330052B00F2D7804FF4857422E0397003
:10FA600006F11C072B8906F19802394606F194002D
:10FA7000013B2B8108AB02930DF1170301930DF1AC
:10FA8000160300932B46F4F79DFE044650B996F8F2
:10FA9000F130FF2B0AD09DF81620B2EB031F05D0E2
:10FAA00040F21D1420460AB0BDE8F08196F8F0300F
:10FAB000FF2B04D09DF817209A4240F02181D6F800
:10FAC000F42052B11168089B01318B42099971F100
:10FAD0000001C0F0188101331360D6F8F84064B11A
:10FAE00008228C49204603F0C1F830B10822214693
:10FAF000384603F0BBF80028D2D19DF816300DF13E
:10FB00001501284686F894309DF8173086F8953010
:10FB1000F3F7CFFC044600283FF47BAFC2E7012F88
:10FB200040F0F4800DF115012846F3F7C2FC0446BD
:10FB30000028B7D19DF81540002C40D0B8F1000F37
:10FB400002D14FF48174ADE796F89430302BF8D1A0
:10FB500005A92846F3F7ADFC04460028A2D19DF87C
:10FB60001430102BEDD1D6F8CC0028BB0C20F0F7C8
:10FB700017FDC6F8CC00F3F702FB9DF814302946B8
:10FB80002A89D6F8CC00F3F72AFC0DF11501284696
:10FB9000F3F78FFC0446002884D19DF81530002B24
:10FBA0003FF43CAF0DF115012846F3F782FC044603
:10FBB00000283FF433AF75E7F3F76AFCDDE7D6F8CA
:10FBC000CC000028E1D0F3F763FCD6F8CC00F0F7C6
:10FBD000AFFDC6F8CC40D8E706F1D7012846F3F7C9
:10FBE00068FC044600283FF426AF5BE70DF11301E3
:10FBF0002846F3F75EFC044600287FF453AF9DF8D7
:10FC0000133086F850300DF115012846F3F751FCFA
:10FC1000044600287FF446AF9DF815305F2B75D160
:10FC20002B8905A92A682846D25C1F2A8DF8152041
:10FC300004BF01332B81F3F73CFC044600287FF41A
:10FC400031AF0DF115012846F3F733FC04460028C7
:10FC50007FF428AF07A92846FFF78BFD044600284C
:10FC60007FF420AF96F85820079B92B3F26D1340B3
:10FC70003366B8F1000F04D19A0702D523F00203CE
:10FC8000336606A92846F3F73DFC48BBB6F8543066
:10FC9000BDF818209A4288BFADF81830BDF818306A
:10FCA000082FA6F852307FF4FDAE0DF11A01284658
:10FCB000F3F728FC044600287FF4F4AEBDF81A30B0
:10FCC000072B0FD196F83430002B08BF4FF4817406
:10FCD000E8E606A928463366F3F714FC0028DDD0D1
:10FCE0000446DFE6B3F57A4F7FF42BAF96F8343055
:10FCF000002B18BF4FF48174D4E64FF48274D1E620
:10FD00004FF48F74CEE64FF48E74CBE640F20F14AE
:10FD1000C8E600BF409D060873B50E4604460DF1C7
:10FD2000060115463046F3F7C4FB90B93289F388D3
:10FD30009B1A9DF8062093427DDB0DF107013046AA
:10FD4000F3F7B7FB28B99DF80730062B03D04FF423
:10FD5000817002B070BD94F858300BB184F89400F3
:10FD60000DF106013046F3F7A4FB0028F1D10DF1A7
:10FD700007013046F3F79DFB0028EAD19DF80730D4
:10FD8000602BE4D10DF107013046F3F792FB002818
:10FD9000DFD19DF80730852BD9D10DF10701304611
:10FDA000F3F787FB0028D4D19DF80730742BCED110
:10FDB0000DF107013046F3F77CFB0028C9D19DF80F
:10FDC0000730052BC3D10DF107013046F3F771FB66
:10FDD0000028BED19DF80730082BB8D10DF10701DE
:10FDE0003046F3F766FB0028B3D19DF80730012BAE
:10FDF000ADD10DF107013046F3F75BFB0028A8D128
:10FE000094F834209DF8073052B1DC1E6242624102
:10FE1000012B2A709DD0D81E18BF4FF0FF3098E7F5
:10FE2000191F4A424A41022B2A7092D0042B18BF54
:10FE30004FF0FF308DE74FF482708AE713B5044628
:10FE400008460DF10701F3F734FB48B994F8582040
:10FE50009DF8073032B140F20F12602B18BF1046E8
:10FE600002B010BD40F20F12612B18BF1046F7E729
:10FE700037B50D4604460DF107012846F3F719FB87
:10FE8000F8B90DF106012846F3F713FBC8B99DF840
:10FE90000630802B1ED10DF107012846F3F709FB30
:10FEA00078B994F83630012B0DD138342046F3F769
:10FEB000EFFA30B99DF8073029462A892046F3F732
:10FEC0008EFA03B030BD9DF80730083B382B04D8BC
:10FED0000434EBE740F20F10F3E74FF48170F0E7E2
:10FEE00037B50D4604460DF107012846F3F7E1FA50
:10FEF00000284DD10DF107012846F3F7DAFA002862
:10FF000046D19DF80730602B02D040F20F103FE041
:10FF10000DF107012846F3F7CCFAC8BB9DF807306E
:10FF2000852BF2D10DF107012846F3F7C2FA78BB11
:10FF30009DF80730742BE8D10DF107012846F3F73F
:10FF4000B8FA28BB9DF80730052BDED10DF107016B
:10FF50002846F3F7AEFAD8B99DF80730082BD4D16C
:10FF60000DF107012846F3F7A4FA88B99DF8073088
:10FF7000022BCAD10DF107012846F3F79AFA38B9D6
:10FF80009DF80730022B01D9052BBED184F83630FD
:10FF900003B030BD2DE9FF410D4606460821174646
:10FFA0002846F3F773F90446002861D196F8D73054
:10FFB000002B61D101462846F3F768F90446002872
:10FFC00056D106212846F3F761F9044600284FD19F
:10FFD0005F212846F3F75AF90446002848D11F212B
:10FFE0002846F3F753F90446002841D10421284656
:10FFF000F3F74CF9044600283AD101462846F3F7B6
:020000040806EC
:1000000045F90446A0BB2946306EFFF7E1FB0446E4
:1000100070BBB6F852102846F3F75AF9044638BBBD
:1000200096F834302846002B14BF07214FF47A414C
:10003000F3F74EF90446D8B906F194084046F9F7AB
:1000400042F8A8B1DC2F02D0DB2F18BF282706F119
:100050009803032296F8941040460293D6F8B030E5
:100060000395CDE90073D6F8BC30F4F799FB04464C
:10007000204604B0BDE8F08101212846F3F706F9D7
:1000800004460028F4D196F8D71094E770B50C46D2
:100090000646CD8860212046F3F7F8F8F0B901460E
:1000A0002046F3F7F3F8C8B921463046FFF77AFA4D
:1000B000A0B921463046FFF703FA78B92146304609
:1000C000FFF701FC50B9691CE288204689B2013A69
:1000D000521ABDE87040D2B2F3F7C9B870BD000043
:1000E0000138C0B20C289ABF024B33F9100000202F
:1000F000704700BF269D060837B50C4605460DF132
:1001000005012046F3F7D5F9C0B90DF106012046E7
:10011000F3F7CFF990B99DF80630082B10D80DF100
:1001200007012046F3F7C5F940B995F858209DF826
:1001300007300AB1842B03D185F8D63003B030BD27
:100140004FF48170FAE700002DE9F74F1E460023B7
:1001500005460C46137090463370DDF830A08DF8DC
:100160000330FFF76BFE8146002840F096800DF1CA
:1001700006012046F9F78EFB002840F0A580E388B1
:100180002189BDF806205B1A9A4200F3D682074601
:10019000DFF8ACB52289E3889A4214D395F8583039
:1001A000002B40F0B3823078FFF79AFF8146002899
:1001B00073D195F8F130FF2B6FD095F89420B2EB06
:1001C000031F6AD096E20DF105012046F3F771F99D
:1001D0008146002861D19DF805308B2B35D81A0651
:1001E00038D5803B0B2B35D8DFE813F0870234007D
:1001F0003400340034003400340034000902370283
:1002000009023702A13B1D2B24D8DFE813F0280098
:100210003B007700B7006301F900AF01D701480147
:100220002201230045022300230023002300230092
:1002300023002300230023002300230023002300A6
:100240002300230023002300540203F15F02D2B2F3
:100250001D2AD7D92289E3889A429BD22EE00DF13C
:10026000030221462846FFF757FD28B102233370C9
:10027000012388F8003010E09DF80330002B18BFF0
:10028000072787E701A92046F3F713F9E0B99DF89E
:100290000430032B05D040F20F19484603B0BDE8E7
:1002A000F08F0DF105012046F3F703F960B995F8D9
:1002B00058209DF805304AB1042BECD101A9204605
:1002C000F3F7F7F8002833D08146E6E7022BE2D1B6
:1002D00001A92046F3F7EDF80028F5D19DF8043088
:1002E000012BD8D10DF105012046F3F7E2F80028E3
:1002F000EAD19DF8053088F800304BE701A9204687
:10030000F3F7D7F80028DFD10DF105012046F3F708
:10031000D0F80028D8D101A92046F3F7CAF8002860
:10032000D2D195F858304BB19DF80530042BB2D19D
:1003300022899DF80430134423812BE70DF1050138
:100340002046F3F7B6F80028BED19DF80530022B01
:10035000A1D101A92046F3F7ACF80028B4D19DF84B
:100360000430012B97D10DF105012046F3F7A1F8D8
:100370000028A9D19DF8053033700BE701A920466C
:10038000F3F797F800289FD195F858209DF804308E
:100390006AB1032B7FF47FAF0DF105012046F3F71F
:1003A00088F8002890D19DF80530022B85E70A2BAC
:1003B0007FF471AF0DF105012046F3F77AF80028BC
:1003C00082D19DF80530042B7FF465AF01A920464A
:1003D000F3F76FF800287FF477AF05F11C099DF85B
:1003E000042020464946F3F71DFA00287FF46CAF3D
:1003F0009DF80430082B3FF4CDAEE8612862C9E6D1
:1004000001A92046F3F755F800287FF45DAF0DF100
:1004100005012046F3F74DF800287FF455AF01A9F8
:100420002046F3F746F800287FF44EAF9DF80330DE
:100430009DF804201BB1082A01D0032317E705F11A
:100440001C012046F3F7EEF9814600283FF4A2AEE6
:1004500023E701A92046F3F72CF800287FF434AFF6
:100460000DF105012046F3F724F800287FF42CAFA6
:1004700001A92046F3F71DF800287FF425AF05F108
:1004800010094846F3F704F800287FF41DAF9DF8E3
:100490000430214622894846F2F7A1FFD4E701A99A
:1004A0002046F3F706F800287FF40EAF0DF10501A2
:1004B0002046F2F7FEFF00287FF406AF01A9204690
:1004C000F2F7F7FF00287FF4FFAE01A92046F2F70C
:1004D000F0FFB9E795F8583001A920460BB3F2F7C1
:1004E000E8FF00287FF4F0AE9DF80430032B7FF482
:1004F000D2AE01A92046F2F7DCFF00287FF4E4AE7B
:100500009DF80430022B7FF4C6AE01A92046F2F715
:10051000D0FF00287FF4D8AE9DF80430012BD4D052
:10052000B9E6F2F7C6FF00287FF4CEAE0DF1050163
:100530002046F2F7BEFF00287FF4C6AE01A9204690
:10054000F2F7B7FF00287FF4BFAE01A92046F2F70B
:10055000B0FF00287FF4B8AE9DF80330002B3FF4C5
:1005600019AE9DF80430A5F8D43013E601A9204651
:10057000F2F79FFF00287FF4A7AE0DF1050120469A
:10058000F2F797FF00287FF49FAE01A92046F2F70B
:1005900090FF00287FF498AE01A92046F2F789FF6A
:1005A00000287FF491AE9DF80330002B3FF4F2ADAC
:1005B0009DF80430002B7FF4EDADD4E70DF105017B
:1005C0002046F2F776FF00287FF47EAE9DF80530D6
:1005D000032B7FF460AE01A92046F2F76AFF0028E2
:1005E0007FF472AE9DF80430022B7FF454AE01A963
:1005F0002046F2F75EFF814600288DD04DE601A926
:100600002046F2F756FF00287FF45EAE9DF80430D6
:10061000022B7FF440AE0DF105012046F2F749FFB1
:1006200000287FF451AE9DF80530072B7FF433AEE0
:100630000DF105012046F2F73CFF00287FF444AE9F
:100640009DF80330002B3FF4A5AD9DF80530802BBD
:100650007FF4A0AD07F0FE079CE521462846FFF792
:100660003FFC00287FF430AE95F8583063B195F820
:100670003630052B08D10822594605F11C0002F03E
:10068000F5FA00283FF4D9AE9DF80330002B3FF473
:1006900081AD07F0FD077DE521462846FFF7E8FB21
:1006A00000287FF411AE9DF80330002B3FF472ADAB
:1006B00007F0FB076EE598F8003033B1307820B1D1
:1006C00003B0BDE8F04FFFF70BBD53469DF8032084
:1006D00021462846FFF75CF9814600283FF45AADD1
:1006E000A0F58E73022B7FF6D8AD9DF80330002B5A
:1006F0003FF4D1AD40F21D19CFE521462846FFF762
:10070000FBFC00283FF446AD8223B0E5002F3FF408
:100710004AAD98F80030002B7FF445AD042F04D18A
:1007200095F83630002B3FF43EAD01234FF0000921
:1007300088F800300D233370AFE54FF48279ACE5D3
:10074000409D06082DE9F04F0C46B9B00546B1F8BA
:1007500006802046612191461E469DF810B1DDE9D4
:1007600042A7F2F793FD00212046F2F78FFD2146C4
:100770002846FEF717FF0246002840F00C81A22110
:100780002046F2F783FD03212046F2F77FFD022188
:100790002046F2F77BFD01212046F2F777FD49461E
:1007A0002046F2F773FDA3212046F2F76FFD0521E5
:1007B0002046F2F76BFD330666D4A1212046F2F7FE
:1007C00065FD03212046F2F761FD02212046F2F784
:1007D0005DFD01212046F2F759FD31462046F2F732
:1007E00055FD95F83630052B55D1A4212046F2F75A
:1007F0004DFD0A212046F2F749FD04212046F2F77B
:1008000045FD08212046F2F741FD0822D5F8B01039
:100810002046F2F7C5FDB5F9D430013317D095F86D
:100820009430A3B1A7212046F2F730FD03212046E2
:10083000F2F72CFD02212046F2F728FD0121204687
:10084000F2F724FD95F8D4102046F2F71FFD95F835
:100850003630012B26D8B9F1000F00F0A08005F149
:100860009400F8F730FC002800F09980E28808F145
:1008700001012046023A89B2A2EB0802D2B239B095
:10088000BDE8F04FF2F7F3BCA221204606F07F0648
:10089000F2F7FCFC95E705F19400F8F714FC00284A
:1008A000A3D1B8E7EB8A002B00F0D5808821204641
:1008B000F2F7ECFC024600286DD102212046F2F747
:1008C000E5FC0246002866D14FF4F0612046F2F7BD
:1008D000FFFC024600285ED189212046F2F7D6FCB3
:1008E0000246002857D107212046F2F7CFFC0246E6
:1008F000002850D160212046F2F7C8FC02460028AB
:1009000049D185212046F2F7C1FC0246002842D198
:1009100074212046F2F7BAFC024600283BD105219B
:100920002046F2F7B3FC0246A8BB08212046F2F7A6
:10093000ADFC024678BB02212046F2F7A7FC024636
:1009400048BB95F836102046F2F7A0FC024610BBD3
:10095000AA212046F2F79AFC0246E0B9E98A20462D
:100960000231C9B2F2F792FC0246A0B980212046BA
:10097000F2F78CFC024670B9A97D2046F2F786FC9E
:10098000024640B9EA8A20462969F2F709FD024683
:1009900000283FF460AF104639B0BDE8F08FBE21AB
:1009A0002046F2F773FCC823002206A903A8F2F739
:1009B0004BFD4FB9BAF1000F40D0BAF80630002B0A
:1009C0003CD00022514612E0F9880029F2D00231D1
:1009D00003A889B2F2F7D9FB282103A8F2F756FC45
:1009E00003A9F888F8F787FFFB880022394603A897
:1009F000F2F7F5FCBDF8121020460231C9B2F2F749
:100A000045FC02460028C6D104212046F2F73EFCF0
:100A100002460028BFD19DF812102046F2F736FC9E
:100A200002460028B7D1BDF8123003A92046F2F7DC
:100A3000D6FC024600283FF419AFACE75A4603A99A
:100A40002846FFF7A7FA0028D4D0019003A8F2F7B0
:100A50001FFD019A9FE74FF481729CE710B5037860
:100A60000446092B0AD009230370836833B90C208C
:100A7000EFF796FDA06030B1F2F781FB0123002073
:100A800084F8333010BD4FF48270FBE7027E022AF7
:100A900009D1416990F8322010310AB1FAF754BDFA
:100AA0008068F4F7B8BA4FF481707047037E022B68
:100AB00004D1416934318068F4F7C6B9032B05D1FC
:100AC00043698068B3F93010F4F797BA042B05D165
:100AD0004369806893F82010F4F757BA052B02D1C8
:100AE00041692431E7E7062B02D141691431E2E77D
:100AF000072B04D143698068597CF4F770BA082B3E
:100B000004D143698068997CF4F7B6BA092B04D103
:100B100043698068197CF4F7A1BA4FF4817070477B
:100B20002DE9F047154681460846884601F067FEE4
:100B3000022107462846F4F775FA0446B8B9B9B257
:100B40002846F4F77DFA044688B901263744BE42A8
:100B500010D1404601F0D2FE074681B22846F4F794
:100B60006FFA044618B901263744BE4227D1204601
:100B7000BDE8F087324641464846EBF7ADFE03211B
:100B800082462846F4F74EFA04460028EFD1314653
:100B90002846F4F724FA04460028E8D151462846AE
:100BA000F4F75CFA04460028E1D101462846F2F742
:100BB0006DFB04460028DAD10136F6B2C7E741469C
:100BC00032464846EBF7CEFE022182462846F4F72D
:100BD00029FA60B931462846F4F701FA38B9514686
:100BE0002846F4F73BFA10B90136F6B2BDE70446E1
:100BF000BDE700002DE9F04F80460F46D1F814B054
:100C00001546B0F8521010462DED028B85B0F2F764
:100C1000BCFA002840F00181B7F84030002B4FD1DA
:100C20009A4699460BF11403BBF81A6008EE103A85
:100C30001FFA8AF1BBF81A208A4253D108F17403D3
:100C40004FF0000A08EE103A1FFA8AF1B8F87A302D
:100C50008B4264D1B9F1000F01D10136B6B23146F1
:100C60002846FE63F4F7ECF9044618BBB9F1000F0F
:100C700026D104212846F4F7D5F90446D0B90F212E
:100C80002846F4F790F90446A0B99BF802102846CC
:100C9000F4F77BF9044668B9062261492846F4F75F
:100CA00053F9044630B92A4659464046FFF738FF03
:100CB000044628B1204605B0BDEC028BBDE8F08F9C
:100CC00000260BF11403B14608EE103A01961FFA04
:100CD00086FABBF81A30534538D100200023C7E903
:100CE0000E339AE002AA18EE100AF9F764F90446E6
:100CF0000028DFD102997A698A420AD00A880F2A2D
:100D000007D106220331464801F0B0FF20B1013E71
:100D1000B6B20AF1010A8BE74FF00109F9E702AA1E
:100D200018EE100AF9F747F904460028C2D1029AD2
:100D300003AB0BF1140032F8031BF9F760F9039BC6
:100D40000BB1013EB6B20AF1010A7DE702AA514693
:100D500018EE100AF9F72FF904460028AAD1029AD2
:100D600003AB08F1740032F8031BF9F748F90028C7
:100D70004BD1039B002B39D102990B880F2B08D143
:100D80007B69994205D006220331254801F06EFFA8
:100D900060BB3B8F4B4525D8EB8804212846019347
:100DA000F4F740F988BB029B28461988F4F7FBF852
:100DB00058BB029B28469978F4F7E7F828BB0299BC
:100DC000062228460331F4F7BFF8F0B92A46029903
:100DD0004046FFF7A5FEC0B998F8583043B9BB6B41
:100DE0000133BB6309F101091FFA89F901366EE786
:100DF00097F83420002AF2D129464046F7F7B2FF8F
:100E00000028ECD0019BEB8054E7B0F5827FF9D04D
:100E1000BBF81A3053453FF461AF04464AE700BFC0
:100E2000489D06088B6B2DE9F74F0C4616464F6917
:100E300073B1258F07F16409B7F86A30AB4205D961
:100E400001AA29464846F8F722FC60B1002007E0D5
:100E5000B7F86A101046E163F4F7F2F80028E8D01A
:100E600003B0BDE8F08F019BD3F804A093F800B065
:100E7000504603F03FFA02215FFA80F83046F4F75B
:100E8000D1F80028ECD159463046F4F77EF8002816
:100E9000E6D1424651463046F4F756F80028DFD1F5
:100EA000A36B01350133ADB2A363C5E7F0B50B7E8B
:100EB00085B08C68022B05D1224605B0BDE8F04014
:100EC000FFF798BE032B4D6913D102212046F4F79A
:100ED000A9F8002878D195F820102046F4F77FF87B
:100EE000002871D1698C204605B0BDE8F040F4F7C8
:100EF0005AB8042B39D109212046F2F7C7F9002846
:100F000062D107212046F2F7C1F900285CD16021A7
:100F10002046F2F7BBF9002856D185212046F2F78A
:100F2000B5F9002850D174212046F2F7AFF9002816
:100F30004AD195F82E102046F2F7A8F9002843D19F
:100F400095F82F102046F2F7A1F900283CD195F82A
:100F500030102046F2F79AF9B0BB95F831102046D0
:100F600005B0BDE8F040F2F791B9052B2ED104236E
:100F7000694600220DEB0300F2F766FA06212046CF
:100F8000F4F750F800BB1822696B2046F3F76FFFA7
:100F9000D0B9298F2046F4F706F8A8B9698F204602
:100FA000F4F701F880B995F83C102046F3F7EDFF0F
:100FB00050B995F83D102046F4F711F820B905F125
:100FC00040012046F3F7A2FF05B0F0BD062B35D156
:100FD00009212046F2F75AF90028F5D107212046C9
:100FE000F2F754F90028EFD160212046F2F74EF9CC
:100FF0000028E9D185212046F2F748F90028E3D1FD
:1010000074212046F2F742F90028DDD195F85010FE
:101010002046F2F73BF90028D6D195F8511020462A
:10102000F2F734F90028CFD195F852102046F2F7A4
:101030002DF90028C8D195F8531090E7072B07D158
:1010400005F15401204605B0BDE8F040F3F75EBF5E
:10105000082B06D1297C204605B0BDE8F040F3F707
:10106000FDBF092B0AD1286E01F0B4FA0622014611
:10107000204605B0BDE8F040F3F766BF0A2B05D166
:10108000224605B0BDE8F040FFF7CCBE0B2B24D1C3
:1010900002212046F3F7C6FF002895D16E6F6EB986
:1010A00031462046F3F771FF00288DD10A212046F2
:1010B000F2F7ECF8002887D1014650E7304603F0FC
:1010C00019F995F8701007462046F3F75EFF0028DF
:1010D0007FF47AAFFAB23146CAE74FF4817073E712
:1010E0002DE9FF41037E4669022B856806D1317CDC
:1010F000284604B0BDE8F041F3F7B0BF032B01D19F
:10110000717CF5E7042B07D106F12001284604B0D5
:10111000BDE8F041F3F7FABE052B02D106F1140148
:10112000F4E7062B5ED1718E2846F3F789FF04465B
:1011300018B1204604B0BDE8F081074606F12C083E
:10114000B9B2738E8B42F4D003AA4046F8F79FFAE7
:10115000002845D106212846F3F764FF00283FD137
:10116000039B28461978F3F779FF002838D1039BB1
:1011700028465978F3F772FF002831D1039B59684C
:101180000846019103F0B6F8019982B22846F3F7B8
:10119000DBFE28BB039B99680846019103F0AAF87F
:1011A000019982B22846F3F7CFFEC8B9039BD968EC
:1011B0000846019103F09EF8019982B22846F3F7A0
:1011C000C3FE68B9039B013719690846019103F012
:1011D00091F8019982B22846F3F7B6FE0028AFD005
:1011E0000446A6E74FF48174A3E7027E4369023AFE
:1011F000072A1BD8DFE802F004080C0E1214161898
:10120000997D8068F3F72ABFD97D8068F3F7BDBE6A
:10121000197EFAE7998A8068F3F7C5BE998BFAE7D9
:10122000598BF8E7198AF6E7598AF4E74FF4817089
:1012300070472DE9FF41037E07464669022B85680A
:1012400006D13169284604B0BDE8F041F3F7B9BED4
:10125000032B1DD104212846F2F718F80446002874
:1012600041D1B968708BF8F746FB044600283AD1A3
:10127000708B002837D07169BC680191F2F7EAFAE7
:1012800001990246204604B0BDE8F041F2F788B863
:10129000042B01D1316AD5E7052B07D196F824102C
:1012A000284604B0BDE8F041F3F7E6BE062B07D1AF
:1012B00096F82510284604B0BDE8F041F3F7CEBEFD
:1012C000072B5FD196F82530032B06D00021284646
:1012D00004B0BDE8F041F3F7B3BEF18D2846F3F753
:1012E000AFFE044618B1204604B0BDE8F0810746C1
:1012F00006F12808B9B2F38D8B42F4D003AA404618
:10130000F8F7C5F900283BD102212846F1F7BEFFC6
:10131000002835D103212846F1F7B8FF80BB06210C
:101320002846F1F7B3FF58BB039B28461968F1F72D
:10133000F1FF28BB09212846F1F7A8FF00BB039B5A
:1013400029465889F8F7D7FAD0B9039B28465A8915
:101350005968F2F725F898B909212846F1F796FF60
:1013600070B9039B2946D88AF8F7C5FA40B9039BA0
:1013700028460137DA8A1969F2F712F80028B9D03D
:101380000446B0E74FF48174ADE72DE9F3470F460B
:10139000C9881D46814601EBC1031046144601EB86
:1013A0004301023189B2F1F7F0FE0646002875D1FB
:1013B000B5F84030002B5FD0D5F83880FB889845D1
:1013C0006CD001AA1FFA88F13846B4F806A0F8F7E5
:1013D0005EF9002866D102212046F1F757FF002868
:1013E00060D104212046F1F751FF00285AD1122183
:1013F0002046F1F74BFF002854D1019B20461B6883
:101400001988F1F765FF00284CD109212046F1F732
:101410003DFF002846D106212046F1F737FF00287E
:1014200040D1019B0622204619680331F1F7B8FF2D
:10143000002837D10F212046F1F728FF002831D1AD
:10144000019B20465B681978F1F7A1FF50BB122180
:101450002046F1F71BFF28BB019B20465B6859889B
:10146000F1F736FFF0B999F8583073B9AB6B08F162
:1014700001080133AB63A1E7F9882046E963F3F77C
:10148000DFFD002898D0064608E00246214648467F
:10149000F7F768FC0028E9D0A4F806A0304602B0AF
:1014A000BDE8F087B0F5827FEDD1F5E72DE9F74390
:1014B000164689B201AA1F46DDF82880F8F7E7F83A
:1014C000044698B902214046F1F7E0FE044668B9A7
:1014D000F888414670B1F8F70EFA08B1044605E005
:1014E0004FF000094D46F388AB4205D1204603B0CA
:1014F000BDE8F083F088EEE7FB884BB132683B68CB
:1015000052F8252053F829309A4212D109F10109E5
:101510006A4629460198F9F79BFE0028DED100981B
:101520000178192907D142460921F9F7D0FF00288F
:10153000D4D10135D7E702464046F4F718FCF6E768
:101540002DE9F04F984687B0B1F8403081460D46FE
:101550001746109EF3B103A8F8F726F8697E022912
:1015600007D103AB05F120024046F3F706FE04461F
:1015700000BB4FF0000BDA46FB885B4522D100240C
:1015800003A8F8F777F8B4F5827F04BF0024A6F823
:1015900006A00FE001213046F1F778FE044648B975
:1015A000EB6B5BB1A86B3146181AF8F7A4F9044647
:1015B0000028D0D0204607B0BDE8F08FF88831462B
:1015C000E863F2E7B6F806A003AB42465946384650
:1015D0000096FFF76BFF04460028D1D1B9F85230CE
:1015E000F288463B9BB29A4205D8AB6B0BF1010BDC
:1015F0000133AB63C0E74FF48274C1E72DE9F04FCC
:101600001E4697B0537E0F46154601F11C0A039003
:101610003BB192F8203023B1D2F83C90B9F1000FE1
:1016200009D0534607F11002294603980096FFF7A8
:1016300087FF804689E009A8F7F7B6FF09AB05F1F7
:101640002002697E5046F3F798FD0446002868D1D1
:1016500006A8F7F7A9FF95F81980B8F1010F40F037
:10166000B98012A8F9F749FB05AA4146A86AF9F71B
:10167000EFFD0446002854D1059B98681B78062B83
:1016800057D101460CA8F3F78FFF05AA0221A86ADB
:10169000F9F7DEFD0028CCD1059B98681B78062B56
:1016A00060D101460FA8F3F77FFF4FF0000807F164
:1016B000100B1FFA89F1FB8A8B4267D004AA5846A7
:1016C000F7F7E5FF044660BB014605AA0498F9F761
:1016D000BFFD044628BB059B0CA89C682146F4F777
:1016E0004FFA013058D00FA92046F4F749FA0130DB
:1016F00052D0039A08F10108F188B2F852201FFA7B
:1017000088F8EB6B91423DD2013309AA1FFA89F1A7
:101710005846EB6353460096FFF7C8FE0446002880
:101720003AD009A8A046F7F7A5FF06A8F7F7A2FF49
:101730000BE012AA1921F6F711FA804648B106A863
:10174000F7F798FF12A8F9F7EBFC404617B0BDE891
:10175000F08F149A0CAB07CA83E8070012A8F9F7B8
:10176000DFFC92E712AA1921F6F7F8F98046002863
:10177000E5D1149A0FAB07CA83E8070012A8F9F75E
:10178000CFFC92E743B1AB6B0133AB63A868F1F7D1
:10179000F3FC20B10024C4E709F1010989E74146BF
:1017A000A868F3F74DFC80460028CED1F288316856
:1017B000A868F1F7F5FD80460028C6D1AB68F08037
:1017C00030813046DA881968F1F7EAFD8046002852
:1017D000E0D0BAE7B8F1020F54D1214605AAA86AB1
:1017E000F9F736FD044600289BD10598F9F7BEFFAE
:1017F00080B2002832D0A86305AA0121A86AF9F7AF
:1018000027FD044600288CD10598F9F7AFFFFB8A25
:1018100080B2A96B002814BF02461A46581C01EB7F
:10182000020C844588BF1A46EA63D1B11037D5E966
:101830000E139942BFF475AF04AA89B23846F7F780
:1018400026FF10BB534609AAA96B38460096FFF73E
:101850002DFED0B9AB6B0133AB63E8E70123AB637B
:10186000CAE701213046EB63F1F710FD80460028FE
:101870007FF46BAF3146E86BF8F73DF880460028FF
:10188000D4D062E74FF481744BE7044649E7002364
:1018900037B500930A46ADF804300B7E4C69022B35
:1018A00005D18B682146FFF7A9FE03B030BD032B9D
:1018B00006D10B468A6804F11C01FFF766FDF4E7C8
:1018C000042B04D1A16A9068F3F77BFBEDE7052BAD
:1018D00005D194F82C109068F3F7C0FBE5E7062BD0
:1018E0007DD18D6802212846F1F7D0FC0028DCD19B
:1018F00004212846F1F7CAFC0028D6D1236B122117
:101900002846002B33D1F1F7C1FC0028CDD1014688
:101910002846F1F7DDFC0028C7D109212846F1F758
:10192000B5FC0028C1D106212846F1F7AFFC0028FC
:10193000BBD1062269462846F1F732FD0028B4D112
:101940000F212846F1F7A2FC0028AED10146284617
:10195000F1F79CFC0028A8D112212846F1F796FC4B
:101960000028A2D101462846F1F7B2FC9DE7F1F725
:101970008DFC002899D1236B28461988F1F7A8FC23
:10198000002892D109212846F1F780FC00288CD14B
:1019900006212846F1F77AFC002886D1216B062221
:1019A00028460331F1F7FCFC00287FF47EAF0F21BD
:1019B0002846F1F76BFC00287FF477AF94F83C10D1
:1019C0002846F1F763FC00287FF46FAF1221284608
:1019D000F1F75CFC00287FF468AFE18FC3E7072BC9
:1019E00001D1A16B6FE7082B01D1616B6BE74FF45D
:1019F00081705AE7F7B5017E4469022987683FD1B3
:101A0000E18A3846F3F71CFB002835D003B0F0BD5F
:101A100001AA3046F7F73BFE0028F7D104213846EB
:101A2000F3F700FB0028F1D1019B38461B681988A9
:101A3000F3F7B9FA0028E9D1019B06223846196864
:101A40000331F3F781FA0028E0D1019B38465B6847
:101A50001978F3F7C4FA0028D8D1019B384601352C
:101A60005B685988F3F79FFA0028CFD1A9B2E38ABF
:101A70008B42CDD10020C9E7054604F11006F5E7F9
:101A8000032919D13846F3F7CDFA0028BED1217FBA
:101A90003846F3F7E3FA0028B8D104F120013846BC
:101AA000F3F734FA0028B1D194F82C10384603B07B
:101AB000BDE8F040F3F7D2BA042929D1E18E3846C7
:101AC000F3F7BEFA0028A1D1054604F130061AE06A
:101AD00001AA3046F7F7DBFD002897D102213846EE
:101AE000F3F7A0FA002891D1019B38461968F3F763
:101AF000ABF900288AD1019B384601355968F3F7C4
:101B0000A3F9002882D1A9B2E38E8B42E0D1B1E7DC
:101B1000052906D1A18F384603B0BDE8F040F3F7A0
:101B200042BA062907D194F83E10384603B0BDE802
:101B3000F040F3F72ABA072902D1B4F84010EAE7D7
:101B40004FF4817062E70B461A7E023A10B40446E5
:101B500088684969042A1ED8DFE802F003080F15D7
:101B6000170010315DF8044BF3F7D0B902461C3171
:101B700020465DF8044BFFF708BC91F828105DF88B
:101B8000044BF3F702BA2C31ECE791F838105DF80A
:101B9000044BF3F763BA4FF481705DF8044B704760
:101BA00038B5054608460C46FEF758FF10BB237EA5
:101BB000012B11D10921A068F1F768FBD0B90621EA
:101BC000A068F1F763FBA8B961690622A068033138
:101BD000BDE83840F1F7E4BB63691B88172B36D0AA
:101BE00012D8082B28D006D8012B20D0072B33D0B1
:101BF0004FF4817038BD0F2B23D0122BF8D1204623
:101C0000BDE83840FFF715BB3E2B2BD008D81E2B64
:101C10002ED0282BECD12046BDE83840FFF7EABE95
:101C2000402BE5D12046BDE83840FFF759BA2046A1
:101C3000BDE83840FEF72ABF2046BDE83840FEF731
:101C400035BF21462846BDE83840FFF72FB920466A
:101C5000BDE83840FFF7C9BA21462846BDE83840FC
:101C6000FFF715BE21462846BDE83840FFF76BBF99
:101C7000FE20BFE72DE9F0470B7E9CB006460D46DF
:101C8000012B4F6940F086800DF12409002348465E
:101C90000593F1F774FA96F83630052B74D10823C2
:101CA00006F11C0106A81A46F1F7CEFB0DF113014F
:101CB000A86AF1F7FEFB0446002861D105A9A86ACD
:101CC000F1F735FC044600285AD1AA6A0DF118082C
:101CD0001389053B13814846F1F751FA402300224E
:101CE0000CA94846F1F7B0FB434606F110020599EE
:101CF0003046CDF80090F6F7E7FE044600283FD1C5
:101D0000A86AF1F72FFA70B1A86A0389016819442B
:101D10000391F1F727FA039902464846F1F76FFD60
:101D2000041E18BF012406F582794846F1F7B0FB7E
:101D30006CB396F836304FF0010A321D3046052B51
:101D400004BFD6F8BC3006F1B00885F833A008BF50
:101D5000059343460599CDF80090F6F7B5FE044685
:101D600070B9014609224846F1F7F4FCB6F80A2199
:101D700051464846013AD2B2F1F7ECFC02233B74DB
:101D800020461CB0BDE8F08707F15408A3E73C7477
:101D90000324F5E7022B15D1886AF1F7E3F904462D
:101DA00008B90924ECE754373846F1F771FBAB6A00
:101DB0002246384619891B6819441CB0BDE8F04713
:101DC000F1F7EEBA052B3AD191F82030022BE8D189
:101DD0008B6ADB88022BE4D10820EEF7E1FB0CAA2A
:101DE00006460021A86AF9F733FA044618B13046CE
:101DF000EEF79EFCC4E70C9B0CAA01211B7A337002
:101E0000A86AF9F725FA04460028F0D10C9B9B68D4
:101E1000D8880130EEF7C4FB70600C9B9B68DB88B0
:101E2000C4540C9B70689B681968DA8800F02EFF18
:101E3000686931466430F7F7E6FB0446A0E7062BF5
:101E4000A6D1886AC388022BABD10CAA0021F9F76E
:101E5000FFF90C9B0CAA0121A86A002693F80890B0
:101E6000F9F7F6F90C9B04469B68D3F800A0B3F889
:101E700006806869B0F86A30B34281D0B7B209AA67
:101E800064303946F7F703FC044600287FF478AF46
:101E9000099B1A784A4512D142465146586800F0CB
:101EA000E5FE60B9686909AA39466430F7F71EFC97
:101EB000099B04465868EEF73BFC099898E7013601
:101EC000D7E72DE9F0430C7E89B006460D46012C7C
:101ED00040F090804FF0000800F11407C0F8208017
:101EE0003846F1F753FD03AA4146A86AF9F7B0F95D
:101EF00028B904AA2146A86AF9F7AAF930B1012342
:101F000004462B86204609B0BDE8F083054680468E
:101F100006F1280986F82540F38DAB4204D1B8F1CB
:101F2000000F22D00024EDE702AAA9B24846F7F735
:101F3000AEFB04460028E5D1029905A84B89496803
:101F40001A46F1F781FA039B9868F1F715F950B139
:101F5000039B05A89B68DA881968F1F750FC0028F4
:101F600018BF4FF001080135D6E71C20EEF718FB2B
:101F7000041D05462046F1F702F905F11000F1F7BE
:101F8000FEF8294606F12800F7F73DFB0498F9F71B
:101F9000EDFB039B28609968A5F80A80084601912B
:101FA000F1F7EAF84246034601992046F1F717FA9D
:101FB00004460028A6D12B683169B3FBF1F201FB7E
:101FC000123390B20BB1013080B2F1F743FC002321
:101FD00001460546B38338467383F1F768FC04462F
:101FE00000288FD1A5429DD0002138460134F1F759
:101FF000C2FCF7E7022C1ED105AA0021A86AF9F756
:1020000027F9044610B101232B867BE70598F9F7E1
:10201000ADFB012281B2054606F11400F1F770FC18
:10202000044600287FF46EAFADB20123013586F877
:102030002530356266E7033C012C94BF002403245D
:1020400060E72DE9F041137E86B006460C46012B71
:1020500015460FD120350E7C2846F9F787FB8642BE
:1020600062DC2846F9F782FB20740024204606B083
:10207000BDE8F081022B59D192F82030012B53D1C9
:10208000002703A8F1F77BF83C46AB6ADB889F4248
:1020900029D003A8F1F7FCF96A463946A86AF9F78E
:1020A000D7F80446F8B9009B014601AA9868F9F7E9
:1020B000CFF80446B8B9009B02AA01219868F9F745
:1020C000C7F8044678B9029A03AB96F84A109268AA
:1020D000706CF2F7B3FC044628B9BDF81230102B2F
:1020E00005D009232B8603A8F1F7D2F9BEE7019B9F
:1020F00093F90830022B0FD0032B10D093B906F1BF
:1021000098084046F1F7C4F9BDF8122003994046FB
:10211000F1F746F90137B8E706F1C008F1E706F133
:102120004408EEE70924F5E709249FE703249DE727
:10213000012970B5044688B00D46164628D13434BE
:102140002046F3F712FA072809DD16281ADD25289C
:102150001ADD34281ADD29462046F3F71AFA00253D
:102160002046F3F702FA2A1A20460192F3F709FAF9
:10217000019A434200212046F3F758FA00231846FB
:1021800008B070BD0F25EBE71E25E9E72D25E7E731
:1021900003290FD134342046F3F7F3F91E280546FE
:1021A00005DD0023012220461946F3F73FFA6B4272
:1021B0000022DFE7042907D1403400F1340394E81A
:1021C000070083E80700D9E705291BD104A8F8F721
:1021D00094FD03460028D2D1014603AAB068F9F75E
:1021E00037F803460028CAD104AA19210398F5F745
:1021F0000AFD03460028C2D1069A403407CA84E883
:102200000700BCE7062908D11046F9F7AFFA00220B
:10221000034604F134001146AEE74FF48173AEE794
:102220002DE9F043A9B006460C4604A8F7F7D9FA01
:10223000012302A809948DF8423002238DF828303A
:10224000F7F76EFA04A902A8F7F78AFA02A930464E
:10225000EAF7D4FD9DF821500DBB16A804F11C0827
:10226000F7F7BFFA0820EEF79BF90746F8F7DEFE0E
:10227000638CAB421ED1E38A04F11005626B9A4273
:1022800007D101AA00212846F7F730FA0198F8F79C
:1022900022FF39462846F7F7B6F9E38AA36302A975
:1022A0003046EAF7ACFD02A8F7F77CFA002029B027
:1022B000BDE8F0836A46A9B24046F7F7E8F900287E
:1022C000F5D1009B16A81A685B681B921B788DF8E5
:1022D0007030FEF7DBFB0028E9D110200135EEF766
:1022E0005FF98146F8F709FD04A94846F9F72CF98A
:1022F00049463846F8F7C6FEBAE7012A03D101F18C
:10230000100000F06FB9022A01D1FFF789BF4FF426
:102310008170704770B50D4614460978B8B1092927
:1023200015D1A868F0F728FF012806D10021204622
:10233000F0F7ACFF0025284670BDAB682046DA8870
:102340001968013A013192B2F1F72AF8F2E72A4608
:102350002046E688F3F70BFD05460028EBD1E3881D
:102360009A1B012AE2D0013B711C324620469B1B7E
:1023700089B29BB2F1F7BEF9DDE783682DE9F3413D
:1023800007468846DE8812B11646013A92B21546D3
:10239000B54201D100241EE06A462946B868F8F724
:1023A00057FF0446B8B900990B78022B19D1009B4E
:1023B0009868C388A34201D10135E9E701AA214603
:1023C000F8F746FF034628B942460199FFF7A2FFF6
:1023D000034620B11C46204602B0BDE8F08101341E
:1023E000E5E74246FFF796FF04460028E4D0F2E70F
:1023F0002DE9F04701F110059CB080460E462846B5
:10240000F1F746F80AA8F7F7ECF9012304A80F96AC
:102410008DF85A3002238DF84030F7F781F90AA978
:1024200004A8F7F79DF904A94046EAF7E7FC9DF8F0
:102430003970002F6AD0002404A94046EAF7DFFC77
:1024400014B12846F1F724F804A8F7F7ABF92046B1
:102450001CB0BDE8F087019B0AA940461A685B687A
:102460000F921A788DF84020B3F802A0FFF798FB7E
:102470000446002837D19DF85B30002B3DD09DF8F5
:102480002830092B39D102A8F2F7EAFE06A8F8F79E
:1024900034FC06AA02A90C98F4F7D8F8044618B13F
:1024A00006A8F8F73DFEC7E79DF81830013B012B61
:1024B0001DD85246294606A8FFF75FFF04460028AC
:1024C000EED106A8F8F72CFE01370AA8F7F79DF918
:1024D000B9B2738C8B42AED001AA4846F7F7D7F851
:1024E00004460028B7D02846F0F7D2FFA4E72A46D2
:1024F0000AA90120FFF70EFFE0E72A460AA90020FB
:10250000FFF708FF04460028DED095E706F11C0916
:10251000DEE7012A03D101F11000F0F7B9BF022A6A
:1025200001D1FFF765BF4FF48170704770B50E7E23
:1025300005460C46CEB1486900F0E0F9864214D851
:1025400060690388122B0CD8062B0ED9073B0B2B86
:102550000BD8DFE803F0140D0A0A0A0A0A0A1B0A5C
:102560000A213E2B24D0402B1BD04FF4817070BD2C
:1025700004F12002217EBDE87040FFF7D9BD227E24
:1025800001462846BDE87040FFF7B7BE2146284601
:10259000BDE87040FFF76EBB2146BDE87040FFF715
:1025A00090BC224601462846BDE87040FFF749BD71
:1025B000227E01462846BDE87040FFF7AABF38B525
:1025C000054608200C46EDF7EBFF08B1C0E90054C2
:1025D00038BD000008B1033070470148704700BFA4
:1025E0004E9D060837B504460025E388AB4205D169
:1025F0002046F7F71DF8002003B030BD01AAA9B2AC
:102600002046F7F744F80028F6D101980135F8F78D
:1026100062FDEAE773B505460026EB88B34206D1B2
:1026200000242846F7F704F8204602B070BD01AA3E
:10263000B1B22846F7F72BF804460028F1D1019BE8
:1026400001365868EEF774F8E7E7FFF7E3BF37B5F0
:1026500004460025E388AB4205D12046F6F7E8FFA3
:10266000002003B030BD01AAA9B22046F7F70FF849
:102670000028F6D1019B01355868EEF759F8E9E7D3
:1026800073B505460026B1B2EB888B4206D1002413
:102690002846F6F7CDFF204602B070BD01AA2846B5
:1026A000F6F7F5FF013604460028F1D1019B586882
:1026B000EEF73EF8019B9868EEF73AF8019BD86870
:1026C000EEF736F8019B1869EEF732F8DBE773B5E1
:1026D0000446B0B1C06850B1F0F7DAFEE0680C30E3
:1026E000F0F7D6FEE068EEF723F80023E3602388D6
:1026F000122B66D007D8072B67D00F2B1FD0012BCA
:1027000016D002B070BD3E2B6AD0402B30D0282BA3
:10271000F7D104F11000FFF77DFF04F12000F0F77E
:10272000B7FE04F1300002B0BDE87040F6F7C0BF5C
:1027300004F1100002B0BDE87040F8F7F1BC0025CC
:1027400004F11400F7F70EFC04F140006563F0F7A4
:102750009FFE04F15400F0F79BFE04F16400FFF7C4
:1027600076FF606F0028CCD0EDF7E2FF6567C8E721
:1027700004F12000F0F78CFE04F11400F0F788FE5D
:1027800004F12C0002B0BDE87040FFF779BF01AA48
:10279000A9B23046F6F77BFF38B901980430F0F75C
:1027A00077FE01981030F0F773FE0135E38DAB42F0
:1027B000EDD104F11400F1F7E9F83046F6F738FFEF
:1027C0009FE7002504F12806F0E704F11000FFF769
:1027D00009FF04F11C0002B0BDE87040FFF71ABF0A
:1027E00004F11000F0F754FE04F11C00FFF712FF93
:1027F00004F12C0002B0BDE87040F0F749BE038838
:10280000013B7A2B71D8DFE803F076705A505C3EBA
:102810006E5C707076487070407076685C5E3E3EAC
:102820005C50503E3E72727270707070707070705A
:102830007068725E76503E706E5E70707070707010
:10284000707070707070707270523E707070703E08
:102850007458707670745C70707070707070707096
:102860007070705E606670707070707070705850CC
:102870005A3E7070707070706A746C7072707070A4
:102880007070705A7600042070478378012B30D81E
:10289000002B14BF0920082070478378012B2AD908
:1028A000022B14BF06200420704705207047837850
:1028B000002B14BF0620052070470C207047032012
:1028C0007047092070470A2070478378032B34BF74
:1028D00019201A20704715207047072070471320D1
:1028E00070470D2070470820704701207047062070
:1028F00070470B20704702207047000003885B2B55
:1029000000F2BE80022B01D800207047033B582BF9
:10291000FAD801A252F823F07D2A06087D2A06087B
:102920001D2B0608012B06081D2B0608252B060863
:1029300009290608092906081D2B0608F52A060894
:102940000929060809290608E92A060809290608A6
:102950007D2A0608052B0608092906087D2A06088F
:102960000929060809290608092906087D2A0608F2
:10297000092906087D2A06080929060809290608E2
:102980007D2A0608012B06080929060809290608D8
:102990000929060809290608092906080929060837
:1029A0000929060809290608092906087D2A0608B2
:1029B00009290608012B060809290608092906081D
:1029C000092906087D2A0608092906081D2B06087C
:1029D00009290608092906080929060809290608F7
:1029E00009290608092906080929060809290608E7
:1029F00009290608092906080929060809290608D7
:102A00007D2A06081D2B06087D2A06081D2B0608B0
:102A10001D2B0608092906080929060809290608A0
:102A2000092906081D2B060809290608092B06088E
:102A30000929060809290608092906080929060896
:102A40007D2A060809290608092906080929060811
:102A50000929060809290608092906080929060876
:102A60000929060809290608092906080929060866
:102A7000092906087D2A06080D2B06080120704743
:102A8000683B9AB2132A3FF63FAF132B3FF63CAF99
:102A900001A252F823F000BF192B060809290608E5
:102AA0000929060809290608092906080929060826
:102AB00009290608012B0608012B0608212B060808
:102AC000092906087D2A0608092906080929060891
:102AD00009290608092906080929060809290608F6
:102AE000012B0608212B06088378012B8CBF0620BA
:102AF000042070478378032B34BF08200A207047D6
:102B00000320704704207047082070478378032B08
:102B100034BF0120022070470B207047022070470D
:102B2000052070470620704738B5837C04460D4663
:102B3000A3B12430F3F724F801280FD0294604F17B
:102B40001400F3F71DF8013008D094F8203043F05A
:102B5000800384F8203084F83D3038BD94F820306C
:102B600003F07F03F5E70B4610B4097E01290CD171
:102B70009868B0B1C2880189521A062A11D15969E0
:102B80005DF8044B0331F0F74DBE5C692288122AD0
:102B90003AD013D8082A2BD008D8012A23D0072AE4
:102BA00038D04FF481705DF8044B70470F2AF8D18C
:102BB0000A4621465DF8044BF9F718BA3E2A2FD091
:102BC00009D8172A1AD0282AEBD10A4621465DF8DF
:102BD000044BF9F724BF402AE3D10A4621465DF8A9
:102BE000044BF9F7C4BD18465DF8044BF9F7AAB8D1
:102BF0000A4621465DF8044BF9F7AFB820461A465D
:102C00005DF8044BF9F7D4BE20461A465DF8044B34
:102C1000FAF734B80A4621465DF8044BFAF772B960
:102C20000A4621465DF8044BFAF76CBC024B0A4693
:102C30000146186800F064B8D4C00020014B186841
:102C4000704700BFD4C0002070477047024B014658
:102C5000186800F00BB900BFD4C00020024B014639
:102C6000186800F063B800BFD4C0002001390244E6
:102C700010B5904201D1002005E0037811F8014F12
:102C8000A34201D0181B10BD0130F2E70A44431ED5
:102C9000914200D1704710B511F8014B914203F8F1
:102CA000014FF9D110BD884210B501EB020402D9E1
:102CB0008442234607D8431EA14208D011F8012BB5
:102CC00003F8012FF8E7024401468A4200D110BD03
:102CD00013F8014D02F8014DF7E702440346934211
:102CE00000D1704703F8011BF9E70000034B10B552
:102CF0000446196800F066F8204610BDD4C00020D4
:102D000037B5A1FB02244CB91146019200F0AEF890
:102D1000019A054630B9284603B030BD0C22002583
:102D20000260F8E72146FFF7D8FFF4E737B500293E
:102D300043D051F8043C0C1F0190002BB8BFE4189D
:102D400000F03AFB1E4A0198136833B963601460BF
:102D500003B0BDE8304000F035BBA34208D9256878
:102D600061198B4201BF19685B6849192160EDE761
:102D70001A465B680BB1A342FAD911685518A542EF
:102D80000BD12468214454181160A342E0D11C687F
:102D90005B68214453601160DAE702D90C230360B9
:102DA000D6E7256861198B4202BF19685B6849192B
:102DB000636008BF21605460CAE703B030BD00BF44
:102DC00058D2002070B5164C054608460E4600F055
:102DD000F3FA236843B10021304600F059FA421C4F
:102DE00003461CBF20681B1A0E4A0020126892B9C5
:102DF0000D4C23601B1A20623046E3612E4600F022
:102E0000E1FA0FCC0FC60FCC0FC694E8030086E89A
:102E10000300284670BD116852680844E7E700BF08
:102E20005CD2002058D2002030D2002070B50E4E67
:102E30000C460546316811B900F02AFA3060214687
:102E4000284600F025FA431C0AD0C41C24F00304D1
:102E5000A04207D0211A284600F01AFA013001D109
:102E60004FF0FF34204670BD5CD200202DE9F041C8
:102E7000CD1C074625F0030508350C2D38BF0C2561
:102E8000002D01DBA94205D90C2300263B6030460A
:102E9000BDE8F0812E4E00F08FFA33681C4634BB3B
:102EA00029463846FFF7C2FF431C04464DD134681B
:102EB0002646002E40D123683146384604EB0308ED
:102EC00000F0E6F980453AD12168033538466D1A9D
:102ED00025F0030508350C2D38BF0C252946FFF7D2
:102EE000A5FF01302BD023682B4423600EE022681D
:102EF000521B1ED40B2A16D96119A342256018BF94
:102F00005960636808BF316062514B6004F10B0681
:102F1000384600F057FA231D26F00706F21AB6D0FD
:102F20009B1BA350B3E76268A3420CBF32605A6098
:102F3000ECE723466468B2E734467668B9E70C23C9
:102F400038463B6000F03EFAA1E72560DEE700BFAF
:102F500058D200202DE9F047164699468A68074660
:102F60000B690C46DDF820809342B8BF13463360EE
:102F700091F843200AB1013333602368990642BFB8
:102F8000336802333360256815F0060506D104F175
:102F9000190AE36832689B1AAB4229DC94F8432093
:102FA000131E226818BF012392062ED404F1430297
:102FB00049463846C047013021D023681A3454F8B6
:102FC0000E5C03F0060332680026042B54F8123C12
:102FD00008BFAD1A54F80A2C14BF002525EAE57580
:102FE0009342C4BF9B1AED18B5421AD1002008E0E5
:102FF0000123524649463846C047013003D14FF0BD
:10300000FF30BDE8F0870135C3E7E1185A1C3020D6
:103010000233224481F8430094F8451082F84310AB
:10302000C4E70123224649463846C0470130E6D06E
:103030000136D9E72DE9FF470F7E914680460C46C1
:10304000782F9A460C9D01F1430207D8622F0AD8C7
:10305000002F00F0D880582F00F0A38004F1420523
:1030600084F842703AE0A7F16303152BF6D801A16A
:1030700051F823F0CD300608E13006085D3006082F
:103080005D3006085D3006085D300608E130060850
:103090005D3006085D3006085D3006085D300608C4
:1030A000ED31060811310608CF3106085D300608FB
:1030B0005D3006080F3206085D300608113106083B
:1030C0005D3006085D300608D73106082B681A1DEA
:1030D0001B682A6004F1420584F842300123A3E012
:1030E00020682968060601F104030AD50E682B60E2
:1030F000002E03DA2D23764284F843305E480A23FB
:1031000019E00E6810F0400F2B6018BF36B2EFE7E1
:103110002B682068191D2960010601D51E6802E090
:103120004606FBD51E886F2F53480CBF08230A2381
:10313000002184F843106568002DA560A2BF2168B6
:1031400021F0040121600EB9002D4DD01546B6FBCB
:10315000F3F103FB1167C75D05F8017D37460E46A5
:10316000BB42F4D9082B0BD12368DE0708D52369AD
:1031700061689942DEBF302305F8013C05F1FF3557
:10318000521B22614B4603AA21464046CDF800A0BF
:10319000FFF7E0FE01304CD14FF0FF3004B0BDE846
:1031A000F087354881F845702968236851F8046B29
:1031B00029601D0614D5DF0744BF43F020032360B8
:1031C0001EB9236823F0200323601023B0E723688F
:1031D00043F0200323607823284884F84530E3E750
:1031E000590648BFB6B2E6E71546BBE72B68266826
:1031F000181D6169286035061B6801D5196002E059
:103200007006FBD51980002315462361BAE72B68A9
:1032100000211A1D2A601D686268284600F0BEF869
:1032200008B1401B606063682361002384F8433069
:10323000A8E723692A4649464046D0470130ABD02B
:1032400023689B0713D4E068039B9842B8BF1846D5
:10325000A4E70123324649464046D04701309BD07F
:103260000135E36803995B1AAB42F2DCEBE700251A
:1032700004F11906F5E700BFBB9C0608B89E0608D6
:10328000024B0A460146186800F0A2B8D4C00020DC
:1032900038B50023054D044608462B60EDF7B6FD12
:1032A000431C02D12B6803B1236038BD60D20020DB
:1032B0000CB4184B30B50C1E9DB01D6808DA8B237A
:1032C0004FF0FF302B601DB0BDE8304002B07047BA
:1032D0004FF402730290069002A9ADF8143014BFA7
:1032E00004F1FF332346209A2846049307934FF6B0
:1032F000FF73ADF8163021AB019300F0F3F8431CD7
:10330000BCBF8B232B60002CDDD0029B00221A70E7
:10331000D9E700BFD4C00020024B01461868FFF770
:10332000B7BF00BFD4C0002030B514469BB00546DF
:103330001A46002C05DA8B2303604FF0FF301BB0D8
:1033400030BD4FF40273009104916946ADF80C3022
:1033500014BF04F1FF332346029305934FF6FF7326
:10336000ADF80E301E9B00F0BDF8431CBCBF8B2394
:103370002B60002CE3D0009B00221A70DFE70000D6
:1033800007B5009313460A46014603480068FFF755
:10339000CBFF03B05DF804FBD4C00020C9B20244E7
:1033A00010B59042034601D1002303E01C780130A0
:1033B0008C42F6D1184610BD0148FFF745BC00BF4E
:1033C0002CD200200148FFF740BC00BF2CD20020C7
:1033D0002DE9F041804614460E4621B91146BDE85C
:1033E000F041FFF743BD2AB92546FFF79FFC284669
:1033F000BDE8F08100F076F98442074602D8B4EBCC
:10340000500F12D821464046FFF730FD05460028F0
:10341000EDD0BC422246314628BF3A46FFF736FC83
:1034200031464046FFF782FCE1E73546DFE72DE90C
:10343000F0478E6882460C4690469E421F4638D81A
:103440008A8912F4906F32D0256801330969A5EB9F
:103450000109656905EB45054B4405EBD5756D1014
:103460009D4238BF1D46530531D52946FFF7FEFC66
:10347000064650B90C234FF0FF30CAF80030A3893C
:1034800043F04003A381BDE8F0874A462169FFF776
:10349000FDFBA38923F4906343F08003A38126619D
:1034A0004E446561A5EB090526603E46A560BE4217
:1034B00000D93E46324641462068FFF7F4FBA36838
:1034C00000209B1BA360236833442360DBE72A466C
:1034D000FFF77EFF06460028E1D121695046FFF73D
:1034E00025FCC7E72DE9F04F98468B899DB007462C
:1034F0001B060D4614460ED50B6963B94021FFF734
:10350000B5FC2860286120B90C233B604FF0FF30E8
:10351000D1E040236B610023CDF80C804FF001090E
:10352000DFF8AC81099320238DF8293030238DF802
:103530002A3023469A4613F8012B0AB1252AF9D1DD
:10354000BAEB040B0BD05B46224629463846FFF700
:103550006EFF013000F0AA80099A5A4409929AF845
:103560000030002B00F0A28000234FF0FF320AF160
:10357000010A049307938DF853301A93CDE905237C
:1035800054460522524814F8011BFFF707FF049A1E
:10359000D8B9D00644BF20238DF85330110744BF5B
:1035A0002B238DF853309AF800302A2B15D0079A28
:1035B000544600204FF00A0C214611F8013B303BE5
:1035C000092B4ED9B0B1079214E0A0EB0803A24634
:1035D00009FA03F313430493D2E7039B191D1B68F5
:1035E000002B0391BBBF5B4242F00202079307939B
:1035F000B8BF049223782E2B0CD163782A2B35D1B7
:10360000039B02341A1D1B68002B0392B8BF4FF0B6
:10361000FF330593DFF8C8A0032221785046FFF757
:10362000BDFE40B14023A0EB0A00013403FA00F0D4
:10363000049B0343049314F8011B062225488DF8CC
:103640002810FFF7ABFE002838D0234B1BBB039B91
:10365000073323F0070308330393099B334409938B
:1036600067E70CFB02320C460120A5E7002301347A
:103670004FF00A0C19460593204610F8012B303AFA
:10368000092A03D9002BC5D00591C3E70CFB012102
:1036900004460123F0E703AB2A4604A93846009309
:1036A0000E4B00E000BF421C0646D6D1AB895B063C
:1036B0003FF52CAF09981DB0BDE8F08F03AB2A464B
:1036C00004A938460093054BFFF7B4FCEBE700BFB5
:1036D000C99E0608D39E0608000000002F34060885
:1036E000CF9E060851F8043C181F002BBCBF0B5896
:1036F000C018704781F0004102E000BF83F0004332
:1037000030B54FEA41044FEA430594EA050F08BF7C
:1037100090EA020F1FBF54EA000C55EA020C7FEA40
:10372000645C7FEA655C00F0E2804FEA5454D4EBBD
:103730005555B8BF6D420CDD2C4480EA020281EA87
:10374000030382EA000083EA010180EA020281EABF
:103750000303362D88BF30BD11F0004F4FEA013111
:103760004FF4801C4CEA113102D0404261EB410120
:1037700013F0004F4FEA03334CEA133302D05242A6
:1037800063EB430394EA050F00F0A780A4F1010462
:10379000D5F1200E0DDB02FA0EFC22FA05F280189C
:1037A00041F1000103FA0EF2801843FA05F3594182
:1037B0000EE0A5F120050EF1200E012A03FA0EFC01
:1037C00028BF4CF0020C43FA05F3C01851EBE3712B
:1037D00001F0004507D54FF0000EDCF1000C7EEB48
:1037E00000006EEB0101B1F5801F1BD3B1F5001F86
:1037F0000CD349085FEA30004FEA3C0C04F10104A5
:103800004FEA445212F5800F80F09A80BCF1004FCD
:1038100008BF5FEA500C50F1000041EB045141EA4F
:10382000050130BD5FEA4C0C404141EB0101013C18
:1038300028BFB1F5801FE9D291F0000F04BF014607
:103840000020B1FA81F308BF2033A3F10B03B3F1D9
:1038500020020CDA0C3208DD02F1140CC2F10C0269
:1038600001FA0CF021FA02F10CE002F11402D8BFC7
:10387000C2F1200C01FA02F120FA0CFCDCBF41EA93
:103880000C019040E41AA2BF01EB0451294330BD62
:103890006FEA04041F3C1CDA0C340EDC04F114043F
:1038A000C4F1200220FA04F001FA02F340EA030016
:1038B00021FA04F345EA030130BDC4F10C04C4F15C
:1038C000200220FA02F001FA04F340EA030029463C
:1038D00030BD21FA04F0294630BD94F0000F83F486
:1038E000801306BF81F480110134013D4EE77FEA69
:1038F000645C18BF7FEA655C29D094EA050F08BFB5
:1039000090EA020F05D054EA000C04BF1946104695
:1039100030BD91EA030F1EBF0021002030BD5FEAD9
:10392000545C05D14000494128BF41F0004130BD01
:1039300014F580043CBF01F5801130BD01F0004555
:1039400045F0FE4141F470014FF0000030BD7FEAC8
:10395000645C1ABF194610467FEA655C1CBF0B46C3
:10396000024650EA013406BF52EA033591EA030FDA
:1039700041F4002130BD00BF90F0000F04BF0021D2
:10398000704730B54FF4806404F132044FF0000505
:103990004FF0000150E700BF90F0000F04BF00217E
:1039A000704730B54FF4806404F1320410F00045E4
:1039B00048BF40424FF000013EE700BF42004FEADF
:1039C000E2014FEA31014FEA02701FBF12F07F435C
:1039D00093F07F4F81F06051704732F07F4208BF13
:1039E000704793F07F4F04BF41F40021704730B51A
:1039F0004FF4607401F0004521F000411CE700BF66
:103A000050EA010208BF704730B54FF000050AE0E8
:103A100050EA010208BF704730B511F0004502D5E9
:103A2000404261EB41014FF4806404F132045FEAEB
:103A3000915C3FF4D8AE4FF003025FEADC0C18BF94
:103A400003325FEADC0C18BF033202EBDC02C2F186
:103A5000200300FA03FC20FA02F001FA03FE40EA18
:103A60000E0021FA02F11444BDE600BF70B54FF01C
:103A7000FF0C4CF4E06C1CEA11541DBF1CEA1355FA
:103A800094EA0C0F95EA0C0F00F0DEF82C4481EA62
:103A9000030621EA4C5123EA4C5350EA013518BF82
:103AA00052EA033541F4801143F4801338D0A0FB6F
:103AB00002CE4FF00005E1FB02E506F00042E0FB1C
:103AC00003E54FF00006E1FB03569CF0000F18BF22
:103AD0004EF0010EA4F1FF04B6F5007F64F54074CA
:103AE00004D25FEA4E0E6D4146EB060642EAC6215D
:103AF00041EA55514FEAC52040EA5E504FEACE2ECA
:103B0000B4F1FD0C88BFBCF5E06F1ED8BEF1004FCC
:103B100008BF5FEA500E50F1000041EB045170BD48
:103B200006F0004646EA010140EA020081EA03018C
:103B3000B4EB5C04C2BFD4EB0C0541EA045170BD88
:103B400041F480114FF0000E013C00F3AB8014F102
:103B5000360FDEBF002001F0004170BDC4F100044B
:103B6000203C35DA0C341BDC04F11404C4F12005CC
:103B700000FA05F320FA04F001FA05F240EA020027
:103B800001F0004221F0004110EBD37021FA04F65D
:103B900042EB06015EEA430E08BF20EAD37070BD17
:103BA000C4F10C04C4F1200500FA04F320FA05F076
:103BB00001FA04F240EA020001F0004110EBD37078
:103BC00041F100015EEA430E08BF20EAD37070BDE8
:103BD000C4F1200500FA05F24EEA020E20FA04F3C1
:103BE00001FA05F243EA020321FA04F001F0004170
:103BF00021FA04F220EA020000EBD3705EEA430EE1
:103C000008BF20EAD37070BD94F0000F0FD101F00F
:103C10000046400041EB010111F4801F08BF013C48
:103C2000F7D041EA060195F0000F18BF704703F086
:103C30000046520043EB030313F4801F08BF013D0D
:103C4000F7D043EA0603704794EA0C0F0CEA1355C9
:103C500018BF95EA0C0F0CD050EA410618BF52EA83
:103C60004306D1D181EA030101F000414FF0000089
:103C700070BD50EA410606BF1046194652EA430697
:103C800019D094EA0C0F02D150EA013613D195EA0B
:103C90000C0F05D152EA03361CBF104619460AD153
:103CA00081EA030101F0004141F0FE4141F470015D
:103CB0004FF0000070BD41F0FE4141F4780170BD4D
:103CC00070B54FF0FF0C4CF4E06C1CEA11541DBFB2
:103CD0001CEA135594EA0C0F95EA0C0F00F0A7F8B4
:103CE000A4EB050481EA030E52EA03354FEA0131E1
:103CF00000F088804FEA03334FF0805545EA1313F4
:103D000043EA12634FEA022245EA111545EA1065BB
:103D10004FEA00260EF000419D4208BF964244F152
:103D2000FD0404F5407402D25B084FEA3202B61A71
:103D300065EB03055B084FEA32024FF480104FF445
:103D4000002CB6EB020E75EB030E22BFB61A7546B9
:103D500040EA0C005B084FEA3202B6EB020E75EB4C
:103D6000030E22BFB61A754640EA5C005B084FEAB4
:103D70003202B6EB020E75EB030E22BFB61A754681
:103D800040EA9C005B084FEA3202B6EB020E75EB8C
:103D9000030E22BFB61A754640EADC0055EA060E4D
:103DA00018D04FEA051545EA16754FEA06164FEA90
:103DB000C30343EA52734FEAC2025FEA1C1CC0D13C
:103DC00011F4801F0BD141EA00014FF000004FF0C9
:103DD000004CB6E711F4801F04BF01430020B4F18A
:103DE000FD0C88BFBCF5E06F3FF6AFAEB5EB030C42
:103DF00004BFB6EB020C5FEA500C50F1000041EB3F
:103E0000045170BD0EF0004E4EEA113114EB5C040B
:103E1000C2BFD4EB0C0541EA045170BD41F48011DE
:103E20004FF0000E013C90E645EA060E8DE60CEAE6
:103E3000135594EA0C0F08BF95EA0C0F3FF43BAF03
:103E400094EA0C0F0AD150EA01347FF434AF95EABA
:103E50000C0F7FF425AF104619462CE795EA0C0F9E
:103E600006D152EA03353FF4FDAE1046194622E76B
:103E700050EA410618BF52EA43067FF4C5AE50EA45
:103E800041047FF40DAF52EA43057FF4EBAE12E735
:103E90004FEA410212F5001215D211D56FF4787372
:103EA000B3EB625212D94FEAC12343F0004343EA15
:103EB000505311F0004F23FA02F018BF40427047F0
:103EC0004FF00000704750EA013005D111F000407A
:103ED00008BF6FF0004070474FF00000704700BF10
:103EE0004A0011D212F5001211D20DD56FF4787379
:103EF000B3EB62520ED44FEAC12343F0004343EACE
:103F0000505323FA02F070474FF00000704750EA18
:103F1000013002D14FF0FF3070474FF00000704782
:103F20007BB972B90029BEBF00204FF0004106E006
:103F300008BF00281CBF6FF000414FF0FF3000F0B9
:103F4000CDB9ADF1080C6DE904CE002909DB002BD9
:103F50001ADB00F04DF8DDF804E0DDE9022304B0DF
:103F60007047404261EB4101002B1BDB00F040F841
:103F7000DDF804E0DDE9022304B0404261EB4101D9
:103F8000524263EB43037047524263EB430300F03A
:103F90002FF8DDF804E0DDE9022304B0404261EBD4
:103FA00041017047524263EB430300F021F8DDF812
:103FB00004E0DDE9022304B0524263EB430370479F
:103FC00053B94AB9002908BF00281CBF4FF0FF3180
:103FD0004FF0FF3000F082B9ADF1080C6DE904CE6E
:103FE00000F006F8DDF804E0DDE9022304B07047D4
:103FF0002DE9F04F099D04460F46002B48D18A4217
:10400000944661D9B2FA82F343B1C3F120019F40D3
:1040100002FA03FC9C4020FA01F10F434FEA1C41D5
:104020001FFA8CFE220CB7FBF1F601FB167706FB9C
:104030000EF042EA0742904208D91CEB020206F158
:10404000FF3702D2904200F237813E46121AA4B2E4
:10405000B2FBF1F001FB102200FB0EFE44EA024429
:10406000A64508D91CEB040400F1FF3202D2A64594
:1040700000F21C81104640EA0640A4EB0E04002624
:104080001DB1DC400023C5E900433146BDE8F08F97
:104090008B4209D9002D00F0FD800026C5E9000102
:1040A00030463146BDE8F08FB3FA83F6002E4BD18F
:1040B0008B42C0F0F280824240F2EF803046002D09
:1040C000E3D0C5E90047E0E702B9FFDEB2FA82F3C8
:1040D000002B40F09D80891A4FEA124E97B20126BC
:1040E000200CB1FBFEF20EFB121140EA014107FB6E
:1040F00002F088420FD91CEB010102F1FF382CBFFE
:104100004FF001094FF00009884203D9B9F1000FBF
:1041100000F0CF804246091AA4B2B1FBFEF00EFBBC
:10412000101100FB07F744EA0144A74208D91CEB31
:10413000040400F1FF3102D2A74200F2B480084625
:10414000E41B40EA02409BE7C6F12007B34001FAB6
:1041500006F422FA07FCF940B2404CEA030C20FABC
:1041600007F34FEA1C491C431FFA8CFE00FA06F3C2
:10417000200CB1FBF9F809FB181140EA014108FBDA
:104180000EF088420FD91CEB010108F1FF3A2CBF59
:104190004FF0010B4FF0000B884203D9BBF1000F29
:1041A00000F08D80D046091AA4B2B1FBF9F009FBEA
:1041B000101100FB0EFE44EA01418E4507D91CEBAD
:1041C000010100F1FF3401D28E457FD8204640EA3C
:1041D0000840A1EB0E01A0FB029841454C46C646A3
:1041E00002D306D14B4504D20138B9EB020468EB87
:1041F0000C0E002D70D01A1B61EB0E0122FA06F393
:1042000001FA07F7F14000261F43C5E900713CE7BA
:1042100002FA03FCC3F1200001FA03F221FA00F6CE
:104220004FEA1C4E24FA00F11FFA8CF79C40114310
:10423000B6FBFEF00A0C0EFB106642EA064200FBDB
:1042400007F696420ED91CEB020200F1FF382CBF94
:104250004FF001094FF00009964202D9B9F1000F61
:1042600031D04046921B89B2B2FBFEF60EFB1622FD
:1042700041EA024106FB07F28A4207D91CEB010121
:1042800006F1FF3801D28A4223D84646891A46EA07
:10429000004625E72E462846F7E6841A61EB03031D
:1042A00001201F460BE76444023849E764440238A2
:1042B000E1E6023A61442EE7023E6244C6E6A8F116
:1042C000020861446FE702386244CBE70238614478
:1042D0007DE7023E6144D9E72E46D6E6704700BF2F
:1042E00010F8012B11F8013B012A28BF9A42F7D0A0
:1042F000D01A7047034613F8012B002AFBD1181A75
:1043000001387047020000000003000000000000B8
:10431000000103020601050402010302010300007B
:10432000040100000000030202000403000000007A
:10433000000001030200010004030000000004006B
:104340000000000000000102556E61626C6520747F
:104350006F20777269746520706172616D65746534
:10436000727320746F204170705F5065727369734F
:1043700074656E740050524F56204441540052658B
:10438000626F6F742E002573203A2050524F565F93
:104390005245545F494E56414C49445F5041524149
:1043A0004D2E0025733A20556E61626C6520746F46
:1043B00020726561642063757272656E746C792019
:1043C00073746F72656420706172616D657465727B
:1043D0007320696E204170705F50657273697374E9
:1043E000656E74002573203A2050524F565F524537
:1043F000545F494E56414C49445F444154412E005C
:104400002573203A2050524F565F5245545F494E13
:1044100056414C49445F44415441202863426F72E5
:104420004572726F72202564292E0050726F766972
:1044300073696F6E696E67206461746120697320AF
:1044400076616C69642E004170706C79696E6720CA
:104450006E6574776F726B20706172616D657465E3
:1044600072732E005374617274696E672070726F7C
:10447000766973696F6E696E672070726F636573BA
:10448000732100556E61626C6520746F20696E69DE
:104490007469616C697A65204170705F50657273F0
:1044A000697374656E740050726F766973696F6EAC
:1044B000696E6720706172616D65746572732066E4
:1044C000726F6D20636F6E6669672E6D6B210041A0
:1044D00075746F6D61746963204E6F64652041640B
:1044E0006472657373696E6720697320656E6162BB
:1044F0006C65642100556E61626C6520746F207379
:104500006574204175746F6D61746963204E6F64CA
:1045100065204164647265737300556E61626C65F9
:1045200020746F20777269746520746F20417070F9
:104530002050657273697374656E74004141414126
:1045400041414141414141414141414100323232C9
:10455000323232323232323232323232320031326E
:10456000333435360077777777777777777777775C
:1045700077777777770025733A20556E61626C659F
:1045800020746F20726561642041707020506572E4
:1045900073697374656E740025733A20556E616299
:1045A0006C6520746F20726561642063757272653A
:1045B0006E74204E494320506172616D657465725E
:1045C000732E0050726F766973696F6E696E675FE4
:1045D000446174615F726561645F706172616D6591
:1045E000746572730050726F766973696F6E696E6D
:1045F000675F446174615F69735F6E69635F707266
:104600006F766973696F6E65640050726F76697357
:10461000696F6E696E675F446174615F6465636F43
:10462000646500000000891112239B322446AD57B7
:104630003665BF74488CC19D5AAFD3BE6CCAE5DBEA
:104640007EE9F7F88110080193331A22A5562C470A
:10465000B7753E64C99C408DDBBF52AEEDDA64CBCA
:10466000FFF976E802218B30100299132667AF76A6
:104670003444BD554AADC3BC588ED19F6EEBE7FAAA
:104680007CC8F5D983310A2091121803A7772E66CA
:10469000B5543C45CBBD42ACD99E508FEFFB66EA8A
:1046A000FDD874C904428D5316619F702004A9156A
:1046B0003227BB364CCEC5DF5EEDD7FC6888E1996A
:1046C0007AABF3BA85520C4397711E60A11428058A
:1046D000B3373A26CDDE44CFDFFD56ECE99860894A
:1046E000FBBB72AA06638F7214409D512225AB3426
:1046F0003006B9174EEFC7FE5CCCD5DD6AA9E3B82A
:10470000788AF19B87730E6295501C41A3352A2449
:10471000B1163807CFFF46EEDDDC54CDEBB962A809
:10472000F99A708B088481951AA793B62CC2A5D3E9
:104730003EE1B7F04008C919522BDB3A644EED5FF9
:10474000766DFF7C899400859BB712A6ADD224C3F9
:10475000BFF136E0C1184809D33B5A2AE55E6C4FD9
:10476000F77D7E6C0AA583B4188691972EE3A7F295
:104770003CC0B5D14229CB38500AD91B666FEF7EB9
:10478000744CFD5D8BB502A499961087AFF326E2B9
:10479000BDD034C1C3394A28D11A580BE77F6E6E99
:1047A000F55C7C4D0CC685D71EE597F42880A19159
:1047B0003AA3B3B2444ACD5B5669DF78600CE91D79
:1047C000722FFB3E8DD604C79FF516E4A990208179
:1047D000BBB332A2C55A4C4BD7795E68E11C680D59
:1047E000F33F7A2E0EE787F61CC495D52AA1A3B015
:1047F0003882B193466BCF7A5448DD59622DEB3C39
:10480000700EF91F8FF706E69DD414C5ABB122A038
:10481000B9923083C77B4E6AD5585C49E33D6A2C18
:10482000F11E780F4C656E2063616E6E6F742062AE
:104830006520302025750048444C4320202020006E
:10484000546F6F206D75636820617474656D70744A
:10485000732C206469736361726420257500436161
:104860006E6E6F742067656E657261746520544169
:1048700050206D65737361676520666F72206D658A
:1048800074657200496E76616C696420435243001E
:1048900057726F6E672053657120666F7220616377
:1048A0006B2025752076732025750047656E65722F
:1048B0006174696E67204E41434B20666F722025FC
:1048C000750043616E6E6F742067656E657261740A
:1048D000652041434B2F4E41434B0050524F5649A8
:1048E00053494F4E494E475F554152545F424155DF
:1048F00044524154453D25750054582071756575E5
:10490000652066756C6C004E6F204368616C6C6549
:104910006E6765205265636569766564206F6E20F9
:1049200074686520554152542C20736B697070690E
:104930006E672050726F766973696F6E696E67205B
:1049400050726F63657373004E49435F50524F5608
:10495000004D65737361676520746F6F2073686FB6
:104960007274202564203C20256400496E76616CB9
:1049700069642070726F746F636F6C2076657273F8
:10498000696F6E20256400526563656976656420F1
:1049900050726F766973696F6E696E6720506163DC
:1049A0006B6574005265636569766564204465765D
:1049B000696365205265626F6F7420526571756519
:1049C000737400526563656976656420526561643D
:1049D00020506172616D65746572732052657175E6
:1049E00065737400556E737570706F7274656420B2
:1049F000636D642025640053656E64696E672052A0
:104A000065616420506172616D65746572732052D6
:104A10006573706F6E7365004572726F7220696E98
:104A20002074686520676976656E20706172616DBB
:104A30006574657273212050726F766973696F6E49
:104A4000696E675F726573203D2025750053656E42
:104A500064696E672050726F766973696F6E696EF4
:104A6000672052657475726E20436F6465005750FD
:104A7000500A004F4B0A00526563656976656420F1
:104A80006368616C6C656E6765206F6E2074686525
:104A9000205541525400436F756C64206E6F742032
:104AA0006170706C792070726F766973696F6E696E
:104AB0006E6720706172616D65746572732120503C
:104AC000726F766973696F6E696E675F7265732066
:104AD0003D202575004E494320697320616C726545
:104AE0006164792070726F766973696F6E656400B6
:104AF0004E4943206973206E6F742070726F76691F
:104B000073696F6E65642C2077616974696E6720C4
:104B1000666F7220746865206368616C6C656E678F
:104B200065206F6E207468652055415254210049FC
:104B30006E697469616C697A696E67205541525477
:104B4000206174202575206261756472617465004E
:104B5000456E64206F6620707265616D626C6520C1
:104B60006170702C20726573746F72652068656166
:104B700070005052455F41505020004865617020E0
:104B800073697A65203D202575206279746573000C
:104B90004362206973204E554C4C00436F7079205E
:104BA000257520627974657320464C415348202D49
:104BB0003E2052414D206174203078257800496EA6
:104BC000697469616C697A65206273732066726FBB
:104BD0006D203078257820282575206279746573DA
:104BE00029004572726F722066726F6D206D657458
:104BF0006572202575004F50545F502D542000578A
:104C0000726F6E67206161206C6576656C0052651D
:104C100071756573742066726F6D204845532077F7
:104C20006173206E6F7420656E6372797074656451
:104C30002E204E6F20726967687420656C657661FE
:104C400074696F6E20616C6C6F77656421004845F4
:104C5000532072657175657374207472616E736C24
:104C60006174696F6E206661696C75726520257567
:104C700000484553207265717565737420646563DF
:104C80006F64696E67206661696C75726520257551
:104C90000064726F7070696E67206D657373616711
:104CA000652066726F6D20484553004E6F20646129
:104CB00074612066726F6D20484553207768656E79
:104CC00020706173737468726F75676820697320F0
:104CD000726561647900484553207265706C792073
:104CE0007772617070696E67206661696C75726554
:104CF00020257500484553207265706C7920656EDB
:104D0000636F64696E67206661696C7572652025E2
:104D100075004D65746572207265706C79207472CF
:104D2000616E736C6174696F6E206661696C757217
:104D300065004E6F742061626C6520746F2073652E
:104D40006E64206461746120746F20484553206E46
:104D50006F772C207265747279206C6174657200B3
:104D600064726F7070696E67206D657373616765DB
:104D70002066726F6D206D65746572004E6F7420D1
:104D800061626C6520746F2073656E642064617469
:104D90006120746F204845532C2064726F70206D21
:104DA000657373616765005570646174696E67202F
:104DB0004E49432073657276657220696E766F6323
:104DC0006174696F6E20636F756E7465723A202529
:104DD00064004D616C6C6F63203A202068656170DF
:104DE000202575202F20616C6C6F636174656420D1
:104DF0002575202F206672656520257500656E6417
:104E0000206F6620706173737468726F75676800D5
:104E1000506173737468726F75676820697320647A
:104E2000697361626C6564207768656E204E4943E2
:104E300020697320756E7265676973746572656445
:104E40000043616E6E6F74206171756972652074C4
:104E50006865206C6F636B21204D657373616765B6
:104E6000206973206C6F7374007374617274206FA7
:104E70006620706173737468726F7567680046614D
:104E8000696C656420746F20616C6C6F636174651C
:104E9000206D656D6F727920666F7220706173731B
:104EA0007468726F7567682C2065786974696E67BD
:104EB0000072756E5F706173737468726F75676886
:104EC0005F66736D0043616E6E6F74206F62746114
:104ED000696E20696E7465726661636520747970AD
:104EE000652C207573696E672077726170706572CA
:104EF00000434F4D4D4F4E20200053756363657343
:104F00007366756C6C7920726561642070726F765F
:104F10006973696F6E65642073657474696E677315
:104F200020666F7220696E746572666163652074B5
:104F30007970650043616E6E6F74206F6274616991
:104F40006E2062617564726174652C207573696E80
:104F50006720393630300053756363657373667547
:104F60006C6C7920726561642070726F7669736908
:104F70006F6E65642073657474696E677320666F05
:104F8000722062617564726174653A20256400253F
:104F90002E3373256C750053746F7070696E6720C3
:104FA00074686520737461636B20696E20257520B9
:104FB0007365636F6E64730057726F6E6720455040
:104FC0003A2025640057505F434F4D2020004E6F1C
:104FD0007420656E6F756768206461746100577234
:104FE0006F6E67207772617070657220766572737C
:104FF000696F6E0057726F6E6720636C69656E74BF
:105000002061646472657373203078257800556E72
:10501000737570706F7274656420736572766572F3
:105020002061646472657373005573696E67206FE5
:105030006C6420455020666F72206F6E2D64656D24
:10504000616E64206F72204E6963207365727665AD
:10505000722E203220697320746865206E65772077
:105060006F6E6500535441434B5F53544F5050454E
:10507000440053435241545F584645525F53544194
:10508000525445440053435241545F584645525F81
:1050900053544F505045440056616C696420726F00
:1050A00075746520746F2073696E6B203078255895
:1050B000004E6F20726F7574650056616C696420D4
:1050C000726F7574652063616C6C6261636B2068DC
:1050D000617320746F2062652073657400436C698E
:1050E000656E74207374617274656421004E6F2064
:1050F00064737420656E64706F696E7420666F727D
:10510000206F6E2064656D616E64207265706C79CD
:10511000004E6F2073726320656E64706F696E74E9
:1051200020666F72206F6E2064656D616E64207200
:1051300065706C7900556E6B6E6F776E2074797048
:10514000653A2025640050726576696F7573206D2D
:1051500065737361676520776173207374696C6C24
:1051600020696E207175657565004661696C6564BE
:1051700020746F2073656E6420726573706F6E7338
:10518000650057505F4D465520004669726D776146
:1051900072652075706461746520726571756573E0
:1051A0007473206172652064697361626C65642048
:1051B0006966204E494320697320756E7265676980
:1051C000737465726564004E6F2064617461004998
:1051D0006E76616C696420636F6D6D616E64004D05
:1051E000465520636D64202325750076312E3400EA
:1051F00057505F50494E4700526563656976656454
:105200002050494E4720636D6400636C5F72656196
:10521000644C4E20666F722049433A202564004357
:105220004F4E4E5F4D4E4700636C5F726561644C3C
:105230004E20666F7220434C4B3A20256400436C2D
:105240006F636B2063616E6E6F74206368616E675D
:105250006520747970653A20257500436C6F636B27
:105260003A2025750057726F6E6720436C6F636B31
:1052700020747970653A202575004661696C656413
:1052800020746F207265616420636C6F636B3A20D9
:10529000256400496E766F636174696F6E20636F79
:1052A000756E7465723A20257500556E7375707051
:1052B0006F7274656420666F726D617420666F72C0
:1052C00020696E766F636174696F6E20636F756EAF
:1052D0007465723A202575004661696C65642074B6
:1052E0006F207265616420696E766F636174696FA7
:1052F0006E20636F756E7465723A202564004D43AD
:105300004D207374617475732063616C6C626163AA
:105310006B20737562736372696265643A203078DA
:1053200025303858004D434D206F70656E20636105
:105330006C6C6261636B2063616E6E6F742062657A
:10534000206E756C6C00547279696E6720746F20E2
:1053500072652D656E74657220696E204D434D2017
:105360006F70656E2046534D004E6F206D656D6FFA
:10537000727920746F20616C6C6F63617465204D6D
:10538000434D206F70656E20706172616D004D43FA
:105390004D20636C6F73652063616C6C6261636B3D
:1053A0002063616E6E6F74206265206E756C6C0098
:1053B000547279696E6720746F2072652D656E7402
:1053C000657220696E204D434D20636C6F736520BC
:1053D00046534D004E6F206D656D6F727920746F6E
:1053E00020616C6C6F63617465204D434D20636C6C
:1053F0006F736520706172616D00636C6F73655FC0
:10540000636F6E6E656374696F6E5F66736D006F58
:1054100070656E5F636F6E6E656374696F6E5F66F5
:10542000736D000000010000FF00002B0105FF006C
:10543000002B0102FF00002B0103FF496E73746112
:105440006E742070726F66696C652073656E74206F
:1054500077697468207374617475733A20256400E9
:10546000494E5354414E5420005374617469632073
:1054700062756666657220697320746F6F20736D44
:10548000616C6C20282564207673202564290043F4
:10549000616E6E6F7420616C6C6F636174652069FE
:1054A0006E7374616E74616E656F7573206275667C
:1054B000666572206F6620256420627974657300CA
:1054C000496E7374206275666665722061743A2055
:1054D00030782578202873697A65203D202564205E
:1054E00062797465732900726561645F696E7374B3
:1054F000616E74616E656F75735F63623A202564D7
:105500000043616E6E6F742064657465726D696EC0
:105510006520636C6F636B2C2072657475726E20EE
:10552000706572696F64004E65787420696E73747B
:10553000616E74616E656F757320697320696E208A
:10554000256420730052616E646F6D697A617469BD
:105550006F6E2074696D65206973202564206D73FA
:10556000004E6F7468696E6720746F2073656E6497
:10557000004E6F2070726F66696C6520746F2073C7
:10558000656E6400496E7374616E74616E656F75EB
:105590007320707573682064697361626C65640060
:1055A00052656164696E6720696E7374616E7461BF
:1055B0006E656F75732070726F66696C650043610C
:1055C0006E6E6F742074616B65206F7220776169F5
:1055D0007420666F72206C6F636B00496E73746128
:1055E0006E74616E656F7573206275666665722094
:1055F000616C72656164792065786973742C2066CA
:1056000072656520697420746F207265616C6C6FBF
:10561000636174652069740043616E6E6F7420610C
:105620006C6C6F6361746520696E7374616E746114
:105630006E656F75732062756666657200496E737C
:1056400074207265616420706F7374706F6E65642E
:1056500020696E20256C75206D730054696D65207E
:10566000746F2073656E6420696E7374616E74610B
:105670006E656F75732070726F66696C65004E653C
:105680007874207265616420696E202575207365C9
:10569000636F6E6473005374617274696E67207215
:1056A0006561645F696E7374616E74616E656F7558
:1056B000735F70726F66696C655F66736D20696E8B
:1056C000202575206D7300726561645F696E737467
:1056D000616E74616E656F75735F70726F66696C11
:1056E000655F66736D0001005E5B00FF00001909D5
:1056F00000FF52656164696E6720626C6F636B20A6
:105700006C6F61642070726F66696C6500424C4B0F
:105710005F4C4F414400506572696F64206973208B
:10572000696E207468652066757475726520286ED0
:105730006F773A202575203C202575292C20736B26
:10574000697070696E672070726F66696C6520722F
:10575000656164696E670052616E646F6D697A613C
:1057600074696F6E206E65656465643A206E657855
:1057700074207265616420696E2025752073004E67
:105780006F2072616E646F6D697A6174696F6E20EB
:105790006E65656465643A206E6578742072656133
:1057A0006420696E2025752073004E657874207220
:1057B000656164696E6720696E202564206D7300E1
:1057C000426C6F636B6C6F616420707573682064EA
:1057D000697361626C6564004C6174653A2025757B
:1057E00020767320257500547279696E6720746F76
:1057F000207265616420706572696F6420696E2033
:10580000746865206675747572652C206E6F773AC2
:1058100020257520706572696F643A202575202DEA
:10582000202575004E65787420626C6F636B206C68
:105830006F616420696E20257520732028257529E5
:10584000004E6F206E657720646174612C206F7547
:1058500074206F662073796E63006F6E5F6D657480
:1058600065725F726561645F63623A20256400421D
:105870006C6F636B206C6F61642070726F66696C13
:10588000652073656E742077697468207374617421
:1058900075733A20256400536574207374617274C3
:1058A000206F6620696E74657276616C20746F205B
:1058B0002575005374617274696E67207265616446
:1058C0005F626C6F636B5F6C6F61645F70726F6659
:1058D000696C655F66736D2061736170004E6578F9
:1058E0007420426C6F636B206C6F61643A20257585
:1058F000206E6F773A20257500726561645F626C77
:105900006F636B5F6C6F61645F70726F66696C650B
:105910005F66736D000100630100FF000519090057
:10592000FF52656164696E67206461696C79206CFF
:105930006F61642070726F66696C65004441494C08
:1059400059202020004461696C796C6F616420707B
:105950007573682064697361626C6564004E6F20C2
:105960006E6577206461746100506572696F6420B0
:10597000696E2074686520706173742C20696E6391
:1059800072656D656E74696E6720737461727420E0
:10599000706572696F642066726F6D202575207462
:1059A0006F20257500506572696F6420696E2074E0
:1059B0006865206675747572652C206E6F7720257A
:1059C00075207673202575004461696C79206C6FB1
:1059D00061642070726F66696C652073656E7420F7
:1059E00077697468207374617475733A2025640054
:1059F0002057652063616E20696E6372656D656E08
:105A000074206F757220696E74657276616C0053D4
:105A100074617274696E6720726561645F64616944
:105A20006C795F6C6F61645F70726F66696C655FE3
:105A300066736D20696E202575206D730072656137
:105A4000645F6461696C795F6C6F61645F70726FD1
:105A500066696C655F66736D000100630200FF009C
:105A600006190900FF4E616D6520706C6174652038
:105A700070726F66696C652073656E742C20737428
:105A8000617475733A202564004E414D455F504C5A
:105A9000540052656164696E67206E616D652070A7
:105AA0006C6174652070726F66696C650052656127
:105AB000642050726F66696C6547656E65726963D4
:105AC0003A202564005374617274696E67207265B0
:105AD00061645F6E616D655F706C6174655F70724B
:105AE0006F66696C655F66736D00726561645F6E99
:105AF000616D655F706C6174655F70726F66696C13
:105B0000655F66736D0000005E5B0AFF006819093F
:105B100000FF52656164696E672062696C6C696E32
:105B2000672070726F66696C650042494C4C494E43
:105B30004720004D616C6C6F63206661696C656421
:105B40000052656164696E672061747472207072BE
:105B50006F66696C6520656E747269657300636C4D
:105B60005F726561644C4E2070726F66696C65731C
:105B700020656E74726965733A2025640052656110
:105B800064696E67206174747220656E74726965F1
:105B90007320696E2075736500636C5F7265616464
:105BA0004C4E20656E747269657320696E20757342
:105BB000653A20256400456E747269657320696ECC
:105BC000207573653A202575004E6F20656E7472DE
:105BD0007900454955203E205045004F6E652065AF
:105BE0006E747279206F6E6C79202863757272659D
:105BF0006E7420656E747279290052656164206547
:105C00006E747269657320696E20757365206174A6
:105C100074723A202564004E756D626572206F665D
:105C20002070726F66696C6520656E747269657349
:105C30003A2025750075696E7431365F7420747969
:105C4000706520746F6F20736D616C6C20746F20B1
:105C500073746F72652070726F66696C6520656E13
:105C600074726965732076616C7565005265616454
:105C70002070726F66696C6520656E7472696573F9
:105C800020617474723A2025640042696C6C696EFC
:105C9000672070726F66696C652073656E7420771B
:105CA000697468207374617475733A202564006F99
:105CB0006C64204352433A203078253034582C20ED
:105CC0006E6577204352433A2030782530345800AF
:105CD00053656E64696E672062696C6C696E6720DB
:105CE000706572696F642064617461004661696CFB
:105CF000656420746F2067656E65726174652070DD
:105D0000757368004661696C656420746F20736503
:105D10006E6420707573680042696C6C696E6720F0
:105D2000707573682064697361626C6564004269B0
:105D30006C6C696E6720706572696F642064617451
:105D40006120756E6368616E6765642C206E6F7488
:105D500068696E6720746F2073656E6400526561B8
:105D60006420656E7472792066726F6D2050726F58
:105D700066696C6547656E657269633A20256400E3
:105D80005374617274696E6720726561645F6269E1
:105D90006C6C696E675F70726F66696C655F667365
:105DA0006D20696E202575206D7300726561645FDA
:105DB00062696C6C696E675F70726F66696C655F53
:105DC00066736D000100620100FF0067190900FFA2
:105DD000436F6E6E656374203A2025640045565407
:105DE000535F4C4F4700257320656E74726965736D
:105DF00020696E207573653A2025752028707265BC
:105E0000762E20257529206F6E2025750045495571
:105E1000203C2070726576204549552C20697320FE
:105E2000736F7274206D6574686F64204649464FC5
:105E30003F004E6F206E657720257320656E74726B
:105E4000790052656164206576656E74206C6F67B9
:105E50002045495520726573756C743A202564009D
:105E600052656164206576656E745F6C6F67205063
:105E70004520726573756C743A202564004661692B
:105E80006C656420746F2067656E6572617465204F
:105E9000616E642073656E64202573206576656E7F
:105EA00074206C6F6720707573680050757368207C
:105EB00064697361626C656420666F72202573206B
:105EC0006576656E74206C6F67004572726F722024
:105ED00072656164696E67202573206576656E74EE
:105EE000206C6F6720656E7472696573202575205C
:105EF000746F2025753A202564004572726F7220F8
:105F000072656164696E67202573206576656E74BD
:105F1000206C6F6720656E7472792025753A202594
:105F20006400257320656E7472792073697A653A0E
:105F300020257520422C206F766572686561643A71
:105F40002025752042202D3E20257520656E747217
:105F500069657320706572206D6573736167650094
:105F60004661696C656420746F207265747269653E
:105F7000766520746865202573206C6F6720656ED8
:105F80007472792073697A653A20256400457665D4
:105F90006E74206C6F672073656E74207769746807
:105FA000207374617475733A202564004E657874AB
:105FB0002072656164204E4F572C2070726F6365AC
:105FC0007373696E672074696D6520697320746FDF
:105FD0006F206C6F6E670052656164696E67202583
:105FE00073206576656E74206C6F672070726F66C3
:105FF000696C65004661696C656420746F20616C32
:106000006C6F63617465206D656D6F7279005265A8
:106010006164696E672025732070726F66696C65B4
:1060200020656E747269657320617474726962753B
:10603000746500636C5F726561644C4E20657665C3
:106040006E745F6C6F67205250453A202564005291
:10605000656164696E6720257320656E7472696579
:106060007320696E2075736520617474726962753E
:10607000746500636C5F726561644C4E2065766583
:106080006E745F6C6F67204549553A202564004364
:106090006865636B696E6720257320656E7472791D
:1060A0002073697A6500536561726368696E672061
:1060B000257320656E747279207769746820307852
:1060C00025303458204352430052656164696E673D
:1060D000202573206C6173742073656E7420656E67
:1060E0007472792025750052656164696E67202598
:1060F00073206576656E74206C6F6720656E7472B0
:1061000069657320257520746F20257500526561BF
:1061100064696E67202573206576656E74206C6FE8
:106120006720656E747279202575005374617274EE
:10613000696E6720726561645F6576656E745F6C19
:106140006F67735F7461736B20696E202575206DB6
:106150007300766F6C746167650063757272656E4B
:106160007400706F776572007472616E736163742E
:10617000696F6E006F74686572006E6F6E5F726F2C
:106180006C6C6F76657200636F6E74726F6C007208
:106190006561645F6576656E745F6C6F675F66737B
:1061A0006D000000000000636200FF007819090024
:1061B000FF00000052610608010000636201FF0059
:1061C00079190900FF0000005A6106080200006307
:1061D0006202FF007A190900FF00000062610608F0
:1061E000030000636203FF007B190900FF00000049
:1061F00068610608040000636204FF007C1909005E
:10620000FF00000074610608050000636205FF00DE
:106210007D190900FF0000007A610608060000638E
:106220006206FF007E190900FF0000008761060872
:10623000436C6F636B206E6F7420726561647900CC
:10624000462E442E42494C4C004461746520696ED0
:10625000697469616C697A656420746F20257500C2
:1062600052656164696E672066697865642064615F
:10627000792062696C6C696E672070726F66696CF8
:1062800065004661696C656420746F20616C6C6F99
:1062900063617465206D656D6F727920746F207213
:1062A00065616420464442500052656164696E67CE
:1062B0002062696C6C696E672070726F66696C65CC
:1062C000206174747269627574652027656E7472DA
:1062D00069657320696E2075736527004669786566
:1062E00064206461792062696C6C696E6720646106
:1062F000746520756E7365742C2064697361626CBB
:10630000696E672046534D0044656C6179206F7655
:106310006572666C6F77005374617274696E672082
:1063200066697865645F6461795F726561645F6204
:10633000696C6C696E675F70726F66696C655F66C9
:10634000736D20696E202575206D7300496E76612E
:106350006C6964206461746520666F722066697878
:106360006564206461792062696C6C696E67206481
:106370006179202564004E657874206669786564CB
:10638000206461792062696C6C696E672064617455
:10639000653A202575004669786564204461792056
:1063A00042696C6C696E672050726F66696C65201B
:1063B00073656E7420776974682073746174757383
:1063C0003A2025640053656E64696E6720637572B8
:1063D00072656E742062696C6C696E67207065729C
:1063E000696F642064617461004669786564206443
:1063F00061792062696C6C696E672070726F666982
:106400006C652070757368206973206469736162BC
:106410006C656400496E76616C69642064617465C2
:1064200020666F72206669786564206461792062F5
:10643000696C6C696E67206461792025642C207218
:106440006573657420746F2064697361626C656440
:1064500000466978656420646174612062696C6CCF
:10646000696E672070726F66696C652070757368FD
:1064700020697320656E61626C65640046697865A9
:106480006420646174612062696C6C696E67206469
:1064900061746520686173206E6F74206265656E3B
:1064A00020636F6D70757465640066697865645FFC
:1064B0006461795F726561645F62696C6C696E6763
:1064C0005F70726F66696C655F66736D0001006274
:1064D0000100FF006A190900FF52656164696E6777
:1064E000206578706F72742062696C6C696E6720C9
:1064F00070726F66696C65004558505F42494C4C3C
:10650000004F626A65637420646F6573206E6F74F8
:10651000206578697374004578706F7274206269C1
:106520006C6C696E672070726F66696C652073654C
:106530006E742077697468207374617475733A207F
:1065400025640053656E64696E67206578706F72AC
:10655000742062696C6C696E672070726F66696C1A
:1065600065004578706F72742062696C6C696E6743
:1065700020707573682064697361626C6564005390
:1065800074617274696E6720726561645F657870AA
:106590006F72745F62696C6C696E675F70726F6650
:1065A000696C655F66736D20696E202575206D735B
:1065B00000726561645F6578706F72745F62696CA8
:1065C0006C696E675F70726F66696C655F66736D2C
:1065D000000100638200FF006B190900FF52782060
:1065E00054696D656F757400444C4D535F434F4D56
:1065F0000048444C43206672616D652069732069D0
:106600006E76616C69642028746F6F2073686F7296
:1066100074290048444C43206672616D65206D61A9
:106620007920626520636F727275707465640057BB
:10663000726170706572206672616D652069732089
:10664000696E76616C69642028746F6F2073686F5F
:106650007274290057726170706572206672616D84
:1066600065206D617920626520636F727275707448
:10667000656400496E636F6D706C65746520777238
:106680006170706572206672616D65202564203CC2
:106690002025640057726170706572206672616DAA
:1066A0006520697320746F6F2062696720256420FC
:1066B0003E202564005265747279206765742064F9
:1066C0006174612066726F6D206D657465722773E9
:1066D00020726573706F6E736520776974682045EA
:1066E0004E4352595054494F4E20696E7374656140
:1066F00064206F662041555448454E5449434154E7
:10670000494F4E5F454E4352595054494F4E0043F6
:10671000616E6E6F742067656E206E6578743A20C6
:106720002575004E6F2043422070726F7669646554
:10673000640043616E6E6F7420616C6C6F63617492
:1067400065207278206275666665720043616E6EC0
:106750006F742072656769737465722072785F6305
:1067600062004E6F20525820627566666572004D59
:1067700045545F55415254005258202D2025750034
:1067800043616E6E6F7420636F6E73756D65206DFF
:106790006F7265207468616E2070726F76696465CF
:1067A000640A00556E65787065637465642052589C
:1067B0002028256429004F766572666C6F77206FFC
:1067C0006E2052780052582057697468206E6F20EE
:1067D000726563697069656E742025750055617214
:1067E0007420727820697320616C7265616479200D
:1067F000696E20757365004362206973206E6F7443
:10680000207468652063757272656E7420726567A6
:1068100069737465726564206F6E65005458202D2D
:1068200020257500446973636F6E6E656374206B19
:106830006F3A202575004150505F4153534F00522D
:10684000656C65617365206B6F3A20257500415555
:106850005448206661696C65643A202575004141A1
:106860005251206661696C65643A20257500534E6B
:10687000524D206661696C65643A20257500436F4E
:106880006E6E656374696E6720257300636C5F7359
:106890006E726D52657175657374206661696C65A1
:1068A000643A20257500636C5F6161727152657195
:1068B00075657374206661696C65643A202575009E
:1068C000636C5F6765744170706C69636174696F54
:1068D0006E4173736F63696174696F6E5265717530
:1068E000657374206661696C65643A202575004E95
:1068F0006F20646973636F6E6E65637420746F20BC
:10690000646F0053656E64696E6720446973636FDA
:106910006E6E656374207265717565737400446989
:1069200073636F6E6E656374207265712066616952
:106930006C65643A2025750041412065737461627D
:106940006C69736865642025730053797374656D91
:106950005469746C653A2025732C20536F757263EB
:106960006553797374656D5469746C653A20257349
:106970000052656C656173696E6720414100526524
:106980006C6561736520726571206661696C656410
:106990003A2025750041412065737461626C69730A
:1069A000686D656E742063616C6C6261636B2063FB
:1069B000616E6E6F74206265206E756C6C0054722F
:1069C00079696E6720746F2072652D656E746572CB
:1069D00020696E2041412065737461626C6973683F
:1069E0006D656E742046534D004E6F206D656D6F62
:1069F000727920746F20616C6C6F636174652041E3
:106A0000412065737461626C6973686D656E742092
:106A1000706172616D0041412072656C65617365E2
:106A20002063616C6C6261636B2063616E6E6F7476
:106A3000206265206E756C6C00547279696E6720F7
:106A4000746F2072652D656E74657220696E2041C9
:106A5000412072656C656173652046534D004E6F31
:106A6000206D656D6F727920746F20616C6C6F633F
:106A70006174652041412072656C656173652070A9
:106A80006172616D005043004D52005553004655F0
:106A90000072656C656173655F61615F66736D004F
:106AA00065737461626C6973685F61615F66736D61
:106AB00000000000856A0608886A06088B6A0608D6
:106AC0008E6A0608506572696F642069733A2025E2
:106AD000640050524F465F47454E0043616E6E6FF3
:106AE00074207265616420706572696F643A202554
:106AF000642C207573696E672066616C6C626163DB
:106B00006B00526561642047502025752E25752E37
:106B100025752E25752E25752E25752028743D2565
:106B2000642900636C5F726561644C4E3A20256491
:106B30000053746172742074696D653A2025752C58
:106B400020656E642074696D653A20257520287073
:106B50006572696F643A2025752900526561642069
:106B6000257520656E747225732066726F6D2065C1
:106B70006E7472792025750057726F6E6720747974
:106B800070650043616E6E6F742067656E6572613B
:106B90007465207265717565737420256400496E93
:106BA00076616C6964207374617465202564007279
:106BB0006561645F726573756C745F6362202564E0
:106BC00000726561645F726573756C745F63622CDB
:106BD0002063616E6E6F742070617273652025642E
:106BE0000043622063616E6E6F74206265206E7573
:106BF0006C6C00547279696E6720746F2072652D19
:106C0000656E74657220696E2052656164205072F1
:106C10006F66696C652047656E65726963204653CF
:106C20004D004E6F206D656D6F727920746F20611D
:106C30006C6C6F6361746520526561642050726F83
:106C400066696C652047656E657269632070617264
:106C5000616D730070726F66696C655F67656E6504
:106C60007269635F726561645F66736D002564209D
:106C70006973206E6F7420612076616C6964206C8A
:106C80006F636B004D5F4C4F434B2020004E6F20D5
:106C90004C6F636B20696E2049525100256420615E
:106CA0006C72656164792068617320746865206C1A
:106CB0006F636B004E6F206362207370656369665B
:106CC0006965642062792025642C20726574757270
:106CD0006E206469726563746C7900436C69656EDB
:106CE0007420256420616C726561647920696E206E
:106CF000746865207175657565002564206164643C
:106D0000656420746F207468652071756575650011
:106D100043616E6E6F742072656C65617365206C83
:106D20006F636B2025642C2068656C642062792079
:106D30002564004C6F636B206F776E65722068610D
:106D400073206368616E67656420746F202564003A
:106D50004C6F636B2072656C6561736520696E2092
:106D60004952512068616E646C6572206973206EAF
:106D70006F7420616C6C6F77656400556E6C6F6327
:106D80006B20697320646F6E6520696E20612064DA
:106D900065666572726564207461736B0043616E31
:106DA0006E6F74206368616E67652074797065200A
:106DB0006F66206C6F636B2025642C2068656C64A3
:106DC000206279202564004C6F636B2074797065B4
:106DD000206368616E676564004655206173736F58
:106DE00063696174696F6E206661696C65643A20DD
:106DF000256400444C4D535F4944200055532061A5
:106E000073736F63696174696F6E206661696C6525
:106E1000643A202564004D52206173736F63696189
:106E200074696F6E206661696C65643A2025640040
:106E30005043206173736F63696174696F6E20667C
:106E400061696C65643A20256400436865636B6919
:106E50006E67206173736F63696174696F6E73200D
:106E6000616E642072656164696E67206D6574652A
:106E70007220534E20616E642064657669636520DC
:106E80006964004E6F206D656D6F727920746F209C
:106E9000616C6C6F6361746520706172616D730009
:106EA000556E737570706F7274656420666F726D65
:106EB000617420666F722064657669636520696419
:106EC0003A202575004661696C656420746F2072F4
:106ED000656164206465766963652069643A20258C
:106EE0006400556E737570706F7274656420666FA0
:106EF000726D617420666F72206D657465722053C7
:106F00004E3A202575004661696C656420746F20D7
:106F100072656164206D6574657220534E3A202558
:106F200064004E4943207377617070696E67206416
:106F3000657465637465643A2073746F7265642068
:106F4000534E3A2025732C2063757220534E3A20FD
:106F50002573004E4943207377617070696E672016
:106F6000646574656374656400446C6D7320696462
:106F70002063616C6C6261636B2063616E6E6F7421
:106F8000206265206E756C6C00547279696E6720A2
:106F9000746F2072652D656E746572007265616430
:106FA0005F6D657465725F6E616D655F66736D00C0
:106FB0000000600102FF0000600100FF54686520CE
:106FC000656E6372797074696F6E206B6579206885
:106FD0006173206368616E6765642C2072657365F8
:106FE0007474696E6720746865204E494320736528
:106FF0007276657220696E766F636174696F6E2058
:10700000636F756E74657273004E49432053565218
:1070100020005570646174696E67204E4943207387
:1070200065727665722064656372797074696F6EDB
:107030002049433A20256400456E63727970746973
:107040006F6E2049432073657420746F202575008E
:10705000446174612066726F6D20484553206973E6
:10706000206E6F742076616C6964004E6F206461DD
:10707000746120746F2073656E6420746F204845BE
:10708000530043616E6E6F742073656E64202575C6
:1070900020627974657320746F20484553004D5306
:1070A0004D206F7220636C6F636B20757064617428
:1070B000656400656E64206F6620646C6D73207378
:1070C000657276657200496E76616C696420636FE3
:1070D0006E6E656374696F6E005374617274696E6D
:1070E00067204E4943207365727665720043616E76
:1070F0006E6F7420616C6C6F63617465206D656D7B
:107100006F727920666F72207365727665722120C6
:107110004D657373616765206973206C6F737400CC
:107120004173736F63696174696F6E202575206E9A
:107130006F7420737570706F727465642C2065783D
:107140006974696E67004661696C656420746F20BC
:10715000616C6C6F63617465206D656D6F72792011
:10716000666F72206E696320736572766572206F38
:10717000626A656374732C2065786974696E670050
:107180005263766420257520627974657320667277
:107190006F6D2048455300526563656976656420CC
:1071A0006D7367204141202575207768696C6520E3
:1071B0006669727374206D736720414120257500E4
:1071C00073657276657248616E646C6572004361C6
:1071D0006E6E6F742061646420256420747970651C
:1071E000206F626A6563743A202564004E4943202B
:1071F0004F424A20004D697373696E67207365635F
:107200007572697479207365747570206F626A6530
:10721000637420666F72205553206173736F6369C6
:107220006174696F6E00417474726962757465206F
:107230006C656E677468206E6F74206D617463682E
:10724000696E672028256420213D20256429004699
:1072500061696C656420746F20676574207468656B
:107260002063757272656E74204B454B206B657997
:10727000004661696C656420746F20756E77726179
:1072800070202573206B6579004174747269627592
:107290007465206C656E67746820746F6F20626916
:1072A0006720282564203E20256429006661696CDA
:1072B000656420746F2073746F726520257320736A
:1072C000656372657400616C6C6F636174696E678D
:1072D00020756E737570706F72746564206F626A6A
:1072E0006563742074797065202564006D616C6C31
:1072F0006F63206661696C6564004661696C6564F2
:1073000020746F20616464204E4943206F626A6577
:107310006374733A202564004661696C6564207467
:107320006F20737461727420746865206D65746574
:10733000723A202564004D65746572207374617221
:107340007465640041636365737320776974686F63
:107350007574207365637572697479004661696C30
:10736000656420746F207265747269657665206F3C
:10737000626A65637400616B006B656B00536574D2
:1073800074696E6720696E7374616E74616E656F87
:10739000757320706572696F6420746F2025642096
:1073A0006D6E00556E616C6C6F7765642076616CF4
:1073B000756520666F7220696E7374616E74616E9C
:1073C000656F757320706572696F6420256400694C
:1073D0006E76616C6964207479706520256420661E
:1073E0006F722070726F66207075736820636F6EA5
:1073F00066696700696E76616C69642073697A6595
:1074000020666F722070726F6620707573682063DB
:107410006F6E6669670050726F66696C6550757350
:1074200068436F6E6669673A206E6F206368616EAD
:10743000676500696E76616C696420747970652097
:10744000256420666F72207472616E73706172655C
:107450006E7420636F6E666967005472616E73703C
:107460006172656E74206D6F646520756E6368610E
:107470006E67656400417474656D707420746F206C
:10748000777269746520616E20756E737570706FA8
:1074900072746564206F626A6563742025640043BA
:1074A0006C6F636B3A202575206465763A202575EC
:1074B0002C20746F20626520636F6D70656E736140
:1074C0007465642062793A20256400436C6F636BB5
:1074D0002063616E2774206265207365742077686D
:1074E000696C6520746865204E4943206973207576
:1074F0006E726567697374657265640043616E6E70
:107500006F74206368616E6765207472616E73705A
:107510006172656E74206D6F646520746F202564E0
:10752000005472616E73706172656E74206D6F6469
:10753000652063616E277420626520656E61626CF0
:1075400065206F722064697361626C652077686979
:107550006C6520746865204E494320697320756E00
:10756000726567697374657265640066696E644FFD
:10757000626A6563742025582D2558202C202575B6
:107580002D2575005B25752E25752E25752E2575E7
:107590002E25752E25755D66696E644F626A65637A
:1075A0007420556E6B6E6F776E2074797065203D18
:1075B000202564007376725F646973636F6E6E6515
:1075C00063746564007376725F636F6E6E65637477
:1075D0006564007376725F696E76616C6964436F8F
:1075E0006E6E656374696F6E0000000000000F002E
:1075F0000000280065FF0101CDC6040801000F004E
:107600000000280067FF000191C404080200400048
:1076100000002B0067FF00011DC7040803000800DD
:107620000000010000FF000179C40408040001000B
:1076300000002B0103FF01019DC6040805000100A5
:107640000000280002FA00013DC404080600010001
:107650000000280003FA00013DC4040807000100EF
:107660000000280005FA00013DC4040808000100DC
:1076700000002B0000FB00013DC4040809000100CC
:1076800000002B0000FD00013DC404080A000100B9
:1076900000002B0000FE00013DC404080B000100A7
:1076A0000064190900FA010175C604080C00010004
:1076B0000065190900FA01012FC604080D00010038
:1076C00000C8190900FA000111C60408436F6D7063
:1076D0007574696E672073746174757365732E00B9
:1076E0004E49435F535441540043616E6E6F7420A2
:1076F00061646420696E697469616C207374727569
:1077000063740043616E6E6F7420616464204E493F
:10771000432053540043616E6E6F74206164642093
:1077200055532049430043616E6E6F742061646459
:1077300020444C4D5320617070204657207665726E
:1077400073696F6E0043616E6E6F742061646420B4
:107750004E49432073746174757320726561736F51
:107760006E0043616E6E6F742061646420636F6E9F
:107770006E656374696F6E207374617475732062D3
:1077800069746669656C640043616E6E6F74206134
:107790006464206D6574657220534E0043616E6EA3
:1077A0006F742073656E64204E4943207374617456
:1077B00075730043616E6E6F742067656E657261EC
:1077C0007465204E494320737461747573004E696B
:1077D00063207374617475732073656E742C2073E9
:1077E00074617475733A2025640052656164207376
:1077F00074617475736573000069190900FF52653F
:107800006164696E672045535700524541445F45A6
:1078100053570052657363686564756C696E6720C1
:10782000696D6D6564696174656C790053656E643A
:10783000696E672045535720286C61737420676117
:107840007370203D202564290043616E6E6F7420A3
:1078500067656E6572617465204553572064617475
:1078600061206E6F74696669636174696F6E20254B
:10787000640045535720707573682073656E7420DB
:1078800077697468207374617475733A2025640095
:107890005361766520455357206461746100756EAD
:1078A000737065636966696564004553573A0020E3
:1078B000202D2025753A202573004553573A206E18
:1078C0006F206368616E676500556E6578706563EB
:1078D0007465642073697A6520666F72204553571A
:1078E0003A202575206269747300556E7375707047
:1078F0006F7274656420666F726D617420666F725A
:10790000204553573A202575004661696C6564200F
:10791000746F2072656164204553573A20256400D6
:107920005374617274696E6720726561645F657318
:10793000775F66736D0052205068617365202D205B
:10794000566F6C74616765206D697373696E67004B
:1079500059205068617365202D20566F6C746167E3
:1079600065206D697373696E6700422050686173AA
:1079700065202D20566F6C74616765206D69737387
:10798000696E67004F76657220766F6C746167650B
:1079900020696E20616E79207068617365004C6F9C
:1079A0007720766F6C7461676520696E20616E79EF
:1079B00020706861736500566F6C7461676520752F
:1079C0006E62616C616E6365005220506861736520
:1079D0002063757272656E74207265766572736568
:1079E0002028496D706F72742074797065206F6EF5
:1079F0006C79290059205068617365206375727233
:107A0000656E7420726576657273652028496D70A5
:107A10006F72742074797065206F6E6C79290042E2
:107A20002050686173652063757272656E74207290
:107A30006576657273652028496D706F7274207465
:107A4000797065206F6E6C79290043757272656E6E
:107A50007420756E62616C616E636500437572724D
:107A6000656E74206279706173732F73686F7274BE
:107A7000004F7665722063757272656E7420696E50
:107A800020616E7920706861736500566572792097
:107A90006C6F77205046004561727468204C6F61AE
:107AA00064696E6700496E666C75656E6365206F0C
:107AB00066207065726D616E656E74206D61676EB3
:107AC0006574206F722061632F646320656C656349
:107AD00074726F6D61676E6574004E657574726166
:107AE0006C2064697374757262616E6365202D2009
:107AF00048462C206463206F7220616C7465726E3E
:107B0000617465206D6574686F64004D657465729D
:107B100020636F766572206F70656E696E67004DC9
:107B200065746572206C6F616420646973636F6E45
:107B30006E65637465642F4D65746572206C6F614A
:107B40006420636F6E6E6563746564004C6173746A
:107B50002047617370202D204F6363757272656ECC
:107B600063650046697273742042726561746820AF
:107B70002D20526573746F726174696F6E00496E67
:107B80006372656D656E7420696E2062696C6C69E4
:107B90006E6720636F756E74657220284D616E7517
:107BA000616C2F4D524920726573657429007265AE
:107BB00061645F6573775F66736D0000005E5B12E2
:107BC000FF0004190900FF000000000036790608D4
:107BD0000100000050790608020000006A790608DA
:107BE0000300000084790608040000009E7906085E
:107BF00005000000B779060806000000C9790608EC
:107C000007000000F4790608080000001F7A060843
:107C1000090000004A7A06080A0000005C7A06089B
:107C20000B000000717A06080C0000008B7A060831
:107C300033000000977A060851000000A57A060874
:107C400052000000DA7A0608530000000B7B060899
:107C5000540000001F7B0608550000004C7B0608FE
:107C600056000000637B0608570000007E7B060874
:107C700067656E65726174655075736846726F6D85
:107C800050756C6C206572726F72203A202564000A
:107C9000444154414E4F544946004B65797320632B
:107CA00068616E6765642073756363657373667579
:107CB0006C6C79005345435F53525620004661690E
:107CC0006C656420746F206368616E6765206B6506
:107CD00079733A20256400257320484C532073653E
:107CE00063726574206368616E6765642073756391
:107CF0006365737366756C6C79004661696C656465
:107D000020746F206368616E676520257320484C7E
:107D100053207365637265743A202564004C4C539C
:107D200020736563726574206368616E67656420A3
:107D30007375636365737366756C6C79004661690E
:107D40006C656420746F206368616E6765204C4CBD
:107D500053207365637265743A202564004368613B
:107D60006E67696E6720636C6F636B207375636306
:107D700065737366756C6C79004661696C65642027
:107D8000746F206368616E676520636C6F636B3A24
:107D900020256400436C6F636B206D7573742062E3
:107DA00065207570646174656420746F2025752882
:107DB000256429004661696C656420746F207365D1
:107DC0007420636C6F636B004661696C656420743A
:107DD0006F20736574204C4C532073656372657417
:107DE000004661696C656420746F20736574204877
:107DF0004C5320736563726574004661696C6564F9
:107E000020746F20736574206B657900496E76610C
:107E10006C696420706172616D6574657273005283
:107E200065656E7472656E6379004F4F4D007570B5
:107E3000646174655F73656375726974795F6D61A0
:107E400074657269616C5F66736D000000280005DF
:107E5000FF0000280002FF0000280003FF000001CF
:107E60000000FF00002B0003FF43616E6E6F742063
:107E7000676574204E4943204D616E756661637479
:107E8000757265722049443A2064656661756C7448
:107E900020746F20544243004E4943205359535499
:107EA0000043616E6E6F742072656164206E6F6452
:107EB0006520616464726573732C20736574206936
:107EC0007420746F2030004E696320737973746579
:107ED0006D207469746C653A20252E337325750006
:107EE000436F6E6E6563743A2025640046575550A3
:107EF00044415445005265636F6E6E6563743A2069
:107F00002564004669726D776172652061637469EA
:107F1000766174696F6E20696E69746961746564F5
:107F2000004669726D77617265206163746976617C
:107F300074696F6E20636F6D706C65746564207317
:107F400075636365737366756C6C79004669726DF1
:107F5000776172652061637469766174696F6E2000
:107F60006661696C656400496E76616C6964207451
:107F700079706520666F7220696D6167652078662B
:107F80006572207374617475733A202564004661CC
:107F9000696C656420746F207265616420696D612D
:107FA000676520786665722073746174757320202C
:107FB0002564004572726F722063616C6C696E6734
:107FC000206D6574686F6420696D61676520616309
:107FD000746976617465202564004572726F722041
:107FE00063616C6C696E67206D6574686F6420698D
:107FF0006D61676520766572696679202564004544
:1080000072726F722063616C6C696E6720696D615A
:10801000676520626C6F636B2078666572206D65A2
:1080200074686F64202564004572726F722063610A
:108030006C6C696E6720696D616765207866657232
:1080400020696E697469617465206D6574686F6418
:10805000202564004669726D7761726520766572CD
:10806000696669636174696F6E20636F6D706C65BA
:10807000746564207375636365737366756C6C797E
:10808000004669726D77617265207665726966690E
:10809000636174696F6E206661696C656400426C2F
:1080A0006F636B2073697A653A2025752C20626CAA
:1080B0006F636B20233A202575005242533A2069A2
:1080C0006E76616C696420747970653A202564006D
:1080D0005242533A206661696C656420746F207265
:1080E00065616420626C6F636B2073697A653A2006
:1080F000256400496D616765207866657220656E4C
:1081000061626C656400496D6167652078666572BF
:108110002064697361626C65640043494954494550
:108120003A20696E76616C696420747970653A20D2
:108130002564004349495449453A206661696C65A4
:108140006420746F20726561643A20256400466182
:10815000696C656420746F2072656164204D4554BC
:1081600045525F4649524D574152455F4152454144
:10817000004E6F206669726D7761726500466972A4
:108180006D7761726520616C7265616479207072CF
:108190006F636573736564004669726D77617265BC
:1081A00020617661696C61626C65202825752062AA
:1081B00079746573290043494954494520666169CA
:1081C0006C656400524253206661696C65640043CB
:1081D000495453206661696C656400434954494DB4
:1081E000206661696C6564007866657272696E67A5
:1081F00020626C6F636B2023253375202F2025337D
:1082000075004661696C656420746F2072656164F5
:10821000206D656D6F7279206172656120617420D7
:108220006F66667365742025752C2073697A6520E6
:1082300025750043616C6C696E6720696D616765C7
:1082400020766572696669636174696F6E206D6519
:1082500074686F640043616C6C696E6720696D615E
:1082600067652061637469766174696F6E206D65FE
:1082700074686F6400434954534141206661696CDE
:108280006564004D697373696E6720696D61676528
:10829000206964004669726D77617265205570646B
:1082A0006174652061637469766174696F6E2074AE
:1082B0006F20636F6D706C657465006669726D77B1
:1082C00061726555706461746548616E646C657255
:1082D0000000002C0000FF4461746120696E20746E
:1082E00072616E73706172656E74206D6F6465206B
:1082F000627574204E494320697320756E726567FC
:1083000069737465726564005452414E535F4D4FFA
:108310000043616E6E6F74207772697465206D65BD
:1083200073736167652066726F6D205472616E733E
:10833000706172656E7400546F206D657465723A79
:10834000202564206279746573004461746120693A
:108350006E207472616E73706172656E74206D6FE1
:10836000646520627574206E6F7420656E61626C46
:1083700065640043616E6E6F742073656E64207473
:1083800072616E73706172656E742074726166667C
:10839000696300416C726561647920656E61626C2D
:1083A00065640043616E6E6F7420616C6C6F636115
:1083B00074652072782062756666657220666F72D9
:1083C000207472616E73706172656E740043616EC9
:1083D0006E6F742072656769737465722072785F5E
:1083E000636220666F72207472616E737061726571
:1083F0006E7400496E697469616C697A6520747283
:10840000616E73706172656E74206D6F64653A2081
:108410002564005472616E73706172656E742077AA
:10842000617320656E61626C6564206265666F725F
:1084300065207265626F6F740043616E6E6F7420A9
:10844000617175697265206C6F636B210043616EA9
:108450006E6F742064697361626C652C206E6F743A
:1084600020656E61626C6564004661696C656420BC
:10847000746F20726561642025752062797465735C
:1084800020617420616464726573732030782530D4
:108490003858005354525F4452562000466C617362
:1084A00068207374696C6C206275737920616674DE
:1084B00065722072656164696E6720257520627936
:1084C0007465732061742030782530385800446515
:1084D00066696E656420736563746F722073697A70
:1084E00065206973206C61726765722074686174BD
:1084F000206D6564696120736563746F72207369B0
:108500007A65282575203E2025752062797465736B
:108510002900496E76616C696420736563746F72BB
:108520002073697A652025752062797465732C2023
:108530006E6F7420612064697669646572206F666D
:1085400020626C6F636B2073697A65202825752023
:10855000627974657329005265736572766564206B
:1085600073697A6520666F722073746F72616765D4
:10857000206973206C6172676572207468616E2077
:108580006D656D6F72792061726561282575203E79
:108590002025752062797465732900496E697469B4
:1085A000616C697A6564206374782030782530388E
:1085B000583A2040203078253038582C2025752016
:1085C000626C6F636B73206F66202575204B422CA5
:1085D000202575204220736563746F722073697A59
:1085E0006500437478203078253038583A206E6F13
:1085F000206461746120696E2070657273697374A0
:10860000656E742073746F726167650043747820BF
:108610003078253038583A2076616C69642064617E
:10862000746120666F756E64206174203078253027
:1086300038582028736563746F72202325752900CC
:10864000437478203078253038583A206E6F207681
:10865000616C6964206461746120696E2070657268
:1086600073697374656E742073746F7261676500EB
:108670004661696C656420746F2065726173652062
:10868000626C6F636B20617420307825303858003D
:10869000437478203078253038583A206661696C08
:1086A000656420746F20657261736520626C6F630E
:1086B0006B206174203025303858004661696C6544
:1086C0006420746F20777269746520257520627943
:1086D0007465732061742061646472657373203003
:1086E0007825303858004661696C656420746F20C5
:1086F00077726974652025752062797465732061CD
:10870000742030782530385800437478203078252C
:108710003038583A206661696C656420746F207740
:10872000726974652025752062797465732061749F
:108730002030782530385800437478203078253040
:1087400038583A206661696C656420746F207265E0
:108750006164206261636B202575206279746573A2
:1087600020617420307825303858004374782030E8
:1087700078253038583A20636865636B73756D20CF
:108780006D69736D61746368004374782030782577
:108790003038583A20646174612077726974746566
:1087A0006E207375636365737366756C6C79206195
:1087B000742030782530385800466C617368207317
:1087C00074696C6C206275737920616674657220BF
:1087D00077726974696E6720257520627974657394
:1087E0002061742030782530385800466C617368F9
:1087F000207374696C6C206275737920616674658E
:10880000722065726173696E6720626C6F636B20A2
:1088100061742030782530385800636C69656E7457
:108820002061747472696275746573206172652069
:108830006E6F7420736176656420696E2070657256
:1088400073697374656E74206D656D6F7279004322
:108850004C545F415454520064697361626C696E98
:108860006720636C69656E742061747472696275E7
:1088700074657320736176696E6720696E20706518
:108880007273697374656E746D656D6F7279005380
:108890006176696E672062696C6C696E67207072C0
:1088A0006F66696C652073746174757300536176CB
:1088B000696E6720626C6F636B206C6F61642070FF
:1088C000726F66696C652073746172742074696D6F
:1088D0006500536176696E67206461696C79206C0C
:1088E0006F61642070726F66696C65207374617269
:1088F000742074696D6500536176696E67206576D2
:10890000656E74206C6F67207374617475730052A8
:10891000656164696E672073746F72656420657643
:10892000656E74206C6F6720737461747573004397
:1089300068616E67696E6720626C6F636B6C6F61F4
:10894000642070726F66696C652073746172742044
:1089500074696D652076616C75652066726F6D2037
:1089600030782530385820746F20307825303858CA
:10897000004368616E67696E67206461696C796C39
:108980006F61642070726F66696C652073746172C8
:10899000742074696D652076616C75652066726FF0
:1089A0006D2030782530385820746F20307825308D
:1089B000385800526573657474696E6720636C691A
:1089C000656E7420696D61676520284949290052E8
:1089D0006573657474696E6720636C69656E742075
:1089E000696D6167652028505649532900557067A5
:1089F000726164696E6720636C69656E7420696D6D
:108A00006167652066726F6D20763120746F207605
:108A10003200526573657474696E6720636C6965B2
:108A20006E7420696D61676520284956552900508C
:108A3000657273697374656E742073746F726167A5
:108A40006520616E642061707020636C69656E746E
:108A500020696D6167652073697A6520646966665F
:108A600065723A2025752076732025752C2064695F
:108A70006420796F7520666F7267657420746F204B
:108A800062756D70207468652076657273696F6EAB
:108A90003F00526573657474696E6720636C696525
:108AA0006E7420696D6167652028495629007365D9
:108AB0007276657220617474726962757465732070
:108AC000617265206E6F7420736176656420696ED3
:108AD0002070657273697374656E74206D656D6F57
:108AE0007279005352565F41545452006469736165
:108AF000626C696E6720736572766572206174744A
:108B00007269627574657320736176696E67206936
:108B10006E2070657273697374656E746D656D6FC8
:108B20007279004E49432064656661756C74204D0E
:108B3000534D2066726F6D2070726F760043616EC8
:108B40006E6F7420676574204E49432064656661CA
:108B5000756C74204D534D00526573657474696E65
:108B6000672073657276657220696D61676520287C
:108B700049492900526573657474696E672073658D
:108B80007276657220696D61676520285056495379
:108B90002900557067726164696E6720736572762B
:108BA000657220696D6167652066726F6D20763130
:108BB00020746F20763200526573657474696E6735
:108BC0002073657276657220696D6167652028493A
:108BD0005655290050657273697374656E742073FD
:108BE000746F7261676520616E64206170702073BC
:108BF000657276657220696D6167652073697A6553
:108C0000206469666665723A202575207673202592
:108C1000752C2064696420796F7520666F726765B2
:108C20007420746F2062756D70207468652076659D
:108C30007273696F6E3F00526573657474696E6715
:108C40002073657276657220696D616765202849B9
:108C500056290057726F6E67204D534D20747970FE
:108C60006520746F2077726974650057726F6E6744
:108C7000204D534D207479706520746F20726561AA
:108C80006400536176696E672050726F66696C6527
:108C9000205075736820636F6E6669673A2030787C
:108CA0002530345800536176696E67205472616EC6
:108CB0007370206D6F646520636F6E663A20307844
:108CC000256400536176696E67206D657465722056
:108CD000534E3A202573005472756E636174696E49
:108CE00067206D6574657220534E3A202573207697
:108CF0007320257300536176696E67206D65746516
:108D000072206465762069643A2025730054727578
:108D10006E636174696E67206D6574657220646549
:108D2000762069643A2025732076732025730053DA
:108D30006176696E67204D65746572206669726D33
:108D40007761726520757064617465206163746910
:108D5000766174696F6E207374617475733A203034
:108D6000782564004D6F64756C65206465696E6973
:108D7000740057505F454F4C5F54004576656E74E4
:108D80002025752068616E646C696E6700454F4CE4
:108D9000206D6F646520656E61626C656400556E60
:108DA0006B6E6F776E206576656E74202575005446
:108DB000657374207369676E616C207278207469C2
:108DC0006D656F75742072656163686564005465D4
:108DD00073742074696D656F757420726561636862
:108DE00065640054696D656F75742072652D7363D9
:108DF00068656420696E20256C6400546573742076
:108E00006D6574657220646F6E6500556E61636B8D
:108E10002043534D412D4341202325752073656E1A
:108E200074004661696C656420746F2073656E64BC
:108E300020756E61636B2043534D412D43412023C8
:108E40002575005363616E20656E6465640053632D
:108E5000616E2073746172746564004E6F74206675
:108E60006F72207573004D6F64756C6520696E6953
:108E7000740043616E6E6F742070726F63657373FC
:108E8000206E6F74696669636174696F6E0048650E
:108E90006170206D656D6F727920656C656D656EB2
:108EA0007473202863617061636974793A20257551
:108EB000202F207065616B3A202575290053464D9F
:108EC000414C4C4F430048656170206D656D6F7279
:108ED0007920656C656D656E7473202863617061BF
:108EE000636974793A2025752F207065616B3A208B
:108EF000257529202575206D656D6F7279206C654B
:108F0000616B73002D20307825303858006D616C0E
:108F10006C6F633A206661696C6564207768696C80
:108F20006520616C6C6F636174696E6720257520C4
:108F30006279746573210063616C6C6F633A2066BB
:108F400061696C6564207768696C6520616C6C6F21
:108F5000636174696E672025752062797465732179
:108F60000073667265616C6C6F633A20696E76613E
:108F70006C696420616464726573733A20257021A2
:108F80000A6D616B65207375726520746861742069
:108F900074686520616464726573732077617320FF
:108FA00070726576696F75736C7920616C6C6F6334
:108FB00061746564206279205B6D2C632C72655D41
:108FC000616C6C6F63210A007265616C6C6F633A4F
:108FD000206661696C6564207768696C6520616CE6
:108FE0006C6F636174696E672025752062797465A2
:108FF0007321007366667265653A20696E76616CEE
:10900000696420616464726573733A202570210A73
:109010006D61796265206120646F75626C652066A0
:109020007265653F005B25735D5B2530396C755D4E
:109030002025633A2025730A002530325820004647
:1090400061696C656420746F20726561642072616F
:1090500064696F20696E666F005452435F424F4FE0
:10906000540048773A2025752C2050703A202575F9
:109070002C204425753A0000000021104220633066
:109080008440A550C660E770088129914AA16BB160
:109090008CC1ADD1CEE1EFF1311210027332522208
:1090A000B5529442F772D662399318837BB35AA3B0
:1090B000BDD39CC3FFF3DEE36224433420040114D8
:1090C000E664C774A44485546AA54BB52885099500
:1090D000EEE5CFF5ACC58DD55336722611163006A8
:1090E000D776F6669556B4465BB77AA71997388750
:1090F000DFF7FEE79DD7BCC7C448E5588668A77868
:109100004008611802282338CCC9EDD98EE9AFF99F
:10911000488969990AA92BB9F55AD44AB77A966A47
:10912000711A500A333A122AFDDBDCCBBFFB9EEBEF
:10913000799B588B3BBB1AABA66C877CE44CC55C17
:10914000222C033C600C411CAEED8FFDECCDCDDD3F
:109150002AAD0BBD688D499D977EB66ED55EF44EE7
:10916000133E322E511E700E9FFFBEEFDDDFFCCF8F
:109170001BBF3AAF599F788F8891A981CAB1EBA1E3
:109180000CD12DC14EF16FE18010A100C230E3205F
:109190000450254046706760B9839893FBA3DAB307
:1091A0003DC31CD37FE35EF3B1029012F322D232AF
:1091B0003542145277625672EAB5CBA5A8958985D7
:1091C0006EF54FE52CD50DC5E234C324A0148104FF
:1091D0006674476424540544DBA7FAB79987B897A7
:1091E0005FE77EF71DC73CD7D326F2369106B0164F
:1091F00057667676154634564CD96DC90EF92FE967
:10920000C899E9898AB9ABA944586548067827689E
:10921000C018E1088238A3287DCB5CDB3FEB1EFB46
:10922000F98BD89BBBAB9ABB754A545A376A167AEE
:10923000F10AD01AB32A923A2EFD0FED6CDD4DCD16
:10924000AABD8BADE89DC98D267C076C645C454C3E
:10925000A23C832CE01CC10C1FEF3EFF5DCF7CDFE6
:109260009BAFBABFD98FF89F176E367E554E745E8E
:10927000932EB23ED10EF01E4D6167696320697373
:1092800020307825780A004150505F5045525F4C9D
:1092900049420001030304090B000700083333337C
:1092A000333333333333333333333333333333338E
:1092B00033333333333333333333333333000143D3
:1092C000616E6E6F742072656164206E616D6520E1
:1092D000706C61746520666F72206E6F7700444C0D
:1092E0004D535F4150500048444C430057726170E9
:1092F000706572004E6F20496E74657266616365B9
:10930000004E6F206D656D6F727920616C6C6F63BC
:109310006174656420666F72207468652068656199
:1093200070004661696C656420746F2072656164C9
:10933000206D61726B657220617420616464726576
:109340007373203078253038580052657365742067
:1093500073746F7261676573004661696C65642040
:10936000746F207265736574207365727665722000
:1093700061747472696275746573004661696C65C5
:109380006420746F20726573657420636C69656E08
:1093900074206174747269627574657300466169E2
:1093A0006C656420746F207772697465206D6172DA
:1093B0006B65722061742061646472657373203020
:1093C0007825303858004E6F64652061646472659A
:1093D00073733A20256C75004170705F696E697413
:1093E000202853686131203078253032782530329A
:1093F00078253032782530327829202825752E2599
:10940000752E25752E257529202825732900A6A6D9
:10941000A6A6A6A6A6A6004142434445464748D074
:10942000D1D2D3D4D5D6D7D8D9DADBDCDDDEDF0094
:109430000102030405060708090A0B0C0D0E0FAA0A
:10944000AAAAAAAAAAAAAAAAAAAAAAAAAAAAAA0026
:1094500000000000000000A6A6A6A6A6A6A6A601DB
:10946000020408102040801B36000000A56363C67C
:10947000847C7CF8997777EE8D7B7BF60DF2F2FF9A
:10948000BD6B6BD6B16F6FDE54C5C5915030306087
:1094900003010102A96767CE7D2B2B5619FEFEE75B
:1094A00062D7D7B5E6ABAB4D9A7676EC45CACA8F94
:1094B0009D82821F40C9C989877D7DFA15FAFAEF1E
:1094C000EB5959B2C947478E0BF0F0FBECADAD41FB
:1094D00067D4D4B3FDA2A25FEAAFAF45BF9C9C2383
:1094E000F7A4A453967272E45BC0C09BC2B7B77571
:1094F0001CFDFDE1AE93933D6A26264C5A36366C30
:10950000413F3F7E02F7F7F54FCCCC835C343468A3
:10951000F4A5A55134E5E5D108F1F1F9937171E2B3
:1095200073D8D8AB533131623F15152A0C040408A7
:1095300052C7C795652323465EC3C39D28181830BC
:10954000A19696370F05050AB59A9A2F0907070EB7
:10955000361212249B80801B3DE2E2DF26EBEBCD2E
:109560006927274ECDB2B27F9F7575EA1B09091294
:109570009E83831D742C2C582E1A1A342D1B1B36D7
:10958000B26E6EDCEE5A5AB4FBA0A05BF65252A447
:109590004D3B3B7661D6D6B7CEB3B37D7B292952FE
:1095A0003EE3E3DD712F2F5E97848413F55353A6BA
:1095B00068D1D1B9000000002CEDEDC16020204041
:1095C0001FFCFCE3C8B1B179ED5B5BB6BE6A6AD43F
:1095D00046CBCB8DD9BEBE674B393972DE4A4A9431
:1095E000D44C4C98E85858B04ACFCF856BD0D0BBFC
:1095F0002AEFEFC5E5AAAA4F16FBFBEDC54343864C
:10960000D74D4D9A5533336694858511CF45458A9C
:1096100010F9F9E906020204817F7FFEF05050A0A4
:10962000443C3C78BA9F9F25E3A8A84BF35151A234
:10963000FEA3A35DC04040808A8F8F05AD92923F0C
:10964000BC9D9D214838387004F5F5F1DFBCBC6342
:10965000C1B6B67775DADAAF632121423010102037
:109660001AFFFFE50EF3F3FD6DD2D2BF4CCDCD81D5
:10967000140C0C18351313262FECECC3E15F5FBEFE
:10968000A2979735CC4444883917172E57C4C493F2
:10969000F2A7A755827E7EFC473D3D7AAC6464C844
:1096A000E75D5DBA2B191932957373E6A06060C04F
:1096B00098818119D14F4F9E7FDCDCA36622224422
:1096C0007E2A2A54AB90903B8388880BCA46468CEE
:1096D00029EEEEC7D3B8B86B3C14142879DEDEA7A8
:1096E000E25E5EBC1D0B0B1676DBDBAD3BE0E0DB28
:1096F000563232644E3A3A741E0A0A14DB494992D1
:109700000A06060C6C242448E45C5CB85DC2C29F67
:109710006ED3D3BDEFACAC43A66262C4A8919139BD
:10972000A495953137E4E4D38B7979F232E7E7D524
:1097300043C8C88B5937376EB76D6DDA8C8D8D0184
:1097400064D5D5B1D24E4E9CE0A9A949B46C6CD871
:10975000FA5656AC07F4F4F325EAEACFAF6565CACA
:109760008E7A7AF4E9AEAE4718080810D5BABA6F07
:10977000887878F06F25254A722E2E5C241C1C38C0
:10978000F1A6A657C7B4B47351C6C69723E8E8CB71
:109790007CDDDDA19C7474E8211F1F3EDD4B4B96E0
:1097A000DCBDBD61868B8B0D858A8A0F907070E061
:1097B000423E3E7CC4B5B571AA6666CCD848489096
:1097C0000503030601F6F6F7120E0E1CA36161C233
:1097D0005F35356AF95757AED0B9B96991868617A2
:1097E00058C1C199271D1D3AB99E9E2738E1E1D97C
:1097F00013F8F8EBB398982B33111122BB6969D297
:1098000070D9D9A9898E8E07A7949433B69B9B2DC6
:10981000221E1E3C9287871520E9E9C949CECE87D2
:10982000FF5555AA782828507ADFDFA58F8C8C0346
:10983000F8A1A15980898909170D0D1ADABFBF65F2
:1098400031E6E6D7C6424284B86868D0C341418257
:10985000B0999929772D2D5A110F0F1ECBB0B07BDF
:10986000FC5454A8D6BBBB6D3A16162C424547494A
:109870004E00454E44002A004C4153544441590087
:109880004C415354444159320020555443002D005B
:109890002B000000000000000000000089111223CE
:1098A0009B322446AD573665BF74488CC19D5AAF74
:1098B000D3BE6CCAE5DB7EE9F7F88110080193336B
:1098C0001A22A5562C47B7753E64C99C408DDBBF54
:1098D00052AEEDDA64CBFFF976E802218B3010024C
:1098E00099132667AF763444BD554AADC3BC588E34
:1098F000D19F6EEBE7FA7CC8F5D983310A2091122B
:109900001803A7772E66B5543C45CBBD42ACD99E13
:10991000508FEFFB66EAFDD874C904428D5316617F
:109920009F702004A9153227BB364CCEC5DF5EEDF3
:10993000D7FC6888E1997AABF3BA85520C439771EA
:109940001E60A1142805B3373A26CDDE44CFDFFDD3
:1099500056ECE9986089FBBB72AA06638F721440CB
:109960009D512225AB343006B9174EEFC7FE5CCCB3
:10997000D5DD6AA9E3B8788AF19B87730E629550AA
:109980001C41A3352A24B1163807CFFF46EEDDDC93
:1099900054CDEBB962A8F99A708B088481951AA707
:1099A00093B62CC2A5D33EE1B7F04008C919522B9B
:1099B000DB3A644EED5F766DFF7C899400859BB742
:1099C00012A6ADD224C3BFF136E0C1184809D33B7B
:1099D0005A2AE55E6C4FF77D7E6C0AA583B4188623
:1099E00091972EE3A7F23CC0B5D14229CB38500A5B
:1099F000D91B666FEF7E744CFD5D8BB502A4999602
:109A00001087AFF326E2BDD034C1C3394A28D11A3A
:109A1000580BE77F6E6EF55C7C4D0CC685D71EE556
:109A200097F42880A1913AA3B3B2444ACD5B56691A
:109A3000DF78600CE91D722FFB3E8DD604C79FF5C1
:109A400016E4A9902081BBB332A2C55A4C4BD779FA
:109A50005E68E11C680DF33F7A2E0EE787F61CC4A2
:109A600095D52AA1A3B03882B193466BCF7A5448DA
:109A7000DD59622DEB3C700EF91F8FF706E69DD481
:109A800014C5ABB122A0B9923083C77B4E6AD558BA
:109A90005C49E33D6A2CF11E780FE6E700E6E6003C
:109AA0003031323334353637383941424344454614
:109AB00052096AD53036A538BF40A39E81F3D7FB43
:109AC0007CE339829B2FFF87348E4344C4DEE9CB8D
:109AD000547B9432A6C2233DEE4C950B42FAC34E02
:109AE000082EA16628D924B2765BA2496D8BD125B8
:109AF00072F8F66486689816D4A45CCC5D65B6925C
:109B00006C704850FDEDB9DA5E154657A78D9D84FF
:109B100090D8AB008CBCD30AF7E45805B8B345061F
:109B2000D02C1E8FCA3F0F02C1AFBD0301138A6B39
:109B30003A9111414F67DCEA97F2CFCEF0B4E67369
:109B400096AC7422E7AD3585E2F937E81C75DF6E17
:109B500047F11A711D29C5896FB7620EAA18BE1B7D
:109B6000FC563E4BC6D279209ADBC0FE78CD5AF423
:109B70001FDDA8338807C731B11210592780EC5F69
:109B800060517FA919B54A0D2DE57A9F93C99CEFC5
:109B9000A0E03B4DAE2AF5B0C8EBBB3C83539961C6
:109BA000172B047EBA77D626E169146355210C7D04
:109BB0008D01020408102040801B36637C777BF205
:109BC0006B6FC53001672BFED7AB76CA82C97DFAB1
:109BD0005947F0ADD4A2AF9CA472C0B7FD9326360E
:109BE0003FF7CC34A5E5F171D8311504C723C3186C
:109BF00096059A071280E2EB27B27509832C1A1B8F
:109C00006E5AA0523BD6B329E32F8453D100ED20E6
:109C1000FCB15B6ACBBE394A4C58CFD0EFAAFB43AC
:109C20004D338545F9027F503C9FA851A3408F9248
:109C30009D38F5BCB6DA2110FFF3D2CD0C13EC5FE2
:109C4000974417C4A77E3D645D197360814FDC2281
:109C50002A908846EEB814DE5E0BDBE0323A0A4901
:109C600006245CC2D3AC629195E479E7C8376D8D68
:109C7000D54EA96C56F4EA657AAE08BA78252E1C42
:109C8000A6B4C6E8DD741F4BBD8B8A703EB566482E
:109C900003F60E613557B986C11D9EE1F89811692A
:109CA000D98E949B1E87E9CE5528DF8CA1890DBFE4
:109CB000E6426841992D0FB054BB1630313233342F
:109CC00035363738394142434445460000FFFF01ED
:109CD000FF0404FFFFFFFFFFFF01FF01020102FF7E
:109CE00008080104080C05040000280000FF466174
:109CF0006C736500547275650000FFFF01FF04047A
:109D0000FFFFFFFFFFFFFFFF01020102FF08080145
:109D100004080C0000280000FF00000000000060A4
:109D20008574050802001301140100000000000002
:109D300000000000000000000000150116011701DE
:109D400000000000000000000000280000FF0000EC
:109D50000000000000202020202020202020282893
:109D600028282820202020202020202020202020DB
:109D7000202020202088101010101010101010101B
:109D8000101010101004040404040404040404104B
:109D900010101010101041414141414101010101D9
:109DA00001010101010101010101010101010101A3
:109DB00010101010101042424242424202020202AF
:109DC0000202020202020202020202020202020273
:109DD0001010101020000000000000000000000023
:109DE0000000000000000000000000000000000073
:109DF0000000000000000000000000000000000063
:109E00000000000000000000000000000000000052
:109E10000000000000000000000000000000000042
:109E20000000000000000000000000000000000032
:109E30000000000000000000000000000000000022
:109E40000000000000000000000000000000000012
:109E50000000000000000000000000000000000002
:109E600000000000000000000000000000000000F2
:109E700000000000000000000000000000000000E2
:109E800000000000000000000000000000000000D2
:109E900000000000000000000000000000000000C2
:109EA00000000000000000000000000000000000B2
:109EB0000000000000000000303132333435363706
:109EC000383961626364656600232D302B20006899
:109ED0006C4C0065666745464700000000000000C6
:109EE000050000000000000000C2010000020000A8
:109EF0000010000000000000000000000000000052
:109F0000050000000000000000C201000002000087
:109F10000010000000000000000000000000000031
:089F20000000280000FF000012
:109F2800FFFFFFFFFF00000000000000000000002E
:109F3800CD6F040800000200FFFF000000000000D1
:109F480000000000000000009170040800000100FB
:109F580001000000000000000000000000000000F8
:109F680025730408000040004000000000000000C5
:109F780000000000000000004D75040803004200C6
:109F8800420000000000000074C30020000200002E
:109F980060EA00000000000000000000ADEF0408C7
:109FA8000000410041000000000000000000000027
:109FB80000000000190205080100460046000000E4
:109FC80000000000C0EA2101C0EA2101C0175302C5
:109FD800008000009D920608AD92060868D2002015
:109FE8000000280000FFE1AC0000010000FF0000B5
:109FF800010100FFD8C0002000000000789E06087C
:10A00800989E0608589E0608000000000000000000
:10A018000000000000000000000000000000000038
:10A028000000000000000000000000000000000028
:10A038000000000000000000000000000000000018
:10A048000000000000000000000000000000000008
:08A05800000000000000000000
:10A060000000FFFFFFFFFFFFFFFFFFFF00000000FA
:05A070000000000005E6
:0400000508044000AB
:00000001FF
